# This file uses centimeters as units for non-parametric coordinates.

mtllib body.mtl
g default
v 0.000000 6.102611 -1.524774
v 0.136941 5.960697 -1.516680
v 0.000000 5.991148 -1.560579
v 0.297581 6.042636 -1.500811
v 0.272434 5.834231 -1.485250
v -0.000000 6.339840 -1.522037
v 0.515799 5.868927 -1.426866
v 0.462186 6.336627 -1.523790
v 0.871657 6.270656 -1.466353
v 1.051659 5.836471 -1.284119
v 0.482674 4.994360 -0.960369
v 0.000000 5.026243 -0.996640
v 0.000000 5.177829 -1.124603
v 0.934013 5.012738 -0.832319
v 0.520747 5.392710 -1.228029
v 0.277081 5.565415 -1.367578
v 0.000000 5.391375 -1.345000
v 0.999695 5.401107 -1.108305
v -0.000000 5.685935 -1.936927
v 0.000000 5.899563 -2.176290
v 0.000000 6.075251 -2.304624
v 0.000000 5.554101 -1.696301
v -0.000000 6.220015 -2.382300
v 0.153447 5.924173 -2.107473
v 0.000000 6.356657 -2.438262
v 0.124085 6.091882 -2.255734
v 0.185637 5.765481 -1.900026
v 0.098210 6.244159 -2.353291
v 0.000000 6.501990 -2.476330
v 0.069385 6.391840 -2.426660
v 0.207643 5.653221 -1.673415
v 0.154648 6.169611 -2.143850
v 0.126079 6.300519 -2.260388
v -0.000000 6.633776 -2.491977
v 0.057870 6.525400 -2.460700
v -0.000000 6.328928 -2.158004
v -0.000000 6.214926 -2.023986
v 0.099683 6.434619 -2.359106
v 0.207514 5.954998 -1.837704
v 0.184182 6.049195 -2.001783
v 0.000000 6.456114 -2.269799
v -0.000000 6.145261 -1.916772
v 0.042139 6.639304 -2.479381
v -0.000000 6.717692 -2.483330
v 0.073872 6.551302 -2.414917
v -0.000000 6.567274 -2.349508
v 0.078972 6.327786 -2.186780
v 0.070235 6.455869 -2.297441
v -0.000000 6.720259 -2.469248
v 0.093726 6.212577 -2.060481
v 0.058339 6.567545 -2.372481
v -0.000000 6.662728 -2.417098
v 0.048885 6.649418 -2.459229
v -0.000000 6.085588 -1.800762
v -0.000000 6.043294 -1.697596
v 0.229204 5.878553 -1.668467
v 0.107824 6.124377 -1.937634
v 0.043227 6.660801 -2.434813
v 0.113901 6.057008 -1.804354
v -0.000000 6.010355 -1.631317
v 0.120925 6.005784 -1.675909
v 0.117640 5.973973 -1.592276
v -0.000000 4.646456 -0.612455
v -0.000000 4.452751 -0.240878
v -0.000000 4.352957 0.069902
v 0.451641 4.658716 -0.568084
v -0.000000 4.285093 0.389651
v 0.420608 4.464984 -0.197190
v 0.403434 4.362845 0.115855
v 0.869235 4.703911 -0.471670
v -0.000000 4.236883 0.804392
v 0.381740 4.300477 0.395456
v 0.816509 4.511986 -0.117648
v -0.000000 6.785273 -1.510069
v 0.360951 4.251366 0.791358
v 0.747211 4.399904 0.183948
v 0.000000 4.225932 1.143764
v 0.456461 6.785856 -1.514450
v 0.000000 7.236895 -1.468480
v 0.678817 4.332113 0.446677
v 1.325696 5.032623 -0.640997
v 1.232898 4.761457 -0.333677
v 0.000000 4.236951 1.441782
v 0.347091 4.238410 1.147790
v 1.195537 4.589720 -0.003458
v 0.639950 4.285412 0.794371
v 0.971374 4.386045 0.510250
v 1.434464 5.389657 -0.891975
v 1.097014 4.463778 0.297235
v 0.625488 4.273360 1.138148
v 0.846337 4.322472 0.820584
v 0.929494 6.785555 -1.447261
v -0.000000 7.672144 -1.435826
v 0.355226 4.252872 1.440045
v 0.000000 4.286937 1.815569
v 1.488697 4.821416 -0.211652
v 1.625485 5.034130 -0.405384
v 1.247360 6.334819 -1.347834
v 0.473937 7.236895 -1.452985
v 1.548960 5.828030 -1.071362
v 1.188306 4.427322 0.588587
v 0.818919 4.309816 1.135738
v 1.569142 4.718975 0.112842
v 0.984932 4.342658 0.860053
v 0.365471 4.302586 1.795573
v 0.644799 4.292631 1.430316
v 1.401020 4.533679 0.479819
v 1.049410 4.306170 0.890226
v 1.236815 4.350160 0.670281
v 1.793004 5.380016 -0.625932
v 0.952091 4.333016 1.133930
v -0.000000 4.387175 2.197962
v 1.024101 4.315209 1.112281
v -0.000000 8.052299 -1.436306
v 1.418195 4.420060 0.628703
v 1.873149 5.032623 -0.129098
v 0.661643 4.340549 1.757610
v 0.488399 7.668047 -1.395739
v 0.844529 4.335427 1.448783
v 1.349800 6.781940 -1.335782
v 0.946065 7.233278 -1.397849
v 1.690564 6.315235 -1.144159
v 0.382946 4.401109 2.170383
v 1.564323 4.451695 0.690167
v 1.094604 4.380892 1.353919
v 1.806261 4.777125 0.387321
v 1.955497 5.824341 -0.792294
v 1.585413 4.577367 0.625345
v 1.031332 4.388154 1.472886
v 2.085562 5.371580 -0.313791
v 0.870139 4.378211 1.703979
v 0.489001 8.042658 -1.380135
v 0.000000 8.373945 -1.418829
v 2.071099 5.043772 0.178826
v 1.662846 4.479114 0.795921
v 1.679115 4.598759 0.757312
v 1.257303 4.436933 1.409056
v 0.952694 7.653585 -1.346327
v 1.393488 7.225143 -1.294203
v 0.000000 8.682665 -1.448660
v 0.752935 4.449617 2.110727
v 0.487796 8.370441 -1.394259
v 1.779747 6.775613 -1.144761
v 1.921055 4.811473 0.618113
v 1.708341 4.502314 0.928792
v 2.279728 5.822778 -0.446719
v -0.000000 4.729650 2.860515
v 1.272367 4.475228 1.512054
v 2.087972 6.299267 -0.860941
v 1.730637 4.630395 0.900728
v 1.101648 4.526038 1.999156
v 1.408252 4.480017 1.375010
v 0.450134 4.725001 2.804609
v 0.954200 8.035419 -1.324392
v 1.693879 4.517679 1.068593
v 2.306410 5.376401 0.039326
v 1.633018 4.514968 1.194534
v 1.534193 4.501711 1.298782
v 0.000000 9.055454 -1.486242
v 0.489303 8.679186 -1.424393
v 1.974987 4.828647 0.853425
v 1.735759 4.646363 1.059209
v 1.460074 4.546936 1.463245
v 2.196437 5.071793 0.486749
v 1.593548 4.595143 1.351465
v 1.688455 4.629792 1.214074
v 1.406444 7.645449 -1.248406
v 0.870440 4.751818 2.678366
v 1.972878 4.826236 1.093556
v 0.954803 8.361971 -1.330981
v 1.382340 4.603579 1.885660
v 1.825243 7.217912 -1.113125
v 2.414274 6.290528 -0.504812
v 0.489001 9.051340 -1.457869
v 2.169924 6.769285 -0.867570
v -0.000000 9.479942 -1.498414
v 2.515208 5.822903 -0.054978
v 1.796921 4.752720 1.546101
v 1.914125 4.800626 1.327060
v 1.407649 8.031797 -1.222251
v 2.254889 5.084146 0.813352
v 2.435063 5.388453 0.412329
v 0.000000 5.286572 3.379735
v 1.622170 4.687339 1.737724
v 0.957213 8.676077 -1.350562
v 1.254591 4.808460 2.506327
v 0.000000 9.881042 -1.482103
v 0.489604 9.480194 -1.471492
v 1.837295 7.640327 -1.075162
v 1.407347 8.356823 -1.216192
v 1.586617 4.888605 2.312595
v 2.493213 6.765067 -0.514151
v 2.253684 5.081433 1.137545
v 0.959925 9.050957 -1.372910
v 2.209093 7.210681 -0.844973
v 2.493816 5.393575 0.797685
v 2.654707 6.290528 -0.095653
v 1.859591 4.950370 2.055590
v 2.659116 5.824027 0.362208
v 1.835186 8.029993 -1.046605
v 2.189809 5.056727 1.457219
v 2.061458 5.009726 1.767552
v 1.407950 8.674820 -1.222227
v -0.000000 10.239325 -1.430293
v 0.492315 5.285109 3.337297
v 0.476046 9.902065 -1.456608
v 1.830063 8.354963 -1.032402
v 2.217830 7.637012 -0.814241
v 0.961130 9.480062 -1.379599
v 2.492611 5.391465 1.183644
v 2.724213 5.824716 0.794127
v 0.000000 5.829545 3.666615
v 2.734550 6.765368 -0.101679
v 0.000000 10.622328 -1.311486
v 1.399514 5.289929 2.959173
v 2.527561 7.207066 -0.498183
v 2.806560 6.295650 0.345442
v 2.211503 8.029371 -0.788689
v 1.410662 9.051378 -1.229196
v 0.966855 5.279685 3.185746
v 1.825845 8.674383 -1.026390
v 2.430543 5.379112 1.572917
v 0.952393 9.914228 -1.360456
v 0.462186 10.247721 -1.403686
v 1.771914 5.311623 2.672642
v 2.302193 5.357720 1.966407
v 2.078029 5.335124 2.339711
v 2.201560 8.355196 -0.773290
v 1.411867 9.480116 -1.222325
v 2.532382 7.637012 -0.475285
v 0.937629 10.257402 -1.305430
v 2.879473 6.301978 0.802807
v 2.722508 5.824529 1.234435
v 0.448628 10.635998 -1.295682
v 0.513631 5.823402 3.634515
v 2.767693 7.209175 -0.090833
v 1.823736 9.052011 -1.018595
v 0.000000 6.308512 3.823023
v 1.405540 9.920506 -1.190798
v 2.191918 8.674782 -0.763053
v 2.889717 6.768683 0.348455
v -0.000000 11.191544 -1.046133
v 2.649590 5.823215 1.683191
v 1.820724 9.479719 -0.996357
v 2.517920 8.030237 -0.459048
v 1.021087 5.818464 3.486613
v 0.917141 10.642937 -1.189287
v 0.437480 11.168743 -1.028999
v 2.490993 5.821215 2.130672
v 2.184386 9.052538 -0.745320
v 2.764078 7.640629 -0.076370
v 1.389872 10.262115 -1.128223
v 1.491394 5.816525 3.251949
v 2.239104 5.819089 2.556905
v 2.876761 6.302880 1.274936
v 2.499540 8.357138 -0.449937
v 2.916834 7.215503 0.359302
v 0.000000 6.785131 3.935467
v 2.959316 6.773805 0.819981
v 1.810178 9.922634 -0.951257
v 0.535702 6.304991 3.802197
v 1.902383 5.817150 2.937624
v 2.175046 9.479177 -0.711938
v 2.736960 8.032034 -0.076101
v 0.894845 11.121195 -0.952621
v 2.484777 8.675993 -0.438223
v 1.367878 10.645123 -1.007883
v -0.000000 11.604603 -0.737034
v 2.791495 6.296855 1.761225
v 2.904179 7.646654 0.359904
v 1.791196 10.261429 -0.884469
v 1.054531 6.288721 3.658779
v 2.949373 6.777120 1.300847
v 0.461282 11.582621 -0.714026
v 2.706831 8.360895 -0.086493
v 2.977695 7.225143 0.834142
v 2.613731 6.286612 2.243899
v 2.868023 8.035326 0.322242
v 2.473328 9.052685 -0.414800
v 1.542327 6.276066 3.421058
v 2.156667 9.921648 -0.659289
v 0.000000 7.214892 4.000200
v 2.340156 6.279079 2.698553
v 0.549562 6.780433 3.904937
v 0.000000 11.933390 -0.389191
v 2.684535 8.688547 -0.081965
v 1.344979 11.082117 -0.792758
v 2.827951 8.367107 0.273043
v 1.759561 10.639853 -0.768676
v 1.977698 6.273355 3.097166
v 2.861395 6.773504 1.808228
v 2.963233 7.653584 0.823597
v 0.909609 11.521233 -0.643720
v 2.964137 7.228760 1.314104
v 2.459770 9.478544 -0.375999
v 0.543536 7.214599 3.957061
v 2.127743 10.258518 -0.595218
v 1.072910 6.771696 3.773272
v 2.933705 8.041048 0.782018
v 2.669772 9.052980 -0.055907
v 0.000000 7.655712 4.040226
v 2.680920 6.765670 2.317415
v 2.952989 7.650270 1.281564
v 1.573360 6.763561 3.541275
v 2.799931 8.713188 0.270144
v 2.889113 8.387236 0.615703
v 2.402222 6.760549 2.795569
v 0.000000 12.177776 -0.003856
v 1.727623 11.019104 -0.590791
v 2.877364 7.221528 1.822991
v 0.488097 11.912647 -0.370398
v 1.338351 11.441887 -0.516827
v 1.067487 7.216105 3.843171
v 2.434160 9.918133 -0.324538
v 2.079235 10.632059 -0.490304
v 0.503369 7.661642 4.005531
v 2.026206 6.758739 3.210454
v 2.655912 9.477722 -0.005708
v 2.938827 8.019958 1.207747
v -0.000000 8.037159 4.024986
v 2.856875 8.734083 0.572816
v 2.786372 9.054033 0.316081
v 2.877665 7.650572 1.766649
v 2.932199 8.247871 0.910887
v 1.580893 7.206464 3.612981
v 2.700203 7.209778 2.349352
v -0.000000 8.421629 3.975991
v 2.937923 8.156578 1.168795
v 2.914724 8.450943 0.792478
v 2.391677 10.254038 -0.276724
v 0.456998 8.051081 4.014071
v 0.929795 11.849112 -0.288950
v 2.022892 10.947868 -0.361732
v 2.423011 7.201943 2.844982
v 1.049720 7.654470 3.894001
v 1.706231 11.335911 -0.352959
v 2.870433 8.044062 1.700063
v -0.000000 12.329527 0.469283
v 2.898756 8.742296 0.748489
v 2.629700 9.912737 0.049101
v 2.698997 7.639122 2.340012
v 0.478456 12.156311 0.033214
v 2.769801 9.476604 0.381453
v 2.044886 7.200137 3.275833
v 2.851151 9.073025 0.716270
v 2.914423 8.222261 1.413748
v 2.313039 10.626949 -0.203793
v 1.566431 7.639986 3.655192
v 2.888209 8.949886 0.832550
v 2.418492 7.633923 2.864183
v 1.338652 11.745714 -0.177801
v -0.000000 8.470400 3.949760
v 1.046790 8.058109 3.923315
v 1.980410 11.212746 -0.185229
v 2.572153 10.248856 0.061952
v 2.039463 7.634106 3.307099
v 2.681824 8.024176 2.323742
v 2.880979 8.396408 1.561683
v 0.474099 8.531643 3.923943
v 2.863202 9.137457 0.976956
v 0.918045 12.092758 0.120688
v 2.819515 9.473057 0.732774
v 2.749615 9.885017 0.464809
v 2.228074 10.905859 -0.132580
v 2.897550 9.047506 1.011821
v 2.819213 8.368252 1.830821
v -0.000000 12.395887 1.021983
v 1.545641 8.027893 3.666054
v 0.440794 12.316006 0.501034
v 2.689033 10.191126 0.377797
v 0.000000 9.306358 3.825584
v 2.477546 10.624565 0.093322
v 1.700808 11.598869 -0.047207
v 2.399209 8.016626 2.864952
v 2.855971 8.603397 1.606576
v 2.891524 9.054737 1.208865
v 2.851151 9.157944 1.217987
v 2.024097 8.018024 3.309689
v 2.145218 11.114435 -0.063519
v 1.064266 8.359657 3.868103
v 0.569314 8.575399 3.898602
v 2.831265 9.472267 0.987078
v 2.645668 8.347055 2.343226
v 2.786974 8.669519 1.853089
v 2.844823 8.828453 1.555945
v -0.000000 9.744276 3.733809
v 0.650363 8.671406 3.882135
v 2.809487 9.793776 0.817464
v 1.325395 11.980957 0.220361
v 2.851151 8.999891 1.414940
v 2.361547 10.943281 0.130571
v 2.598481 10.582390 0.373085
v 1.990654 11.415916 0.067303
v 2.727986 10.171316 0.552165
v 2.774745 9.937164 0.632989
v 2.822829 9.119663 1.464432
v 2.788481 9.006950 1.720212
v 2.821323 9.472208 1.219089
v 1.097315 8.657385 3.795460
v 1.558898 8.347410 3.632957
v 3.025435 9.630863 0.737782
v 2.888635 9.822067 0.629192
v 3.052585 9.723831 0.577248
v 0.874357 12.260328 0.576783
v 3.106701 9.849594 0.482442
v 2.800797 9.913458 0.684491
v 2.949474 9.982557 0.470818
v 2.854627 9.752546 0.808410
v 0.726244 8.817616 3.863138
v 2.198246 11.212324 0.135649
v 2.816283 10.106319 0.519124
v 2.372695 8.338570 2.860654
v 2.010840 8.340975 3.290413
v 2.696375 10.365076 0.489712
v 2.613430 8.675131 2.339517
v 3.193947 9.762409 0.546047
v 2.802956 9.843653 0.848530
v 2.816790 9.774933 1.011765
v 2.808635 9.894123 0.868777
v 3.002424 9.599321 0.913732
v 3.233256 9.666454 0.689541
v 2.987010 10.094778 0.420016
v 2.793001 9.473339 1.461330
v 3.145401 9.940916 0.458453
v -0.000000 10.052290 3.642169
v -0.000000 12.333660 1.630166
v 2.812033 10.268143 0.456572
v 2.811156 9.756306 0.985104
v 0.404940 12.384485 1.040272
v 0.525209 9.648848 3.729644
v 1.697193 11.812834 0.315334
v 0.000000 9.319334 3.827872
v 2.805258 9.763712 1.205344
v 3.250401 9.844860 0.545739
v 3.224956 9.620115 0.877165
v 2.783772 9.834867 1.010040
v 3.031553 10.210775 0.419119
v 3.175747 10.038731 0.466348
v 3.006135 9.606260 1.075048
v 2.343771 8.676229 2.842203
v 2.585409 9.065136 2.317644
v 2.844131 10.423042 0.449625
v 2.645535 10.575996 0.488681
v 1.106956 9.050508 3.722296
v 3.292639 9.762560 0.693676
v 0.763140 8.971386 3.844362
v 2.836205 9.729109 1.128172
v 2.800862 9.878849 1.029314
v 2.437474 11.031267 0.453460
v 1.568540 8.670448 3.583910
v 2.717075 9.475712 1.837018
v 3.267725 9.952414 0.561438
v 2.238921 11.344263 0.426822
v 0.506424 9.303854 3.809103
v 2.769432 9.822046 1.160050
v 3.192774 9.628761 1.051881
v 1.996378 8.675182 3.256447
v 0.740351 9.095707 3.833930
v 2.778604 9.874548 1.184731
v 3.279952 9.716976 0.875871
v 3.189246 10.181698 0.517013
v 0.606803 9.276262 3.827044
v 2.777312 9.778826 1.439711
v 3.037778 9.647373 1.219410
v 2.013853 11.588430 0.389639
v 3.303782 9.891926 0.714188
v 3.104088 10.343836 0.500224
v 0.467911 10.052891 3.636620
v 1.289240 12.144047 0.664390
v 2.545346 10.947905 0.593517
v 2.885277 9.744169 1.285585
v 3.234933 10.161572 0.613595
v 2.838873 10.705965 0.547982
v 0.000000 10.744236 3.428663
v 2.779978 9.856390 1.341802
v 1.054531 9.479765 3.655877
v 0.687986 9.195957 3.832013
v 3.158425 9.666531 1.199207
v 3.241134 9.711969 1.045400
v 3.286413 9.850960 0.885348
v 2.314244 9.070911 2.808402
v 2.745491 9.926907 1.400440
v 2.973959 10.541185 0.510279
v 0.819521 12.335213 1.090130
v 3.254447 10.130285 0.756424
v 1.558898 9.067118 3.521385
v 3.098900 9.705795 1.319008
v 3.249383 9.826534 1.045732
v 3.149498 10.370430 0.637452
v 1.973781 9.073095 3.207915
v 2.690861 10.925348 0.657756
v 2.958427 9.824133 1.440797
v 0.391080 12.322027 1.633324
v 3.201361 9.730087 1.193100
v 3.242432 10.093306 0.909109
v 1.678211 11.961880 0.722259
v -0.000000 12.109861 2.222791
v 2.821595 9.971294 1.496284
v 2.548651 9.478439 2.316358
v 2.363726 11.293493 0.756376
v 3.039114 10.565498 0.659585
v 2.709735 10.079500 1.543630
v 2.486005 11.171583 0.787404
v 0.455860 10.738640 3.408628
v 2.670977 9.913319 1.847855
v 3.167634 10.351475 0.790732
v 2.221906 11.487463 0.750169
v 3.214188 9.817221 1.193645
v 3.219936 10.053633 1.061069
v -0.000000 11.363197 3.085060
v 1.526961 9.481611 3.454919
v 3.136908 9.764544 1.346127
v 0.992163 10.074022 3.529727
v 2.285320 9.480433 2.765868
v 2.925525 10.732306 0.692584
v 3.195495 10.010979 1.207950
v 3.165278 10.315729 0.948086
v 2.790520 10.906422 0.756166
v 3.163193 9.837530 1.349682
v 2.021386 11.707197 0.749465
v 3.002303 9.882658 1.491806
v -0.000000 11.743805 2.733657
v 2.612453 11.085382 0.804672
v 1.251879 12.215731 1.143077
v 1.944857 9.481379 3.150609
v 3.063600 10.541418 0.821456
v 0.394395 12.102343 2.212014
v 3.166109 9.978239 1.330253
v 2.849255 10.034399 1.550207
v 3.147371 10.265211 1.112931
v 3.043231 9.953711 1.505658
v 2.700769 11.018709 0.832448
v 3.071501 10.500040 0.987439
v 2.956532 10.705969 0.857334
v 0.802046 12.275295 1.643419
v 3.124672 10.197771 1.280002
v 2.698309 10.281982 1.632366
v 0.438103 11.355980 3.066929
v 2.609513 10.249111 1.864640
v 2.877345 10.114189 1.581217
v 2.504964 9.967548 2.281680
v 1.479055 10.073448 3.332074
v 2.834986 10.869112 0.910307
v 3.093770 10.103636 1.427110
v 2.973628 10.662228 1.028711
v 3.062201 10.442020 1.163972
v 2.362126 11.390928 1.064298
v 0.410363 11.748537 2.709227
v 2.616419 11.129932 1.025932
v 2.012949 11.753321 1.118701
v 0.949982 10.706505 3.321744
v 2.207285 11.544668 1.088821
v 1.663448 12.015360 1.146655
v 2.245549 10.014349 2.686811
v 2.722240 11.009493 0.973341
v 3.038741 10.366827 1.346178
v 2.987820 10.262049 1.512728
v 2.972409 10.601196 1.207784
v 2.861845 10.817577 1.079634
v 1.902676 10.051470 3.044868
v 2.512139 11.249126 1.061373
v 0.817412 12.068409 2.176051
v 2.655104 10.482355 1.662925
v 2.879828 10.421949 1.559564
v 2.949400 10.524391 1.389362
v 2.872671 10.749987 1.248413
v 2.749766 10.956924 1.140609
v 1.255193 12.157225 1.631893
v 2.527791 10.600254 1.855624
v 2.451032 10.365944 2.220925
v 2.640013 11.081247 1.214736
v 2.772948 10.877754 1.296706
v 2.861039 10.673586 1.407286
v 2.794500 10.594765 1.560907
v 1.670980 11.958853 1.574917
v 2.531653 11.207623 1.289004
v 0.903282 11.326710 2.995616
v 1.432355 10.674536 3.142673
v 2.383675 11.349007 1.352946
v 2.609094 10.792923 1.616954
v 2.789276 10.791704 1.406719
v 0.852965 11.740343 2.633274
v 2.216676 11.498043 1.414093
v 2.671846 10.969242 1.384578
v 2.719682 10.796553 1.503510
v 2.021386 11.701239 1.482801
v 1.282611 11.966499 2.104319
v 2.477035 10.918671 1.769993
v 2.567506 11.063349 1.504078
v 1.854469 10.602428 2.890559
v 2.197945 10.491072 2.570529
v 2.376215 10.768309 2.113549
v 2.428307 11.190275 1.609051
v 2.256181 11.338118 1.712793
v 1.378724 11.258762 2.856200
v 1.701411 11.787300 1.988048
v 2.317451 11.079531 1.945922
v 2.057240 11.541323 1.836614
v 1.326902 11.658443 2.521834
v 2.140096 10.955944 2.389428
v 2.092793 11.293251 2.151880
v 1.808672 11.132872 2.651820
v 1.756548 11.507408 2.360760
v -0.136941 5.960697 -1.516680
v -0.297581 6.042636 -1.500811
v -0.272434 5.834231 -1.485250
v -0.515799 5.868927 -1.426866
v -0.462186 6.336627 -1.523790
v -0.871657 6.270656 -1.466353
v -1.051659 5.836471 -1.284119
v -0.482674 4.994360 -0.960369
v -0.934013 5.012738 -0.832319
v -0.520747 5.392710 -1.228029
v -0.277081 5.565415 -1.367578
v -0.999695 5.401107 -1.108305
v -0.153447 5.924173 -2.107473
v -0.124085 6.091882 -2.255734
v -0.185637 5.765481 -1.900026
v -0.098210 6.244159 -2.353291
v -0.069385 6.391840 -2.426660
v -0.207643 5.653221 -1.673415
v -0.154648 6.169611 -2.143850
v -0.126079 6.300519 -2.260388
v -0.057870 6.525400 -2.460700
v -0.099683 6.434619 -2.359106
v -0.207514 5.954998 -1.837704
v -0.184182 6.049195 -2.001783
v -0.042139 6.639304 -2.479381
v -0.073872 6.551302 -2.414917
v -0.078972 6.327786 -2.186780
v -0.070235 6.455869 -2.297441
v -0.093726 6.212577 -2.060481
v -0.058339 6.567545 -2.372481
v -0.048885 6.649418 -2.459229
v -0.229204 5.878553 -1.668467
v -0.107824 6.124377 -1.937634
v -0.043227 6.660801 -2.434813
v -0.113901 6.057008 -1.804354
v -0.120925 6.005784 -1.675909
v -0.117640 5.973973 -1.592276
v -0.451641 4.658716 -0.568084
v -0.420608 4.464984 -0.197190
v -0.403434 4.362845 0.115855
v -0.869235 4.703911 -0.471670
v -0.381740 4.300477 0.395456
v -0.816509 4.511986 -0.117648
v -0.360951 4.251366 0.791358
v -0.747211 4.399904 0.183948
v -0.456461 6.785856 -1.514450
v -0.678817 4.332113 0.446677
v -1.325696 5.032623 -0.640997
v -1.232898 4.761457 -0.333677
v -0.347091 4.238410 1.147790
v -1.195537 4.589720 -0.003458
v -0.639950 4.285412 0.794371
v -0.971374 4.386045 0.510250
v -1.434464 5.389657 -0.891975
v -1.097014 4.463778 0.297235
v -0.625488 4.273360 1.138148
v -0.846337 4.322472 0.820584
v -0.929494 6.785555 -1.447261
v -0.355226 4.252872 1.440045
v -1.488697 4.821416 -0.211652
v -1.625485 5.034130 -0.405384
v -1.247360 6.334819 -1.347834
v -0.473937 7.236895 -1.452985
v -1.548960 5.828030 -1.071362
v -1.188306 4.427322 0.588587
v -0.818919 4.309816 1.135738
v -1.569142 4.718975 0.112842
v -0.984932 4.342658 0.860053
v -0.365471 4.302586 1.795573
v -0.644799 4.292631 1.430316
v -1.401020 4.533679 0.479819
v -1.049410 4.306170 0.890226
v -1.236815 4.350160 0.670281
v -1.793004 5.380016 -0.625932
v -0.952091 4.333016 1.133930
v -1.024101 4.315209 1.112281
v -1.418195 4.420060 0.628703
v -1.873149 5.032623 -0.129098
v -0.661643 4.340549 1.757610
v -0.488399 7.668047 -1.395739
v -0.844529 4.335427 1.448783
v -1.349800 6.781940 -1.335782
v -0.946065 7.233278 -1.397849
v -1.690564 6.315235 -1.144159
v -0.382946 4.401109 2.170383
v -1.564323 4.451695 0.690167
v -1.094604 4.380892 1.353919
v -1.806261 4.777125 0.387321
v -1.955497 5.824341 -0.792294
v -1.585413 4.577367 0.625345
v -1.031332 4.388154 1.472886
v -2.085562 5.371580 -0.313791
v -0.870139 4.378211 1.703979
v -0.489001 8.042658 -1.380135
v -2.071099 5.043772 0.178826
v -1.662846 4.479114 0.795921
v -1.679115 4.598759 0.757312
v -1.257303 4.436933 1.409056
v -0.952694 7.653585 -1.346327
v -1.393488 7.225143 -1.294203
v -0.752935 4.449617 2.110727
v -0.487796 8.370441 -1.394259
v -1.779747 6.775613 -1.144761
v -1.921055 4.811473 0.618113
v -1.708341 4.502314 0.928792
v -2.279728 5.822778 -0.446719
v -1.272367 4.475228 1.512054
v -2.087972 6.299267 -0.860941
v -1.730637 4.630395 0.900728
v -1.101648 4.526038 1.999156
v -1.408252 4.480017 1.375010
v -0.450134 4.725001 2.804609
v -0.954200 8.035419 -1.324392
v -1.693879 4.517679 1.068593
v -2.306410 5.376401 0.039326
v -1.633018 4.514968 1.194534
v -1.534193 4.501711 1.298782
v -0.489303 8.679186 -1.424393
v -1.974987 4.828647 0.853425
v -1.735759 4.646363 1.059209
v -1.460074 4.546936 1.463245
v -2.196437 5.071793 0.486749
v -1.593548 4.595143 1.351465
v -1.688455 4.629792 1.214074
v -1.406444 7.645449 -1.248406
v -0.870440 4.751818 2.678366
v -1.972878 4.826236 1.093556
v -0.954803 8.361971 -1.330981
v -1.382340 4.603579 1.885660
v -1.825243 7.217912 -1.113125
v -2.414274 6.290528 -0.504812
v -0.489001 9.051340 -1.457869
v -2.169924 6.769285 -0.867570
v -2.515208 5.822903 -0.054978
v -1.796921 4.752720 1.546101
v -1.914125 4.800626 1.327060
v -1.407649 8.031797 -1.222251
v -2.254889 5.084146 0.813352
v -2.435063 5.388453 0.412329
v -1.622170 4.687339 1.737724
v -0.957213 8.676077 -1.350562
v -1.254591 4.808460 2.506327
v -0.489604 9.480194 -1.471492
v -1.837295 7.640327 -1.075162
v -1.407347 8.356823 -1.216192
v -1.586617 4.888605 2.312595
v -2.493213 6.765067 -0.514151
v -2.253684 5.081433 1.137545
v -0.959925 9.050957 -1.372910
v -2.209093 7.210681 -0.844973
v -2.493816 5.393575 0.797685
v -2.654707 6.290528 -0.095653
v -1.859591 4.950370 2.055590
v -2.659116 5.824027 0.362208
v -1.835186 8.029993 -1.046605
v -2.189809 5.056727 1.457219
v -2.061458 5.009726 1.767552
v -1.407950 8.674820 -1.222227
v -0.492315 5.285109 3.337297
v -0.476046 9.902065 -1.456608
v -1.830063 8.354963 -1.032402
v -2.217830 7.637012 -0.814241
v -0.961130 9.480062 -1.379599
v -2.492611 5.391465 1.183644
v -2.724213 5.824716 0.794127
v -2.734550 6.765368 -0.101679
v -1.399514 5.289929 2.959173
v -2.527561 7.207066 -0.498183
v -2.806560 6.295650 0.345442
v -2.211503 8.029371 -0.788689
v -1.410662 9.051378 -1.229196
v -0.966855 5.279685 3.185746
v -1.825845 8.674383 -1.026390
v -2.430543 5.379112 1.572917
v -0.952393 9.914228 -1.360456
v -0.462186 10.247721 -1.403686
v -1.771914 5.311623 2.672642
v -2.302193 5.357720 1.966407
v -2.078029 5.335124 2.339711
v -2.201560 8.355196 -0.773290
v -1.411867 9.480116 -1.222325
v -2.532382 7.637012 -0.475285
v -0.937629 10.257402 -1.305430
v -2.879473 6.301978 0.802807
v -2.722508 5.824529 1.234435
v -0.448628 10.635998 -1.295682
v -0.513631 5.823402 3.634515
v -2.767693 7.209175 -0.090833
v -1.823736 9.052011 -1.018595
v -1.405540 9.920506 -1.190798
v -2.191918 8.674782 -0.763053
v -2.889717 6.768683 0.348455
v -2.649590 5.823215 1.683191
v -1.820724 9.479719 -0.996357
v -2.517920 8.030237 -0.459048
v -1.021087 5.818464 3.486613
v -0.917141 10.642937 -1.189287
v -0.437480 11.168743 -1.028999
v -2.490993 5.821215 2.130672
v -2.184386 9.052538 -0.745320
v -2.764078 7.640629 -0.076370
v -1.389872 10.262115 -1.128223
v -1.491394 5.816525 3.251949
v -2.239104 5.819089 2.556905
v -2.876761 6.302880 1.274936
v -2.499540 8.357138 -0.449937
v -2.916834 7.215503 0.359302
v -2.959316 6.773805 0.819981
v -1.810178 9.922634 -0.951257
v -0.535702 6.304991 3.802197
v -1.902383 5.817150 2.937624
v -2.175046 9.479177 -0.711938
v -2.736960 8.032034 -0.076101
v -0.894845 11.121195 -0.952621
v -2.484777 8.675993 -0.438223
v -1.367878 10.645123 -1.007883
v -2.791495 6.296855 1.761225
v -2.904179 7.646654 0.359904
v -1.791196 10.261429 -0.884469
v -1.054531 6.288721 3.658779
v -2.949373 6.777120 1.300847
v -0.461282 11.582621 -0.714026
v -2.706831 8.360895 -0.086493
v -2.977695 7.225143 0.834142
v -2.613731 6.286612 2.243899
v -2.868023 8.035326 0.322242
v -2.473328 9.052685 -0.414800
v -1.542327 6.276066 3.421058
v -2.156667 9.921648 -0.659289
v -2.340156 6.279079 2.698553
v -0.549562 6.780433 3.904937
v -2.684535 8.688547 -0.081965
v -1.344979 11.082117 -0.792758
v -2.827951 8.367107 0.273043
v -1.759561 10.639853 -0.768676
v -1.977698 6.273355 3.097166
v -2.861395 6.773504 1.808228
v -2.963233 7.653584 0.823597
v -0.909609 11.521233 -0.643720
v -2.964137 7.228760 1.314104
v -2.459770 9.478544 -0.375999
v -0.543536 7.214599 3.957061
v -2.127743 10.258518 -0.595218
v -1.072910 6.771696 3.773272
v -2.933705 8.041048 0.782018
v -2.669772 9.052980 -0.055907
v -2.680920 6.765670 2.317415
v -2.952989 7.650270 1.281564
v -1.573360 6.763561 3.541275
v -2.799931 8.713188 0.270144
v -2.889113 8.387236 0.615703
v -2.402222 6.760549 2.795569
v -1.727623 11.019104 -0.590791
v -2.877364 7.221528 1.822991
v -0.488097 11.912647 -0.370398
v -1.338351 11.441887 -0.516827
v -1.067487 7.216105 3.843171
v -2.434160 9.918133 -0.324538
v -2.079235 10.632059 -0.490304
v -0.503369 7.661642 4.005531
v -2.026206 6.758739 3.210454
v -2.655912 9.477722 -0.005708
v -2.938827 8.019958 1.207747
v -2.856875 8.734083 0.572816
v -2.786372 9.054033 0.316081
v -2.877665 7.650572 1.766649
v -2.932199 8.247871 0.910887
v -1.580893 7.206464 3.612981
v -2.700203 7.209778 2.349352
v -2.937923 8.156578 1.168795
v -2.914724 8.450943 0.792478
v -2.391677 10.254038 -0.276724
v -0.456998 8.051081 4.014071
v -0.929795 11.849112 -0.288950
v -2.022892 10.947868 -0.361732
v -2.423011 7.201943 2.844982
v -1.049720 7.654470 3.894001
v -1.706231 11.335911 -0.352959
v -2.870433 8.044062 1.700063
v -2.898756 8.742296 0.748489
v -2.629700 9.912737 0.049101
v -2.698997 7.639122 2.340012
v -0.478456 12.156311 0.033214
v -2.769801 9.476604 0.381453
v -2.044886 7.200137 3.275833
v -2.851151 9.073025 0.716270
v -2.914423 8.222261 1.413748
v -2.313039 10.626949 -0.203793
v -1.566431 7.639986 3.655192
v -2.888209 8.949886 0.832550
v -2.418492 7.633923 2.864183
v -1.338652 11.745714 -0.177801
v -1.046790 8.058109 3.923315
v -1.980410 11.212746 -0.185229
v -2.572153 10.248856 0.061952
v -2.039463 7.634106 3.307099
v -2.681824 8.024176 2.323742
v -2.880979 8.396408 1.561683
v -0.474099 8.531643 3.923943
v -2.863202 9.137457 0.976956
v -0.918045 12.092758 0.120688
v -2.819515 9.473057 0.732774
v -2.749615 9.885017 0.464809
v -2.228074 10.905859 -0.132580
v -2.897550 9.047506 1.011821
v -2.819213 8.368252 1.830821
v -1.545641 8.027893 3.666054
v -0.440794 12.316006 0.501034
v -2.689033 10.191126 0.377797
v -2.477546 10.624565 0.093322
v -1.700808 11.598869 -0.047207
v -2.399209 8.016626 2.864952
v -2.855971 8.603397 1.606576
v -2.891524 9.054737 1.208865
v -2.851151 9.157944 1.217987
v -2.024097 8.018024 3.309689
v -2.145218 11.114435 -0.063519
v -1.064266 8.359657 3.868103
v -0.569314 8.575399 3.898602
v -2.831265 9.472267 0.987078
v -2.645668 8.347055 2.343226
v -2.786974 8.669519 1.853089
v -2.844823 8.828453 1.555945
v -0.650363 8.671406 3.882135
v -2.809487 9.793776 0.817464
v -1.325395 11.980957 0.220361
v -2.851151 8.999891 1.414940
v -2.361547 10.943281 0.130571
v -2.598481 10.582390 0.373085
v -1.990654 11.415916 0.067303
v -2.727986 10.171316 0.552165
v -2.774745 9.937164 0.632989
v -2.822829 9.119663 1.464432
v -2.788481 9.006950 1.720212
v -2.821323 9.472208 1.219089
v -1.097315 8.657385 3.795460
v -1.558898 8.347410 3.632957
v -3.025435 9.630863 0.737782
v -2.888635 9.822067 0.629192
v -3.052585 9.723831 0.577248
v -0.874357 12.260328 0.576783
v -3.106701 9.849594 0.482442
v -2.800797 9.913458 0.684491
v -2.949474 9.982557 0.470818
v -2.854627 9.752546 0.808410
v -0.726244 8.817616 3.863138
v -2.198246 11.212324 0.135649
v -2.816283 10.106319 0.519124
v -2.372695 8.338570 2.860654
v -2.010840 8.340975 3.290413
v -2.696375 10.365076 0.489712
v -2.613430 8.675131 2.339517
v -3.193947 9.762409 0.546047
v -2.802956 9.843653 0.848530
v -2.816790 9.774933 1.011765
v -2.808635 9.894123 0.868777
v -3.002424 9.599321 0.913732
v -3.233256 9.666454 0.689541
v -2.987010 10.094778 0.420016
v -2.793001 9.473339 1.461330
v -3.145401 9.940916 0.458453
v -2.812033 10.268143 0.456572
v -2.811156 9.756306 0.985104
v -0.404940 12.384485 1.040272
v -0.525209 9.648848 3.729644
v -1.697193 11.812834 0.315334
v -2.805258 9.763712 1.205344
v -3.250401 9.844860 0.545739
v -3.224956 9.620115 0.877165
v -2.783772 9.834867 1.010040
v -3.031553 10.210775 0.419119
v -3.175747 10.038731 0.466348
v -3.006135 9.606260 1.075048
v -2.343771 8.676229 2.842203
v -2.585409 9.065136 2.317644
v -2.844131 10.423042 0.449625
v -2.645535 10.575996 0.488681
v -1.106956 9.050508 3.722296
v -3.292639 9.762560 0.693676
v -0.763140 8.971386 3.844362
v -2.836205 9.729109 1.128172
v -2.800862 9.878849 1.029314
v -2.437474 11.031267 0.453460
v -1.568540 8.670448 3.583910
v -2.717075 9.475712 1.837018
v -3.267725 9.952414 0.561438
v -2.238921 11.344263 0.426822
v -0.506424 9.303854 3.809103
v -2.769432 9.822046 1.160050
v -3.192774 9.628761 1.051881
v -1.996378 8.675182 3.256447
v -0.740351 9.095707 3.833930
v -2.778604 9.874548 1.184731
v -3.279952 9.716976 0.875871
v -3.189246 10.181698 0.517013
v -0.606803 9.276262 3.827044
v -2.777312 9.778826 1.439711
v -3.037778 9.647373 1.219410
v -2.013853 11.588430 0.389639
v -3.303782 9.891926 0.714188
v -3.104088 10.343836 0.500224
v -0.467911 10.052891 3.636620
v -1.289240 12.144047 0.664390
v -2.545346 10.947905 0.593517
v -2.885277 9.744169 1.285585
v -3.234933 10.161572 0.613595
v -2.838873 10.705965 0.547982
v -2.779978 9.856390 1.341802
v -1.054531 9.479765 3.655877
v -0.687986 9.195957 3.832013
v -3.158425 9.666531 1.199207
v -3.241134 9.711969 1.045400
v -3.286413 9.850960 0.885348
v -2.314244 9.070911 2.808402
v -2.745491 9.926907 1.400440
v -2.973959 10.541185 0.510279
v -0.819521 12.335213 1.090130
v -3.254447 10.130285 0.756424
v -1.558898 9.067118 3.521385
v -3.098900 9.705795 1.319008
v -3.249383 9.826534 1.045732
v -3.149498 10.370430 0.637452
v -1.973781 9.073095 3.207915
v -2.690861 10.925348 0.657756
v -2.958427 9.824133 1.440797
v -0.391080 12.322027 1.633324
v -3.201361 9.730087 1.193100
v -3.242432 10.093306 0.909109
v -1.678211 11.961880 0.722259
v -2.821595 9.971294 1.496284
v -2.548651 9.478439 2.316358
v -2.363726 11.293493 0.756376
v -3.039114 10.565498 0.659585
v -2.709735 10.079500 1.543630
v -2.486005 11.171583 0.787404
v -0.455860 10.738640 3.408628
v -2.670977 9.913319 1.847855
v -3.167634 10.351475 0.790732
v -2.221906 11.487463 0.750169
v -3.214188 9.817221 1.193645
v -3.219936 10.053633 1.061069
v -1.526961 9.481611 3.454919
v -3.136908 9.764544 1.346127
v -0.992163 10.074022 3.529727
v -2.285320 9.480433 2.765868
v -2.925525 10.732306 0.692584
v -3.195495 10.010979 1.207950
v -3.165278 10.315729 0.948086
v -2.790520 10.906422 0.756166
v -3.163193 9.837530 1.349682
v -2.021386 11.707197 0.749465
v -3.002303 9.882658 1.491806
v -2.612453 11.085382 0.804672
v -1.251879 12.215731 1.143077
v -1.944857 9.481379 3.150609
v -3.063600 10.541418 0.821456
v -0.394395 12.102343 2.212014
v -3.166109 9.978239 1.330253
v -2.849255 10.034399 1.550207
v -3.147371 10.265211 1.112931
v -3.043231 9.953711 1.505658
v -2.700769 11.018709 0.832448
v -3.071501 10.500040 0.987439
v -2.956532 10.705969 0.857334
v -0.802046 12.275295 1.643419
v -3.124672 10.197771 1.280002
v -2.698309 10.281982 1.632366
v -0.438103 11.355980 3.066929
v -2.609513 10.249111 1.864640
v -2.877345 10.114189 1.581217
v -2.504964 9.967548 2.281680
v -1.479055 10.073448 3.332074
v -2.834986 10.869112 0.910307
v -3.093770 10.103636 1.427110
v -2.973628 10.662228 1.028711
v -3.062201 10.442020 1.163972
v -2.362126 11.390928 1.064298
v -0.410363 11.748537 2.709227
v -2.616419 11.129932 1.025932
v -2.012949 11.753321 1.118701
v -0.949982 10.706505 3.321744
v -2.207285 11.544668 1.088821
v -1.663448 12.015360 1.146655
v -2.245549 10.014349 2.686811
v -2.722240 11.009493 0.973341
v -3.038741 10.366827 1.346178
v -2.987820 10.262049 1.512728
v -2.972409 10.601196 1.207784
v -2.861845 10.817577 1.079634
v -1.902676 10.051470 3.044868
v -2.512139 11.249126 1.061373
v -0.817412 12.068409 2.176051
v -2.655104 10.482355 1.662925
v -2.879828 10.421949 1.559564
v -2.949400 10.524391 1.389362
v -2.872671 10.749987 1.248413
v -2.749766 10.956924 1.140609
v -1.255193 12.157225 1.631893
v -2.527791 10.600254 1.855624
v -2.451032 10.365944 2.220925
v -2.640013 11.081247 1.214736
v -2.772948 10.877754 1.296706
v -2.861039 10.673586 1.407286
v -2.794500 10.594765 1.560907
v -1.670980 11.958853 1.574917
v -2.531653 11.207623 1.289004
v -0.903282 11.326710 2.995616
v -1.432355 10.674536 3.142673
v -2.383675 11.349007 1.352946
v -2.609094 10.792923 1.616954
v -2.789276 10.791704 1.406719
v -0.852965 11.740343 2.633274
v -2.216676 11.498043 1.414093
v -2.671846 10.969242 1.384578
v -2.719682 10.796553 1.503510
v -2.021386 11.701239 1.482801
v -1.282611 11.966499 2.104319
v -2.477035 10.918671 1.769993
v -2.567506 11.063349 1.504078
v -1.854469 10.602428 2.890559
v -2.197945 10.491072 2.570529
v -2.376215 10.768309 2.113549
v -2.428307 11.190275 1.609051
v -2.256181 11.338118 1.712793
v -1.378724 11.258762 2.856200
v -1.701411 11.787300 1.988048
v -2.317451 11.079531 1.945922
v -2.057240 11.541323 1.836614
v -1.326902 11.658443 2.521834
v -2.140096 10.955944 2.389428
v -2.092793 11.293251 2.151880
v -1.808672 11.132872 2.651820
v -1.756548 11.507408 2.360760
v 2.985226 8.499586 0.867114
v 2.960520 8.312483 0.996068
v 2.963834 8.743032 0.837587
v 2.949975 8.898802 0.907186
v 2.957507 8.983164 1.036442
v 2.958411 8.994614 1.197936
v 2.915024 8.928326 1.362438
v 2.912614 8.786421 1.456145
v 2.937923 8.566475 1.476031
v 2.950577 8.410103 1.416977
v 2.961726 8.295912 1.303087
v 2.963533 8.263071 1.136773
v -2.960520 8.312483 0.996068
v -2.963533 8.263071 1.136773
v -2.961726 8.295912 1.303087
v -2.950577 8.410103 1.416977
v -2.937923 8.566475 1.476031
v -2.912614 8.786421 1.456145
v -2.915024 8.928326 1.362438
v -2.958411 8.994614 1.197936
v -2.957507 8.983164 1.036442
v -2.949975 8.898802 0.907186
v -2.963834 8.743032 0.837587
v -2.985226 8.499586 0.867114
vt 0.018696 0.984508
vt 0.018834 0.984617
vt 0.018710 0.984607
vt 0.018962 0.984527
vt 0.018966 0.984717
vt 0.018664 0.984299
vt 0.019176 0.984668
vt 0.019067 0.984247
vt 0.019432 0.984265
vt 0.019657 0.984658
vt 0.018827 0.985421
vt 0.019287 0.985563
vt 0.018851 0.985595
vt 0.019251 0.985130
vt 0.019709 0.985532
vt 0.019009 0.984974
vt 0.018788 0.985149
vt 0.019680 0.985091
vt 0.005156 0.979037
vt 0.005037 0.979290
vt 0.004906 0.979201
vt 0.004956 0.979464
vt 0.004893 0.979597
vt 0.004848 0.979398
vt 0.004975 0.978972
vt 0.005260 0.978813
vt 0.004834 0.979723
vt 0.004800 0.979558
vt 0.004755 0.979707
vt 0.004744 0.979841
vt 0.005041 0.978748
vt 0.004727 0.979345
vt 0.004697 0.979518
vt 0.005417 0.978479
vt 0.004686 0.979818
vt 0.004652 0.979938
vt 0.004673 0.979681
vt 0.004785 0.978973
vt 0.004760 0.979161
vt 0.004623 0.979907
vt 0.004635 0.979801
vt 0.004615 0.979482
vt 0.004606 0.979654
vt 0.004573 0.979976
vt 0.004536 0.979460
vt 0.004535 0.979635
vt 0.004535 0.979275
vt 0.004628 0.979303
vt 0.004590 0.979786
vt 0.004603 0.979899
vt 0.004530 0.979773
vt 0.004814 0.978788
vt 0.004536 0.979141
vt 0.004644 0.979145
vt 0.004578 0.979893
vt 0.004561 0.979969
vt 0.004534 0.979892
vt 0.005087 0.978440
vt 0.004650 0.978991
vt 0.004537 0.979006
vt 0.004535 0.978893
vt 0.004655 0.978849
vt 0.004534 0.978819
vt 0.004830 0.978597
vt 0.004530 0.978748
vt 0.004651 0.978760
vt 0.004657 0.978682
vt 0.018917 0.986077
vt 0.019346 0.986026
vt 0.018967 0.986450
vt 0.019394 0.986403
vt 0.019006 0.986740
vt 0.019440 0.986697
vt 0.019046 0.987031
vt 0.019754 0.985971
vt 0.019467 0.986955
vt 0.019804 0.986344
vt 0.019508 0.987321
vt 0.019098 0.987406
vt 0.019818 0.986654
vt 0.019010 0.983848
vt 0.018604 0.983907
vt 0.019806 0.986915
vt 0.020104 0.985527
vt 0.020128 0.985924
vt 0.019543 0.987659
vt 0.019143 0.987724
vt 0.020210 0.986269
vt 0.019824 0.987247
vt 0.020149 0.986864
vt 0.018541 0.983504
vt 0.009070 0.978470
vt 0.008639 0.978777
vt 0.008612 0.978495
vt 0.020105 0.985101
vt 0.020222 0.986606
vt 0.019857 0.987578
vt 0.020065 0.987210
vt 0.019436 0.983796
vt 0.009088 0.978752
vt 0.020403 0.985875
vt 0.020447 0.985563
vt 0.019770 0.984178
vt 0.018976 0.983441
vt 0.009439 0.978469
vt 0.020127 0.984644
vt 0.020420 0.986834
vt 0.020071 0.987522
vt 0.020618 0.986124
vt 0.020230 0.987206
vt 0.009108 0.979086
vt 0.008673 0.979128
vt 0.018480 0.983118
vt 0.009459 0.978753
vt 0.020623 0.986580
vt 0.020312 0.987227
vt 0.009693 0.978487
vt 0.020504 0.986922
vt 0.020498 0.985132
vt 0.020210 0.987493
vt 0.020283 0.987461
vt 0.020777 0.985621
vt 0.020701 0.986748
vt 0.009470 0.979061
vt 0.018940 0.983052
vt 0.009720 0.978794
vt 0.019825 0.983762
vt 0.019413 0.983389
vt 0.009863 0.978503
vt 0.020198 0.984171
vt 0.009133 0.979433
vt 0.020895 0.986687
vt 0.008705 0.979482
vt 0.010055 0.978742
vt 0.009946 0.978482
vt 0.020978 0.986134
vt 0.020559 0.984651
vt 0.020899 0.986537
vt 0.009974 0.978849
vt 0.020875 0.985184
vt 0.009734 0.979038
vt 0.018893 0.982720
vt 0.018425 0.982784
vt 0.021106 0.985689
vt 0.021080 0.986540
vt 0.021063 0.986671
vt 0.019381 0.983008
vt 0.010298 0.978848
vt 0.019836 0.983353
vt 0.009557 0.979404
vt 0.018844 0.982431
vt 0.018377 0.982502
vt 0.020247 0.983738
vt 0.021227 0.986176
vt 0.021207 0.986683
vt 0.020977 0.984684
vt 0.010300 0.978962
vt 0.020629 0.984180
vt 0.021243 0.986559
vt 0.009980 0.979373
vt 0.009216 0.980069
vt 0.019339 0.982664
vt 0.010538 0.978894
vt 0.021243 0.985252
vt 0.011305 0.978783
vt 0.011078 0.978791
vt 0.011192 0.978699
vt 0.018331 0.982229
vt 0.018797 0.982157
vt 0.021443 0.986263
vt 0.011193 0.978896
vt 0.010580 0.979015
vt 0.021407 0.985762
vt 0.010929 0.978856
vt 0.010816 0.979008
vt 0.010747 0.978891
vt 0.008768 0.980152
vt 0.011024 0.978969
vt 0.019819 0.982965
vt 0.009652 0.979989
vt 0.011452 0.979138
vt 0.019296 0.982372
vt 0.010337 0.979370
vt 0.020267 0.983324
vt 0.021060 0.984206
vt 0.011627 0.978978
vt 0.018737 0.981827
vt 0.018275 0.981898
vt 0.020678 0.983728
vt 0.021385 0.984745
vt 0.010970 0.979325
vt 0.011232 0.979250
vt 0.019784 0.982611
vt 0.021693 0.985890
vt 0.021592 0.985348
vt 0.010673 0.979367
vt 0.019249 0.982090
vt 0.010077 0.979928
vt 0.012013 0.979249
vt 0.018669 0.981447
vt 0.018211 0.981523
vt 0.020257 0.982928
vt 0.019744 0.982314
vt 0.008831 0.980809
vt 0.010476 0.979891
vt 0.021116 0.983734
vt 0.011780 0.979459
vt 0.019190 0.981755
vt 0.020701 0.983306
vt 0.021933 0.985488
vt 0.021488 0.984247
vt 0.010850 0.979819
vt 0.021782 0.984834
vt 0.020225 0.982562
vt 0.011505 0.979615
vt 0.018149 0.981167
vt 0.011194 0.979732
vt 0.019697 0.982025
vt 0.012377 0.979585
vt 0.009293 0.980744
vt 0.018586 0.981074
vt 0.020186 0.982258
vt 0.020692 0.982896
vt 0.018093 0.980843
vt 0.019117 0.981371
vt 0.012088 0.979817
vt 0.022179 0.984957
vt 0.021559 0.983754
vt 0.010200 0.980538
vt 0.021139 0.983296
vt 0.021922 0.984307
vt 0.020662 0.982517
vt 0.019638 0.981683
vt 0.009751 0.980646
vt 0.020139 0.981961
vt 0.011770 0.980008
vt 0.019032 0.980984
vt 0.018518 0.980763
vt 0.012781 0.980068
vt 0.010631 0.980428
vt 0.008885 0.981338
vt 0.011421 0.980172
vt 0.011038 0.980310
vt 0.018030 0.980482
vt 0.020621 0.982203
vt 0.019562 0.981293
vt 0.021131 0.982868
vt 0.018963 0.980673
vt 0.022364 0.984386
vt 0.012428 0.980302
vt 0.018445 0.980403
vt 0.009356 0.981273
vt 0.021583 0.983294
vt 0.020076 0.981609
vt 0.019477 0.980892
vt 0.020570 0.981896
vt 0.022004 0.983787
vt 0.013125 0.980626
vt 0.012051 0.980500
vt 0.019999 0.981210
vt 0.021093 0.982476
vt 0.009835 0.981183
vt 0.018887 0.980310
vt 0.008933 0.981770
vt 0.018352 0.979864
vt 0.011648 0.980674
vt 0.020505 0.981533
vt 0.021570 0.982845
vt 0.019407 0.980576
vt 0.010309 0.981079
vt 0.017931 0.979914
vt 0.011218 0.980826
vt 0.012719 0.980833
vt 0.021043 0.982150
vt 0.022031 0.983298
vt 0.022459 0.983825
vt 0.019910 0.980796
vt 0.009420 0.981707
vt 0.010770 0.980961
vt 0.013382 0.981206
vt 0.020425 0.981123
vt 0.021515 0.982438
vt 0.018803 0.979823
vt 0.020988 0.981832
vt 0.019333 0.980208
vt 0.012285 0.981004
vt 0.008981 0.982187
vt 0.022006 0.982827
vt 0.019837 0.980475
vt 0.009905 0.981615
vt 0.012941 0.981366
vt 0.018313 0.979382
vt 0.021444 0.982098
vt 0.022489 0.983298
vt 0.011828 0.981152
vt 0.021919 0.982404
vt 0.020922 0.981456
vt 0.017849 0.979446
vt 0.010390 0.981511
vt 0.020328 0.980697
vt 0.011356 0.981284
vt 0.009481 0.982119
vt 0.013568 0.981782
vt 0.021377 0.981757
vt 0.019262 0.979757
vt 0.021810 0.982046
vt 0.019754 0.980104
vt 0.010875 0.981402
vt 0.012467 0.981505
vt 0.022453 0.982809
vt 0.018776 0.979352
vt 0.013099 0.981884
vt 0.020837 0.981031
vt 0.009521 0.982490
vt 0.009026 0.982556
vt 0.020244 0.980368
vt 0.017770 0.978996
vt 0.009969 0.982040
vt 0.022370 0.982373
vt 0.021309 0.981378
vt 0.011973 0.981631
vt 0.013236 0.982373
vt 0.013697 0.982344
vt 0.010464 0.981951
vt 0.021726 0.981669
vt 0.022145 0.981988
vt 0.011472 0.981747
vt 0.019685 0.979709
vt 0.012602 0.981979
vt 0.018293 0.978931
vt 0.019235 0.979331
vt 0.010009 0.982426
vt 0.020729 0.980592
vt 0.020143 0.979995
vt 0.009074 0.982930
vt 0.009530 0.982875
vt 0.010968 0.981853
vt 0.021229 0.980934
vt 0.013362 0.982803
vt 0.013814 0.982856
vt 0.022016 0.981588
vt 0.021677 0.981295
vt 0.012749 0.982432
vt 0.014039 0.983330
vt 0.013712 0.983099
vt 0.017694 0.978557
vt 0.010518 0.982343
vt 0.012079 0.982073
vt 0.013415 0.982965
vt 0.013865 0.983377
vt 0.020622 0.980257
vt 0.014061 0.983765
vt 0.009531 0.983210
vt 0.009117 0.983251
vt 0.018779 0.978896
vt 0.020054 0.979664
vt 0.011554 0.982165
vt 0.010035 0.982804
vt 0.019657 0.979331
vt 0.013636 0.983166
vt 0.012854 0.982857
vt 0.013887 0.983754
vt 0.013460 0.983095
vt 0.013460 0.983095
vt 0.013636 0.983166
vt 0.021120 0.980480
vt 0.013781 0.983429
vt 0.012175 0.982501
vt 0.018258 0.978480
vt 0.013781 0.983429
vt 0.021605 0.980836
vt 0.011034 0.982255
vt 0.022051 0.981174
vt 0.013138 0.983033
vt 0.009161 0.983576
vt 0.013248 0.983103
vt 0.013856 0.984164
vt 0.013789 0.983738
vt 0.020476 0.979883
vt 0.013248 0.983103
vt 0.010551 0.982724
vt 0.013762 0.984001
vt 0.013789 0.983738
vt 0.009980 0.988877
vt 0.010667 0.989183
vt 0.010053 0.989339
vt 0.011622 0.982575
vt 0.019245 0.978902
vt 0.009168 0.983624
vt 0.010069 0.983148
vt 0.020008 0.979352
vt 0.020971 0.980140
vt 0.013117 0.983251
vt 0.011085 0.982649
vt 0.012233 0.982894
vt 0.013687 0.983920
vt 0.012982 0.983249
vt 0.013117 0.983251
vt 0.009607 0.983621
vt 0.013582 0.984207
vt 0.018787 0.978440
vt 0.021936 0.980745
vt 0.021535 0.980394
vt 0.020347 0.979599
vt 0.013557 0.984095
vt 0.013687 0.983920
vt 0.012730 0.983231
vt 0.013068 0.983451
vt 0.013789 0.984642
vt 0.013537 0.984000
vt 0.010577 0.983064
vt 0.010499 0.988740
vt 0.021305 0.980085
vt 0.020777 0.979761
vt 0.019683 0.978949
vt 0.011664 0.982941
vt 0.013068 0.983451
vt 0.012936 0.983500
vt 0.011216 0.988921
vt 0.013339 0.984079
vt 0.013537 0.984000
vt 0.013320 0.984197
vt 0.011121 0.982997
vt 0.013083 0.983725
vt 0.020238 0.979381
vt 0.010130 0.983403
vt 0.009702 0.983647
vt 0.013361 0.983991
vt 0.013534 0.984588
vt 0.012224 0.983231
vt 0.012704 0.983573
vt 0.013083 0.983725
vt 0.012980 0.983772
vt 0.009899 0.988371
vt 0.013183 0.983904
vt 0.009787 0.983720
vt 0.021908 0.980402
vt 0.019287 0.978461
vt 0.013183 0.983904
vt 0.013118 0.983990
vt 0.020582 0.979443
vt 0.021068 0.979673
vt 0.020059 0.979047
vt 0.013709 0.985044
vt 0.013917 0.985858
vt 0.014061 0.985526
vt 0.014056 0.985974
vt 0.013869 0.985440
vt 0.013063 0.984120
vt 0.012816 0.983963
vt 0.013281 0.984544
vt 0.010206 0.983656
vt 0.010632 0.983342
vt 0.013543 0.985375
vt 0.013728 0.985426
vt 0.013613 0.985500
vt 0.010986 0.988515
vt 0.013636 0.985633
vt 0.013812 0.985371
vt 0.013751 0.985688
vt 0.013613 0.985239
vt 0.009872 0.983835
vt 0.020347 0.979194
vt 0.013853 0.985773
vt 0.011675 0.983253
vt 0.011154 0.983292
vt 0.013833 0.986165
vt 0.012220 0.983574
vt 0.013555 0.985592
vt 0.013634 0.985158
vt 0.013481 0.984914
vt 0.013641 0.985107
vt 0.013443 0.985286
vt 0.013475 0.985516
vt 0.013715 0.985817
vt 0.013022 0.984513
vt 0.013761 0.986534
vt 0.011716 0.988592
vt 0.013617 0.985714
vt 0.013789 0.986008
vt 0.013465 0.985107
vt 0.010333 0.988265
vt 0.009327 0.984728
vt 0.009274 0.984365
vt 0.009800 0.984565
vt 0.019755 0.978553
vt 0.009273 0.984358
vt 0.013248 0.984855
vt 0.013528 0.985658
vt 0.013384 0.985439
vt 0.013458 0.985039
vt 0.013651 0.985929
vt 0.013582 0.985792
vt 0.013329 0.985244
vt 0.011687 0.983582
vt 0.012219 0.983983
vt 0.013679 0.986177
vt 0.013662 0.986459
vt 0.010270 0.983994
vt 0.013441 0.985589
vt 0.009925 0.983961
vt 0.013314 0.985091
vt 0.013449 0.984997
vt 0.020798 0.979192
vt 0.010685 0.983624
vt 0.012645 0.984469
vt 0.013501 0.985731
vt 0.020486 0.978916
vt 0.009737 0.984271
vt 0.013279 0.985002
vt 0.013292 0.985380
vt 0.011184 0.983599
vt 0.009918 0.984067
vt 0.013244 0.984961
vt 0.013348 0.985514
vt 0.009812 0.987824
vt 0.013515 0.985897
vt 0.009822 0.984234
vt 0.012977 0.984854
vt 0.013216 0.985245
vt 0.020168 0.978715
vt 0.013402 0.985673
vt 0.013518 0.986031
vt 0.009788 0.984929
vt 0.009367 0.984993
vt 0.011438 0.988232
vt 0.013222 0.986834
vt 0.013157 0.985123
vt 0.012169 0.988216
vt 0.013435 0.985875
vt 0.013412 0.986424
vt 0.013244 0.987046
vt 0.013059 0.985037
vt 0.010274 0.984375
vt 0.009881 0.984157
vt 0.013204 0.985338
vt 0.013260 0.985449
vt 0.013302 0.985603
vt 0.011695 0.983968
vt 0.012953 0.985027
vt 0.013485 0.986223
vt 0.010759 0.988089
vt 0.013328 0.985833
vt 0.010726 0.983978
vt 0.013130 0.985290
vt 0.013216 0.985528
vt 0.013387 0.986037
vt 0.011207 0.983968
vt 0.013186 0.986677
vt 0.013008 0.985213
vt 0.010195 0.987740
vt 0.013179 0.985395
vt 0.013224 0.985767
vt 0.011868 0.987924
vt 0.012571 0.987822
vt 0.012865 0.985169
vt 0.012167 0.984412
vt 0.012895 0.987458
vt 0.012753 0.987122
vt 0.013328 0.986209
vt 0.012728 0.985189
vt 0.012861 0.986941
vt 0.009861 0.985555
vt 0.012524 0.984943
vt 0.013258 0.985997
vt 0.012548 0.987340
vt 0.009462 0.985613
vt 0.013144 0.985455
vt 0.013133 0.985682
vt 0.010741 0.984352
vt 0.013091 0.985334
vt 0.010271 0.984911
vt 0.011687 0.984371
vt 0.013247 0.986373
vt 0.013061 0.985581
vt 0.013139 0.985922
vt 0.013105 0.986563
vt 0.013059 0.985388
vt 0.012272 0.987584
vt 0.012958 0.985277
vt 0.012935 0.986781
vt 0.011192 0.987855
vt 0.011214 0.984351
vt 0.013186 0.986151
vt 0.009720 0.987247
vt 0.010081 0.987188
vt 0.013006 0.985493
vt 0.012808 0.985257
vt 0.013030 0.985816
vt 0.012924 0.985347
vt 0.012965 0.986665
vt 0.013055 0.986059
vt 0.013101 0.986296
vt 0.010588 0.987611
vt 0.012941 0.985677
vt 0.012563 0.985419
vt 0.009938 0.986173
vt 0.009558 0.986230
vt 0.012381 0.985314
vt 0.012764 0.985355
vt 0.012091 0.984921
vt 0.010746 0.984895
vt 0.012981 0.986451
vt 0.012896 0.985515
vt 0.012965 0.986189
vt 0.012933 0.985932
vt 0.012454 0.986981
vt 0.009630 0.986684
vt 0.009993 0.986644
vt 0.012718 0.986690
vt 0.012021 0.987331
vt 0.010302 0.985494
vt 0.012272 0.987139
vt 0.011621 0.987598
vt 0.011658 0.984900
vt 0.012846 0.986577
vt 0.012829 0.985768
vt 0.012762 0.985571
vt 0.012840 0.986047
vt 0.012855 0.986318
vt 0.011210 0.984890
vt 0.012594 0.986804
vt 0.010469 0.987109
vt 0.012453 0.985648
vt 0.012640 0.985673
vt 0.012731 0.985876
vt 0.012743 0.986165
vt 0.012730 0.986432
vt 0.011019 0.987433
vt 0.012241 0.985707
vt 0.012021 0.985344
vt 0.012590 0.986526
vt 0.012639 0.986267
vt 0.012649 0.986004
vt 0.012550 0.985838
vt 0.011441 0.987240
vt 0.012444 0.986619
vt 0.010347 0.986115
vt 0.010758 0.985461
vt 0.012275 0.986741
vt 0.012371 0.986015
vt 0.012591 0.986120
vt 0.010390 0.986607
vt 0.012083 0.986872
vt 0.012510 0.986316
vt 0.012496 0.986076
vt 0.011836 0.987029
vt 0.010901 0.986988
vt 0.012179 0.986080
vt 0.012354 0.986350
vt 0.011200 0.985425
vt 0.011623 0.985384
vt 0.011952 0.985789
vt 0.012179 0.986433
vt 0.011974 0.986540
vt 0.010782 0.986050
vt 0.011317 0.986844
vt 0.011941 0.986169
vt 0.011714 0.986673
vt 0.010823 0.986523
vt 0.011603 0.985880
vt 0.011631 0.986290
vt 0.011209 0.985969
vt 0.011243 0.986414
vt 0.018596 0.984654
vt 0.018447 0.984607
vt 0.018497 0.984788
vt 0.018283 0.984805
vt 0.018265 0.984371
vt 0.017924 0.984498
vt 0.017823 0.984939
vt 0.018424 0.985693
vt 0.018341 0.985269
vt 0.018011 0.985787
vt 0.018529 0.985048
vt 0.017921 0.985358
vt 0.005189 0.979334
vt 0.005075 0.979504
vt 0.005321 0.979134
vt 0.004983 0.979644
vt 0.004897 0.979774
vt 0.004801 0.979868
vt 0.005451 0.978940
vt 0.005193 0.979563
vt 0.005079 0.979697
vt 0.004856 0.979897
vt 0.004785 0.980000
vt 0.004969 0.979820
vt 0.005442 0.979281
vt 0.005313 0.979420
vt 0.004827 0.980003
vt 0.004902 0.979926
vt 0.005160 0.979737
vt 0.005032 0.979854
vt 0.004806 0.980085
vt 0.005226 0.979784
vt 0.005093 0.979897
vt 0.005369 0.979666
vt 0.005288 0.979612
vt 0.004941 0.979951
vt 0.004847 0.980013
vt 0.004990 0.979988
vt 0.005565 0.979141
vt 0.005472 0.979579
vt 0.005400 0.979500
vt 0.004867 0.980029
vt 0.004819 0.980091
vt 0.004896 0.980061
vt 0.005659 0.978708
vt 0.005514 0.979396
vt 0.005575 0.979492
vt 0.005663 0.979422
vt 0.005620 0.979302
vt 0.005720 0.979375
vt 0.005702 0.979006
vt 0.005778 0.979333
vt 0.005691 0.979248
vt 0.005747 0.979193
vt 0.018491 0.986153
vt 0.018544 0.986528
vt 0.018578 0.986823
vt 0.018084 0.986219
vt 0.018620 0.987078
vt 0.018133 0.986590
vt 0.018680 0.987441
vt 0.018200 0.986889
vt 0.018201 0.983974
vt 0.018282 0.987136
vt 0.017632 0.985896
vt 0.017712 0.986282
vt 0.018739 0.987775
vt 0.017720 0.986633
vt 0.018355 0.987459
vt 0.017935 0.987184
vt 0.008160 0.978567
vt 0.017518 0.985491
vt 0.017794 0.986958
vt 0.018414 0.987785
vt 0.018111 0.987491
vt 0.017781 0.984054
vt 0.008197 0.978848
vt 0.017434 0.986313
vt 0.017313 0.986029
vt 0.017578 0.984516
vt 0.018109 0.983577
vt 0.007802 0.978643
vt 0.017372 0.985064
vt 0.017661 0.987231
vt 0.018192 0.987792
vt 0.017285 0.986609
vt 0.017951 0.987533
vt 0.008240 0.979181
vt 0.007836 0.978928
vt 0.017391 0.987045
vt 0.017877 0.987576
vt 0.007559 0.978714
vt 0.017603 0.987339
vt 0.017153 0.985633
vt 0.018050 0.987803
vt 0.017970 0.987792
vt 0.017011 0.986175
vt 0.017358 0.987226
vt 0.007883 0.979233
vt 0.018022 0.983199
vt 0.007593 0.979022
vt 0.017402 0.984140
vt 0.017679 0.983663
vt 0.007399 0.978764
vt 0.017171 0.984638
vt 0.008279 0.979528
vt 0.017146 0.987220
vt 0.007260 0.979038
vt 0.007315 0.978761
vt 0.016934 0.986715
vt 0.016966 0.985196
vt 0.017103 0.987079
vt 0.007359 0.979128
vt 0.016809 0.985787
vt 0.007624 0.979266
vt 0.017960 0.982870
vt 0.016710 0.986325
vt 0.016917 0.987130
vt 0.016969 0.987252
vt 0.017590 0.983293
vt 0.007050 0.979191
vt 0.017267 0.983758
vt 0.007861 0.979592
vt 0.017913 0.982581
vt 0.016997 0.984245
vt 0.016695 0.986816
vt 0.016821 0.987308
vt 0.016581 0.985347
vt 0.007068 0.979305
vt 0.016767 0.984773
vt 0.016749 0.987189
vt 0.007445 0.979651
vt 0.008313 0.980173
vt 0.017519 0.982957
vt 0.006833 0.979283
vt 0.016476 0.985950
vt 0.016699 0.987382
vt 0.017867 0.982309
vt 0.016494 0.986941
vt 0.016612 0.987283
vt 0.006814 0.979412
vt 0.016435 0.986467
vt 0.006235 0.979392
vt 0.006324 0.979274
vt 0.006468 0.979313
vt 0.006593 0.979447
vt 0.006639 0.979317
vt 0.006397 0.979442
vt 0.017162 0.983389
vt 0.007872 0.980192
vt 0.016331 0.987106
vt 0.017466 0.982668
vt 0.007102 0.979722
vt 0.016851 0.983863
vt 0.016369 0.984924
vt 0.006010 0.979670
vt 0.017814 0.981978
vt 0.016588 0.984366
vt 0.016214 0.985516
vt 0.006489 0.979796
vt 0.006231 0.979761
vt 0.017082 0.983046
vt 0.016181 0.986645
vt 0.016166 0.986128
vt 0.006779 0.979785
vt 0.017418 0.982389
vt 0.007447 0.980226
vt 0.017753 0.981599
vt 0.016736 0.983490
vt 0.017024 0.982756
vt 0.007053 0.980275
vt 0.016179 0.984503
vt 0.005722 0.980053
vt 0.017363 0.982055
vt 0.015957 0.986862
vt 0.016437 0.983979
vt 0.015872 0.986334
vt 0.015981 0.985087
vt 0.006676 0.980279
vt 0.015864 0.985705
vt 0.016649 0.983139
vt 0.006008 0.980184
vt 0.006328 0.980255
vt 0.016973 0.982470
vt 0.008367 0.980854
vt 0.017705 0.981221
vt 0.016587 0.982844
vt 0.016316 0.983597
vt 0.017303 0.981672
vt 0.015590 0.986574
vt 0.005461 0.980488
vt 0.015522 0.985919
vt 0.015771 0.984655
vt 0.007439 0.980862
vt 0.016023 0.984106
vt 0.015595 0.985265
vt 0.016223 0.983236
vt 0.016915 0.982131
vt 0.007900 0.980865
vt 0.016534 0.982552
vt 0.005804 0.980644
vt 0.017253 0.981280
vt 0.017665 0.980906
vt 0.006995 0.980849
vt 0.006175 0.980754
vt 0.006575 0.980818
vt 0.016159 0.982933
vt 0.016856 0.981742
vt 0.015895 0.983710
vt 0.017214 0.980966
vt 0.015210 0.985464
vt 0.015178 0.986161
vt 0.005198 0.981077
vt 0.017612 0.980543
vt 0.008413 0.981388
vt 0.015607 0.984243
vt 0.016476 0.982204
vt 0.016801 0.981339
vt 0.016106 0.982633
vt 0.015368 0.984822
vt 0.005609 0.981222
vt 0.016415 0.981808
vt 0.015804 0.983338
vt 0.007926 0.981415
vt 0.017163 0.980600
vt 0.017516 0.980005
vt 0.006042 0.981321
vt 0.016046 0.982275
vt 0.015475 0.983831
vt 0.016761 0.981021
vt 0.007441 0.981426
vt 0.006496 0.981384
vt 0.014821 0.985688
vt 0.015744 0.983022
vt 0.015191 0.984392
vt 0.005011 0.981718
vt 0.014962 0.985004
vt 0.016359 0.981392
vt 0.008444 0.981829
vt 0.006963 0.981417
vt 0.015983 0.981868
vt 0.015394 0.983443
vt 0.017077 0.980115
vt 0.015689 0.982712
vt 0.016706 0.980651
vt 0.005478 0.981809
vt 0.015061 0.983961
vt 0.016319 0.981068
vt 0.007951 0.981858
vt 0.014547 0.985200
vt 0.017389 0.979539
vt 0.015349 0.983109
vt 0.014768 0.984553
vt 0.005961 0.981858
vt 0.015003 0.983550
vt 0.015626 0.982343
vt 0.004909 0.982353
vt 0.007454 0.981875
vt 0.015930 0.981439
vt 0.006456 0.981883
vt 0.008479 0.982247
vt 0.015298 0.982776
vt 0.016620 0.980205
vt 0.014987 0.983189
vt 0.016272 0.980694
vt 0.006954 0.981885
vt 0.005409 0.982386
vt 0.014639 0.984106
vt 0.016943 0.979664
vt 0.014345 0.984725
vt 0.015562 0.981921
vt 0.008530 0.982619
vt 0.015899 0.981104
vt 0.007987 0.982292
vt 0.014570 0.983684
vt 0.004876 0.982966
vt 0.015234 0.982405
vt 0.005926 0.982391
vt 0.014222 0.984265
vt 0.007483 0.982330
vt 0.014941 0.982819
vt 0.014653 0.983254
vt 0.006447 0.982381
vt 0.016204 0.980300
vt 0.005390 0.982924
vt 0.017255 0.979108
vt 0.016502 0.979796
vt 0.008041 0.982681
vt 0.015514 0.981477
vt 0.015868 0.980721
vt 0.008618 0.982995
vt 0.006967 0.982359
vt 0.015158 0.981968
vt 0.014179 0.983849
vt 0.014641 0.982851
vt 0.014859 0.982461
vt 0.005365 0.983444
vt 0.004881 0.983547
vt 0.014399 0.983507
vt 0.007524 0.982731
vt 0.005929 0.982874
vt 0.014180 0.983696
vt 0.014471 0.983231
vt 0.015503 0.981129
vt 0.008705 0.983321
vt 0.016785 0.979236
vt 0.015840 0.980382
vt 0.006468 0.982826
vt 0.008110 0.983058
vt 0.016103 0.979937
vt 0.004530 0.984872
vt 0.004570 0.984572
vt 0.004682 0.984583
vt 0.005381 0.983919
vt 0.004879 0.984061
vt 0.014468 0.982872
vt 0.004861 0.984272
vt 0.004848 0.984426
vt 0.004848 0.984426
vt 0.004682 0.984583
vt 0.015105 0.981509
vt 0.004638 0.984879
vt 0.005945 0.983339
vt 0.017136 0.978672
vt 0.004655 0.985215
vt 0.004638 0.984879
vt 0.014769 0.982015
vt 0.007000 0.982778
vt 0.014468 0.982491
vt 0.005156 0.984211
vt 0.005066 0.984335
vt 0.004747 0.985159
vt 0.015514 0.980730
vt 0.005066 0.984335
vt 0.007589 0.983115
vt 0.004869 0.985380
vt 0.004747 0.985159
vt 0.009421 0.989376
vt 0.006506 0.983256
vt 0.016346 0.979397
vt 0.014366 0.982639
vt 0.008167 0.983403
vt 0.015778 0.980074
vt 0.015132 0.981139
vt 0.005246 0.984417
vt 0.007050 0.983184
vt 0.005998 0.983754
vt 0.004913 0.985281
vt 0.005377 0.984362
vt 0.005246 0.984417
vt 0.008743 0.983738
vt 0.014212 0.982442
vt 0.016623 0.978809
vt 0.014426 0.982062
vt 0.014681 0.981580
vt 0.015540 0.980420
vt 0.004913 0.985281
vt 0.005103 0.985396
vt 0.005615 0.984254
vt 0.005361 0.984594
vt 0.005121 0.985508
vt 0.005087 0.985301
vt 0.007653 0.983457
vt 0.009444 0.988903
vt 0.014797 0.981205
vt 0.015188 0.980718
vt 0.015949 0.979588
vt 0.006564 0.983634
vt 0.005501 0.984594
vt 0.005361 0.984594
vt 0.008818 0.989292
vt 0.005087 0.985301
vt 0.005301 0.985306
vt 0.005357 0.985415
vt 0.007108 0.983539
vt 0.005429 0.984867
vt 0.015570 0.980179
vt 0.008178 0.983667
vt 0.008659 0.983789
vt 0.005250 0.985229
vt 0.014179 0.982088
vt 0.006103 0.984090
vt 0.005745 0.984586
vt 0.005543 0.984879
vt 0.005429 0.984867
vt 0.005278 0.985877
vt 0.005390 0.985080
vt 0.008598 0.983882
vt 0.014329 0.981737
vt 0.016158 0.978996
vt 0.005390 0.985080
vt 0.005480 0.985142
vt 0.015266 0.980354
vt 0.014884 0.980736
vt 0.015626 0.979805
vt 0.005312 0.987229
vt 0.005220 0.987384
vt 0.005068 0.986966
vt 0.005221 0.986823
vt 0.005239 0.986414
vt 0.005573 0.985250
vt 0.005758 0.985011
vt 0.005499 0.985746
vt 0.008174 0.983934
vt 0.007676 0.983743
vt 0.005509 0.986646
vt 0.005484 0.986788
vt 0.005350 0.986760
vt 0.008911 0.988835
vt 0.005505 0.986920
vt 0.005252 0.986740
vt 0.005414 0.987012
vt 0.005398 0.986544
vt 0.008545 0.984017
vt 0.015404 0.980041
vt 0.005346 0.987128
vt 0.006641 0.983948
vt 0.007157 0.983838
vt 0.005491 0.987489
vt 0.006210 0.984431
vt 0.005568 0.986854
vt 0.005351 0.986480
vt 0.005420 0.986188
vt 0.005327 0.986437
vt 0.005574 0.986527
vt 0.005619 0.986755
vt 0.005491 0.987122
vt 0.005733 0.985625
vt 0.005677 0.987812
vt 0.008242 0.989130
vt 0.005549 0.986991
vt 0.005481 0.987326
vt 0.005496 0.986366
vt 0.009453 0.988400
vt 0.008826 0.984704
vt 0.015747 0.979239
vt 0.005624 0.986042
vt 0.005615 0.986908
vt 0.005680 0.986651
vt 0.005481 0.986300
vt 0.005587 0.987205
vt 0.005608 0.987052
vt 0.005668 0.986447
vt 0.006725 0.984278
vt 0.006333 0.984836
vt 0.005639 0.987449
vt 0.005746 0.987709
vt 0.008207 0.984280
vt 0.005675 0.986812
vt 0.008529 0.984153
vt 0.005634 0.986297
vt 0.005477 0.986256
vt 0.014977 0.980192
vt 0.007703 0.984035
vt 0.006076 0.985452
vt 0.005665 0.986967
vt 0.015179 0.979826
vt 0.008802 0.984405
vt 0.005639 0.986198
vt 0.005748 0.986563
vt 0.007215 0.984150
vt 0.008564 0.984255
vt 0.005659 0.986145
vt 0.005739 0.986710
vt 0.005705 0.987129
vt 0.008707 0.984392
vt 0.005881 0.985944
vt 0.005776 0.986408
vt 0.015411 0.979530
vt 0.005740 0.986878
vt 0.005745 0.987256
vt 0.008945 0.985050
vt 0.008394 0.988702
vt 0.006277 0.987920
vt 0.005793 0.986270
vt 0.007697 0.988909
vt 0.005773 0.987081
vt 0.005969 0.987593
vt 0.006323 0.988129
vt 0.005858 0.986153
vt 0.008624 0.984334
vt 0.008314 0.984652
vt 0.005818 0.986493
vt 0.005800 0.986617
vt 0.005811 0.986778
vt 0.006831 0.984661
vt 0.005957 0.986105
vt 0.005838 0.987426
vt 0.008994 0.988359
vt 0.005860 0.987004
vt 0.007765 0.984392
vt 0.005872 0.986421
vt 0.005867 0.986677
vt 0.005871 0.987218
vt 0.007299 0.984519
vt 0.006262 0.987759
vt 0.005963 0.986305
vt 0.009421 0.987858
vt 0.005860 0.986538
vt 0.005938 0.986906
vt 0.007892 0.988538
vt 0.007196 0.988656
vt 0.006085 0.986213
vt 0.006513 0.985242
vt 0.006778 0.988411
vt 0.006808 0.988045
vt 0.005981 0.987361
vt 0.006221 0.986185
vt 0.006650 0.987906
vt 0.009063 0.985671
vt 0.006338 0.985877
vt 0.005979 0.987136
vt 0.007068 0.988189
vt 0.005913 0.986583
vt 0.005996 0.986794
vt 0.007860 0.984761
vt 0.005923 0.986449
vt 0.008476 0.985169
vt 0.006959 0.985054
vt 0.006109 0.987490
vt 0.006032 0.986674
vt 0.006067 0.987025
vt 0.006302 0.987625
vt 0.005971 0.986490
vt 0.007405 0.988337
vt 0.006031 0.986350
vt 0.006530 0.987777
vt 0.008510 0.988266
vt 0.007405 0.984895
vt 0.006096 0.987258
vt 0.009358 0.987297
vt 0.006055 0.986572
vt 0.006166 0.986278
vt 0.006136 0.986887
vt 0.006086 0.986404
vt 0.006466 0.987676
vt 0.006190 0.987128
vt 0.006222 0.987369
vt 0.009008 0.987852
vt 0.006176 0.986725
vt 0.006450 0.986351
vt 0.009179 0.986285
vt 0.006589 0.986190
vt 0.006240 0.986358
vt 0.006743 0.985716
vt 0.008017 0.985289
vt 0.006384 0.987477
vt 0.006166 0.986555
vt 0.006316 0.987222
vt 0.006265 0.986965
vt 0.007046 0.987815
vt 0.009272 0.986752
vt 0.006706 0.987620
vt 0.007563 0.988017
vt 0.008624 0.985739
vt 0.007266 0.987910
vt 0.008024 0.988150
vt 0.007148 0.985562
vt 0.006550 0.987553
vt 0.006310 0.986775
vt 0.006310 0.986564
vt 0.006389 0.987045
vt 0.006460 0.987309
vt 0.007573 0.985419
vt 0.006859 0.987690
vt 0.008964 0.987336
vt 0.006627 0.986535
vt 0.006458 0.986621
vt 0.006437 0.986845
vt 0.006517 0.987126
vt 0.006614 0.987377
vt 0.008543 0.987811
vt 0.006846 0.986524
vt 0.006941 0.986105
vt 0.006775 0.987423
vt 0.006647 0.987190
vt 0.006555 0.986941
vt 0.006595 0.986750
vt 0.008082 0.987753
vt 0.006941 0.987465
vt 0.008771 0.986349
vt 0.008178 0.985840
vt 0.007139 0.987530
vt 0.006820 0.986863
vt 0.006646 0.987034
vt 0.008882 0.986833
vt 0.007360 0.987595
vt 0.006784 0.987196
vt 0.006722 0.986960
vt 0.007644 0.987670
vt 0.008516 0.987349
vt 0.007022 0.986864
vt 0.006942 0.987178
vt 0.007746 0.985934
vt 0.007331 0.986021
vt 0.007145 0.986513
vt 0.007133 0.987203
vt 0.007360 0.987243
vt 0.008337 0.986413
vt 0.008076 0.987335
vt 0.007274 0.986876
vt 0.007647 0.987291
vt 0.008444 0.986879
vt 0.007504 0.986494
vt 0.007606 0.986898
vt 0.007906 0.986462
vt 0.008012 0.986900
vn 0.000000 0.038277 -0.999267
vn 0.498251 0.504676 -0.705017
vn 0.000001 0.777979 -0.628290
vn 0.108327 -0.103144 -0.988750
vn 0.614830 -0.142114 -0.775750
vn -0.000000 0.000630 -1.000000
vn 0.214422 -0.308120 -0.926869
vn 0.077575 -0.047170 -0.995870
vn 0.224051 -0.132642 -0.965509
vn 0.305110 -0.336418 -0.890916
vn -0.000000 -0.599505 -0.800371
vn 0.139647 -0.663763 -0.734791
vn -0.000000 -0.692304 -0.721606
vn 0.176619 -0.496971 -0.849603
vn 0.285386 -0.665974 -0.689227
vn 0.351189 -0.599754 -0.719000
vn -0.000000 -0.809737 -0.586793
vn 0.296867 -0.483758 -0.823315
vn -0.000000 -0.824521 -0.565831
vn 0.000000 -0.678422 -0.734672
vn 0.724871 -0.449532 -0.522000
vn -0.000000 -0.550753 -0.834668
vn -0.000000 -0.442313 -0.896861
vn 0.753884 -0.321387 -0.573036
vn 0.759919 -0.506977 -0.406814
vn 0.000000 -0.896883 -0.442268
vn 0.000000 -0.343106 -0.939297
vn 0.753782 -0.218939 -0.619579
vn 0.703220 -0.176267 -0.688775
vn 0.000000 -0.189747 -0.981833
vn 0.728274 -0.586723 -0.354081
vn 0.981159 0.190819 -0.030265
vn 0.981577 0.189581 -0.023778
vn 0.678280 -0.072832 -0.731185
vn 0.000000 -0.042744 -0.999086
vn 0.987085 0.126804 -0.097895
vn 0.980070 0.194892 -0.038458
vn 0.980090 0.195981 -0.031856
vn 0.600900 0.054676 -0.797452
vn 0.979306 0.178883 -0.094656
vn 0.596223 0.591896 0.542381
vn 0.641264 0.512963 0.570658
vn -0.000000 0.527092 -0.849808
vn -0.000000 0.720843 0.693098
vn -0.000000 0.632148 0.774848
vn 0.000000 0.800939 0.598747
vn 0.587778 0.662584 0.464219
vn 0.641133 0.490807 0.589963
vn 0.929894 0.318068 -0.184742
vn -0.000000 0.584662 0.811277
vn 0.960083 0.266479 -0.085030
vn 0.000000 0.870529 0.492118
vn 0.588876 0.717322 0.372389
vn 0.642173 0.564903 0.518168
vn -0.000000 0.914802 0.403902
vn 0.000000 0.610449 0.792056
vn 0.557679 0.764850 0.322489
vn -0.000000 0.905838 0.423623
vn 0.000000 0.920434 0.390898
vn 0.568989 0.772426 0.282151
vn 0.000000 0.941360 0.337405
vn 0.576737 0.809285 0.111500
vn 0.000000 -0.805932 -0.592009
vn 0.142576 -0.817742 -0.557648
vn 0.000000 -0.916706 -0.399563
vn 0.125485 -0.912743 -0.388785
vn 0.000000 -0.965261 -0.261289
vn 0.102810 -0.959632 -0.261794
vn 0.000000 -0.987138 -0.159869
vn 0.260164 -0.810172 -0.525296
vn 0.082839 -0.983541 -0.160573
vn 0.235997 -0.897863 -0.371683
vn 0.074108 -0.994109 -0.079089
vn 0.000000 -0.996978 -0.077691
vn 0.205277 -0.943534 -0.260011
vn 0.071783 0.072597 -0.994775
vn -0.000000 0.059582 -0.998223
vn 0.166044 -0.973753 -0.155678
vn 0.399676 -0.667335 -0.628429
vn 0.351867 -0.801113 -0.484157
vn 0.076218 -0.997087 0.002809
vn 0.000000 -1.000000 -0.000149
vn 0.339707 -0.880211 -0.331402
vn 0.147860 -0.986212 -0.074323
vn 0.224931 -0.961086 -0.160373
vn -0.000000 0.094249 -0.995549
vn -0.000000 -0.995554 0.094191
vn 0.427887 -0.512552 -0.744448
vn 0.308048 -0.916299 -0.255934
vn 0.149664 -0.988707 0.007680
vn 0.182222 -0.980116 -0.078529
vn 0.199282 0.054814 -0.978408
vn 0.085931 -0.991511 0.097581
vn 0.449953 -0.788057 -0.420129
vn 0.498661 -0.669923 -0.550036
vn 0.356861 -0.146284 -0.922633
vn 0.084332 0.120334 -0.989145
vn 0.444374 -0.351553 -0.823980
vn 0.179659 -0.934181 -0.308268
vn 0.180781 -0.983367 0.017559
vn 0.465897 -0.831122 -0.303604
vn 0.057529 -0.987040 -0.149808
vn 0.095076 -0.976274 0.194548
vn 0.000000 -0.980487 0.196584
vn -0.000000 0.061094 -0.998132
vn 0.163229 -0.981759 0.097495
vn 0.394828 -0.865545 -0.308127
vn -0.378827 -0.873928 -0.304531
vn -0.194248 -0.786928 -0.585673
vn 0.550371 -0.533106 -0.642565
vn 0.100017 -0.992719 0.067123
vn -0.229786 -0.968030 0.100578
vn 0.578442 -0.703429 -0.413028
vn 0.268294 -0.750638 -0.603789
vn 0.177736 -0.964446 0.195587
vn 0.097725 0.087989 -0.991316
vn 0.222765 -0.969085 0.106069
vn 0.335264 0.003041 -0.942119
vn 0.173085 0.106272 -0.979157
vn 0.485570 -0.181534 -0.855142
vn 0.117578 -0.917582 0.379762
vn 0.637502 -0.477396 -0.604719
vn 0.000000 -0.920509 0.390721
vn 0.164360 -0.972756 0.163499
vn 0.546529 -0.803235 -0.236896
vn 0.601146 -0.371302 -0.707643
vn 0.553312 -0.755646 -0.350491
vn 0.285137 -0.942680 0.173352
vn 0.668188 -0.538596 -0.513263
vn 0.277414 -0.940237 0.197472
vn 0.113439 -0.000690 -0.993545
vn 0.000000 0.007424 -0.999972
vn 0.645387 -0.704512 -0.295193
vn 0.678652 -0.694702 -0.238372
vn 0.851127 -0.262446 -0.454648
vn 0.163468 0.087471 -0.982663
vn 0.291477 -0.915515 0.277260
vn 0.310933 0.074106 -0.947539
vn 0.236863 -0.902623 0.359400
vn 0.104855 -0.056857 -0.992861
vn 0.000000 -0.020278 -0.999794
vn 0.494216 -0.041485 -0.868349
vn 0.623537 -0.769066 -0.140497
vn 0.978835 -0.187212 -0.082667
vn 0.738024 -0.375929 -0.560355
vn 0.336928 -0.915854 0.218385
vn 0.644620 -0.204474 -0.736651
vn 0.734995 -0.676916 -0.039583
vn 0.336821 -0.885409 0.320315
vn 0.143948 -0.788863 0.597473
vn 0.171842 0.022547 -0.984867
vn 0.447417 -0.811884 0.375050
vn 0.764110 -0.537222 -0.357110
vn 0.937086 -0.253708 0.239796
vn -0.000000 -0.096001 -0.995381
vn 0.104861 -0.089266 -0.990472
vn 0.653055 -0.755855 -0.046919
vn 0.705012 -0.702406 0.097897
vn 0.446862 -0.869239 0.211512
vn 0.712191 -0.682798 -0.163006
vn 0.786970 -0.410860 0.460296
vn 0.539907 -0.813739 0.215242
vn 0.590036 -0.611821 0.526814
vn -0.000000 -0.788772 0.614686
vn 0.634631 -0.753742 0.170636
vn 0.297427 0.078475 -0.951514
vn 0.276818 -0.783012 0.557014
vn 0.646411 -0.762015 0.038562
vn 0.191624 -0.039086 -0.980690
vn 0.409250 -0.862867 0.296607
vn 0.484069 0.038566 -0.874180
vn 0.782415 -0.218798 -0.583055
vn 0.115469 -0.059437 -0.991531
vn 0.000000 -0.062692 -0.998033
vn 0.659954 -0.073593 -0.747693
vn 0.839345 -0.375036 -0.393508
vn 0.565631 -0.805624 0.176156
vn 0.615588 -0.780253 0.110709
vn 0.302733 0.044195 -0.952050
vn 0.737441 -0.673062 -0.056285
vn 0.823307 -0.534032 -0.192288
vn 0.497963 -0.832835 0.241699
vn 0.211173 -0.063813 -0.975364
vn 0.396490 -0.774037 0.493622
vn 0.123137 0.006635 -0.992368
vn 0.000000 0.004995 -0.999988
vn 0.473936 0.064668 -0.878182
vn 0.323231 0.000011 -0.946320
vn -0.000000 -0.590600 0.806965
vn 0.494469 -0.751644 0.436498
vn 0.801161 -0.094738 -0.590902
vn 0.736965 -0.674483 0.044219
vn 0.235652 -0.037018 -0.971132
vn 0.659637 0.010292 -0.751514
vn 0.844800 -0.531439 -0.062333
vn 0.884545 -0.226111 -0.407987
vn 0.583236 -0.732497 0.351119
vn 0.898922 -0.379308 -0.219237
vn 0.474801 0.057426 -0.878218
vn 0.712945 -0.687367 0.138696
vn 0.000000 0.085838 -0.996309
vn 0.662520 -0.709929 0.238888
vn 0.350111 -0.027585 -0.936302
vn 0.151565 -0.595711 0.788769
vn 0.124658 0.091390 -0.987982
vn 0.486121 0.033628 -0.873244
vn 0.654571 0.049008 -0.754410
vn -0.000000 0.224556 -0.974461
vn 0.260503 0.022688 -0.965207
vn 0.843245 -0.534432 0.057618
vn 0.920332 -0.385329 -0.067155
vn 0.903298 -0.108581 -0.415045
vn 0.448540 -0.588707 0.672486
vn 0.804255 -0.009710 -0.594205
vn 0.944111 -0.232526 -0.233636
vn 0.652363 0.057811 -0.755698
vn 0.383128 0.002841 -0.923691
vn 0.307641 -0.597367 0.740615
vn 0.509366 0.016636 -0.860389
vn 0.821085 -0.542404 0.177814
vn 0.273190 0.100859 -0.956658
vn 0.123875 0.222107 -0.967121
vn 0.568111 -0.577000 0.586789
vn -0.000000 -0.401271 0.915959
vn 0.769159 -0.549320 0.326562
vn 0.678291 -0.562163 0.473175
vn -0.000000 0.374762 -0.927121
vn 0.654563 0.049327 -0.754396
vn 0.410155 0.046364 -0.910837
vn 0.803789 0.038424 -0.593673
vn 0.273289 0.232528 -0.933404
vn 0.969202 -0.236032 -0.070256
vn 0.918331 -0.388848 0.073928
vn 0.111041 0.374148 -0.920697
vn 0.151253 -0.412762 0.898193
vn 0.910717 -0.018197 -0.412630
vn 0.532601 0.038587 -0.845487
vn 0.425104 0.118168 -0.897398
vn 0.661993 0.045755 -0.748112
vn 0.965735 -0.111904 -0.234164
vn 0.893637 -0.388424 0.224811
vn 0.553098 0.071388 -0.830052
vn 0.804232 0.057922 -0.591486
vn 0.325900 -0.422836 0.845576
vn 0.268998 0.371447 -0.888632
vn 0.000000 -0.275234 0.961377
vn 0.122857 0.513190 -0.849437
vn 0.834483 -0.390999 0.388275
vn 0.675158 0.059603 -0.735261
vn 0.912836 0.040393 -0.406324
vn 0.425516 0.240276 -0.872470
vn 0.475503 -0.426557 0.769380
vn 0.000000 0.508624 -0.860989
vn 0.739496 -0.406066 0.536895
vn 0.968017 -0.234983 0.087894
vn 0.805102 0.058967 -0.590198
vn 0.975218 -0.011890 -0.220928
vn 0.992797 -0.103456 -0.060432
vn 0.569444 0.134269 -0.810991
vn 0.146413 -0.276294 0.949855
vn 0.614833 -0.421938 0.666295
vn 0.689396 0.091423 -0.718592
vn 0.910381 0.065476 -0.408557
vn 0.258377 0.507107 -0.822243
vn 0.808851 0.058461 -0.585100
vn 0.412668 0.361125 -0.836238
vn 0.938737 -0.238346 0.248925
vn -0.000000 -0.180604 0.983556
vn 0.975393 0.046313 -0.215556
vn 0.567328 0.239401 -0.787925
vn 0.330779 -0.286640 0.899123
vn 0.990235 -0.097947 0.099201
vn 0.133492 0.653269 -0.745265
vn 0.907968 0.067939 -0.413496
vn 0.998744 -0.004274 -0.049919
vn 0.874741 -0.253402 0.413056
vn 0.970918 0.070295 -0.228862
vn 0.815270 0.069145 -0.574938
vn 0.000000 0.663064 -0.748563
vn 0.492211 -0.291676 0.820154
vn 0.698050 0.145356 -0.701140
vn 0.775531 -0.273459 0.569009
vn 0.144723 -0.173237 0.974189
vn 0.910222 0.065649 -0.408885
vn 0.393488 0.491374 -0.776993
vn 0.963501 0.076398 -0.256573
vn 0.554125 0.339277 -0.760156
vn 0.642042 -0.287820 0.710593
vn 0.961265 -0.106603 0.254178
vn 0.997357 0.045845 -0.056376
vn 0.265051 0.637913 -0.723059
vn 0.994874 -0.004443 0.101021
vn 0.822494 0.095777 -0.560653
vn 0.140827 -0.110004 0.983904
vn -0.000000 -0.122276 0.992496
vn 0.691139 0.235697 -0.683209
vn -0.000000 0.786721 -0.617309
vn 0.326536 -0.191957 0.925487
vn 0.993780 0.064961 -0.090451
vn 0.915462 0.071405 -0.396020
vn 0.899787 -0.130715 0.416289
vn 0.995022 0.042019 0.090363
vn 0.497003 -0.195529 0.845433
vn 0.963025 0.071821 -0.259664
vn 0.984986 0.066687 -0.159237
vn 0.798175 -0.160434 0.580670
vn 0.533568 0.459927 -0.709769
vn 0.968372 -0.011077 0.249266
vn 0.138322 0.782396 -0.607226
vn 0.390592 0.622035 -0.678609
vn 0.318201 -0.114441 0.941090
vn 0.824218 0.142876 -0.547952
vn 0.677510 0.324372 -0.660124
vn 0.000000 -0.043428 0.999057
vn 0.131019 -0.058979 0.989624
vn 0.657853 -0.185228 0.730013
vn 0.920990 0.090664 -0.378891
vn 0.996643 0.046122 0.067643
vn 0.979113 0.075030 -0.188964
vn 0.969628 0.072941 -0.233456
vn 0.970955 0.044479 0.235093
vn 0.995178 0.009543 -0.097621
vn 0.000000 0.907983 -0.419007
vn 0.501353 -0.104694 0.858885
vn 0.912678 -0.034239 0.407243
vn 0.998353 -0.054701 0.017315
vn 0.956282 -0.036763 -0.290127
vn 0.810999 0.226466 -0.539439
vn 0.100267 0.093370 0.990570
vn 0.000000 0.082682 0.996576
vn 0.278248 0.769392 -0.574991
vn 0.655228 0.429035 -0.621776
vn 0.813517 -0.062737 0.578147
vn 0.316784 -0.074553 0.945563
vn 0.522650 0.591633 -0.613847
vn 0.946689 -0.213384 -0.241346
vn 0.971410 0.049037 0.232288
vn 0.939285 0.082685 -0.333026
vn 0.966888 -0.249257 -0.054758
vn 0.919498 0.127049 -0.371997
vn 0.783157 -0.204518 -0.587229
vn 0.920490 0.035241 0.389173
vn 0.137875 0.901391 -0.410469
vn 0.972366 0.083365 -0.218071
vn 0.672154 -0.089453 0.734988
vn 0.986252 0.089946 -0.138624
vn 0.983505 -0.040404 0.176312
vn -0.000000 0.219938 0.975514
vn 0.943592 -0.266575 0.196398
vn 0.806209 0.131190 -0.576902
vn 0.789824 0.310448 -0.528962
vn 0.507958 -0.034694 0.860683
vn 0.945690 0.231354 -0.228355
vn 0.000000 0.976135 -0.217166
vn 0.822758 0.011041 0.568285
vn 0.403062 0.744597 -0.532087
vn -0.000000 0.212643 0.977130
vn 0.297924 0.049671 0.953297
vn 0.630035 0.546818 -0.551404
vn 0.894189 0.210606 -0.395058
vn 0.907607 -0.148279 0.392763
vn 0.679799 -0.013067 0.733282
vn 0.922358 0.063574 0.381069
vn 0.814879 0.411334 -0.408383
vn 0.962952 0.021916 0.268779
vn 0.093315 0.181469 0.978959
vn 0.990706 0.132065 -0.032572
vn 0.266039 0.878978 -0.395754
vn 0.991121 0.075758 -0.109270
vn 0.969916 0.098203 -0.222752
vn 0.758935 0.401994 -0.512268
vn 0.888434 0.442108 -0.123396
vn 0.955360 0.061336 0.289009
vn 0.866736 0.038382 0.497288
vn 0.744119 0.641353 -0.186958
vn 0.518498 0.029258 0.854578
vn 0.105495 0.970416 -0.217171
vn 0.945461 0.160705 -0.283333
vn 0.863540 0.302969 -0.403123
vn 0.527126 0.698955 -0.483322
vn 0.828078 0.056049 0.557803
vn 0.943951 0.087974 0.318148
vn 0.858065 0.482903 0.174728
vn 0.986011 0.137342 0.094440
vn 0.682082 0.043688 0.729970
vn 0.850092 0.203656 0.485662
vn 0.719990 0.498060 -0.483271
vn 0.304762 0.161282 0.938674
vn 0.129939 0.159770 0.978565
vn 0.673261 0.714209 0.191376
vn 0.997281 0.073646 -0.002731
vn 0.911154 0.085816 0.403032
vn 0.947823 0.096200 0.303937
vn 0.948607 0.132472 0.287395
vn -0.000000 0.999956 -0.009413
vn 0.804157 0.437468 0.402436
vn 0.155657 0.111783 0.981466
vn 0.992522 0.059435 -0.106616
vn 0.393209 0.841213 -0.371145
vn 0.937411 0.241711 0.250672
vn 0.833122 0.409638 -0.371623
vn 0.894359 0.296533 -0.334947
vn 0.638080 0.633178 -0.438109
vn 0.785320 -0.042557 -0.617626
vn 0.958627 -0.030915 -0.282982
vn 0.980049 0.106147 0.168041
vn 0.957502 0.095043 0.272319
vn 0.993780 0.076812 0.080625
vn 0.332520 0.168182 0.927979
vn 0.517107 0.093939 0.850750
vn -0.285428 -0.892564 -0.349084
vn -0.630114 -0.534896 -0.562887
vn -0.295170 -0.693734 -0.656969
vn 0.230679 0.949722 -0.211695
vn -0.175545 -0.457825 -0.871539
vn -0.718436 -0.509714 -0.473330
vn -0.464778 -0.427597 -0.775334
vn -0.715900 -0.649765 -0.255524
vn 0.238453 0.099208 0.966073
vn 0.755951 0.530920 -0.382965
vn -0.557325 -0.375835 -0.740362
vn 0.827121 0.088199 0.555060
vn 0.684269 0.086171 0.724120
vn 0.597660 0.092903 -0.796349
vn 0.907622 0.092681 0.409429
vn 0.330729 -0.629709 -0.702912
vn -0.954494 -0.264382 -0.137999
vn 0.997360 0.067728 0.026184
vn 0.974567 0.186598 -0.124099
vn -0.322562 -0.943468 -0.076298
vn 0.395959 -0.840568 -0.369679
vn -0.163987 -0.171734 -0.971399
vn 0.982954 0.074980 0.167867
vn 0.248716 -0.193471 -0.949057
vn -0.342307 -0.148717 -0.927744
vn -0.753694 -0.653709 -0.067897
vn 0.075923 0.997090 -0.006830
vn 0.000000 0.230154 0.973154
vn 0.000000 0.216865 0.976202
vn 0.132094 0.237410 0.962386
vn 0.522354 0.780140 -0.344278
vn 0.000000 0.279521 0.960140
vn 0.990716 0.105948 0.085190
vn 0.766177 -0.223602 -0.602474
vn 0.390899 -0.918935 -0.052505
vn -0.989176 -0.135783 -0.055622
vn 0.211617 0.170373 -0.962388
vn 0.587151 0.099884 -0.803292
vn -0.292074 -0.944105 0.152833
vn 0.824557 0.105816 0.555795
vn 0.910651 0.088330 0.403625
vn 0.028834 0.190100 -0.981341
vn 0.470540 0.359666 -0.805750
vn 0.354117 0.169823 0.919653
vn 0.939870 -0.280258 -0.195191
vn 0.318080 0.075776 0.945031
vn -0.639718 -0.759296 0.119291
vn 0.877834 0.460776 0.130744
vn 0.833817 0.449162 -0.320941
vn 0.507396 0.131322 0.851648
vn 0.955552 0.083020 0.282892
vn 0.913041 0.123713 -0.388654
vn 0.772363 0.562622 -0.294807
vn 0.014416 0.223673 0.974558
vn -0.888356 -0.454072 0.068140
vn 0.393624 -0.899723 0.188570
vn 0.685629 0.115342 0.718755
vn 0.306924 0.171303 0.936191
vn 0.897632 0.424775 0.117574
vn 0.955452 -0.282390 0.085830
vn -0.000000 0.972844 0.231463
vn 0.754779 0.262685 -0.601087
vn 0.189188 0.285695 0.939461
vn 0.978429 0.108824 0.175595
vn -0.197332 -0.900477 0.387560
vn 0.648521 0.690555 -0.320240
vn 0.994856 0.095597 -0.033506
vn 0.585440 0.400405 -0.704937
vn 0.103039 0.289902 0.951494
vn 0.000000 0.301145 0.953578
vn 0.368330 0.908902 -0.195525
vn 0.708314 0.466742 -0.529569
vn -0.449857 -0.796455 0.404090
vn 0.933984 0.290121 -0.208577
vn 0.262168 0.510079 -0.819199
vn -0.643609 -0.660637 0.386427
vn 0.312984 0.219171 0.924124
vn 0.268797 0.232881 0.934620
vn 0.439437 -0.822509 0.361075
vn 0.930677 -0.274084 0.242319
vn 0.984700 0.066616 0.161025
vn 0.818852 0.113854 0.562600
vn 0.935082 -0.076754 0.346022
vn 0.477339 0.448855 -0.755432
vn 0.192720 0.981254 0.000042
vn 0.963166 0.267666 0.025820
vn 0.499916 0.158638 0.851421
vn 0.088158 -0.787721 0.609691
vn 0.972158 0.037599 0.231291
vn 0.864088 0.461144 -0.201736
vn 0.680829 0.137675 0.719386
vn 0.414675 0.565647 -0.712803
vn -0.237863 -0.716331 0.655966
vn 0.065739 0.970001 0.234045
vn 0.885664 -0.302504 0.352264
vn 0.959793 0.227457 0.164504
vn 0.512188 0.839875 -0.179650
vn -0.354610 -0.629820 0.691070
vn 0.898202 0.099414 0.428194
vn 0.778690 0.582605 -0.232838
vn 0.798117 0.548766 -0.248727
vn 0.904773 0.009610 0.425785
vn 0.681508 0.656259 -0.323839
vn 0.112307 0.394081 0.912188
vn 0.950382 0.122029 0.286152
vn 0.907746 0.418901 0.022807
vn 0.749498 0.638322 -0.175492
vn -0.000000 0.389964 0.920830
vn 0.960883 -0.018665 0.276326
vn 0.956917 0.198794 0.211637
vn 0.480463 0.196587 0.854698
vn 0.594231 -0.464659 0.656492
vn 0.274032 0.276574 0.921094
vn 0.802468 0.134296 0.581386
vn 0.734891 0.614829 -0.286217
vn 0.954887 0.173776 0.240815
vn 0.919700 0.360819 0.154795
vn 0.689376 0.666540 -0.283699
vn 0.840775 -0.111127 0.529857
vn 0.648550 0.742209 -0.168845
vn 0.148287 -0.505159 0.850191
vn 0.559370 0.736210 -0.380920
vn 0.344626 0.938708 0.007736
vn 0.664997 0.168977 0.727479
vn 0.860465 0.509450 0.007761
vn -0.000000 0.881996 0.471258
vn 0.070309 0.881052 0.467765
vn 0.903183 0.117235 0.412937
vn -0.100315 -0.439665 0.892542
vn 0.920341 0.318275 0.227320
vn 0.579371 -0.036762 0.814234
vn 0.685769 0.697732 -0.207101
vn 0.879234 0.456728 0.135451
vn 0.817573 0.575822 -0.001859
vn 0.178253 0.954838 0.237718
vn 0.901687 0.297993 0.313305
vn 0.733531 -0.019333 0.679381
vn 0.102066 0.566907 0.817435
vn 0.000000 0.568760 0.822504
vn 0.927602 0.169997 0.332651
vn 0.344642 -0.037857 0.937971
vn 0.886041 0.141254 0.441563
vn 0.455360 0.257774 0.852174
vn 0.791907 0.610618 -0.005364
vn 0.785513 0.192092 0.588278
vn 0.841606 0.527521 0.115848
vn 0.885369 0.401309 0.234676
vn 0.715474 0.695422 -0.066966
vn -0.000000 0.753761 0.657149
vn 0.080427 0.751215 0.655140
vn 0.723797 0.686611 -0.068434
vn 0.648860 0.760898 0.003978
vn 0.258804 0.386745 0.885126
vn 0.720451 0.693461 -0.007892
vn 0.514053 0.857716 0.008505
vn 0.777790 0.181098 0.601870
vn 0.767127 0.641456 0.007058
vn 0.858059 0.347419 0.378200
vn 0.661222 0.174931 0.729510
vn 0.854487 0.463312 0.234932
vn 0.811682 0.573976 0.108274
vn 0.640270 0.222295 0.735282
vn 0.703983 0.702419 -0.104950
vn 0.185483 0.869516 0.457754
vn 0.757295 0.172589 0.629855
vn 0.596824 0.182033 0.781451
vn 0.820993 0.390281 0.416716
vn 0.822969 0.521532 0.225225
vn 0.788119 0.603880 0.119156
vn 0.343663 0.911374 0.226480
vn 0.890158 0.235009 0.390371
vn 0.867149 0.226161 0.443739
vn 0.781764 0.608018 0.138417
vn 0.789902 0.566064 0.235851
vn 0.790308 0.443929 0.422304
vn 0.609302 0.307160 0.731030
vn 0.522585 0.828894 0.199598
vn 0.746540 0.644985 0.163317
vn 0.234249 0.552370 0.800009
vn 0.428053 0.364085 0.827171
vn 0.707370 0.685735 0.171452
vn 0.767548 0.296007 0.568551
vn 0.766569 0.508304 0.392427
vn 0.203266 0.739333 0.641927
vn 0.724199 0.670185 0.162443
vn 0.788563 0.539426 0.295277
vn 0.699611 0.433948 0.567656
vn 0.658275 0.732747 0.172501
vn 0.348101 0.831148 0.433612
vn 0.840706 0.332229 0.427595
vn 0.783310 0.486589 0.386855
vn 0.610286 0.316466 0.726223
vn 0.759539 0.268855 0.592299
vn 0.844244 0.309501 0.437563
vn 0.755720 0.543650 0.365147
vn 0.754733 0.576327 0.313409
vn 0.393561 0.519419 0.758495
vn 0.537271 0.755212 0.375491
vn 0.805362 0.433777 0.404017
vn 0.678437 0.656442 0.329860
vn 0.362439 0.704131 0.610604
vn 0.744288 0.377768 0.550751
vn 0.714736 0.534352 0.451244
vn 0.582789 0.456117 0.672543
vn 0.556274 0.636231 0.534574
vn -0.498251 0.504676 -0.705017
vn -0.108327 -0.103144 -0.988750
vn -0.614830 -0.142114 -0.775750
vn -0.214422 -0.308120 -0.926869
vn -0.077575 -0.047170 -0.995870
vn -0.224051 -0.132642 -0.965509
vn -0.305111 -0.336418 -0.890916
vn -0.139647 -0.663763 -0.734791
vn -0.176619 -0.496971 -0.849603
vn -0.285386 -0.665974 -0.689227
vn -0.351189 -0.599754 -0.719000
vn -0.296867 -0.483759 -0.823315
vn -0.724871 -0.449532 -0.522000
vn -0.753884 -0.321387 -0.573035
vn -0.759919 -0.506977 -0.406813
vn -0.753783 -0.218939 -0.619578
vn -0.703220 -0.176267 -0.688775
vn -0.728274 -0.586723 -0.354081
vn -0.981159 0.190819 -0.030265
vn -0.981577 0.189581 -0.023778
vn -0.678280 -0.072832 -0.731185
vn -0.987085 0.126805 -0.097896
vn -0.980070 0.194892 -0.038458
vn -0.980090 0.195981 -0.031856
vn -0.600900 0.054676 -0.797452
vn -0.979306 0.178884 -0.094655
vn -0.596223 0.591896 0.542380
vn -0.641264 0.512963 0.570657
vn -0.587778 0.662584 0.464218
vn -0.641132 0.490808 0.589964
vn -0.929894 0.318069 -0.184742
vn -0.960083 0.266479 -0.085030
vn -0.588876 0.717322 0.372390
vn -0.642172 0.564904 0.518168
vn -0.557679 0.764849 0.322490
vn -0.568989 0.772426 0.282152
vn -0.576737 0.809285 0.111500
vn -0.142576 -0.817741 -0.557648
vn -0.125485 -0.912743 -0.388785
vn -0.102810 -0.959632 -0.261793
vn -0.260164 -0.810172 -0.525296
vn -0.082839 -0.983541 -0.160573
vn -0.235997 -0.897863 -0.371683
vn -0.074108 -0.994109 -0.079089
vn -0.205277 -0.943534 -0.260011
vn -0.071783 0.072597 -0.994775
vn -0.166044 -0.973753 -0.155678
vn -0.399676 -0.667335 -0.628429
vn -0.351867 -0.801113 -0.484157
vn -0.076218 -0.997087 0.002809
vn -0.339707 -0.880212 -0.331401
vn -0.147860 -0.986212 -0.074323
vn -0.224931 -0.961086 -0.160373
vn -0.427887 -0.512552 -0.744448
vn -0.308048 -0.916300 -0.255933
vn -0.149664 -0.988707 0.007680
vn -0.182222 -0.980116 -0.078529
vn -0.199282 0.054814 -0.978408
vn -0.085931 -0.991511 0.097581
vn -0.449953 -0.788057 -0.420130
vn -0.498661 -0.669923 -0.550036
vn -0.356860 -0.146284 -0.922633
vn -0.084332 0.120334 -0.989145
vn -0.444374 -0.351553 -0.823980
vn -0.179659 -0.934181 -0.308268
vn -0.180781 -0.983367 0.017559
vn -0.465897 -0.831122 -0.303604
vn -0.057529 -0.987040 -0.149807
vn -0.095076 -0.976275 0.194548
vn -0.163229 -0.981759 0.097495
vn -0.394828 -0.865546 -0.308126
vn 0.378827 -0.873928 -0.304531
vn 0.194248 -0.786928 -0.585673
vn -0.550371 -0.533106 -0.642565
vn -0.100017 -0.992719 0.067124
vn 0.229786 -0.968030 0.100579
vn -0.578442 -0.703429 -0.413027
vn -0.268294 -0.750638 -0.603789
vn -0.177736 -0.964446 0.195587
vn -0.097725 0.087989 -0.991316
vn -0.222765 -0.969085 0.106068
vn -0.335264 0.003041 -0.942119
vn -0.173085 0.106272 -0.979157
vn -0.485570 -0.181534 -0.855142
vn -0.117578 -0.917582 0.379762
vn -0.637501 -0.477396 -0.604719
vn -0.164360 -0.972756 0.163499
vn -0.546529 -0.803235 -0.236896
vn -0.601146 -0.371301 -0.707643
vn -0.553312 -0.755646 -0.350491
vn -0.285137 -0.942680 0.173352
vn -0.668188 -0.538596 -0.513263
vn -0.277414 -0.940237 0.197472
vn -0.113439 -0.000690 -0.993545
vn -0.645387 -0.704512 -0.295193
vn -0.678652 -0.694702 -0.238372
vn -0.851127 -0.262445 -0.454649
vn -0.163468 0.087471 -0.982663
vn -0.291478 -0.915516 0.277258
vn -0.310933 0.074106 -0.947539
vn -0.236863 -0.902623 0.359400
vn -0.104854 -0.056857 -0.992861
vn -0.494215 -0.041485 -0.868349
vn -0.623537 -0.769066 -0.140497
vn -0.978835 -0.187211 -0.082667
vn -0.738024 -0.375929 -0.560355
vn -0.336928 -0.915854 0.218385
vn -0.644620 -0.204474 -0.736651
vn -0.734995 -0.676916 -0.039584
vn -0.336821 -0.885409 0.320315
vn -0.143948 -0.788863 0.597474
vn -0.171842 0.022547 -0.984866
vn -0.447417 -0.811884 0.375050
vn -0.764110 -0.537222 -0.357110
vn -0.937087 -0.253707 0.239795
vn -0.104861 -0.089266 -0.990472
vn -0.653055 -0.755855 -0.046919
vn -0.705013 -0.702406 0.097897
vn -0.446862 -0.869239 0.211513
vn -0.712191 -0.682798 -0.163006
vn -0.786970 -0.410860 0.460296
vn -0.539907 -0.813739 0.215243
vn -0.590036 -0.611821 0.526813
vn -0.634631 -0.753742 0.170636
vn -0.297427 0.078475 -0.951514
vn -0.276818 -0.783012 0.557014
vn -0.646411 -0.762015 0.038562
vn -0.191624 -0.039086 -0.980690
vn -0.409250 -0.862867 0.296607
vn -0.484069 0.038566 -0.874179
vn -0.782415 -0.218799 -0.583055
vn -0.115469 -0.059437 -0.991531
vn -0.659954 -0.073593 -0.747693
vn -0.839345 -0.375036 -0.393508
vn -0.565631 -0.805624 0.176157
vn -0.615588 -0.780253 0.110709
vn -0.302733 0.044195 -0.952050
vn -0.737441 -0.673062 -0.056285
vn -0.823307 -0.534032 -0.192288
vn -0.497962 -0.832835 0.241700
vn -0.211173 -0.063813 -0.975364
vn -0.396490 -0.774037 0.493622
vn -0.123137 0.006635 -0.992368
vn -0.473936 0.064668 -0.878182
vn -0.323231 0.000011 -0.946320
vn -0.494470 -0.751644 0.436498
vn -0.801161 -0.094738 -0.590902
vn -0.736965 -0.674483 0.044218
vn -0.235652 -0.037018 -0.971132
vn -0.659637 0.010292 -0.751514
vn -0.844800 -0.531439 -0.062333
vn -0.884545 -0.226111 -0.407988
vn -0.583235 -0.732497 0.351119
vn -0.898922 -0.379308 -0.219236
vn -0.474801 0.057426 -0.878218
vn -0.712945 -0.687367 0.138696
vn -0.662520 -0.709929 0.238888
vn -0.350111 -0.027585 -0.936302
vn -0.151565 -0.595711 0.788769
vn -0.124658 0.091390 -0.987982
vn -0.486121 0.033628 -0.873244
vn -0.654571 0.049008 -0.754410
vn -0.260503 0.022688 -0.965207
vn -0.843245 -0.534432 0.057618
vn -0.920332 -0.385329 -0.067155
vn -0.903298 -0.108581 -0.415045
vn -0.448540 -0.588706 0.672486
vn -0.804255 -0.009710 -0.594205
vn -0.944111 -0.232526 -0.233635
vn -0.652363 0.057811 -0.755698
vn -0.383129 0.002841 -0.923691
vn -0.307641 -0.597367 0.740615
vn -0.509366 0.016636 -0.860389
vn -0.821085 -0.542404 0.177814
vn -0.273190 0.100859 -0.956658
vn -0.123875 0.222108 -0.967121
vn -0.568111 -0.576999 0.586789
vn -0.769159 -0.549319 0.326563
vn -0.678291 -0.562163 0.473175
vn -0.654563 0.049326 -0.754397
vn -0.410155 0.046364 -0.910837
vn -0.803789 0.038423 -0.593673
vn -0.273289 0.232528 -0.933404
vn -0.969202 -0.236032 -0.070256
vn -0.918331 -0.388848 0.073928
vn -0.111041 0.374148 -0.920697
vn -0.151253 -0.412762 0.898193
vn -0.910717 -0.018197 -0.412630
vn -0.532601 0.038586 -0.845487
vn -0.425104 0.118168 -0.897398
vn -0.661993 0.045755 -0.748112
vn -0.965735 -0.111904 -0.234164
vn -0.893637 -0.388424 0.224811
vn -0.553098 0.071388 -0.830052
vn -0.804232 0.057922 -0.591486
vn -0.325900 -0.422836 0.845576
vn -0.268998 0.371447 -0.888632
vn -0.122857 0.513189 -0.849437
vn -0.834483 -0.391000 0.388274
vn -0.675158 0.059603 -0.735261
vn -0.912836 0.040393 -0.406323
vn -0.425516 0.240276 -0.872470
vn -0.475503 -0.426557 0.769380
vn -0.739496 -0.406066 0.536895
vn -0.968017 -0.234983 0.087894
vn -0.805102 0.058967 -0.590199
vn -0.975218 -0.011890 -0.220928
vn -0.992797 -0.103456 -0.060432
vn -0.569443 0.134269 -0.810991
vn -0.146413 -0.276294 0.949855
vn -0.614833 -0.421938 0.666295
vn -0.689397 0.091423 -0.718592
vn -0.910381 0.065476 -0.408557
vn -0.258377 0.507107 -0.822243
vn -0.808851 0.058461 -0.585100
vn -0.412668 0.361125 -0.836238
vn -0.938738 -0.238346 0.248924
vn -0.975393 0.046313 -0.215556
vn -0.567328 0.239401 -0.787925
vn -0.330779 -0.286640 0.899123
vn -0.990235 -0.097948 0.099201
vn -0.133492 0.653268 -0.745265
vn -0.907968 0.067939 -0.413496
vn -0.998744 -0.004274 -0.049919
vn -0.874741 -0.253403 0.413056
vn -0.970918 0.070295 -0.228862
vn -0.815270 0.069145 -0.574938
vn -0.492211 -0.291676 0.820154
vn -0.698050 0.145356 -0.701141
vn -0.775531 -0.273458 0.569010
vn -0.144723 -0.173237 0.974189
vn -0.910222 0.065649 -0.408885
vn -0.393488 0.491374 -0.776994
vn -0.963501 0.076398 -0.256573
vn -0.554125 0.339276 -0.760156
vn -0.642042 -0.287820 0.710593
vn -0.961265 -0.106603 0.254178
vn -0.997357 0.045845 -0.056376
vn -0.265051 0.637913 -0.723059
vn -0.994874 -0.004443 0.101021
vn -0.822494 0.095777 -0.560652
vn -0.140827 -0.110004 0.983904
vn -0.691139 0.235697 -0.683209
vn -0.326536 -0.191957 0.925487
vn -0.993780 0.064961 -0.090451
vn -0.915462 0.071405 -0.396020
vn -0.899787 -0.130715 0.416289
vn -0.995022 0.042019 0.090363
vn -0.497003 -0.195529 0.845433
vn -0.963025 0.071821 -0.259664
vn -0.984986 0.066688 -0.159237
vn -0.798175 -0.160434 0.580670
vn -0.533568 0.459927 -0.709769
vn -0.968372 -0.011077 0.249265
vn -0.138322 0.782396 -0.607227
vn -0.390592 0.622035 -0.678609
vn -0.318201 -0.114441 0.941090
vn -0.824218 0.142876 -0.547952
vn -0.677509 0.324372 -0.660124
vn -0.131019 -0.058979 0.989624
vn -0.657854 -0.185229 0.730013
vn -0.920990 0.090664 -0.378891
vn -0.996643 0.046122 0.067643
vn -0.979113 0.075030 -0.188964
vn -0.969628 0.072941 -0.233456
vn -0.970955 0.044480 0.235093
vn -0.995178 0.009543 -0.097621
vn -0.501353 -0.104694 0.858885
vn -0.912678 -0.034239 0.407243
vn -0.998353 -0.054701 0.017315
vn -0.956282 -0.036762 -0.290127
vn -0.810999 0.226465 -0.539439
vn -0.100267 0.093370 0.990570
vn -0.278248 0.769391 -0.574991
vn -0.655228 0.429035 -0.621776
vn -0.813518 -0.062737 0.578146
vn -0.316784 -0.074553 0.945563
vn -0.522650 0.591632 -0.613847
vn -0.946689 -0.213384 -0.241345
vn -0.971410 0.049037 0.232288
vn -0.939285 0.082686 -0.333026
vn -0.966888 -0.249257 -0.054758
vn -0.919498 0.127049 -0.371997
vn -0.783157 -0.204517 -0.587229
vn -0.920490 0.035241 0.389173
vn -0.137875 0.901391 -0.410469
vn -0.972366 0.083365 -0.218071
vn -0.672154 -0.089453 0.734988
vn -0.986252 0.089946 -0.138624
vn -0.983505 -0.040404 0.176312
vn -0.943592 -0.266576 0.196398
vn -0.806209 0.131190 -0.576903
vn -0.789823 0.310447 -0.528963
vn -0.507958 -0.034694 0.860683
vn -0.945690 0.231354 -0.228354
vn -0.822758 0.011041 0.568285
vn -0.403062 0.744597 -0.532087
vn -0.297924 0.049671 0.953296
vn -0.630035 0.546818 -0.551404
vn -0.894189 0.210606 -0.395058
vn -0.907607 -0.148279 0.392763
vn -0.679799 -0.013067 0.733282
vn -0.922358 0.063574 0.381069
vn -0.814879 0.411335 -0.408382
vn -0.962952 0.021916 0.268779
vn -0.093315 0.181469 0.978959
vn -0.990706 0.132066 -0.032572
vn -0.266039 0.878978 -0.395754
vn -0.991121 0.075758 -0.109270
vn -0.969916 0.098203 -0.222752
vn -0.758935 0.401994 -0.512268
vn -0.888433 0.442109 -0.123395
vn -0.955360 0.061336 0.289009
vn -0.866736 0.038381 0.497288
vn -0.744120 0.641353 -0.186956
vn -0.518497 0.029258 0.854578
vn -0.105495 0.970416 -0.217171
vn -0.945461 0.160705 -0.283333
vn -0.863540 0.302969 -0.403123
vn -0.527126 0.698955 -0.483323
vn -0.828078 0.056049 0.557804
vn -0.943951 0.087973 0.318148
vn -0.858065 0.482903 0.174727
vn -0.986011 0.137342 0.094440
vn -0.682081 0.043688 0.729970
vn -0.850092 0.203657 0.485662
vn -0.719990 0.498060 -0.483271
vn -0.304761 0.161283 0.938674
vn -0.129940 0.159770 0.978565
vn -0.673261 0.714210 0.191372
vn -0.997281 0.073646 -0.002731
vn -0.911154 0.085816 0.403032
vn -0.947823 0.096200 0.303937
vn -0.948607 0.132472 0.287395
vn -0.804157 0.437468 0.402436
vn -0.155658 0.111783 0.981466
vn -0.992522 0.059435 -0.106616
vn -0.393209 0.841213 -0.371145
vn -0.937411 0.241710 0.250673
vn -0.833122 0.409639 -0.371623
vn -0.894359 0.296533 -0.334948
vn -0.638079 0.633178 -0.438110
vn -0.785320 -0.042557 -0.617626
vn -0.958627 -0.030916 -0.282982
vn -0.980048 0.106147 0.168041
vn -0.957501 0.095043 0.272319
vn -0.993780 0.076812 0.080625
vn -0.332520 0.168182 0.927979
vn -0.517107 0.093939 0.850750
vn 0.285428 -0.892564 -0.349085
vn 0.295170 -0.693734 -0.656969
vn 0.630114 -0.534897 -0.562887
vn -0.230679 0.949722 -0.211695
vn 0.175545 -0.457826 -0.871538
vn 0.718435 -0.509716 -0.473330
vn 0.464778 -0.427597 -0.775334
vn 0.715900 -0.649765 -0.255524
vn -0.238453 0.099207 0.966074
vn -0.755951 0.530920 -0.382966
vn 0.557325 -0.375834 -0.740363
vn -0.827121 0.088199 0.555060
vn -0.684269 0.086171 0.724120
vn -0.597660 0.092903 -0.796349
vn -0.907622 0.092681 0.409429
vn -0.330729 -0.629709 -0.702911
vn 0.954494 -0.264382 -0.137999
vn -0.997360 0.067729 0.026184
vn -0.974567 0.186600 -0.124098
vn 0.322562 -0.943468 -0.076298
vn -0.395959 -0.840567 -0.369679
vn 0.163986 -0.171733 -0.971399
vn -0.982954 0.074979 0.167867
vn -0.248717 -0.193472 -0.949057
vn 0.342307 -0.148717 -0.927744
vn 0.753694 -0.653709 -0.067898
vn -0.075923 0.997090 -0.006830
vn -0.132094 0.237410 0.962386
vn -0.522354 0.780140 -0.344278
vn -0.990716 0.105948 0.085190
vn -0.766177 -0.223603 -0.602474
vn -0.390899 -0.918935 -0.052506
vn 0.989176 -0.135783 -0.055624
vn -0.211616 0.170373 -0.962389
vn -0.587151 0.099885 -0.803291
vn 0.292074 -0.944105 0.152833
vn -0.824557 0.105815 0.555795
vn -0.910651 0.088330 0.403624
vn -0.028835 0.190100 -0.981341
vn -0.470540 0.359666 -0.805750
vn -0.354117 0.169823 0.919653
vn -0.939870 -0.280258 -0.195190
vn -0.318080 0.075776 0.945031
vn 0.639718 -0.759296 0.119292
vn -0.877834 0.460775 0.130742
vn -0.833817 0.449162 -0.320941
vn -0.507396 0.131322 0.851648
vn -0.955552 0.083020 0.282892
vn -0.913041 0.123712 -0.388654
vn -0.772363 0.562622 -0.294807
vn -0.014415 0.223673 0.974558
vn 0.888355 -0.454073 0.068140
vn -0.393624 -0.899723 0.188569
vn -0.685629 0.115342 0.718756
vn -0.306923 0.171304 0.936191
vn -0.897631 0.424776 0.117574
vn -0.955452 -0.282390 0.085830
vn -0.754778 0.262686 -0.601088
vn -0.189188 0.285695 0.939461
vn -0.978429 0.108824 0.175595
vn 0.197332 -0.900476 0.387560
vn -0.648521 0.690555 -0.320241
vn -0.994856 0.095597 -0.033505
vn -0.585439 0.400405 -0.704938
vn -0.103039 0.289902 0.951494
vn -0.368330 0.908902 -0.195525
vn -0.708314 0.466742 -0.529569
vn 0.449856 -0.796454 0.404092
vn -0.933984 0.290122 -0.208576
vn -0.262168 0.510080 -0.819198
vn 0.643609 -0.660638 0.386426
vn -0.268798 0.232881 0.934620
vn -0.312984 0.219172 0.924124
vn -0.439437 -0.822509 0.361073
vn -0.930677 -0.274084 0.242319
vn -0.984700 0.066616 0.161025
vn -0.818852 0.113854 0.562600
vn -0.935081 -0.076755 0.346023
vn -0.477340 0.448855 -0.755431
vn -0.192720 0.981254 0.000042
vn -0.963166 0.267666 0.025820
vn -0.499916 0.158638 0.851421
vn -0.088158 -0.787721 0.609692
vn -0.972158 0.037599 0.231291
vn -0.864088 0.461144 -0.201737
vn -0.680829 0.137675 0.719386
vn -0.414674 0.565647 -0.712803
vn 0.237863 -0.716331 0.655966
vn -0.065739 0.970001 0.234045
vn -0.885665 -0.302505 0.352263
vn -0.959793 0.227457 0.164504
vn -0.512188 0.839875 -0.179651
vn 0.354611 -0.629822 0.691068
vn -0.898202 0.099413 0.428194
vn -0.778690 0.582605 -0.232838
vn -0.798118 0.548766 -0.248724
vn -0.904773 0.009610 0.425786
vn -0.681508 0.656259 -0.323839
vn -0.112307 0.394081 0.912188
vn -0.950382 0.122029 0.286152
vn -0.907746 0.418900 0.022807
vn -0.749498 0.638322 -0.175491
vn -0.960883 -0.018665 0.276325
vn -0.956917 0.198794 0.211636
vn -0.480464 0.196587 0.854698
vn -0.594231 -0.464659 0.656492
vn -0.274032 0.276573 0.921094
vn -0.802468 0.134296 0.581386
vn -0.734892 0.614829 -0.286215
vn -0.954888 0.173776 0.240815
vn -0.919700 0.360818 0.154794
vn -0.689376 0.666540 -0.283700
vn -0.840775 -0.111127 0.529857
vn -0.648550 0.742209 -0.168846
vn -0.148288 -0.505160 0.850191
vn -0.559370 0.736210 -0.380920
vn -0.344626 0.938708 0.007737
vn -0.664997 0.168977 0.727479
vn -0.860465 0.509450 0.007762
vn -0.070309 0.881052 0.467765
vn -0.903183 0.117235 0.412937
vn 0.100314 -0.439666 0.892542
vn -0.920341 0.318275 0.227319
vn -0.579372 -0.036762 0.814233
vn -0.685769 0.697732 -0.207101
vn -0.879234 0.456728 0.135451
vn -0.817573 0.575822 -0.001859
vn -0.178253 0.954838 0.237718
vn -0.901688 0.297993 0.313305
vn -0.733530 -0.019333 0.679382
vn -0.102066 0.566907 0.817435
vn -0.927601 0.169997 0.332651
vn -0.344644 -0.037856 0.937970
vn -0.886041 0.141254 0.441563
vn -0.455360 0.257773 0.852174
vn -0.791907 0.610618 -0.005364
vn -0.785513 0.192092 0.588277
vn -0.841606 0.527521 0.115848
vn -0.885369 0.401309 0.234675
vn -0.715474 0.695423 -0.066966
vn -0.080427 0.751215 0.655140
vn -0.723797 0.686611 -0.068434
vn -0.648860 0.760898 0.003977
vn -0.258804 0.386745 0.885126
vn -0.720451 0.693461 -0.007891
vn -0.514053 0.857717 0.008504
vn -0.777789 0.181098 0.601870
vn -0.767127 0.641457 0.007058
vn -0.858059 0.347419 0.378199
vn -0.661222 0.174931 0.729510
vn -0.854487 0.463313 0.234932
vn -0.811682 0.573977 0.108275
vn -0.640270 0.222295 0.735282
vn -0.703983 0.702419 -0.104950
vn -0.185483 0.869516 0.457754
vn -0.757295 0.172589 0.629854
vn -0.596824 0.182033 0.781451
vn -0.820993 0.390281 0.416715
vn -0.822969 0.521532 0.225225
vn -0.788119 0.603880 0.119155
vn -0.343663 0.911374 0.226480
vn -0.890158 0.235010 0.390371
vn -0.867149 0.226161 0.443739
vn -0.781765 0.608018 0.138415
vn -0.789902 0.566065 0.235851
vn -0.790308 0.443929 0.422303
vn -0.609302 0.307161 0.731029
vn -0.522585 0.828894 0.199598
vn -0.746540 0.644985 0.163316
vn -0.234249 0.552370 0.800009
vn -0.428053 0.364085 0.827172
vn -0.707370 0.685734 0.171452
vn -0.767547 0.296007 0.568552
vn -0.766569 0.508303 0.392428
vn -0.203266 0.739333 0.641927
vn -0.724199 0.670185 0.162443
vn -0.788563 0.539426 0.295277
vn -0.699611 0.433948 0.567656
vn -0.658275 0.732746 0.172501
vn -0.348101 0.831148 0.433612
vn -0.840706 0.332229 0.427595
vn -0.783309 0.486589 0.386856
vn -0.610286 0.316466 0.726223
vn -0.759539 0.268855 0.592299
vn -0.844244 0.309501 0.437563
vn -0.755720 0.543650 0.365147
vn -0.754733 0.576326 0.313410
vn -0.393561 0.519418 0.758495
vn -0.537271 0.755213 0.375491
vn -0.805362 0.433777 0.404017
vn -0.678437 0.656441 0.329860
vn -0.362439 0.704131 0.610604
vn -0.744288 0.377768 0.550751
vn -0.714736 0.534352 0.451243
vn -0.582789 0.456117 0.672543
vn -0.556274 0.636231 0.534574
s 1
g body Jake
usemtl lambert2SG
f 1/1/1 2/2/2 3/3/3
f 2/2/2 1/1/1 4/4/4
f 4/4/4 5/5/5 2/2/2
f 6/6/6 4/4/4 1/1/1
f 7/7/7 5/5/5 4/4/4
f 4/4/4 6/6/6 8/8/8
f 8/8/8 7/7/7 4/4/4
f 9/9/9 7/7/7 8/8/8
f 7/7/7 9/9/9 10/10/10
f 13/11/11 11/12/12 12/13/13
f 11/12/12 13/11/11 15/14/14
f 14/15/15 11/12/12 15/14/14
f 16/16/16 13/11/11 17/17/17
f 15/14/14 13/11/11 16/16/16
f 5/5/5 15/14/14 16/16/16
f 15/14/14 5/5/5 7/7/7
f 18/18/18 15/14/14 7/7/7
f 14/15/15 15/14/14 18/18/18
f 18/18/18 7/7/7 10/10/10
f 19/19/19 20/20/20 24/21/21
f 21/22/22 24/21/21 20/20/20
f 23/23/23 26/24/24 21/22/22
f 27/25/25 22/26/26 19/19/19
f 24/21/21 21/22/22 26/24/24
f 23/23/23 25/27/27 28/28/28
f 19/19/19 24/21/21 27/25/25
f 26/24/24 23/23/23 28/28/28
f 30/29/29 28/28/28 25/27/27
f 25/27/27 29/30/30 30/29/29
f 22/26/26 27/25/25 31/31/31
f 32/32/32 24/21/21 26/24/24
f 33/33/33 26/24/24 28/28/28
f 31/31/31 17/34/17 22/26/26
f 35/35/34 30/29/29 29/30/30
f 30/29/29 33/33/33 28/28/28
f 29/30/30 34/36/35 35/35/34
f 26/24/24 33/33/33 32/32/32
f 35/35/34 38/37/36 30/29/29
f 27/25/25 24/21/21 39/38/37
f 38/37/36 33/33/33 30/29/29
f 24/21/21 32/32/32 40/39/38
f 35/35/34 34/36/35 43/40/39
f 45/41/40 38/37/36 35/35/34
f 24/21/21 40/39/38 39/38/37
f 43/40/39 45/41/40 35/35/34
f 47/42/41 32/32/32 33/33/33
f 48/43/42 33/33/33 38/37/36
f 44/44/43 43/40/39 34/36/35
f 36/45/44 48/43/42 41/46/45
f 37/47/46 50/48/47 36/45/44
f 33/33/33 48/43/42 47/42/41
f 48/43/42 36/45/44 47/42/41
f 50/48/47 47/42/41 36/45/44
f 38/37/36 45/41/40 51/49/48
f 32/32/32 47/42/41 50/48/47
f 45/41/40 43/40/39 53/50/49
f 51/49/48 48/43/42 38/37/36
f 41/46/45 51/49/48 46/51/50
f 50/48/47 40/39/38 32/32/32
f 51/49/48 41/46/45 48/43/42
f 44/44/43 53/50/49 43/40/39
f 27/25/25 56/52/51 31/31/31
f 42/53/52 57/54/53 37/47/46
f 58/55/54 45/41/40 53/50/49
f 49/56/55 53/50/49 44/44/43
f 57/54/53 50/48/47 37/47/46
f 46/51/50 58/55/54 52/57/56
f 45/41/40 58/55/54 51/49/48
f 58/55/54 46/51/50 51/49/48
f 53/50/49 49/56/55 58/55/54
f 49/56/55 52/57/56 58/55/54
f 17/34/17 31/31/31 16/58/16
f 40/39/38 50/48/47 57/54/53
f 56/52/51 27/25/25 39/38/37
f 57/54/53 39/38/37 40/39/38
f 59/59/57 42/53/52 54/60/58
f 42/53/52 59/59/57 57/54/53
f 39/38/37 57/54/53 59/59/57
f 55/61/59 59/59/57 54/60/58
f 61/62/60 39/38/37 59/59/57
f 61/62/60 59/59/57 55/61/59
f 60/63/61 61/62/60 55/61/59
f 56/52/51 39/38/37 61/62/60
f 5/64/5 31/31/31 56/52/51
f 60/63/61 3/65/3 61/62/60
f 31/31/31 5/64/5 16/58/16
f 62/66/62 61/62/60 3/65/3
f 56/52/51 61/62/60 62/66/62
f 3/65/3 2/67/2 62/66/62
f 56/52/51 62/66/62 2/67/2 5/64/5
f 63/68/63 12/13/13 11/12/12
f 66/69/64 64/70/65 63/68/63
f 66/69/64 63/68/63 11/12/12
f 68/71/66 65/72/67 64/70/65
f 64/70/65 66/69/64 68/71/66
f 69/73/68 67/74/69 65/72/67
f 65/72/67 68/71/66 69/73/68
f 11/12/12 14/15/15 66/69/64
f 68/71/66 66/69/64 70/75/70
f 67/74/69 69/73/68 72/76/71
f 66/69/64 14/15/15 70/75/70
f 68/71/66 73/77/72 69/73/68
f 73/77/72 68/71/66 70/75/70
f 75/78/73 71/79/74 67/74/69
f 75/78/73 67/74/69 72/76/71
f 76/80/75 72/76/71 69/73/68
f 69/73/68 73/77/72 76/80/75
f 6/6/6 78/81/76 8/8/8
f 78/81/76 6/6/6 74/82/77
f 72/76/71 76/80/75 80/83/78
f 81/84/79 70/75/70 14/15/15
f 80/83/78 75/78/73 72/76/71
f 70/75/70 82/85/80 73/77/72
f 14/15/15 18/18/18 81/84/79
f 71/79/74 84/86/81 77/87/82
f 84/86/81 71/79/74 75/78/73
f 73/77/72 85/88/83 76/80/75
f 70/75/70 81/84/79 82/85/80
f 75/78/73 80/83/78 86/89/84
f 85/88/83 73/77/72 82/85/80
f 87/90/85 80/83/78 76/80/75
f 78/81/76 74/82/77 79/91/86
f 84/92/81 83/93/87 77/94/82
f 10/10/10 88/95/88 18/18/18
f 81/84/79 18/18/18 88/95/88
f 76/80/75 85/88/83 89/96/89
f 76/80/75 89/96/89 87/90/85
f 90/97/90 75/78/73 86/89/84
f 80/83/78 91/98/91 86/89/84
f 90/97/90 84/86/81 75/78/73
f 92/99/92 8/8/8 78/81/76
f 91/98/91 80/83/78 87/90/85
f 8/8/8 92/99/92 9/9/9
f 83/93/87 84/92/81 94/100/93
f 96/101/94 85/88/83 82/85/80
f 81/84/79 97/102/95 82/85/80
f 98/103/96 10/10/10 9/9/9
f 78/81/76 79/91/86 99/104/97
f 94/100/93 84/92/81 90/105/90
f 88/95/88 10/10/10 100/106/98
f 88/95/88 97/102/95 81/84/79
f 89/96/89 101/107/99 87/90/85
f 102/108/100 86/89/84 91/98/91
f 82/85/80 97/102/95 96/101/94
f 90/97/90 86/89/84 102/108/100
f 85/88/83 103/109/101 89/96/89
f 91/98/91 87/90/85 104/110/102
f 98/103/96 100/106/98 10/10/10
f 105/111/103 83/93/87 94/100/93
f 105/111/103 95/112/104 83/93/87
f 99/104/97 92/99/92 78/81/76
f 101/107/99 104/110/102 87/90/85
f 99/104/97 79/91/86 93/113/105
f 85/88/83 96/101/94 103/109/101
f 9/9/9 92/99/92 98/103/96
f 104/110/102 102/108/100 91/98/91
f 106/114/106 94/100/93 90/105/90
f 101/107/99 89/96/89 107/115/107
f 101/107/99 108/116/108 104/110/102
f 106/114/106 90/105/90 102/117/100
f 89/96/89 103/109/101 107/115/107
f 108/116/108 101/107/99 109/118/109
f 97/102/95 88/95/88 110/119/110
f 88/95/88 100/106/98 110/119/110
f 102/108/100 104/110/102 111/120/111
f 113/121/112 104/110/102 108/116/108
f 107/115/107 109/118/109 101/107/99
f 104/110/102 113/121/112 111/120/111
f 116/122/113 96/101/94 97/102/95
f 109/118/109 107/115/107 115/123/114
f 117/124/115 94/100/93 106/114/106
f 99/104/97 93/113/105 118/125/116
f 119/126/117 106/114/106 102/117/100
f 94/100/93 117/124/115 105/111/103
f 96/101/94 116/122/113 103/109/101
f 98/103/96 92/99/92 120/127/118
f 92/99/92 99/104/97 121/128/119
f 111/129/111 119/126/117 102/117/100
f 100/106/98 98/103/96 122/130/120
f 123/131/121 95/112/104 105/111/103
f 107/115/107 124/132/122 115/123/114
f 123/131/121 112/133/123 95/112/104
f 125/134/124 111/129/111 113/135/112
f 126/136/125 107/115/107 103/109/101
f 118/125/116 121/128/119 99/104/97
f 100/106/98 127/137/126 110/119/110
f 121/128/119 120/127/118 92/99/92
f 120/127/118 122/130/120 98/103/96
f 124/132/122 107/115/107 128/138/127
f 119/126/117 111/129/111 129/139/128
f 130/140/129 97/102/95 110/119/110
f 131/141/130 106/114/106 119/126/117
f 132/142/131 93/113/105 114/143/132
f 106/114/106 131/141/130 117/124/115
f 93/113/105 132/142/131 118/125/116
f 122/130/120 127/137/126 100/106/98
f 111/129/111 125/134/124 129/139/128
f 107/115/107 126/136/125 128/138/127
f 97/102/95 130/140/129 116/122/113
f 117/124/115 123/131/121 105/111/103
f 134/144/133 103/109/101 116/122/113
f 131/141/130 119/126/117 129/139/128
f 136/145/134 124/132/122 128/138/127
f 103/109/101 134/144/133 126/136/125
f 124/132/122 136/145/134 135/146/135
f 121/128/119 118/125/116 138/147/136
f 125/134/124 137/148/137 129/139/128
f 120/127/118 121/128/119 139/149/138
f 131/141/130 141/150/139 117/124/115
f 123/131/121 117/124/115 141/150/139
f 142/151/140 114/143/132 133/152/141
f 122/130/120 120/127/118 143/153/142
f 144/154/143 128/138/127 126/136/125
f 136/145/134 145/155/144 135/146/135
f 128/138/127 144/154/143 136/145/134
f 146/156/145 110/119/110 127/137/126
f 114/143/132 142/151/140 132/142/131
f 148/157/146 129/139/128 137/148/137
f 146/156/145 130/140/129 110/119/110
f 139/149/138 121/128/119 138/147/136
f 127/137/126 122/130/120 149/158/147
f 145/155/144 136/145/134 150/159/148
f 129/139/128 151/160/149 131/141/130
f 153/161/150 112/133/123 123/131/121
f 143/153/142 120/127/118 139/149/138
f 154/162/151 118/125/116 132/142/131
f 152/163/152 148/157/146 137/148/137
f 156/164/153 116/122/113 130/140/129
f 118/125/116 154/162/151 138/147/136
f 150/165/148 155/166/154 145/167/144
f 151/160/149 129/139/128 148/157/146
f 116/122/113 156/164/153 134/144/133
f 143/153/142 149/158/147 122/130/120
f 151/160/149 141/150/139 131/141/130
f 133/152/141 140/168/155 160/169/156
f 136/145/134 161/170/157 150/159/148
f 155/166/154 150/165/148 162/171/158
f 148/157/146 152/163/152 163/172/159
f 164/173/160 126/136/125 134/144/133
f 161/170/157 136/145/134 144/154/143
f 162/171/158 157/174/161 155/166/154
f 126/136/125 164/173/160 144/154/143
f 165/175/162 152/163/152 158/176/163
f 153/161/150 147/177/164 112/133/123
f 142/151/140 133/152/141 160/169/156
f 166/178/165 158/176/163 157/174/161
f 152/163/152 165/175/162 163/172/159
f 157/174/161 162/171/158 166/178/165
f 139/149/138 138/147/136 167/179/166
f 158/176/163 166/178/165 165/175/162
f 168/180/167 123/131/121 141/150/139
f 150/165/148 169/181/168 162/171/158
f 170/182/169 132/142/131 142/151/140
f 171/183/170 148/157/146 163/172/159
f 143/153/142 139/149/138 172/184/171
f 173/185/172 127/137/126 149/158/147
f 148/157/146 171/183/170 151/160/149
f 132/142/131 170/182/169 154/162/151
f 169/181/168 150/165/148 161/186/157
f 146/156/145 127/137/126 173/185/172
f 169/181/168 166/178/165 162/171/158
f 174/187/173 140/168/155 159/188/174
f 149/158/147 143/153/142 175/189/175
f 167/179/166 172/184/171 139/149/138
f 140/168/155 174/187/173 160/169/156
f 177/190/176 130/140/129 146/156/145
f 178/191/177 163/172/159 165/175/162
f 165/175/162 166/178/165 179/192/178
f 180/193/179 138/147/136 154/162/151
f 130/140/129 177/190/176 156/164/153
f 181/194/180 161/170/157 144/154/143
f 168/180/167 153/161/150 123/131/121
f 182/195/181 134/144/133 156/164/153
f 164/173/160 181/194/180 144/154/143
f 138/147/136 180/193/179 167/179/166
f 182/195/181 164/173/160 134/144/133
f 163/172/159 184/196/182 171/183/170
f 175/189/175 143/153/142 172/184/171
f 166/178/165 169/181/168 179/192/178
f 185/197/183 142/151/140 160/169/156
f 186/198/184 141/150/139 151/160/149
f 163/172/159 178/191/177 184/196/182
f 179/192/178 178/191/177 165/175/162
f 181/199/180 169/181/168 161/186/157
f 142/151/140 185/197/183 170/182/169
f 188/200/185 159/188/174 176/201/186
f 172/184/171 167/179/166 189/202/187
f 159/188/174 188/200/185 174/187/173
f 141/150/139 186/198/184 168/180/167
f 190/203/188 154/162/151 170/182/169
f 153/161/150 183/204/189 147/177/164
f 191/205/190 151/160/149 171/183/170
f 192/206/191 149/158/147 175/189/175
f 193/207/192 179/192/178 169/181/168
f 154/162/151 190/203/188 180/193/179
f 194/208/193 160/169/156 174/187/173
f 149/158/147 192/206/191 173/185/172
f 169/181/168 181/199/180 193/207/192
f 175/189/175 172/184/171 195/209/194
f 164/173/160 196/210/195 181/194/180
f 160/169/156 194/208/193 185/197/183
f 196/210/195 164/173/160 182/195/181
f 197/211/196 146/156/145 173/185/172
f 198/212/197 171/183/170 184/196/182
f 146/156/145 197/211/196 177/190/176
f 199/213/198 182/195/181 156/164/153
f 200/214/199 167/179/166 180/193/179
f 201/215/200 178/191/177 179/192/178
f 199/213/198 156/164/153 177/190/176
f 188/200/185 176/201/186 187/216/201
f 189/202/187 195/209/194 172/184/171
f 178/191/177 202/217/202 184/196/182
f 151/160/149 191/205/190 186/198/184
f 167/179/166 200/214/199 189/202/187
f 203/218/203 170/182/169 185/197/183
f 179/192/178 193/207/192 201/215/200
f 188/200/185 194/208/193 174/187/173
f 196/219/195 193/207/192 181/199/180
f 195/209/194 192/206/191 175/189/175
f 170/182/169 203/218/203 190/203/188
f 205/220/204 153/161/150 168/180/167
f 171/183/170 198/212/197 191/205/190
f 178/191/177 201/215/200 202/217/202
f 202/217/202 198/212/197 184/196/182
f 183/204/189 153/161/150 205/220/204
f 194/208/193 203/218/203 185/197/183
f 188/200/185 187/216/201 206/221/205
f 207/222/206 180/193/179 190/203/188
f 195/209/194 189/202/187 208/223/207
f 206/221/205 187/216/201 204/224/208
f 180/193/179 207/222/206 200/214/199
f 194/208/193 188/200/185 209/225/209
f 193/207/192 196/219/195 210/226/210
f 210/226/210 201/215/200 193/207/192
f 196/210/195 182/195/181 211/227/211
f 213/228/212 173/185/172 192/206/191
f 211/227/211 182/195/181 199/213/198
f 213/228/212 197/211/196 173/185/172
f 186/198/184 215/229/213 168/180/167
f 192/206/191 195/209/194 216/230/214
f 217/231/215 199/213/198 177/190/176
f 217/231/215 177/190/176 197/211/196
f 218/232/216 189/202/187 200/214/199
f 203/218/203 194/208/193 219/233/217
f 220/234/218 205/220/204 168/180/167
f 208/223/207 216/230/214 195/209/194
f 221/235/219 190/203/188 203/218/203
f 189/202/187 218/232/216 208/223/207
f 201/215/200 222/236/220 202/217/202
f 223/237/221 188/200/185 206/221/205
f 219/233/217 194/208/193 209/225/209
f 206/221/205 204/224/208 224/238/222
f 188/200/185 223/237/221 209/225/209
f 211/239/211 210/226/210 196/219/195
f 225/240/223 186/198/184 191/205/190
f 201/215/200 210/226/210 222/236/220
f 190/203/188 221/235/219 207/222/206
f 205/220/204 212/241/224 183/204/189
f 226/242/225 198/212/197 202/217/202
f 216/230/214 213/228/212 192/206/191
f 215/229/213 220/234/218 168/180/167
f 227/243/226 191/205/190 198/212/197
f 224/238/222 204/224/208 214/244/227
f 219/233/217 221/235/219 203/218/203
f 213/228/212 217/231/215 197/211/196
f 228/245/228 200/214/199 207/222/206
f 226/242/225 202/217/202 222/236/220
f 219/233/217 209/225/209 229/246/229
f 216/230/214 208/223/207 230/247/230
f 186/198/184 225/240/223 215/229/213
f 200/214/199 228/245/228 218/232/216
f 206/221/205 224/238/222 231/248/231
f 199/213/198 232/249/232 211/227/211
f 218/232/216 230/247/230 208/223/207
f 210/226/210 211/239/211 233/250/233
f 233/250/233 222/236/220 210/226/210
f 198/212/197 226/242/225 227/243/226
f 232/249/232 199/213/198 217/231/215
f 191/205/190 227/243/226 225/240/223
f 223/237/221 206/221/205 231/248/231
f 224/238/222 214/244/227 234/251/234
f 220/234/218 235/252/235 205/220/204
f 213/228/212 216/230/214 236/253/236
f 221/235/219 219/233/217 237/254/237
f 212/241/224 205/220/204 235/252/235
f 239/255/238 209/225/209 223/237/221
f 240/256/239 207/222/206 221/235/219
f 230/247/230 236/253/236 216/230/214
f 217/231/215 213/228/212 241/257/240
f 209/225/209 239/255/238 229/246/229
f 207/222/206 240/256/239 228/245/228
f 232/258/232 233/250/233 211/239/211
f 226/242/225 222/236/220 243/259/241
f 244/260/242 219/233/217 229/246/229
f 230/247/230 218/232/216 245/261/243
f 241/257/240 213/228/212 236/253/236
f 222/236/220 233/250/233 243/259/241
f 228/245/228 245/261/243 218/232/216
f 219/233/217 244/260/242 237/254/237
f 215/229/213 246/262/244 220/234/218
f 241/257/240 232/249/232 217/231/215
f 224/238/222 234/251/234 247/263/245
f 231/248/231 224/238/222 247/263/245
f 235/252/235 238/264/246 212/241/224
f 214/244/227 248/265/247 234/251/234
f 235/252/235 220/234/218 246/262/244
f 249/266/248 227/243/226 226/242/225
f 250/267/249 221/235/219 237/254/237
f 236/253/236 230/247/230 251/268/250
f 252/269/251 223/237/221 231/248/231
f 225/240/223 253/270/252 215/229/213
f 248/265/247 214/244/227 242/271/253
f 221/235/219 250/267/249 240/256/239
f 245/261/243 251/268/250 230/247/230
f 227/243/226 254/272/254 225/240/223
f 223/237/221 252/269/251 239/255/238
f 233/250/233 232/258/232 255/273/255
f 249/266/248 226/242/225 243/259/241
f 245/261/243 228/245/228 256/274/256
f 240/256/239 256/274/256 228/245/228
f 257/275/257 241/257/240 236/253/236
f 255/273/255 243/259/241 233/250/233
f 246/262/244 215/229/213 253/270/252
f 232/249/232 241/257/240 259/276/258
f 260/277/259 229/246/229 239/255/238
f 257/275/257 236/253/236 251/268/250
f 238/264/246 235/252/235 261/278/260
f 229/246/229 260/277/259 244/260/242
f 227/243/226 249/266/248 254/272/254
f 246/262/244 261/278/260 235/252/235
f 253/270/252 225/240/223 262/279/261
f 259/280/258 255/273/255 232/258/232
f 262/279/261 225/240/223 254/272/254
f 259/276/258 241/257/240 257/275/257
f 263/281/262 237/254/237 244/260/242
f 251/268/250 245/261/243 264/282/263
f 256/274/256 264/282/263 245/261/243
f 234/251/234 265/283/264 247/263/245
f 256/274/256 240/256/239 266/284/265
f 267/285/266 231/248/231 247/263/245
f 237/254/237 263/281/262 250/267/249
f 250/267/249 266/284/265 240/256/239
f 231/248/231 267/285/266 252/269/251
f 265/283/264 234/251/234 248/265/247
f 249/266/248 243/259/241 269/286/267
f 243/259/241 255/273/255 269/286/267
f 261/278/260 258/287/268 238/264/246
f 270/288/269 257/275/257 251/268/250
f 271/289/270 239/255/238 252/269/251
f 272/290/271 246/262/244 253/270/252
f 261/278/260 246/262/244 272/290/271
f 255/273/255 259/280/258 273/291/272
f 242/271/253 274/292/273 248/265/247
f 264/282/263 256/274/256 275/293/274
f 276/294/275 259/276/258 257/275/257
f 239/255/238 271/289/270 260/277/259
f 275/293/274 256/274/256 266/284/265
f 277/295/276 254/272/254 249/266/248
f 278/296/277 251/268/250 264/282/263
f 266/284/265 250/267/249 279/297/278
f 273/291/272 269/286/267 255/273/255
f 274/292/273 242/271/253 268/298/279
f 277/295/276 249/266/248 269/286/267
f 270/288/269 276/294/275 257/275/257
f 262/279/261 280/299/280 253/270/252
f 270/288/269 251/268/250 278/296/277
f 281/300/281 244/260/242 260/277/259
f 279/297/278 250/267/249 263/281/262
f 254/272/254 283/301/282 262/279/261
f 258/287/268 261/278/260 284/302/283
f 276/303/275 273/291/272 259/280/258
f 244/260/242 281/300/281 263/281/262
f 280/299/280 272/290/271 253/270/252
f 272/290/271 284/302/283 261/278/260
f 286/304/284 275/293/274 266/284/265
f 267/285/266 247/263/245 287/305/285
f 247/263/245 265/283/264 287/305/285
f 254/272/254 277/295/276 283/301/282
f 279/297/278 286/304/284 266/284/265
f 288/306/286 264/282/263 275/293/274
f 289/307/287 252/269/251 267/285/266
f 280/299/280 262/279/261 290/308/288
f 269/286/267 273/291/272 291/309/289
f 252/269/251 289/307/287 271/289/270
f 290/308/288 262/279/261 283/301/282
f 278/296/277 264/282/263 288/306/286
f 276/294/275 270/288/269 292/310/290
f 248/265/247 293/311/291 265/283/264
f 277/295/276 269/286/267 291/309/289
f 273/291/272 276/303/275 294/312/292
f 295/313/293 279/297/278 263/281/262
f 296/314/294 282/315/295 258/287/268
f 296/314/294 258/287/268 284/302/283
f 293/311/291 248/265/247 274/292/273
f 288/306/286 275/293/274 286/304/284
f 297/316/296 260/277/259 271/289/270
f 285/317/297 274/292/273 268/298/279
f 284/302/283 272/290/271 298/318/298
f 280/299/280 298/318/298 272/290/271
f 299/319/299 270/288/269 278/296/277
f 281/300/281 295/313/293 263/281/262
f 294/312/292 291/309/289 273/291/272
f 260/277/259 297/316/296 281/300/281
f 286/304/284 279/297/278 300/320/300
f 270/288/269 299/319/299 292/310/290
f 302/321/301 283/301/282 277/295/276
f 295/313/293 300/320/300 279/297/278
f 302/321/301 277/295/276 291/309/289
f 303/322/302 276/303/275 292/323/290
f 294/312/292 276/303/275 303/322/302
f 290/308/288 304/324/303 280/299/280
f 305/325/304 288/306/286 286/304/284
f 306/326/305 278/296/277 288/306/286
f 290/308/288 283/301/282 307/327/306
f 298/318/298 280/299/280 304/324/303
f 305/325/304 286/304/284 300/320/300
f 267/285/266 309/328/307 289/307/287
f 309/328/307 267/285/266 287/305/285
f 291/309/289 294/312/292 310/329/308
f 299/319/299 278/296/277 306/326/305
f 311/330/309 274/292/273 285/317/297
f 287/305/285 265/283/264 312/331/310
f 313/332/311 284/302/283 298/318/298
f 295/313/293 281/300/281 314/333/312
f 315/334/313 271/289/270 289/307/287
f 283/301/282 302/321/301 307/327/306
f 284/302/283 313/332/311 296/314/294
f 301/335/314 282/315/295 316/336/315
f 316/336/315 282/315/295 296/314/294
f 265/283/264 293/311/291 312/331/310
f 302/321/301 291/309/289 310/329/308
f 311/330/309 293/311/291 274/292/273
f 271/289/270 315/334/313 297/316/296
f 304/324/303 290/308/288 317/337/316
f 297/316/296 314/333/312 281/300/281
f 317/337/316 290/308/288 307/327/306
f 300/320/300 295/313/293 318/338/317
f 319/339/318 292/323/290 299/340/299
f 321/341/319 288/306/286 305/325/304
f 303/322/302 292/323/290 319/339/318
f 288/306/286 321/341/319 306/326/305
f 322/342/320 305/325/304 300/320/300
f 323/343/321 294/312/292 303/322/302
f 314/333/312 318/338/317 295/313/293
f 310/329/308 294/312/292 323/343/321
f 306/344/305 324/345/322 299/340/299
f 308/346/323 311/330/309 285/317/297
f 325/347/324 298/318/298 304/324/303
f 326/348/325 302/321/301 310/329/308
f 322/342/320 300/320/300 318/338/317
f 326/348/325 307/327/306 302/321/301
f 322/342/320 321/341/319 305/325/304
f 328/349/326 299/340/299 324/345/322
f 324/345/322 306/344/305 329/350/327
f 298/318/298 325/347/324 313/332/311
f 299/340/299 328/349/326 319/339/318
f 314/333/312 297/316/296 330/351/328
f 321/352/319 329/350/327 306/344/305
f 317/337/316 325/347/324 304/324/303
f 331/353/329 320/354/330 301/335/314
f 311/330/309 332/355/331 293/311/291
f 297/316/296 315/334/313 330/351/328
f 331/353/329 301/335/314 316/336/315
f 333/356/332 289/307/287 309/328/307
f 334/357/333 317/337/316 307/327/306
f 335/358/334 296/314/294 313/332/311
f 289/307/287 333/356/332 315/334/313
f 287/305/285 336/359/335 309/328/307
f 316/336/315 296/314/294 335/358/334
f 329/350/327 1138/360/336 324/345/322
f 332/355/331 312/331/310 293/311/291
f 336/359/335 287/305/285 312/331/310
f 337/361/337 303/322/302 319/339/318
f 307/327/306 326/348/325 334/357/333
f 329/350/327 321/352/319 339/362/338
f 324/345/322 1148/363/339 328/349/326
f 1148/364/339 324/345/322 1138/365/336
f 318/338/317 314/333/312 340/366/340
f 1138/365/336 329/350/327 1137/367/341
f 323/343/321 303/322/302 337/361/337
f 326/348/325 310/329/308 341/368/342
f 342/369/343 311/330/309 308/346/323
f 341/368/342 310/329/308 323/343/321
f 339/362/338 1137/370/341 329/350/327
f 343/371/344 322/342/320 318/338/317
f 325/347/324 317/337/316 344/372/345
f 321/341/319 322/342/320 345/373/346
f 346/374/347 319/339/318 328/349/326
f 320/354/330 331/353/329 327/375/348
f 317/337/316 334/357/333 344/372/345
f 330/351/328 340/366/340 314/333/312
f 1147/376/349 328/349/326 1148/364/339
f 342/369/343 332/355/331 311/330/309
f 345/377/346 339/362/338 321/352/319
f 1137/367/341 339/362/338 1139/378/350
f 347/379/351 330/351/328 315/334/313
f 319/339/318 346/374/347 337/361/337
f 340/366/340 343/371/344 318/338/317
f 328/349/326 1147/380/349 346/374/347
f 348/381/352 313/332/311 325/347/324
f 343/371/344 345/373/346 322/342/320
f 333/356/332 347/379/351 315/334/313
f 335/358/334 313/332/311 348/381/352
f 349/382/353 1139/383/350 339/362/338
f 338/384/354 342/385/343 308/386/323
f 326/348/325 350/387/355 334/357/333
f 312/331/310 332/355/331 351/388/356
f 339/362/338 345/377/346 349/382/353
f 327/375/348 331/353/329 352/389/357
f 316/336/315 353/390/358 331/353/329
f 309/328/307 354/391/359 333/356/332
f 353/390/358 316/336/315 335/358/334
f 340/366/340 330/351/328 355/392/360
f 354/391/359 309/328/307 336/359/335
f 350/387/355 326/348/325 341/368/342
f 351/388/356 336/359/335 312/331/310
f 1147/376/349 1146/393/361 346/374/347
f 356/394/362 325/347/324 344/372/345
f 350/387/355 344/372/345 334/357/333
f 357/395/363 323/343/321 337/361/337
f 1139/378/350 349/382/353 1140/396/364
f 347/379/351 355/392/360 330/351/328
f 341/368/342 323/343/321 357/395/363
f 358/397/365 337/361/337 346/374/347
f 1146/398/361 358/397/365 346/374/347
f 331/353/329 359/399/366 352/389/357
f 348/381/352 325/347/324 356/394/362
f 360/400/367 349/382/353 345/377/346
f 342/369/343 361/401/368 332/355/331
f 345/373/346 343/371/344 362/402/369
f 343/371/344 340/366/340 363/403/370
f 347/379/351 333/356/332 364/404/371
f 349/382/353 365/405/372 1140/406/364
f 344/372/345 350/387/355 356/394/362
f 337/361/337 358/397/365 366/407/373
f 359/399/366 331/353/329 353/390/358
f 361/401/368 351/388/356 332/355/331
f 1145/408/374 358/397/365 1146/393/361
f 349/382/353 360/400/367 365/405/372
f 354/391/359 364/404/371 333/356/332
f 360/400/367 345/377/346 362/409/369
f 357/395/363 337/361/337 366/407/373
f 1141/410/375 1140/396/364 365/405/372
f 368/411/376 335/358/334 348/381/352
f 369/412/377 342/385/343 338/384/354
f 340/366/340 355/392/360 370/413/378
f 363/403/370 362/402/369 343/371/344
f 355/392/360 347/379/351 372/414/379
f 336/359/335 351/388/356 373/415/380
f 368/411/376 353/390/358 335/358/334
f 350/387/355 341/368/342 374/416/381
f 358/397/365 1145/417/374 375/418/382
f 375/418/382 366/407/373 358/397/365
f 372/414/379 347/379/351 364/404/371
f 370/413/378 363/403/370 340/366/340
f 336/359/335 373/415/380 354/391/359
f 374/416/381 341/368/342 357/395/363
f 369/412/377 361/419/368 342/385/343
f 365/405/372 376/420/383 1141/421/375
f 377/422/384 365/405/372 360/400/367
f 356/394/362 350/387/355 374/416/381
f 378/423/385 348/381/352 356/394/362
f 1144/424/386 375/418/382 1145/408/374
f 364/404/371 354/391/359 379/425/387
f 380/426/388 359/399/366 353/390/358
f 359/399/366 380/426/388 381/427/389
f 1141/410/375 376/420/383 1142/428/390
f 382/429/391 360/400/367 362/409/369
f 365/405/372 377/422/384 376/420/383
f 357/395/363 366/407/373 383/430/392
f 366/407/373 375/418/382 384/431/393
f 375/418/382 1144/432/386 385/433/394
f 348/381/352 378/423/385 368/411/376
f 367/434/395 369/412/377 338/384/354
f 377/422/384 360/400/367 382/429/391
f 376/420/383 1143/435/396 1142/428/390
f 380/426/388 387/436/397 381/427/389
f 362/402/369 363/403/370 388/437/398
f 368/411/376 380/426/388 353/390/358
f 351/388/356 361/401/368 389/438/399
f 1143/435/396 385/433/394 1144/424/386
f 385/433/394 384/431/393 375/418/382
f 378/423/385 356/394/362 374/416/381
f 1143/439/396 376/420/383 390/440/400
f 391/441/401 372/414/379 364/404/371
f 392/442/402 355/392/360 372/414/379
f 391/441/401 364/404/371 379/425/387
f 383/430/392 374/416/381 357/395/363
f 377/422/384 390/440/400 376/420/383
f 383/430/392 366/407/373 384/431/393
f 393/443/403 379/425/387 354/391/359
f 389/438/399 373/415/380 351/388/356
f 392/442/402 370/413/378 355/392/360
f 385/433/394 1143/439/396 390/440/400
f 373/415/380 393/443/403 354/391/359
f 388/444/398 382/429/391 362/409/369
f 394/445/404 363/446/370 370/447/378
f 395/448/405 388/444/398 363/446/370
f 363/446/370 394/445/404 395/448/405
f 390/440/400 377/422/384 396/449/406
f 390/440/400 397/450/407 385/433/394
f 398/451/408 377/422/384 382/429/391
f 387/436/397 380/426/388 399/452/409
f 397/450/407 384/431/393 385/433/394
f 380/426/388 368/411/376 400/453/410
f 401/454/411 402/455/412 403/456/413
f 361/419/368 369/412/377 404/457/414
f 402/455/412 405/458/415 403/456/413
f 406/459/416 407/460/417 402/455/412
f 402/455/412 401/454/411 408/461/418
f 408/461/418 406/459/416 402/455/412
f 399/452/409 409/462/419 387/436/397
f 410/463/420 391/441/401 379/425/387
f 407/460/417 405/458/415 402/455/412
f 391/441/401 392/442/402 372/414/379
f 411/464/421 406/459/416 395/448/405
f 397/450/407 390/440/400 396/449/406
f 374/416/381 383/430/392 412/465/422
f 379/425/387 393/443/403 410/463/420
f 413/466/423 368/411/376 378/423/385
f 395/448/405 394/445/404 411/464/421
f 407/460/417 406/459/416 411/464/421
f 414/467/424 394/445/404 370/447/378
f 415/468/425 383/430/392 384/431/393
f 374/416/381 413/466/423 378/423/385
f 403/456/413 405/458/415 416/469/426
f 406/459/416 408/461/418 417/470/427
f 382/429/391 388/444/398 418/471/428
f 419/472/429 395/448/405 406/459/416
f 420/473/430 408/461/418 401/454/411
f 403/456/413 421/474/431 401/454/411
f 388/444/398 395/448/405 419/472/429
f 422/475/432 407/460/417 411/464/421
f 377/422/384 423/476/433 396/449/406
f 370/447/378 392/477/402 414/467/424
f 404/457/414 389/478/399 361/419/368
f 400/453/410 399/452/409 380/426/388
f 424/479/434 405/458/415 407/460/417
f 368/411/376 413/466/423 400/453/410
f 411/464/421 394/445/404 427/480/435
f 421/474/431 403/456/413 416/469/426
f 422/475/432 424/479/434 407/460/417
f 428/481/436 417/470/427 408/461/418
f 419/472/429 406/459/416 417/470/427
f 423/476/433 377/422/384 398/451/408
f 427/480/435 422/475/432 411/464/421
f 408/461/418 420/473/430 428/481/436
f 413/466/423 374/416/381 412/465/422
f 429/482/437 369/412/377 367/434/395
f 386/483/438 371/484/439 430/485/440
f 394/445/404 414/467/424 427/480/435
f 431/486/441 393/443/403 373/415/380
f 430/485/440 371/484/439 432/487/442
f 433/488/443 398/451/408 382/429/391
f 405/458/415 434/489/444 416/469/426
f 418/471/428 388/444/398 419/472/429
f 431/486/441 373/415/380 389/438/399
f 424/479/434 434/489/444 405/458/415
f 401/454/411 435/490/445 420/473/430
f 433/488/443 382/429/391 418/471/428
f 417/470/427 428/481/436 436/491/446
f 417/470/427 436/491/446 419/472/429
f 437/492/447 422/475/432 427/480/435
f 435/490/445 401/454/411 421/474/431
f 438/493/448 424/479/434 422/475/432
f 439/494/449 428/481/436 420/473/430
f 383/430/392 440/495/450 412/465/422
f 397/450/407 441/496/451 384/431/393
f 429/482/437 404/457/414 369/412/377
f 414/467/424 442/497/452 427/480/435
f 392/477/402 443/498/453 414/467/424
f 440/495/450 383/430/392 415/468/425
f 444/499/454 409/462/419 399/452/409
f 421/474/431 416/469/426 445/500/455
f 437/492/447 438/493/448 422/475/432
f 409/462/419 444/499/454 446/501/456
f 447/502/457 436/491/446 428/481/436
f 448/503/458 418/471/428 419/472/429
f 416/469/426 434/489/444 445/500/455
f 449/504/459 391/441/401 410/463/420
f 415/468/425 384/431/393 441/496/451
f 448/503/458 419/472/429 436/491/446
f 392/442/402 391/441/401 449/504/459
f 399/452/409 400/453/410 450/505/460
f 442/497/452 437/492/447 427/480/435
f 428/481/436 439/494/449 447/502/457
f 396/449/406 451/506/461 397/450/407
f 424/479/434 452/507/462 434/489/444
f 443/498/453 442/497/452 414/467/424
f 438/493/448 452/507/462 424/479/434
f 393/443/403 453/508/463 410/463/420
f 454/509/464 430/485/440 432/487/442
f 436/491/446 447/502/457 455/510/465
f 439/494/449 420/473/430 456/511/466
f 436/491/446 455/510/465 448/503/458
f 457/512/467 400/453/410 413/466/423
f 456/511/466 420/473/430 435/490/445
f 444/499/454 458/513/468 446/501/456
f 457/512/467 413/466/423 412/465/422
f 459/514/469 418/471/428 448/503/458
f 451/506/461 396/449/406 423/476/433
f 435/490/445 421/474/431 460/515/470
f 421/474/431 445/500/455 460/515/470
f 426/516/471 429/482/437 367/434/395
f 433/488/443 418/471/428 459/514/469
f 438/493/448 437/492/447 461/517/472
f 462/518/473 430/485/440 454/509/464
f 463/519/474 423/476/433 398/451/408
f 450/505/460 444/499/454 399/452/409
f 463/519/474 398/451/408 433/488/443
f 464/520/475 447/502/457 439/494/449
f 457/512/467 450/505/460 400/453/410
f 393/443/403 431/486/441 465/521/476
f 459/514/469 448/503/458 455/510/465
f 445/500/455 434/489/444 466/522/477
f 442/497/452 467/523/478 437/492/447
f 468/524/479 425/525/480 386/483/438
f 434/489/444 452/507/462 466/522/477
f 404/457/414 469/526/481 389/478/399
f 392/477/402 470/527/482 443/498/453
f 471/528/483 455/510/465 447/502/457
f 457/512/467 412/465/422 440/495/450
f 469/526/481 431/529/441 389/478/399
f 438/493/448 472/530/484 452/507/462
f 453/508/463 393/443/403 465/521/476
f 453/508/463 449/504/459 410/463/420
f 467/523/478 461/517/472 437/492/447
f 447/502/457 464/520/475 471/528/483
f 441/496/451 397/450/407 451/506/461
f 473/531/485 442/497/452 443/498/453
f 468/524/479 386/483/438 430/485/440
f 470/527/482 392/477/402 449/532/459
f 455/510/465 475/533/486 459/514/469
f 458/513/468 476/534/487 477/535/488
f 472/530/484 438/493/448 461/517/472
f 478/536/489 439/494/449 456/511/466
f 479/537/490 435/490/445 460/515/470
f 456/511/466 435/490/445 479/537/490
f 439/494/449 478/536/489 464/520/475
f 476/534/487 462/518/473 477/535/488
f 460/515/470 445/500/455 480/538/491
f 455/510/465 471/528/483 475/533/486
f 445/500/455 466/522/477 480/538/491
f 481/539/492 440/495/450 415/468/425
f 482/540/493 433/488/443 459/514/469
f 467/523/478 442/497/452 483/541/494
f 476/534/487 458/513/468 444/499/454
f 463/519/474 451/506/461 423/476/433
f 404/457/414 429/482/437 484/542/495
f 481/539/492 415/468/425 441/496/451
f 430/485/440 462/518/473 476/534/487
f 452/507/462 485/543/496 466/522/477
f 442/497/452 473/531/485 483/541/494
f 463/519/474 433/488/443 482/540/493
f 444/499/454 450/505/460 486/544/497
f 482/540/493 459/514/469 475/533/486
f 478/536/489 456/511/466 479/537/490
f 485/543/496 452/507/462 472/530/484
f 487/545/498 471/528/483 464/520/475
f 479/537/490 460/515/470 488/546/499
f 489/547/500 461/517/472 467/523/478
f 490/548/501 450/505/460 457/512/467
f 488/546/499 460/515/470 480/538/491
f 490/548/501 457/512/467 440/495/450
f 478/536/489 487/545/498 464/520/475
f 484/542/495 469/526/481 404/457/414
f 461/517/472 489/547/500 472/530/484
f 491/549/502 443/498/453 470/527/482
f 443/498/453 491/549/502 473/531/485
f 492/550/503 475/533/486 471/528/483
f 483/541/494 489/547/500 467/523/478
f 493/551/504 429/482/437 426/516/471
f 479/537/490 494/552/505 478/536/489
f 495/553/506 480/538/491 466/522/477
f 496/554/507 465/555/476 431/529/441
f 450/505/460 490/548/501 486/544/497
f 488/546/499 494/552/505 479/537/490
f 471/528/483 487/545/498 492/550/503
f 487/545/498 478/536/489 494/552/505
f 431/529/441 469/526/481 496/554/507
f 466/522/477 485/543/496 495/553/506
f 490/548/501 440/495/450 481/539/492
f 475/533/486 498/556/508 482/540/493
f 499/557/509 441/496/451 451/506/461
f 453/558/463 500/559/510 449/532/459
f 473/531/485 501/560/511 483/541/494
f 502/561/512 463/519/474 482/540/493
f 493/551/504 484/542/495 429/482/437
f 489/547/500 483/541/494 501/560/511
f 449/532/459 503/562/513 470/527/482
f 504/563/514 425/525/480 468/524/479
f 451/506/461 463/519/474 505/564/515
f 472/530/484 506/565/516 485/543/496
f 465/555/476 507/566/517 453/558/463
f 425/525/480 504/563/514 474/567/518
f 494/552/505 488/546/499 508/568/519
f 506/565/516 472/530/484 489/547/500
f 480/538/491 509/569/520 488/546/499
f 511/570/521 444/499/454 486/544/497
f 475/533/486 492/550/503 498/556/508
f 494/552/505 512/571/522 487/545/498
f 511/570/521 476/534/487 444/499/454
f 512/571/522 492/550/503 487/545/498
f 508/568/519 512/571/522 494/552/505
f 509/569/520 480/538/491 495/553/506
f 430/485/440 513/572/523 468/524/479
f 513/572/523 430/485/440 476/534/487
f 514/573/524 481/539/492 441/496/451
f 502/561/512 482/540/493 498/556/508
f 501/560/511 473/531/485 515/574/525
f 506/565/516 489/547/500 501/560/511
f 502/561/512 505/564/515 463/519/474
f 488/546/499 516/575/526 508/568/519
f 503/562/513 449/532/459 500/559/510
f 505/564/515 499/557/509 451/506/461
f 485/543/496 517/576/527 495/553/506
f 518/577/528 473/531/485 491/549/502
f 512/571/522 508/568/519 519/578/529
f 496/554/507 520/579/530 465/555/476
f 514/573/524 441/496/451 499/557/509
f 492/550/503 512/571/522 521/580/531
f 470/527/482 523/581/532 491/549/502
f 516/575/526 488/546/499 509/569/520
f 517/576/527 485/543/496 506/565/516
f 500/559/510 453/558/463 507/566/517
f 498/556/508 492/550/503 521/580/531
f 473/531/485 518/577/528 515/574/525
f 507/566/517 465/555/476 520/579/530
f 524/582/533 469/526/481 484/542/495
f 519/578/529 521/580/531 512/571/522
f 525/583/534 486/544/497 490/548/501
f 526/584/535 506/565/516 501/560/511
f 497/585/536 527/586/537 426/516/471
f 527/586/537 493/551/504 426/516/471
f 490/548/501 481/539/492 525/583/534
f 523/581/532 470/527/482 503/562/513
f 515/574/525 526/584/535 501/560/511
f 508/568/519 528/587/538 519/578/529
f 529/588/539 502/561/512 498/556/508
f 524/582/533 496/554/507 469/526/481
f 521/580/531 529/588/539 498/556/508
f 495/553/506 530/589/540 509/569/520
f 528/587/538 508/568/519 516/575/526
f 525/583/534 511/570/521 486/544/497
f 530/589/540 495/553/506 517/576/527
f 521/580/531 519/578/529 531/590/541
f 491/549/502 532/591/542 518/577/528
f 533/592/543 506/565/516 526/584/535
f 526/584/535 515/574/525 534/593/544
f 506/565/516 533/592/543 517/576/527
f 525/583/534 481/539/492 514/573/524
f 493/551/504 535/594/545 484/542/495
f 529/588/539 521/580/531 531/590/541
f 518/577/528 534/593/544 515/574/525
f 528/587/538 531/590/541 519/578/529
f 532/591/542 491/549/502 523/581/532
f 509/569/520 536/595/546 516/575/526
f 529/588/539 537/596/547 502/561/512
f 536/595/546 509/569/520 530/589/540
f 474/567/518 538/597/548 510/598/549
f 502/561/512 539/599/550 505/564/515
f 536/595/546 528/587/538 516/575/526
f 531/590/541 540/600/551 529/588/539
f 499/557/509 505/564/515 541/601/552
f 542/602/553 476/534/487 511/570/521
f 535/594/545 524/582/533 484/542/495
f 534/593/544 518/577/528 543/603/554
f 531/590/541 528/587/538 544/604/555
f 545/605/556 526/584/535 534/593/544
f 540/600/551 537/596/547 529/588/539
f 532/591/542 543/603/554 518/577/528
f 517/576/527 546/606/557 530/589/540
f 538/597/548 474/567/518 504/563/514
f 526/584/535 545/605/556 533/592/543
f 546/606/557 517/576/527 533/592/543
f 539/599/550 502/561/512 537/596/547
f 513/572/523 476/534/487 542/602/553
f 547/607/558 503/562/513 500/559/510
f 522/608/559 548/609/560 497/585/536
f 507/566/517 547/607/558 500/559/510
f 544/604/555 540/600/551 531/590/541
f 536/595/546 544/604/555 528/587/538
f 503/562/513 549/610/561 523/581/532
f 496/554/507 550/611/562 520/579/530
f 551/612/563 468/524/479 513/572/523
f 468/524/479 551/612/563 504/563/514
f 520/579/530 552/613/564 507/566/517
f 510/598/549 548/609/560 522/608/559
f 524/582/533 553/614/565 496/554/507
f 543/603/554 545/605/556 534/593/544
f 499/557/509 554/615/566 514/573/524
f 549/610/561 532/591/542 523/581/532
f 543/603/554 532/591/542 555/616/567
f 530/589/540 556/617/568 536/595/546
f 548/609/560 527/586/537 497/585/536
f 539/599/550 541/601/552 505/564/515
f 556/617/568 530/589/540 546/606/557
f 537/596/547 540/600/551 557/618/569
f 540/600/551 544/604/555 557/618/569
f 536/595/546 557/618/569 544/604/555
f 558/619/570 533/592/543 545/605/556
f 533/592/543 558/619/570 546/606/557
f 532/591/542 549/610/561 555/616/567
f 545/605/556 543/603/554 559/620/571
f 560/621/572 511/570/521 525/583/534
f 549/610/561 503/562/513 561/622/573
f 554/615/566 499/557/509 541/601/552
f 550/611/562 496/554/507 553/614/565
f 555/616/567 559/620/571 543/603/554
f 503/562/513 547/607/558 561/622/573
f 514/573/524 560/621/572 525/583/534
f 557/618/569 536/595/546 556/617/568
f 562/623/574 493/551/504 527/586/537
f 547/607/558 507/566/517 552/613/564
f 493/551/504 562/623/574 535/594/545
f 563/624/575 539/599/550 537/596/547
f 548/609/560 510/598/549 538/597/548
f 552/613/564 520/579/530 550/611/562
f 557/618/569 564/625/576 537/596/547
f 564/625/576 563/624/575 537/596/547
f 546/606/557 565/626/577 556/617/568
f 566/627/578 545/605/556 559/620/571
f 559/620/571 555/616/567 567/628/579
f 565/626/577 546/606/557 558/619/570
f 545/605/556 566/627/578 558/619/570
f 567/628/579 555/616/567 549/610/561
f 511/570/521 560/621/572 542/602/553
f 556/617/568 564/625/576 557/618/569
f 524/582/533 535/594/545 568/629/580
f 564/625/576 556/617/568 565/626/577
f 560/621/572 514/573/524 554/615/566
f 569/630/581 539/599/550 563/624/575
f 541/601/552 539/599/550 570/631/582
f 561/622/573 571/632/583 549/610/561
f 572/633/584 559/620/571 567/628/579
f 567/628/579 549/610/561 571/632/583
f 559/620/571 572/633/584 566/627/578
f 558/619/570 573/634/585 565/626/577
f 573/634/585 558/619/570 566/627/578
f 563/624/575 564/625/576 574/635/586
f 524/582/533 575/636/587 553/614/565
f 547/607/558 576/637/588 561/622/573
f 565/626/577 574/635/586 564/625/576
f 504/563/514 577/638/589 538/597/548
f 578/639/590 513/572/523 542/602/553
f 572/633/584 567/628/579 571/632/583
f 570/631/582 554/615/566 541/601/552
f 552/613/564 579/640/591 547/607/558
f 569/630/581 570/631/582 539/599/550
f 574/635/586 565/626/577 573/634/585
f 580/641/592 563/624/575 574/635/586
f 571/632/583 561/622/573 576/637/588
f 566/627/578 581/642/593 573/634/585
f 580/641/592 569/630/581 563/624/575
f 582/643/594 527/586/537 548/609/560
f 581/642/593 566/627/578 572/633/584
f 577/638/589 504/563/514 551/612/563
f 551/612/563 513/572/523 578/639/590
f 550/611/562 583/644/595 552/613/564
f 575/636/587 524/582/533 568/629/580
f 571/632/583 584/645/596 572/633/584
f 574/635/586 573/634/585 585/646/597
f 553/614/565 586/647/598 550/611/562
f 576/637/588 547/607/558 579/640/591
f 585/646/597 573/634/585 581/642/593
f 548/609/560 538/597/548 582/643/594
f 581/642/593 572/633/584 584/645/596
f 580/641/592 574/635/586 585/646/597
f 584/645/596 571/632/583 576/637/588
f 527/586/537 582/643/594 562/623/574
f 584/645/596 585/646/597 581/642/593
f 579/640/591 552/613/564 583/644/595
f 535/594/545 587/648/599 568/629/580
f 587/648/599 535/594/545 562/623/574
f 588/649/600 569/630/581 580/641/592
f 589/650/601 580/641/592 585/646/597
f 584/645/596 589/650/601 585/646/597
f 576/637/588 589/650/601 584/645/596
f 583/644/595 550/611/562 586/647/598
f 590/651/602 542/602/553 560/621/572
f 586/647/598 553/614/565 575/636/587
f 554/615/566 570/631/582 591/652/603
f 570/631/582 569/630/581 592/653/604
f 590/651/602 560/621/572 554/615/566
f 582/643/594 538/597/548 577/638/589
f 588/649/600 580/641/592 589/650/601
f 593/654/605 576/637/588 579/640/591
f 576/637/588 593/654/605 589/650/601
f 588/649/600 592/653/604 569/630/581
f 578/639/590 542/602/553 590/651/602
f 594/655/606 579/640/591 583/644/595
f 589/650/601 593/654/605 588/649/600
f 590/651/602 554/615/566 591/652/603
f 592/653/604 591/652/603 570/631/582
f 579/640/591 594/655/606 593/654/605
f 577/638/589 551/612/563 595/656/607
f 595/656/607 551/612/563 578/639/590
f 596/657/608 575/636/587 568/629/580
f 593/654/605 597/658/609 588/649/600
f 592/653/604 588/649/600 597/658/609
f 583/644/595 586/647/598 598/659/610
f 599/660/611 562/623/574 582/643/594
f 575/636/587 598/659/610 586/647/598
f 594/655/606 583/644/595 598/659/610
f 587/648/599 596/657/608 568/629/580
f 597/658/609 593/654/605 594/655/606
f 562/623/574 599/660/611 587/648/599
f 577/638/589 599/660/611 582/643/594
f 600/661/612 591/652/603 592/653/604
f 597/658/609 600/661/612 592/653/604
f 590/651/602 591/652/603 600/661/612
f 598/659/610 575/636/587 596/657/608
f 594/655/606 601/662/613 597/658/609
f 602/663/614 578/639/590 590/651/602
f 599/660/611 577/638/589 595/656/607
f 598/659/610 601/662/613 594/655/606
f 578/639/590 602/663/614 595/656/607
f 600/661/612 597/658/609 601/662/613
f 602/663/614 590/651/602 600/661/612
f 596/657/608 601/662/613 598/659/610
f 587/648/599 603/664/615 596/657/608
f 603/664/615 587/648/599 599/660/611
f 601/662/613 602/663/614 600/661/612
f 603/664/615 599/660/611 595/656/607
f 601/662/613 596/657/608 603/664/615
f 603/664/615 595/656/607 602/663/614
f 602/663/614 601/662/613 603/664/615
f 1/1/1 3/3/3 604/665/616
f 604/665/616 605/666/617 1/1/1
f 605/666/617 604/665/616 606/667/618
f 6/6/6 1/1/1 605/666/617
f 607/668/619 605/666/617 606/667/618
f 605/666/617 608/669/620 6/6/6
f 608/669/620 605/666/617 607/668/619
f 609/670/621 608/669/620 607/668/619
f 607/668/619 610/671/622 609/670/621
f 13/11/11 12/13/13 611/672/623
f 611/672/623 613/673/624 13/11/11
f 612/674/625 613/673/624 611/672/623
f 614/675/626 17/17/17 13/11/11
f 613/673/624 614/675/626 13/11/11
f 606/667/618 614/675/626 613/673/624
f 613/673/624 607/668/619 606/667/618
f 615/676/627 607/668/619 613/673/624
f 612/674/625 615/676/627 613/673/624
f 615/676/627 610/671/622 607/668/619
f 19/19/19 616/677/628 20/20/20
f 21/22/22 20/20/20 616/677/628
f 23/23/23 21/22/22 617/678/629
f 618/679/630 19/19/19 22/26/26
f 616/677/628 617/678/629 21/22/22
f 23/23/23 619/680/631 25/27/27
f 19/19/19 618/679/630 616/677/628
f 617/678/629 619/680/631 23/23/23
f 620/681/632 25/27/27 619/680/631
f 25/27/27 620/681/632 29/682/30
f 22/26/26 621/683/633 618/679/630
f 622/684/634 617/678/629 616/677/628
f 623/685/635 619/680/631 617/678/629
f 621/683/633 22/26/26 17/34/17
f 624/686/636 29/682/30 620/681/632
f 620/681/632 619/680/631 623/685/635
f 29/682/30 624/686/636 34/687/35
f 617/678/629 622/684/634 623/685/635
f 624/686/636 620/681/632 625/688/637
f 618/679/630 626/689/638 616/677/628
f 625/688/637 620/681/632 623/685/635
f 616/677/628 627/690/639 622/684/634
f 624/686/636 628/691/640 34/687/35
f 629/692/641 624/686/636 625/688/637
f 616/677/628 626/689/638 627/690/639
f 628/691/640 624/686/636 629/692/641
f 630/693/642 623/685/635 622/684/634
f 631/694/643 625/688/637 623/685/635
f 44/695/43 34/687/35 628/691/640
f 36/696/44 41/697/45 631/694/643
f 37/698/46 36/696/44 632/699/644
f 623/685/635 630/693/642 631/694/643
f 631/694/643 630/693/642 36/696/44
f 632/699/644 36/696/44 630/693/642
f 625/688/637 633/700/645 629/692/641
f 622/684/634 632/699/644 630/693/642
f 629/692/641 634/701/646 628/691/640
f 633/700/645 625/688/637 631/694/643
f 41/697/45 46/702/50 633/700/645
f 632/699/644 622/684/634 627/690/639
f 633/700/645 631/694/643 41/697/45
f 44/695/43 628/691/640 634/701/646
f 618/679/630 621/683/633 635/703/647
f 42/704/52 37/698/46 636/705/648
f 637/706/649 634/701/646 629/692/641
f 49/707/55 44/695/43 634/701/646
f 636/705/648 37/698/46 632/699/644
f 46/702/50 52/708/56 637/706/649
f 629/692/641 633/700/645 637/706/649
f 637/706/649 633/700/645 46/702/50
f 634/701/646 637/706/649 49/707/55
f 49/707/55 637/706/649 52/708/56
f 17/34/17 614/709/626 621/683/633
f 627/690/639 636/705/648 632/699/644
f 635/703/647 626/689/638 618/679/630
f 636/705/648 627/690/639 626/689/638
f 638/710/650 54/711/58 42/704/52
f 42/704/52 636/705/648 638/710/650
f 626/689/638 638/710/650 636/705/648
f 55/712/59 54/711/58 638/710/650
f 639/713/651 638/710/650 626/689/638
f 639/713/651 55/712/59 638/710/650
f 60/714/61 55/712/59 639/713/651
f 635/703/647 639/713/651 626/689/638
f 606/715/618 635/703/647 621/683/633
f 60/714/61 639/713/651 3/716/3
f 621/683/633 614/709/626 606/715/618
f 640/717/652 3/716/3 639/713/651
f 635/703/647 640/717/652 639/713/651
f 3/716/3 640/717/652 604/718/616
f 635/703/647 606/715/618 604/718/616 640/717/652
f 63/68/63 611/672/623 12/13/13
f 641/719/653 63/68/63 64/70/65
f 641/719/653 611/672/623 63/68/63
f 642/720/654 64/70/65 65/72/67
f 64/70/65 642/720/654 641/719/653
f 643/721/655 65/72/67 67/74/69
f 65/72/67 643/721/655 642/720/654
f 611/672/623 641/719/653 612/674/625
f 642/720/654 644/722/656 641/719/653
f 67/74/69 645/723/657 643/721/655
f 641/719/653 644/722/656 612/674/625
f 642/720/654 643/721/655 646/724/658
f 646/724/658 644/722/656 642/720/654
f 647/725/659 67/74/69 71/79/74
f 647/725/659 645/723/657 67/74/69
f 648/726/660 643/721/655 645/723/657
f 643/721/655 648/726/660 646/724/658
f 6/6/6 608/669/620 649/727/661
f 649/727/661 74/82/77 6/6/6
f 645/723/657 650/728/662 648/726/660
f 651/729/663 612/674/625 644/722/656
f 650/728/662 645/723/657 647/725/659
f 644/722/656 646/724/658 652/730/664
f 612/674/625 651/729/663 615/676/627
f 71/79/74 77/87/82 653/731/665
f 653/731/665 647/725/659 71/79/74
f 646/724/658 648/726/660 654/732/666
f 644/722/656 652/730/664 651/729/663
f 647/725/659 655/733/667 650/728/662
f 654/732/666 652/730/664 646/724/658
f 656/734/668 648/726/660 650/728/662
f 649/727/661 79/91/86 74/82/77
f 653/735/665 77/94/82 83/93/87
f 610/671/622 615/676/627 657/736/669
f 651/729/663 657/736/669 615/676/627
f 648/726/660 658/737/670 654/732/666
f 648/726/660 656/734/668 658/737/670
f 659/738/671 655/733/667 647/725/659
f 650/728/662 655/733/667 660/739/672
f 659/738/671 647/725/659 653/731/665
f 661/740/673 649/727/661 608/669/620
f 660/739/672 656/734/668 650/728/662
f 608/669/620 609/670/621 661/740/673
f 83/93/87 662/741/674 653/735/665
f 663/742/675 652/730/664 654/732/666
f 651/729/663 652/730/664 664/743/676
f 665/744/677 609/670/621 610/671/622
f 649/727/661 666/745/678 79/91/86
f 662/741/674 659/746/671 653/735/665
f 657/736/669 667/747/679 610/671/622
f 657/736/669 651/729/663 664/743/676
f 658/737/670 656/734/668 668/748/680
f 669/749/681 660/739/672 655/733/667
f 652/730/664 663/742/675 664/743/676
f 659/738/671 669/749/681 655/733/667
f 654/732/666 658/737/670 670/750/682
f 660/739/672 671/751/683 656/734/668
f 665/744/677 610/671/622 667/747/679
f 672/752/684 662/741/674 83/93/87
f 672/752/684 83/93/87 95/112/104
f 666/745/678 649/727/661 661/740/673
f 668/748/680 656/734/668 671/751/683
f 666/745/678 93/113/105 79/91/86
f 654/732/666 670/750/682 663/742/675
f 609/670/621 665/744/677 661/740/673
f 671/751/683 660/739/672 669/749/681
f 673/753/685 659/746/671 662/741/674
f 668/748/680 674/754/686 658/737/670
f 668/748/680 671/751/683 675/755/687
f 673/753/685 669/756/681 659/746/671
f 658/737/670 674/754/686 670/750/682
f 675/755/687 676/757/688 668/748/680
f 664/743/676 677/758/689 657/736/669
f 657/736/669 677/758/689 667/747/679
f 669/749/681 678/759/690 671/751/683
f 679/760/691 675/755/687 671/751/683
f 674/754/686 668/748/680 676/757/688
f 671/751/683 678/759/690 679/760/691
f 681/761/692 664/743/676 663/742/675
f 676/757/688 680/762/693 674/754/686
f 682/763/694 673/753/685 662/741/674
f 666/745/678 683/764/695 93/113/105
f 684/765/696 669/756/681 673/753/685
f 662/741/674 672/752/684 682/763/694
f 663/742/675 670/750/682 681/761/692
f 665/744/677 685/766/697 661/740/673
f 661/740/673 686/767/698 666/745/678
f 678/768/690 669/756/681 684/765/696
f 667/747/679 687/769/699 665/744/677
f 688/770/700 672/752/684 95/112/104
f 674/754/686 680/762/693 689/771/701
f 688/770/700 95/112/104 112/133/123
f 690/772/702 679/773/691 678/768/690
f 691/774/703 670/750/682 674/754/686
f 683/764/695 666/745/678 686/767/698
f 667/747/679 677/758/689 692/775/704
f 686/767/698 661/740/673 685/766/697
f 685/766/697 665/744/677 687/769/699
f 689/771/701 693/776/705 674/754/686
f 684/765/696 694/777/706 678/768/690
f 695/778/707 677/758/689 664/743/676
f 696/779/708 684/765/696 673/753/685
f 697/780/709 114/143/132 93/113/105
f 673/753/685 682/763/694 696/779/708
f 93/113/105 683/764/695 697/780/709
f 687/769/699 667/747/679 692/775/704
f 678/768/690 694/777/706 690/772/702
f 674/754/686 693/776/705 691/774/703
f 664/743/676 681/761/692 695/778/707
f 682/763/694 672/752/684 688/770/700
f 698/781/710 681/761/692 670/750/682
f 696/779/708 694/777/706 684/765/696
f 700/782/711 693/776/705 689/771/701
f 670/750/682 691/774/703 698/781/710
f 689/771/701 699/783/712 700/782/711
f 686/767/698 702/784/713 683/764/695
f 690/772/702 694/777/706 701/785/714
f 685/766/697 703/786/715 686/767/698
f 696/779/708 682/763/694 704/787/716
f 688/770/700 704/787/716 682/763/694
f 705/788/717 133/152/141 114/143/132
f 687/769/699 706/789/718 685/766/697
f 707/790/719 691/774/703 693/776/705
f 700/782/711 699/783/712 708/791/720
f 693/776/705 700/782/711 707/790/719
f 709/792/721 692/775/704 677/758/689
f 114/143/132 697/780/709 705/788/717
f 710/793/722 701/785/714 694/777/706
f 709/792/721 677/758/689 695/778/707
f 703/786/715 702/784/713 686/767/698
f 692/775/704 711/794/723 687/769/699
f 708/791/720 712/795/724 700/782/711
f 694/777/706 696/779/708 713/796/725
f 715/797/726 688/770/700 112/133/123
f 706/789/718 703/786/715 685/766/697
f 716/798/727 697/780/709 683/764/695
f 714/799/728 701/785/714 710/793/722
f 718/800/729 695/778/707 681/761/692
f 683/764/695 702/784/713 716/798/727
f 712/795/724 708/791/720 717/801/730
f 713/796/725 710/793/722 694/777/706
f 681/761/692 698/781/710 718/800/729
f 706/789/718 687/769/699 711/794/723
f 713/796/725 696/779/708 704/787/716
f 133/152/141 721/802/731 140/168/155
f 700/782/711 712/795/724 722/803/732
f 717/801/730 723/804/733 712/795/724
f 710/793/722 724/805/734 714/799/728
f 725/806/735 698/781/710 691/774/703
f 722/803/732 707/790/719 700/782/711
f 723/807/733 717/808/730 719/809/736
f 691/774/703 707/790/719 725/806/735
f 726/810/737 720/811/738 714/799/728
f 715/797/726 112/133/123 147/177/164
f 705/788/717 721/802/731 133/152/141
f 727/812/739 719/809/736 720/811/738
f 714/799/728 724/805/734 726/810/737
f 719/809/736 727/812/739 723/807/733
f 703/786/715 728/813/740 702/784/713
f 720/811/738 726/810/737 727/812/739
f 729/814/741 704/787/716 688/770/700
f 712/795/724 723/804/733 730/815/742
f 731/816/743 705/788/717 697/780/709
f 732/817/744 724/805/734 710/793/722
f 706/789/718 733/818/745 703/786/715
f 734/819/746 711/794/723 692/775/704
f 710/793/722 713/796/725 732/817/744
f 697/780/709 716/798/727 731/816/743
f 730/815/742 722/803/732 712/795/724
f 709/792/721 734/819/746 692/775/704
f 730/820/742 723/807/733 727/812/739
f 735/821/747 159/188/174 140/168/155
f 711/794/723 736/822/748 706/789/718
f 728/813/740 703/786/715 733/818/745
f 140/168/155 721/802/731 735/821/747
f 737/823/749 709/792/721 695/778/707
f 738/824/750 726/810/737 724/805/734
f 726/810/737 739/825/751 727/812/739
f 740/826/752 716/798/727 702/784/713
f 695/778/707 718/800/729 737/823/749
f 741/827/753 707/790/719 722/803/732
f 729/814/741 688/770/700 715/797/726
f 742/828/754 718/800/729 698/781/710
f 725/806/735 707/790/719 741/827/753
f 702/784/713 728/813/740 740/826/752
f 742/828/754 698/781/710 725/806/735
f 724/805/734 732/817/744 743/829/755
f 736/822/748 733/818/745 706/789/718
f 727/812/739 739/825/751 730/820/742
f 744/830/756 721/802/731 705/788/717
f 745/831/757 713/796/725 704/787/716
f 724/805/734 743/829/755 738/824/750
f 739/825/751 726/810/737 738/824/750
f 741/827/753 722/803/732 730/815/742
f 705/788/717 731/816/743 744/830/756
f 746/832/758 176/201/186 159/188/174
f 733/818/745 747/833/759 728/813/740
f 159/188/174 735/821/747 746/832/758
f 704/787/716 729/814/741 745/831/757
f 748/834/760 731/816/743 716/798/727
f 715/797/726 147/177/164 183/204/189
f 749/835/761 732/817/744 713/796/725
f 750/836/762 736/822/748 711/794/723
f 751/837/763 730/820/742 739/825/751
f 716/798/727 740/826/752 748/834/760
f 752/838/764 735/821/747 721/802/731
f 711/794/723 734/819/746 750/836/762
f 730/815/742 751/839/763 741/827/753
f 736/822/748 753/840/765 733/818/745
f 725/806/735 741/827/753 754/841/766
f 721/802/731 744/830/756 752/838/764
f 754/841/766 742/828/754 725/806/735
f 755/842/767 734/819/746 709/792/721
f 756/843/768 743/829/755 732/817/744
f 709/792/721 737/823/749 755/842/767
f 757/844/769 718/800/729 742/828/754
f 758/845/770 740/826/752 728/813/740
f 759/846/771 739/825/751 738/824/750
f 757/844/769 737/823/749 718/800/729
f 746/832/758 187/216/201 176/201/186
f 747/833/759 733/818/745 753/840/765
f 738/824/750 743/829/755 760/847/772
f 713/796/725 745/831/757 749/835/761
f 728/813/740 747/833/759 758/845/770
f 761/848/773 744/830/756 731/816/743
f 739/825/751 759/846/771 751/837/763
f 746/832/758 735/821/747 752/838/764
f 754/841/766 741/827/753 751/839/763
f 753/840/765 736/822/748 750/836/762
f 731/816/743 748/834/760 761/848/773
f 762/849/774 729/814/741 715/797/726
f 732/817/744 749/835/761 756/843/768
f 738/824/750 760/847/772 759/846/771
f 760/847/772 743/829/755 756/843/768
f 183/204/189 762/849/774 715/797/726
f 752/838/764 744/830/756 761/848/773
f 746/832/758 763/850/775 187/216/201
f 764/851/776 748/834/760 740/826/752
f 753/840/765 765/852/777 747/833/759
f 763/850/775 204/224/208 187/216/201
f 740/826/752 758/845/770 764/851/776
f 752/838/764 766/853/778 746/832/758
f 751/839/763 767/854/779 754/841/766
f 767/855/779 751/837/763 759/846/771
f 754/841/766 768/856/780 742/828/754
f 769/857/781 750/836/762 734/819/746
f 768/856/780 757/844/769 742/828/754
f 769/857/781 734/819/746 755/842/767
f 745/831/757 729/814/741 770/858/782
f 750/836/762 771/859/783 753/840/765
f 772/860/784 737/823/749 757/844/769
f 772/860/784 755/842/767 737/823/749
f 773/861/785 758/845/770 747/833/759
f 761/848/773 774/862/786 752/838/764
f 775/863/787 729/814/741 762/849/774
f 765/852/777 753/840/765 771/859/783
f 776/864/788 761/848/773 748/834/760
f 747/833/759 765/852/777 773/861/785
f 759/846/771 760/847/772 777/865/789
f 778/866/790 763/850/775 746/832/758
f 774/862/786 766/853/778 752/838/764
f 763/850/775 779/867/791 204/224/208
f 746/832/758 766/853/778 778/866/790
f 768/856/780 754/841/766 767/854/779
f 780/868/792 749/835/761 745/831/757
f 759/846/771 777/865/789 767/855/779
f 748/834/760 764/851/776 776/864/788
f 762/849/774 183/204/189 212/241/224
f 781/869/793 760/847/772 756/843/768
f 771/859/783 750/836/762 769/857/781
f 770/858/782 729/814/741 775/863/787
f 782/870/794 756/843/768 749/835/761
f 779/867/791 214/244/227 204/224/208
f 774/862/786 761/848/773 776/864/788
f 769/857/781 755/842/767 772/860/784
f 783/871/795 764/851/776 758/845/770
f 781/869/793 777/865/789 760/847/772
f 774/862/786 784/872/796 766/853/778
f 771/859/783 785/873/797 765/852/777
f 745/831/757 770/858/782 780/868/792
f 758/845/770 773/861/785 783/871/795
f 763/850/775 786/874/798 779/867/791
f 757/844/769 768/856/780 787/875/799
f 773/861/785 765/852/777 785/873/797
f 767/854/779 788/876/800 768/856/780
f 788/877/800 767/855/779 777/865/789
f 756/843/768 782/870/794 781/869/793
f 787/875/799 772/860/784 757/844/769
f 749/835/761 780/868/792 782/870/794
f 778/866/790 786/874/798 763/850/775
f 779/867/791 789/878/801 214/244/227
f 775/863/787 762/849/774 790/879/802
f 769/857/781 791/880/803 771/859/783
f 776/864/788 792/881/804 774/862/786
f 212/241/224 790/879/802 762/849/774
f 793/882/805 778/866/790 766/853/778
f 794/883/806 776/864/788 764/851/776
f 785/873/797 771/859/783 791/880/803
f 772/860/784 795/884/807 769/857/781
f 766/853/778 784/872/796 793/882/805
f 764/851/776 783/871/795 794/883/806
f 787/875/799 768/856/780 788/876/800
f 781/869/793 796/885/808 777/865/789
f 797/886/809 784/872/796 774/862/786
f 785/873/797 798/887/810 773/861/785
f 795/884/807 791/880/803 769/857/781
f 777/865/789 796/885/808 788/877/800
f 783/871/795 773/861/785 798/887/810
f 774/862/786 792/881/804 797/886/809
f 770/858/782 775/863/787 799/888/811
f 795/884/807 772/860/784 787/875/799
f 779/867/791 800/889/812 789/878/801
f 786/874/798 800/889/812 779/867/791
f 790/879/802 212/241/224 238/264/246
f 214/244/227 789/878/801 801/890/813
f 790/879/802 799/888/811 775/863/787
f 802/891/814 781/869/793 782/870/794
f 803/892/815 792/881/804 776/864/788
f 791/880/803 804/893/816 785/873/797
f 805/894/817 786/874/798 778/866/790
f 780/868/792 770/858/782 806/895/818
f 801/890/813 242/271/253 214/244/227
f 776/864/788 794/883/806 803/892/815
f 798/887/810 785/873/797 804/893/816
f 782/870/794 780/868/792 807/896/819
f 778/866/790 793/882/805 805/894/817
f 788/876/800 808/897/820 787/875/799
f 802/891/814 796/885/808 781/869/793
f 798/887/810 809/898/821 783/871/795
f 794/883/806 783/871/795 809/898/821
f 810/899/822 791/880/803 795/884/807
f 808/900/820 788/877/800 796/885/808
f 799/888/811 806/895/818 770/858/782
f 787/875/799 811/901/823 795/884/807
f 812/902/824 793/882/805 784/872/796
f 810/899/822 804/893/816 791/880/803
f 238/264/246 813/903/825 790/879/802
f 784/872/796 797/886/809 812/902/824
f 782/870/794 807/896/819 802/891/814
f 799/888/811 790/879/802 813/903/825
f 806/895/818 814/904/826 780/868/792
f 811/901/823 787/875/799 808/897/820
f 814/904/826 807/896/819 780/868/792
f 811/901/823 810/899/822 795/884/807
f 815/905/827 797/886/809 792/881/804
f 804/893/816 816/906/828 798/887/810
f 809/898/821 798/887/810 816/906/828
f 789/878/801 800/889/812 817/907/829
f 809/898/821 818/908/830 794/883/806
f 819/909/831 800/889/812 786/874/798
f 792/881/804 803/892/815 815/905/827
f 803/892/815 794/883/806 818/908/830
f 786/874/798 805/894/817 819/909/831
f 817/907/829 801/890/813 789/878/801
f 802/891/814 820/910/832 796/885/808
f 796/885/808 820/910/832 808/900/820
f 813/903/825 238/264/246 258/287/268
f 821/911/833 804/893/816 810/899/822
f 822/912/834 805/894/817 793/882/805
f 823/913/835 806/895/818 799/888/811
f 813/903/825 823/913/835 799/888/811
f 808/897/820 824/914/836 811/901/823
f 242/271/253 801/890/813 825/915/837
f 816/906/828 826/916/838 809/898/821
f 827/917/839 810/899/822 811/901/823
f 793/882/805 812/902/824 822/912/834
f 826/916/838 818/908/830 809/898/821
f 828/918/840 802/891/814 807/896/819
f 829/919/841 816/906/828 804/893/816
f 818/908/830 830/920/842 803/892/815
f 824/921/836 808/900/820 820/910/832
f 825/915/837 268/298/279 242/271/253
f 828/918/840 820/910/832 802/891/814
f 821/911/833 810/899/822 827/917/839
f 814/904/826 806/895/818 831/922/843
f 821/911/833 829/919/841 804/893/816
f 832/923/844 812/902/824 797/886/809
f 830/920/842 815/905/827 803/892/815
f 807/896/819 814/904/826 833/924/845
f 258/287/268 834/925/846 813/903/825
f 827/917/839 811/901/823 824/914/836
f 797/886/809 815/905/827 832/923/844
f 831/922/843 806/895/818 823/913/835
f 823/913/835 813/903/825 834/925/846
f 835/926/847 818/908/830 826/916/838
f 819/909/831 836/927/848 800/889/812
f 800/889/812 836/927/848 817/907/829
f 807/896/819 833/924/845 828/918/840
f 830/920/842 818/908/830 835/926/847
f 837/928/849 826/916/838 816/906/828
f 838/929/850 819/909/831 805/894/817
f 831/922/843 839/930/851 814/904/826
f 820/910/832 840/931/852 824/921/836
f 805/894/817 822/912/834 838/929/850
f 839/930/851 833/924/845 814/904/826
f 829/919/841 837/928/849 816/906/828
f 827/917/839 841/932/853 821/911/833
f 801/890/813 817/907/829 842/933/854
f 828/918/840 840/931/852 820/910/832
f 824/914/836 843/934/855 827/917/839
f 844/935/856 815/905/827 830/920/842
f 845/936/857 258/287/268 282/315/295
f 845/936/857 834/925/846 258/287/268
f 842/933/854 825/915/837 801/890/813
f 837/928/849 835/926/847 826/916/838
f 846/937/858 822/912/834 812/902/824
f 285/317/297 268/298/279 825/915/837
f 834/925/846 847/938/859 823/913/835
f 831/922/843 823/913/835 847/938/859
f 848/939/860 829/919/841 821/911/833
f 832/923/844 815/905/827 844/935/856
f 843/940/855 824/921/836 840/931/852
f 812/902/824 832/923/844 846/937/858
f 835/926/847 849/941/861 830/920/842
f 821/911/833 841/932/853 848/939/860
f 850/942/862 828/918/840 833/924/845
f 844/935/856 830/920/842 849/941/861
f 850/942/862 840/931/852 828/918/840
f 851/943/863 841/932/853 827/917/839
f 843/934/855 851/943/863 827/917/839
f 839/930/851 831/922/843 852/944/864
f 853/945/865 835/926/847 837/928/849
f 854/946/866 837/928/849 829/919/841
f 839/930/851 855/947/867 833/924/845
f 847/938/859 852/944/864 831/922/843
f 853/945/865 849/941/861 835/926/847
f 819/909/831 838/929/850 856/948/868
f 856/948/868 836/927/848 819/909/831
f 840/931/852 857/949/869 843/940/855
f 848/939/860 854/946/866 829/919/841
f 858/950/870 285/317/297 825/915/837
f 836/927/848 859/951/871 817/907/829
f 860/952/872 847/938/859 834/925/846
f 844/935/856 861/953/873 832/923/844
f 862/954/874 838/929/850 822/912/834
f 833/924/845 855/947/867 850/942/862
f 834/925/846 845/936/857 860/952/872
f 301/335/314 863/955/875 282/315/295
f 863/955/875 845/936/857 282/315/295
f 817/907/829 859/951/871 842/933/854
f 850/942/862 857/949/869 840/931/852
f 858/950/870 825/915/837 842/933/854
f 822/912/834 846/937/858 862/954/874
f 852/944/864 864/956/876 839/930/851
f 846/937/858 832/923/844 861/953/873
f 864/956/876 855/947/867 839/930/851
f 849/941/861 865/957/877 844/935/856
f 866/958/878 848/939/860 841/932/853
f 867/959/879 853/945/865 837/928/849
f 851/943/863 866/958/878 841/932/853
f 837/928/849 854/946/866 867/959/879
f 868/960/880 849/941/861 853/945/865
f 869/961/881 851/962/863 843/940/855
f 861/953/873 844/935/856 865/957/877
f 857/949/869 869/961/881 843/940/855
f 854/946/866 848/939/860 870/963/882
f 308/346/323 285/317/297 858/950/870
f 871/964/883 852/944/864 847/938/859
f 872/965/884 857/949/869 850/942/862
f 868/960/880 865/957/877 849/941/861
f 872/965/884 850/942/862 855/947/867
f 868/960/880 853/945/865 867/959/879
f 873/966/885 870/963/882 848/939/860
f 870/963/882 874/967/886 854/946/866
f 847/938/859 860/952/872 871/964/883
f 848/939/860 866/958/878 873/966/885
f 861/953/873 875/968/887 846/937/858
f 867/959/879 854/946/866 874/967/886
f 864/956/876 852/944/864 871/964/883
f 876/969/888 301/335/314 320/354/330
f 858/950/870 842/933/854 877/970/889
f 846/937/858 875/968/887 862/954/874
f 876/969/888 863/955/875 301/335/314
f 878/971/890 856/948/868 838/929/850
f 879/972/891 855/947/867 864/956/876
f 880/973/892 860/952/872 845/936/857
f 838/929/850 862/954/874 878/971/890
f 836/927/848 856/948/868 881/974/893
f 863/955/875 880/973/892 845/936/857
f 874/975/886 870/976/882 1149/977/894
f 877/970/889 842/933/854 859/951/871
f 881/974/893 859/951/871 836/927/848
f 882/978/895 866/979/878 851/962/863
f 855/947/867 879/972/891 872/965/884
f 874/967/886 883/980/896 867/959/879
f 870/976/882 873/981/885 1150/982/897
f 1150/983/897 1149/984/894 870/976/882
f 865/957/877 884/985/898 861/953/873
f 1149/984/894 1160/986/899 874/975/886
f 869/961/881 882/978/895 851/962/863
f 872/965/884 885/987/900 857/949/869
f 886/988/901 308/346/323 858/950/870
f 885/987/900 869/961/881 857/949/869
f 883/989/896 874/975/886 1160/990/899
f 887/991/902 865/957/877 868/960/880
f 871/964/883 888/992/903 864/956/876
f 867/959/879 889/993/904 868/960/880
f 890/994/905 873/981/885 866/979/878
f 320/354/330 327/375/348 876/969/888
f 864/956/876 888/992/903 879/972/891
f 875/968/887 861/953/873 884/985/898
f 1151/995/906 1150/983/897 873/981/885
f 886/988/901 858/950/870 877/970/889
f 889/993/904 867/959/879 883/980/896
f 1160/986/899 1159/996/907 883/989/896
f 891/997/908 862/954/874 875/968/887
f 866/979/878 882/978/895 890/994/905
f 884/985/898 865/957/877 887/991/902
f 873/981/885 890/994/905 1151/998/906
f 892/999/909 871/964/883 860/952/872
f 887/991/902 868/960/880 889/993/904
f 878/971/890 862/954/874 891/997/908
f 880/973/892 892/999/909 860/952/872
f 893/1000/910 883/989/896 1159/1001/907
f 338/384/354 308/386/323 886/1002/901
f 872/965/884 879/972/891 894/1003/911
f 859/951/871 895/1004/912 877/970/889
f 883/980/896 893/1005/910 889/993/904
f 327/375/348 352/389/357 876/969/888
f 863/955/875 876/969/888 896/1006/913
f 856/948/868 878/971/890 897/1007/914
f 896/1006/913 880/973/892 863/955/875
f 884/985/898 898/1008/915 875/968/887
f 897/1007/914 881/974/893 856/948/868
f 894/1003/911 885/987/900 872/965/884
f 895/1004/912 859/951/871 881/974/893
f 1151/995/906 890/994/905 1152/1009/916
f 899/1010/917 888/992/903 871/964/883
f 894/1003/911 879/972/891 888/992/903
f 900/1011/918 882/978/895 869/961/881
f 1159/996/907 1158/1012/919 893/1000/910
f 891/997/908 875/968/887 898/1008/915
f 885/987/900 900/1011/918 869/961/881
f 901/1013/920 890/994/905 882/978/895
f 1152/1014/916 890/994/905 901/1013/920
f 876/969/888 352/389/357 902/1015/921
f 892/999/909 899/1010/917 871/964/883
f 903/1016/922 889/993/904 893/1005/910
f 886/988/901 877/970/889 904/1017/923
f 889/993/904 905/1018/924 887/991/902
f 887/991/902 906/1019/925 884/985/898
f 891/997/908 907/1020/926 878/971/890
f 893/1000/910 1158/1021/919 908/1022/927
f 888/992/903 899/1010/917 894/1003/911
f 882/978/895 909/1023/928 901/1013/920
f 902/1015/921 896/1006/913 876/969/888
f 904/1017/923 877/970/889 895/1004/912
f 1153/1024/929 1152/1009/916 901/1013/920
f 893/1000/910 908/1022/927 903/1025/922
f 897/1007/914 878/971/890 907/1020/926
f 903/1016/922 905/1018/924 889/993/904
f 900/1011/918 909/1023/928 882/978/895
f 1157/1026/930 908/1022/927 1158/1012/919
f 910/1027/931 892/999/909 880/973/892
f 911/1028/932 338/384/354 886/1002/901
f 884/985/898 912/1029/933 898/1008/915
f 906/1019/925 887/991/902 905/1018/924
f 898/1008/915 913/1030/934 891/997/908
f 881/974/893 914/1031/935 895/1004/912
f 910/1027/931 880/973/892 896/1006/913
f 894/1003/911 915/1032/936 885/987/900
f 901/1013/920 916/1033/937 1153/1034/929
f 916/1033/937 901/1013/920 909/1023/928
f 913/1030/934 907/1020/926 891/997/908
f 912/1029/933 884/985/898 906/1019/925
f 881/974/893 897/1007/914 914/1031/935
f 915/1032/936 900/1011/918 885/987/900
f 911/1028/932 886/1002/901 904/1035/923
f 908/1022/927 1157/1036/930 917/1037/938
f 918/1038/939 903/1025/922 908/1022/927
f 899/1010/917 915/1032/936 894/1003/911
f 919/1039/940 899/1010/917 892/999/909
f 1154/1040/941 1153/1024/929 916/1033/937
f 907/1020/926 920/1041/942 897/1007/914
f 921/1042/943 896/1006/913 902/1015/921
f 902/1015/921 922/1043/944 921/1042/943
f 1157/1026/930 1156/1044/945 917/1037/938
f 923/1045/946 905/1018/924 903/1016/922
f 908/1022/927 917/1037/938 918/1038/939
f 900/1011/918 924/1046/947 909/1023/928
f 909/1023/928 925/1047/948 916/1033/937
f 916/1033/937 926/1048/949 1154/1049/941
f 892/999/909 910/1027/931 919/1039/940
f 367/434/395 338/384/354 911/1028/932
f 918/1038/939 923/1050/946 903/1025/922
f 917/1037/938 1156/1044/945 1155/1051/950
f 921/1042/943 922/1043/944 927/1052/951
f 905/1018/924 928/1053/952 906/1019/925
f 910/1027/931 896/1006/913 921/1042/943
f 895/1004/912 929/1054/953 904/1017/923
f 1155/1051/950 1154/1040/941 926/1048/949
f 926/1048/949 916/1033/937 925/1047/948
f 919/1039/940 915/1032/936 899/1010/917
f 1155/1055/950 930/1056/954 917/1037/938
f 931/1057/955 907/1020/926 913/1030/934
f 932/1058/956 913/1030/934 898/1008/915
f 931/1057/955 920/1041/942 907/1020/926
f 924/1046/947 900/1011/918 915/1032/936
f 918/1038/939 917/1037/938 930/1056/954
f 924/1046/947 925/1047/948 909/1023/928
f 933/1059/957 897/1007/914 920/1041/942
f 929/1054/953 895/1004/912 914/1031/935
f 932/1058/956 898/1008/915 912/1029/933
f 926/1048/949 930/1056/954 1155/1055/950
f 914/1031/935 897/1007/914 933/1059/957
f 928/1053/952 905/1018/924 923/1045/946
f 934/1060/958 912/1061/933 906/1062/925
f 935/1063/959 906/1062/925 928/1064/952
f 906/1062/925 935/1063/959 934/1060/958
f 930/1056/954 936/1065/960 918/1038/939
f 930/1056/954 926/1048/949 937/1066/961
f 938/1067/962 923/1050/946 918/1038/939
f 927/1052/951 939/1068/963 921/1042/943
f 937/1066/961 926/1048/949 925/1047/948
f 921/1042/943 940/1069/964 910/1027/931
f 941/1070/965 943/1071/966 942/1072/967
f 904/1035/923 944/1073/968 911/1028/932
f 942/1072/967 943/1071/966 945/1074/969
f 946/1075/970 942/1072/967 947/1076/971
f 942/1072/967 948/1077/972 941/1070/965
f 948/1077/972 942/1072/967 946/1075/970
f 939/1068/963 927/1052/951 949/1078/973
f 950/1079/974 920/1041/942 931/1057/955
f 947/1076/971 942/1072/967 945/1074/969
f 931/1057/955 913/1030/934 932/1058/956
f 951/1080/975 935/1063/959 946/1075/970
f 937/1066/961 936/1065/960 930/1056/954
f 915/1032/936 952/1081/976 924/1046/947
f 920/1041/942 950/1079/974 933/1059/957
f 953/1082/977 919/1039/940 910/1027/931
f 935/1063/959 951/1080/975 934/1060/958
f 947/1076/971 951/1080/975 946/1075/970
f 954/1083/978 912/1061/933 934/1060/958
f 955/1084/979 925/1047/948 924/1046/947
f 915/1032/936 919/1039/940 953/1082/977
f 943/1071/966 956/1085/980 945/1074/969
f 946/1075/970 957/1086/981 948/1077/972
f 923/1050/946 958/1087/982 928/1064/952
f 959/1088/983 946/1075/970 935/1063/959
f 960/1089/984 941/1070/965 948/1077/972
f 943/1071/966 941/1070/965 961/1090/985
f 928/1064/952 959/1088/983 935/1063/959
f 962/1091/986 951/1080/975 947/1076/971
f 918/1038/939 936/1065/960 963/1092/987
f 912/1061/933 954/1083/978 932/1093/956
f 944/1073/968 904/1035/923 929/1094/953
f 940/1069/964 921/1042/943 939/1068/963
f 964/1095/988 947/1076/971 945/1074/969
f 910/1027/931 940/1069/964 953/1082/977
f 951/1080/975 965/1096/989 934/1060/958
f 961/1090/985 956/1085/980 943/1071/966
f 962/1091/986 947/1076/971 964/1095/988
f 966/1097/990 948/1077/972 957/1086/981
f 959/1088/983 957/1086/981 946/1075/970
f 963/1092/987 938/1067/962 918/1038/939
f 965/1096/989 951/1080/975 962/1091/986
f 948/1077/972 966/1097/990 960/1089/984
f 953/1082/977 952/1081/976 915/1032/936
f 967/1098/991 367/434/395 911/1028/932
f 386/483/438 968/1099/992 371/484/439
f 934/1060/958 965/1096/989 954/1083/978
f 969/1100/993 914/1031/935 933/1059/957
f 968/1099/992 432/487/442 371/484/439
f 970/1101/994 923/1050/946 938/1067/962
f 945/1074/969 956/1085/980 971/1102/995
f 958/1087/982 959/1088/983 928/1064/952
f 969/1100/993 929/1054/953 914/1031/935
f 964/1095/988 945/1074/969 971/1102/995
f 941/1070/965 960/1089/984 972/1103/996
f 970/1101/994 958/1087/982 923/1050/946
f 957/1086/981 973/1104/997 966/1097/990
f 957/1086/981 959/1088/983 973/1104/997
f 974/1105/998 965/1096/989 962/1091/986
f 972/1103/996 961/1090/985 941/1070/965
f 975/1106/999 962/1091/986 964/1095/988
f 976/1107/1000 960/1089/984 966/1097/990
f 924/1046/947 952/1081/976 977/1108/1001
f 937/1066/961 925/1047/948 978/1109/1002
f 967/1098/991 911/1028/932 944/1073/968
f 954/1083/978 965/1096/989 979/1110/1003
f 932/1093/956 954/1083/978 980/1111/1004
f 977/1108/1001 955/1084/979 924/1046/947
f 981/1112/1005 939/1068/963 949/1078/973
f 961/1090/985 982/1113/1006 956/1085/980
f 974/1105/998 962/1091/986 975/1106/999
f 949/1078/973 983/1114/1007 981/1112/1005
f 984/1115/1008 966/1097/990 973/1104/997
f 985/1116/1009 959/1088/983 958/1087/982
f 956/1085/980 982/1113/1006 971/1102/995
f 986/1117/1010 950/1079/974 931/1057/955
f 955/1084/979 978/1109/1002 925/1047/948
f 985/1116/1009 973/1104/997 959/1088/983
f 932/1058/956 986/1117/1010 931/1057/955
f 939/1068/963 987/1118/1011 940/1069/964
f 979/1110/1003 965/1096/989 974/1105/998
f 966/1097/990 984/1115/1008 976/1107/1000
f 936/1065/960 937/1066/961 988/1119/1012
f 964/1095/988 971/1102/995 989/1120/1013
f 980/1111/1004 954/1083/978 979/1110/1003
f 975/1106/999 964/1095/988 989/1120/1013
f 933/1059/957 950/1079/974 990/1121/1014
f 991/1122/1015 432/487/442 968/1099/992
f 973/1104/997 992/1123/1016 984/1115/1008
f 976/1107/1000 993/1124/1017 960/1089/984
f 973/1104/997 985/1116/1009 992/1123/1016
f 994/1125/1018 953/1082/977 940/1069/964
f 993/1124/1017 972/1103/996 960/1089/984
f 981/1112/1005 983/1114/1007 995/1126/1019
f 994/1125/1018 952/1081/976 953/1082/977
f 996/1127/1020 985/1116/1009 958/1087/982
f 988/1119/1012 963/1092/987 936/1065/960
f 972/1103/996 997/1128/1021 961/1090/985
f 961/1090/985 997/1128/1021 982/1113/1006
f 426/516/471 367/434/395 967/1098/991
f 970/1101/994 996/1127/1020 958/1087/982
f 975/1106/999 998/1129/1022 974/1105/998
f 999/1130/1023 991/1122/1015 968/1099/992
f 1000/1131/1024 938/1067/962 963/1092/987
f 987/1118/1011 939/1068/963 981/1112/1005
f 1000/1131/1024 970/1101/994 938/1067/962
f 1001/1132/1025 976/1107/1000 984/1115/1008
f 994/1125/1018 940/1069/964 987/1118/1011
f 933/1059/957 1002/1133/1026 969/1100/993
f 996/1127/1020 992/1123/1016 985/1116/1009
f 982/1113/1006 1003/1134/1027 971/1102/995
f 979/1110/1003 974/1105/998 1004/1135/1028
f 1005/1136/1029 386/483/438 425/525/480
f 971/1102/995 1003/1134/1027 989/1120/1013
f 944/1073/968 929/1094/953 1006/1137/1030
f 932/1093/956 980/1111/1004 1007/1138/1031
f 1008/1139/1032 984/1115/1008 992/1123/1016
f 994/1125/1018 977/1108/1001 952/1081/976
f 1006/1137/1030 929/1094/953 969/1140/993
f 975/1106/999 989/1120/1013 1009/1141/1033
f 990/1121/1014 1002/1133/1026 933/1059/957
f 990/1121/1014 950/1079/974 986/1117/1010
f 1004/1135/1028 974/1105/998 998/1129/1022
f 984/1115/1008 1008/1139/1032 1001/1132/1025
f 978/1109/1002 988/1119/1012 937/1066/961
f 1010/1142/1034 980/1111/1004 979/1110/1003
f 1005/1136/1029 968/1099/992 386/483/438
f 1007/1138/1031 986/1143/1010 932/1093/956
f 992/1123/1016 996/1127/1020 1011/1144/1035
f 995/1126/1019 1013/1145/1036 1012/1146/1037
f 1009/1141/1033 998/1129/1022 975/1106/999
f 1014/1147/1038 993/1124/1017 976/1107/1000
f 1015/1148/1039 997/1128/1021 972/1103/996
f 993/1124/1017 1015/1148/1039 972/1103/996
f 976/1107/1000 1001/1132/1025 1014/1147/1038
f 1012/1146/1037 1013/1145/1036 999/1130/1023
f 997/1128/1021 1016/1149/1040 982/1113/1006
f 992/1123/1016 1011/1144/1035 1008/1139/1032
f 982/1113/1006 1016/1149/1040 1003/1134/1027
f 1017/1150/1041 955/1084/979 977/1108/1001
f 1018/1151/1042 996/1127/1020 970/1101/994
f 1004/1135/1028 1019/1152/1043 979/1110/1003
f 1012/1146/1037 981/1112/1005 995/1126/1019
f 1000/1131/1024 963/1092/987 988/1119/1012
f 944/1073/968 1020/1153/1044 967/1098/991
f 1017/1150/1041 978/1109/1002 955/1084/979
f 968/1099/992 1012/1146/1037 999/1130/1023
f 989/1120/1013 1003/1134/1027 1021/1154/1045
f 979/1110/1003 1019/1152/1043 1010/1142/1034
f 1000/1131/1024 1018/1151/1042 970/1101/994
f 981/1112/1005 1022/1155/1046 987/1118/1011
f 1018/1151/1042 1011/1144/1035 996/1127/1020
f 1014/1147/1038 1015/1148/1039 993/1124/1017
f 1021/1154/1045 1009/1141/1033 989/1120/1013
f 1023/1156/1047 1001/1132/1025 1008/1139/1032
f 1015/1148/1039 1024/1157/1048 997/1128/1021
f 1025/1158/1049 1004/1135/1028 998/1129/1022
f 1026/1159/1050 994/1125/1018 987/1118/1011
f 1024/1157/1048 1016/1149/1040 997/1128/1021
f 1026/1159/1050 977/1108/1001 994/1125/1018
f 1014/1147/1038 1001/1132/1025 1023/1156/1047
f 1020/1153/1044 944/1073/968 1006/1137/1030
f 998/1129/1022 1009/1141/1033 1025/1158/1049
f 1027/1160/1051 1007/1138/1031 980/1111/1004
f 980/1111/1004 1010/1142/1034 1027/1160/1051
f 1028/1161/1052 1008/1139/1032 1011/1144/1035
f 1019/1152/1043 1004/1135/1028 1025/1158/1049
f 1029/1162/1053 426/516/471 967/1098/991
f 1015/1148/1039 1014/1147/1038 1030/1163/1054
f 1031/1164/1055 1003/1134/1027 1016/1149/1040
f 1032/1165/1056 969/1140/993 1002/1166/1026
f 987/1118/1011 1022/1155/1046 1026/1159/1050
f 1024/1157/1048 1015/1148/1039 1030/1163/1054
f 1008/1139/1032 1028/1161/1052 1023/1156/1047
f 1023/1156/1047 1030/1163/1054 1014/1147/1038
f 969/1140/993 1032/1165/1056 1006/1137/1030
f 1003/1134/1027 1031/1164/1055 1021/1154/1045
f 1026/1159/1050 1017/1150/1041 977/1108/1001
f 1011/1144/1035 1018/1151/1042 1033/1167/1057
f 1034/1168/1058 988/1119/1012 978/1109/1002
f 990/1169/1014 986/1143/1010 1035/1170/1059
f 1010/1142/1034 1019/1152/1043 1036/1171/1060
f 1037/1172/1061 1018/1151/1042 1000/1131/1024
f 1029/1162/1053 967/1098/991 1020/1153/1044
f 1025/1158/1049 1036/1171/1060 1019/1152/1043
f 986/1143/1010 1007/1138/1031 1038/1173/1062
f 1039/1174/1063 1005/1136/1029 425/525/480
f 988/1119/1012 1040/1175/1064 1000/1131/1024
f 1009/1141/1033 1021/1154/1045 1041/1176/1065
f 1002/1166/1026 990/1169/1014 1042/1177/1066
f 425/525/480 474/567/518 1039/1174/1063
f 1030/1163/1054 1043/1178/1067 1024/1157/1048
f 1041/1176/1065 1025/1158/1049 1009/1141/1033
f 1016/1149/1040 1024/1157/1048 1044/1179/1068
f 1045/1180/1069 1022/1155/1046 981/1112/1005
f 1011/1144/1035 1033/1167/1057 1028/1161/1052
f 1030/1163/1054 1023/1156/1047 1046/1181/1070
f 1045/1180/1069 981/1112/1005 1012/1146/1037
f 1046/1181/1070 1023/1156/1047 1028/1161/1052
f 1043/1178/1067 1030/1163/1054 1046/1181/1070
f 1044/1179/1068 1031/1164/1055 1016/1149/1040
f 968/1099/992 1005/1136/1029 1047/1182/1071
f 1047/1182/1071 1012/1146/1037 968/1099/992
f 1048/1183/1072 978/1109/1002 1017/1150/1041
f 1037/1172/1061 1033/1167/1057 1018/1151/1042
f 1036/1171/1060 1049/1184/1073 1010/1142/1034
f 1041/1176/1065 1036/1171/1060 1025/1158/1049
f 1037/1172/1061 1000/1131/1024 1040/1175/1064
f 1024/1157/1048 1043/1178/1067 1050/1185/1074
f 1038/1173/1062 1035/1170/1059 986/1143/1010
f 1040/1175/1064 988/1119/1012 1034/1168/1058
f 1021/1154/1045 1031/1164/1055 1051/1186/1075
f 1052/1187/1076 1027/1160/1051 1010/1142/1034
f 1046/1181/1070 1053/1188/1077 1043/1178/1067
f 1032/1165/1056 1002/1166/1026 1054/1189/1078
f 1048/1183/1072 1034/1168/1058 978/1109/1002
f 1028/1161/1052 1055/1190/1079 1046/1181/1070
f 1007/1138/1031 1027/1160/1051 1056/1191/1080
f 1050/1185/1074 1044/1179/1068 1024/1157/1048
f 1051/1186/1075 1041/1176/1065 1021/1154/1045
f 1035/1170/1059 1042/1177/1066 990/1169/1014
f 1033/1167/1057 1055/1190/1079 1028/1161/1052
f 1010/1142/1034 1049/1184/1073 1052/1187/1076
f 1042/1177/1066 1054/1189/1078 1002/1166/1026
f 1057/1192/1081 1020/1153/1044 1006/1137/1030
f 1053/1188/1077 1046/1181/1070 1055/1190/1079
f 1058/1193/1082 1026/1159/1050 1022/1155/1046
f 1059/1194/1083 1036/1171/1060 1041/1176/1065
f 497/585/536 426/516/471 1060/1195/1084
f 1060/1195/1084 426/516/471 1029/1162/1053
f 1026/1159/1050 1058/1193/1082 1017/1150/1041
f 1056/1191/1080 1038/1173/1062 1007/1138/1031
f 1049/1184/1073 1036/1171/1060 1059/1194/1083
f 1043/1178/1067 1053/1188/1077 1061/1196/1085
f 1062/1197/1086 1033/1167/1057 1037/1172/1061
f 1057/1192/1081 1006/1137/1030 1032/1165/1056
f 1055/1190/1079 1033/1167/1057 1062/1197/1086
f 1031/1164/1055 1044/1179/1068 1063/1198/1087
f 1061/1196/1085 1050/1185/1074 1043/1178/1067
f 1058/1193/1082 1022/1155/1046 1045/1180/1069
f 1063/1198/1087 1051/1186/1075 1031/1164/1055
f 1055/1190/1079 1064/1199/1088 1053/1188/1077
f 1027/1160/1051 1052/1187/1076 1065/1200/1089
f 1066/1201/1090 1059/1194/1083 1041/1176/1065
f 1059/1194/1083 1067/1202/1091 1049/1184/1073
f 1041/1176/1065 1051/1186/1075 1066/1201/1090
f 1058/1193/1082 1048/1183/1072 1017/1150/1041
f 1029/1162/1053 1020/1153/1044 1068/1203/1092
f 1062/1197/1086 1064/1199/1088 1055/1190/1079
f 1052/1187/1076 1049/1184/1073 1067/1202/1091
f 1061/1196/1085 1053/1188/1077 1064/1199/1088
f 1065/1200/1089 1056/1191/1080 1027/1160/1051
f 1044/1179/1068 1050/1185/1074 1069/1204/1093
f 1062/1197/1086 1037/1172/1061 1070/1205/1094
f 1069/1204/1093 1063/1198/1087 1044/1179/1068
f 474/567/518 510/598/549 1071/1206/1095
f 1037/1172/1061 1040/1175/1064 1072/1207/1096
f 1069/1204/1093 1050/1185/1074 1061/1196/1085
f 1064/1199/1088 1062/1197/1086 1073/1208/1097
f 1034/1168/1058 1074/1209/1098 1040/1175/1064
f 1075/1210/1099 1045/1180/1069 1012/1146/1037
f 1068/1203/1092 1020/1153/1044 1057/1192/1081
f 1067/1202/1091 1076/1211/1100 1052/1187/1076
f 1064/1199/1088 1077/1212/1101 1061/1196/1085
f 1078/1213/1102 1067/1202/1091 1059/1194/1083
f 1073/1208/1097 1062/1197/1086 1070/1205/1094
f 1065/1200/1089 1052/1187/1076 1076/1211/1100
f 1051/1186/1075 1063/1198/1087 1079/1214/1103
f 1071/1206/1095 1039/1174/1063 474/567/518
f 1059/1194/1083 1066/1201/1090 1078/1213/1102
f 1079/1214/1103 1066/1201/1090 1051/1186/1075
f 1072/1207/1096 1070/1205/1094 1037/1172/1061
f 1047/1182/1071 1075/1210/1099 1012/1146/1037
f 1080/1215/1104 1035/1170/1059 1038/1173/1062
f 522/608/559 497/585/536 1081/1216/1105
f 1042/1177/1066 1035/1170/1059 1080/1215/1104
f 1077/1212/1101 1064/1199/1088 1073/1208/1097
f 1069/1204/1093 1061/1196/1085 1077/1212/1101
f 1038/1173/1062 1056/1191/1080 1082/1217/1106
f 1032/1165/1056 1054/1189/1078 1083/1218/1107
f 1084/1219/1108 1047/1182/1071 1005/1136/1029
f 1005/1136/1029 1039/1174/1063 1084/1219/1108
f 1054/1189/1078 1042/1177/1066 1085/1220/1109
f 510/598/549 522/608/559 1081/1216/1105
f 1057/1192/1081 1032/1165/1056 1086/1221/1110
f 1076/1211/1100 1067/1202/1091 1078/1213/1102
f 1034/1168/1058 1048/1183/1072 1087/1222/1111
f 1082/1217/1106 1056/1191/1080 1065/1200/1089
f 1076/1211/1100 1088/1223/1112 1065/1200/1089
f 1063/1198/1087 1069/1204/1093 1089/1224/1113
f 1081/1216/1105 497/585/536 1060/1195/1084
f 1072/1207/1096 1040/1175/1064 1074/1209/1098
f 1089/1224/1113 1079/1214/1103 1063/1198/1087
f 1070/1205/1094 1090/1225/1114 1073/1208/1097
f 1073/1208/1097 1090/1225/1114 1077/1212/1101
f 1069/1204/1093 1077/1212/1101 1090/1225/1114
f 1091/1226/1115 1078/1213/1102 1066/1201/1090
f 1066/1201/1090 1079/1214/1103 1091/1226/1115
f 1065/1200/1089 1088/1223/1112 1082/1217/1106
f 1078/1213/1102 1092/1227/1116 1076/1211/1100
f 1093/1228/1117 1058/1193/1082 1045/1180/1069
f 1082/1217/1106 1094/1229/1118 1038/1173/1062
f 1087/1222/1111 1074/1209/1098 1034/1168/1058
f 1083/1218/1107 1086/1221/1110 1032/1165/1056
f 1088/1223/1112 1076/1211/1100 1092/1227/1116
f 1038/1173/1062 1094/1229/1118 1080/1215/1104
f 1048/1183/1072 1058/1193/1082 1093/1228/1117
f 1090/1225/1114 1089/1224/1113 1069/1204/1093
f 1095/1230/1119 1060/1195/1084 1029/1162/1053
f 1080/1215/1104 1085/1220/1109 1042/1177/1066
f 1029/1162/1053 1068/1203/1092 1095/1230/1119
f 1096/1231/1120 1070/1205/1094 1072/1207/1096
f 1081/1216/1105 1071/1206/1095 510/598/549
f 1085/1220/1109 1083/1218/1107 1054/1189/1078
f 1090/1225/1114 1070/1205/1094 1097/1232/1121
f 1097/1232/1121 1070/1205/1094 1096/1231/1120
f 1079/1214/1103 1089/1224/1113 1098/1233/1122
f 1099/1234/1123 1092/1227/1116 1078/1213/1102
f 1092/1227/1116 1100/1235/1124 1088/1223/1112
f 1098/1233/1122 1091/1226/1115 1079/1214/1103
f 1078/1213/1102 1091/1226/1115 1099/1234/1123
f 1100/1235/1124 1082/1217/1106 1088/1223/1112
f 1045/1180/1069 1075/1210/1099 1093/1228/1117
f 1089/1224/1113 1090/1225/1114 1097/1232/1121
f 1057/1192/1081 1101/1236/1125 1068/1203/1092
f 1097/1232/1121 1098/1233/1122 1089/1224/1113
f 1093/1228/1117 1087/1222/1111 1048/1183/1072
f 1102/1237/1126 1096/1231/1120 1072/1207/1096
f 1074/1209/1098 1103/1238/1127 1072/1207/1096
f 1094/1229/1118 1082/1217/1106 1104/1239/1128
f 1105/1240/1129 1100/1235/1124 1092/1227/1116
f 1100/1235/1124 1104/1239/1128 1082/1217/1106
f 1092/1227/1116 1099/1234/1123 1105/1240/1129
f 1091/1226/1115 1098/1233/1122 1106/1241/1130
f 1106/1241/1130 1099/1234/1123 1091/1226/1115
f 1096/1231/1120 1107/1242/1131 1097/1232/1121
f 1057/1192/1081 1086/1221/1110 1108/1243/1132
f 1080/1215/1104 1094/1229/1118 1109/1244/1133
f 1098/1233/1122 1097/1232/1121 1107/1242/1131
f 1039/1174/1063 1071/1206/1095 1110/1245/1134
f 1111/1246/1135 1075/1210/1099 1047/1182/1071
f 1105/1240/1129 1104/1239/1128 1100/1235/1124
f 1103/1238/1127 1074/1209/1098 1087/1222/1111
f 1085/1220/1109 1080/1215/1104 1112/1247/1136
f 1102/1237/1126 1072/1207/1096 1103/1238/1127
f 1107/1242/1131 1106/1241/1130 1098/1233/1122
f 1113/1248/1137 1107/1242/1131 1096/1231/1120
f 1104/1239/1128 1109/1244/1133 1094/1229/1118
f 1099/1234/1123 1106/1241/1130 1114/1249/1138
f 1113/1248/1137 1096/1231/1120 1102/1237/1126
f 1115/1250/1139 1081/1216/1105 1060/1195/1084
f 1114/1249/1138 1105/1240/1129 1099/1234/1123
f 1110/1245/1134 1084/1219/1108 1039/1174/1063
f 1084/1219/1108 1111/1246/1135 1047/1182/1071
f 1083/1218/1107 1085/1220/1109 1116/1251/1140
f 1108/1243/1132 1101/1236/1125 1057/1192/1081
f 1104/1239/1128 1105/1240/1129 1117/1252/1141
f 1107/1242/1131 1118/1253/1142 1106/1241/1130
f 1086/1221/1110 1083/1218/1107 1119/1254/1143
f 1109/1244/1133 1112/1247/1136 1080/1215/1104
f 1118/1253/1142 1114/1249/1138 1106/1241/1130
f 1081/1216/1105 1115/1250/1139 1071/1206/1095
f 1114/1249/1138 1117/1252/1141 1105/1240/1129
f 1113/1248/1137 1118/1253/1142 1107/1242/1131
f 1117/1252/1141 1109/1244/1133 1104/1239/1128
f 1060/1195/1084 1095/1230/1119 1115/1250/1139
f 1117/1252/1141 1114/1249/1138 1118/1253/1142
f 1112/1247/1136 1116/1251/1140 1085/1220/1109
f 1068/1203/1092 1101/1236/1125 1120/1255/1144
f 1120/1255/1144 1095/1230/1119 1068/1203/1092
f 1121/1256/1145 1113/1248/1137 1102/1237/1126
f 1122/1257/1146 1118/1253/1142 1113/1248/1137
f 1117/1252/1141 1118/1253/1142 1122/1257/1146
f 1109/1244/1133 1117/1252/1141 1122/1257/1146
f 1116/1251/1140 1119/1254/1143 1083/1218/1107
f 1123/1258/1147 1093/1228/1117 1075/1210/1099
f 1119/1254/1143 1108/1243/1132 1086/1221/1110
f 1087/1222/1111 1124/1259/1148 1103/1238/1127
f 1103/1238/1127 1125/1260/1149 1102/1237/1126
f 1123/1258/1147 1087/1222/1111 1093/1228/1117
f 1115/1250/1139 1110/1245/1134 1071/1206/1095
f 1121/1256/1145 1122/1257/1146 1113/1248/1137
f 1126/1261/1150 1112/1247/1136 1109/1244/1133
f 1109/1244/1133 1122/1257/1146 1126/1261/1150
f 1121/1256/1145 1102/1237/1126 1125/1260/1149
f 1111/1246/1135 1123/1258/1147 1075/1210/1099
f 1127/1262/1151 1116/1251/1140 1112/1247/1136
f 1122/1257/1146 1121/1256/1145 1126/1261/1150
f 1123/1258/1147 1124/1259/1148 1087/1222/1111
f 1125/1260/1149 1103/1238/1127 1124/1259/1148
f 1112/1247/1136 1126/1261/1150 1127/1262/1151
f 1110/1245/1134 1128/1263/1152 1084/1219/1108
f 1128/1263/1152 1111/1246/1135 1084/1219/1108
f 1129/1264/1153 1101/1236/1125 1108/1243/1132
f 1126/1261/1150 1121/1256/1145 1130/1265/1154
f 1125/1260/1149 1130/1265/1154 1121/1256/1145
f 1116/1251/1140 1131/1266/1155 1119/1254/1143
f 1132/1267/1156 1115/1250/1139 1095/1230/1119
f 1108/1243/1132 1119/1254/1143 1131/1266/1155
f 1127/1262/1151 1131/1266/1155 1116/1251/1140
f 1120/1255/1144 1101/1236/1125 1129/1264/1153
f 1130/1265/1154 1127/1262/1151 1126/1261/1150
f 1095/1230/1119 1120/1255/1144 1132/1267/1156
f 1110/1245/1134 1115/1250/1139 1132/1267/1156
f 1133/1268/1157 1125/1260/1149 1124/1259/1148
f 1130/1265/1154 1125/1260/1149 1133/1268/1157
f 1123/1258/1147 1133/1268/1157 1124/1259/1148
f 1131/1266/1155 1129/1264/1153 1108/1243/1132
f 1127/1262/1151 1130/1265/1154 1134/1269/1158
f 1135/1270/1159 1123/1258/1147 1111/1246/1135
f 1132/1267/1156 1128/1263/1152 1110/1245/1134
f 1131/1266/1155 1127/1262/1151 1134/1269/1158
f 1111/1246/1135 1128/1263/1152 1135/1270/1159
f 1133/1268/1157 1134/1269/1158 1130/1265/1154
f 1135/1270/1159 1133/1268/1157 1123/1258/1147
f 1129/1264/1153 1131/1266/1155 1134/1269/1158
f 1120/1255/1144 1129/1264/1153 1136/1271/1160
f 1136/1271/1160 1132/1267/1156 1120/1255/1144
f 1134/1269/1158 1133/1268/1157 1135/1270/1159
f 1136/1271/1160 1128/1263/1152 1132/1267/1156
f 1134/1269/1158 1136/1271/1160 1129/1264/1153
f 1136/1271/1160 1135/1270/1159 1128/1263/1152
f 1135/1270/1159 1136/1271/1160 1134/1269/1158
