<?xml version="1.0" encoding="utf-8"?>
<COLLADA xmlns="http://www.collada.org/2005/11/COLLADASchema" version="1.4.1">
  <asset>
    <contributor>
      <author>Mixamo</author>
      <authoring_tool>COLLADA Mixamo exporter</authoring_tool>
      <comments/>
    </contributor>
    <created>2023-06-21T22:29:43Z</created>
    <modified>2023-06-21T22:29:43Z</modified>
    <revision/>
    <title/>
    <unit meter="0.010000"/>
    <up_axis>Y_UP</up_axis>
  </asset>
  <library_animations>
    <animation id="mixamorig_Hips-anim" name="mixamorig_Hips">
      <source id="mixamorig_Hips-Matrix-animation-input">
        <float_array id="mixamorig_Hips-Matrix-animation-input-array" count="31">

0.000000 0.033333 0.066667 0.100000 0.133333 0.166667 0.200000 0.233333 0.266667 0.300000 0.333333 0.366667 0.400000 0.433333 0.466667 0.500000
0.533333 0.566667 0.600000 0.633333 0.666667 0.700000 0.733333 0.766667 0.800000 0.833333 0.866667 0.900000 0.933333 0.966667 1.000000</float_array>
        <technique_common>
          <accessor source="#mixamorig_Hips-Matrix-animation-input-array" count="31">
            <param name="TIME" type="float"/>
          </accessor>
        </technique_common>
      </source>
      <source id="mixamorig_Hips-Matrix-animation-output-transform">
        <float_array id="mixamorig_Hips-Matrix-animation-output-transform-array" count="496">

0.994380 -0.051228 0.092648 0.097223 -0.105625 -0.420869 0.900951 31.390860 -0.007162 -0.905674 -0.423915 -4.546440 0.000000 0.000000 0.000000 1.000000
0.987969 -0.094495 -0.122426 3.813859 0.067227 -0.450502 0.890241 32.004314 -0.139277 -0.887760 -0.438729 -6.542955 0.000000 0.000000 0.000000 1.000000
0.937283 -0.128691 -0.323944 6.902936 0.240166 -0.435131 0.867745 32.728798 -0.252629 -0.891123 -0.376933 -9.642483 0.000000 0.000000 0.000000 1.000000
0.852019 -0.173729 -0.493844 9.324730 0.414009 -0.353745 0.838726 33.588417 -0.320406 -0.919066 -0.229472 -13.794859 0.000000 0.000000 0.000000 1.000000
0.751037 -0.249142 -0.611451 10.803186 0.575682 -0.206390 0.791198 34.985321 -0.323318 -0.946220 -0.011580 -18.955694 0.000000 0.000000 0.000000 1.000000
0.661931 -0.363248 -0.655667 10.938478 0.699990 -0.013271 0.714029 37.578922 -0.268071 -0.931598 0.245486 -24.013908 0.000000 0.000000 0.000000 1.000000
0.612252 -0.495313 -0.616289 10.148701 0.771199 0.202222 0.603621 41.061211 -0.174354 -0.844850 0.505796 -29.173721 0.000000 0.000000 0.000000 1.000000
0.604087 -0.616005 -0.505586 8.813231 0.793349 0.404877 0.454612 45.258736 -0.075343 -0.675731 0.733288 -34.201397 0.000000 0.000000 0.000000 1.000000
0.620981 -0.697602 -0.357399 6.958422 0.783555 0.564464 0.259657 49.904495 0.020602 -0.441284 0.897131 -38.877884 0.000000 0.000000 0.000000 1.000000
0.658163 -0.726016 -0.199304 4.807595 0.743704 0.668146 0.022044 54.833282 0.117160 -0.162732 0.979690 -42.473141 0.000000 0.000000 0.000000 1.000000
0.717405 -0.695319 -0.043144 2.609617 0.666900 0.703351 -0.246053 59.833435 0.201431 0.147747 0.968296 -44.416756 0.000000 0.000000 0.000000 1.000000
0.795260 -0.600636 0.082453 0.677831 0.551522 0.660248 -0.509800 64.931686 0.251765 0.450898 0.856332 -44.217999 0.000000 0.000000 0.000000 1.000000
0.882714 -0.453250 0.124018 -0.088311 0.394822 0.572251 -0.718780 69.705338 0.254818 0.683442 0.684087 -41.904514 0.000000 0.000000 0.000000 1.000000
0.960153 -0.275310 0.048079 1.157137 0.182183 0.486112 -0.854695 73.256660 0.211934 0.829397 0.516899 -38.637466 0.000000 0.000000 0.000000 1.000000
0.987690 -0.090319 -0.127711 4.610991 -0.081427 0.400232 -0.912789 74.518532 0.133556 0.911952 0.387951 -36.329250 0.000000 0.000000 0.000000 1.000000
0.936709 0.077164 -0.341499 8.390018 -0.347859 0.315515 -0.882861 72.243210 0.039623 0.945778 0.322388 -36.885727 0.000000 0.000000 0.000000 1.000000
0.819055 0.229746 -0.525705 11.346008 -0.572472 0.266997 -0.775235 67.741699 -0.037746 0.935911 0.350208 -39.087303 0.000000 0.000000 0.000000 1.000000
0.664403 0.384135 -0.641100 13.257943 -0.744413 0.263853 -0.613376 62.263481 -0.066463 0.884772 0.461260 -41.378319 0.000000 0.000000 0.000000 1.000000
0.481427 0.543917 -0.687301 13.661080 -0.875435 0.260011 -0.407440 56.199642 -0.042908 0.797840 0.601340 -42.609970 0.000000 0.000000 0.000000 1.000000
0.266682 0.703199 -0.659084 12.405666 -0.963365 0.214667 -0.160767 49.840702 0.028432 0.677812 0.734685 -41.933540 0.000000 0.000000 0.000000 1.000000
0.110571 0.847134 -0.519749 9.346526 -0.979878 0.180355 0.085500 43.893272 0.166169 0.499837 0.850030 -39.332283 0.000000 0.000000 0.000000 1.000000
0.108704 0.946204 -0.304766 4.604285 -0.935265 0.201234 0.291178 39.344845 0.336843 0.253384 0.906826 -35.105782 0.000000 0.000000 0.000000 1.000000
0.141404 0.984114 -0.107351 0.333011 -0.869532 0.175306 0.461717 35.305065 0.473201 0.028056 0.880507 -30.337273 0.000000 0.000000 0.000000 1.000000
0.194323 0.980093 0.040701 -3.004807 -0.804119 0.135394 0.578844 33.337845 0.561811 -0.145211 0.814422 -25.568392 0.000000 0.000000 0.000000 1.000000
0.272936 0.933719 0.231679 -4.736802 -0.741641 0.050826 0.668869 32.333321 0.612760 -0.354381 0.706356 -22.335623 0.000000 0.000000 0.000000 1.000000
0.386083 0.836574 0.388694 -6.096437 -0.669223 -0.035990 0.742189 31.973427 0.634886 -0.546670 0.545960 -19.264162 0.000000 0.000000 0.000000 1.000000
0.549182 0.708821 0.442688 -7.218459 -0.570482 -0.069123 0.818396 32.404770 0.610696 -0.701994 0.366408 -16.243099 0.000000 0.000000 0.000000 1.000000
0.704349 0.561244 0.434624 -7.539482 -0.453114 -0.115834 0.883895 32.769802 0.546425 -0.819505 0.172720 -12.845193 0.000000 0.000000 0.000000 1.000000
0.838233 0.378549 0.392514 -6.443777 -0.334178 -0.212206 0.918310 32.682220 0.430919 -0.900927 -0.051375 -9.768327 0.000000 0.000000 0.000000 1.000000
0.945565 0.160321 0.283202 -3.734273 -0.218728 -0.331277 0.917831 32.143528 0.240965 -0.929813 -0.278177 -7.037455 0.000000 0.000000 0.000000 1.000000
0.994380 -0.051228 0.092647 0.097215 -0.105625 -0.420869 0.900951 31.390869 -0.007162 -0.905674 -0.423915 -4.546442 0.000000 0.000000 0.000000 1.000000</float_array>
        <technique_common>
          <accessor source="#mixamorig_Hips-Matrix-animation-output-transform-array" count="31" stride="16">
            <param type="float4x4"/>
          </accessor>
        </technique_common>
      </source>
      <source id="mixamorig_Hips-Interpolations">
        <Name_array id="mixamorig_Hips-Interpolations-array" count="31">
 LINEAR LINEAR LINEAR LINEAR LINEAR LINEAR LINEAR LINEAR LINEAR LINEAR LINEAR
LINEAR LINEAR LINEAR LINEAR LINEAR LINEAR LINEAR LINEAR LINEAR LINEAR LINEAR LINEAR
LINEAR LINEAR LINEAR LINEAR LINEAR LINEAR LINEAR LINEAR</Name_array>
        <technique_common>
          <accessor source="#mixamorig_Hips-Interpolations-array" count="31">
            <param type="name"/>
          </accessor>
        </technique_common>
      </source>
      <sampler id="mixamorig_Hips-Matrix-animation-transform">
        <input semantic="INPUT" source="#mixamorig_Hips-Matrix-animation-input"/>
        <input semantic="OUTPUT" source="#mixamorig_Hips-Matrix-animation-output-transform"/>
        <input semantic="INTERPOLATION" source="#mixamorig_Hips-Interpolations"/>
      </sampler>
      <channel source="#mixamorig_Hips-Matrix-animation-transform" target="mixamorig_Hips/matrix"/>
    </animation>
    <animation id="mixamorig_Spine-anim" name="mixamorig_Spine">
      <source id="mixamorig_Spine-Matrix-animation-input">
        <float_array id="mixamorig_Spine-Matrix-animation-input-array" count="31">

0.000000 0.033333 0.066667 0.100000 0.133333 0.166667 0.200000 0.233333 0.266667 0.300000 0.333333 0.366667 0.400000 0.433333 0.466667 0.500000
0.533333 0.566667 0.600000 0.633333 0.666667 0.700000 0.733333 0.766667 0.800000 0.833333 0.866667 0.900000 0.933333 0.966667 1.000000</float_array>
        <technique_common>
          <accessor source="#mixamorig_Spine-Matrix-animation-input-array" count="31">
            <param name="TIME" type="float"/>
          </accessor>
        </technique_common>
      </source>
      <source id="mixamorig_Spine-Matrix-animation-output-transform">
        <float_array id="mixamorig_Spine-Matrix-animation-output-transform-array" count="496">

0.990409 0.036319 -0.133308 0.004700 -0.125751 0.636683 -0.760803 5.245300 0.057243 0.770270 0.635143 0.258800 0.000000 0.000000 0.000000 1.000000
0.987328 0.126408 -0.095938 0.004700 -0.152007 0.579726 -0.800507 5.245300 -0.045573 0.804946 0.591595 0.258800 0.000000 0.000000 0.000000 1.000000
0.982563 0.174606 -0.063902 0.004700 -0.149741 0.539380 -0.828642 5.245300 -0.110218 0.823761 0.556120 0.258800 0.000000 0.000000 0.000000 1.000000
0.981694 0.183792 -0.049978 0.004700 -0.141972 0.531184 -0.835277 5.245300 -0.126969 0.827081 0.547554 0.258800 0.000000 0.000000 0.000000 1.000000
0.984022 0.169440 -0.054686 0.004700 -0.141302 0.556331 -0.818859 5.245300 -0.108324 0.813502 0.571384 0.258800 0.000000 0.000000 0.000000 1.000000
0.987575 0.140589 -0.070222 0.004700 -0.141522 0.601359 -0.786345 5.245300 -0.068323 0.786513 0.613783 0.258800 0.000000 0.000000 0.000000 1.000000
0.992763 0.085787 -0.084039 0.004700 -0.119682 0.649003 -0.751313 5.245300 -0.009912 0.755933 0.654573 0.258800 0.000000 0.000000 0.000000 1.000000
0.994557 0.008171 -0.103869 0.004700 -0.081757 0.679182 -0.729402 5.245300 0.064586 0.733924 0.676154 0.258800 0.000000 0.000000 0.000000 1.000000
0.988646 -0.065418 -0.135279 0.004700 -0.054699 0.681826 -0.729467 5.245300 0.139956 0.728584 0.670506 0.258800 0.000000 0.000000 0.000000 1.000000
0.979849 -0.107724 -0.168201 0.004700 -0.053247 0.670748 -0.739772 5.245300 0.192512 0.733821 0.651495 0.258800 0.000000 0.000000 0.000000 1.000000
0.976956 -0.110362 -0.182697 0.004700 -0.062832 0.669324 -0.740309 5.245300 0.203985 0.734728 0.646965 0.258800 0.000000 0.000000 0.000000 1.000000
0.981660 -0.085739 -0.170272 0.004700 -0.068097 0.676531 -0.733259 5.245300 0.178063 0.731406 0.658285 0.258800 0.000000 0.000000 0.000000 1.000000
0.987721 -0.053674 -0.146720 0.004700 -0.072853 0.672532 -0.736473 5.245300 0.138203 0.738119 0.660364 0.258800 0.000000 0.000000 0.000000 1.000000
0.993622 -0.025228 -0.109899 0.004700 -0.065926 0.660726 -0.747726 5.245300 0.091477 0.750203 0.654849 0.258800 0.000000 0.000000 0.000000 1.000000
0.999378 0.004726 -0.034938 0.004700 -0.029028 0.672704 -0.739342 5.245300 0.020009 0.739897 0.672423 0.258800 0.000000 0.000000 0.000000 1.000000
0.997045 0.035914 0.067911 0.004700 0.022071 0.712812 -0.701008 5.245300 -0.073583 0.700435 0.709913 0.258800 0.000000 0.000000 0.000000 1.000000
0.986759 0.050434 0.154154 0.004700 0.066127 0.742754 -0.666291 5.245300 -0.148102 0.667662 0.729584 0.258800 0.000000 0.000000 0.000000 1.000000
0.981621 0.039096 0.186792 0.004700 0.097729 0.737727 -0.667988 5.245300 -0.163917 0.673966 0.720348 0.258800 0.000000 0.000000 0.000000 1.000000
0.985383 0.020387 0.169127 0.004700 0.104713 0.710610 -0.695751 5.245300 -0.134368 0.703291 0.698088 0.258800 0.000000 0.000000 0.000000 1.000000
0.990166 0.016972 0.138867 0.004700 0.088775 0.690940 -0.717440 5.245300 -0.108125 0.722713 0.682639 0.258800 0.000000 0.000000 0.000000 1.000000
0.993547 0.021955 0.111272 0.004700 0.065109 0.692911 -0.718078 5.245300 -0.092867 0.720689 0.687010 0.258800 0.000000 0.000000 0.000000 1.000000
0.997424 0.010263 0.070998 0.004700 0.042720 0.710099 -0.702805 5.245300 -0.057629 0.704027 0.707831 0.258800 0.000000 0.000000 0.000000 1.000000
0.999422 -0.024412 0.023655 0.004700 0.033988 0.728705 -0.683984 5.245300 -0.000540 0.684392 0.729114 0.258800 0.000000 0.000000 0.000000 1.000000
0.997155 -0.063513 -0.040592 0.004700 0.019391 0.736549 -0.676106 5.245300 0.072839 0.673395 0.735686 0.258800 0.000000 0.000000 0.000000 1.000000
0.991889 -0.091151 -0.088583 0.004700 0.006227 0.730942 -0.682411 5.245300 0.126952 0.676325 0.725581 0.258800 0.000000 0.000000 0.000000 1.000000
0.989077 -0.106445 -0.101964 0.004700 0.005672 0.718718 -0.695279 5.245300 0.147292 0.687106 0.711471 0.258800 0.000000 0.000000 0.000000 1.000000
0.987880 -0.115227 -0.104003 0.004700 0.008382 0.708652 -0.705509 5.245300 0.154995 0.696086 0.701028 0.258800 0.000000 0.000000 0.000000 1.000000
0.985558 -0.116022 -0.123345 0.004700 -0.006867 0.700420 -0.713698 5.245300 0.169198 0.704237 0.689508 0.258800 0.000000 0.000000 0.000000 1.000000
0.983020 -0.096274 -0.156213 0.004700 -0.047980 0.686838 -0.725225 5.245300 0.177113 0.720406 0.670556 0.258800 0.000000 0.000000 0.000000 1.000000
0.984930 -0.045219 -0.166936 0.004700 -0.095116 0.664519 -0.741193 5.245300 0.144449 0.745902 0.650203 0.258800 0.000000 0.000000 0.000000 1.000000
0.990409 0.036319 -0.133308 0.004700 -0.125751 0.636683 -0.760803 5.245300 0.057243 0.770270 0.635144 0.258800 0.000000 0.000000 0.000000 1.000000</float_array>
        <technique_common>
          <accessor source="#mixamorig_Spine-Matrix-animation-output-transform-array" count="31" stride="16">
            <param type="float4x4"/>
          </accessor>
        </technique_common>
      </source>
      <source id="mixamorig_Spine-Interpolations">
        <Name_array id="mixamorig_Spine-Interpolations-array" count="31">
 LINEAR LINEAR LINEAR LINEAR LINEAR LINEAR LINEAR LINEAR LINEAR LINEAR LINEAR
LINEAR LINEAR LINEAR LINEAR LINEAR LINEAR LINEAR LINEAR LINEAR LINEAR LINEAR LINEAR
LINEAR LINEAR LINEAR LINEAR LINEAR LINEAR LINEAR LINEAR</Name_array>
        <technique_common>
          <accessor source="#mixamorig_Spine-Interpolations-array" count="31">
            <param type="name"/>
          </accessor>
        </technique_common>
      </source>
      <sampler id="mixamorig_Spine-Matrix-animation-transform">
        <input semantic="INPUT" source="#mixamorig_Spine-Matrix-animation-input"/>
        <input semantic="OUTPUT" source="#mixamorig_Spine-Matrix-animation-output-transform"/>
        <input semantic="INTERPOLATION" source="#mixamorig_Spine-Interpolations"/>
      </sampler>
      <channel source="#mixamorig_Spine-Matrix-animation-transform" target="mixamorig_Spine/matrix"/>
    </animation>
    <animation id="mixamorig_Spine1-anim" name="mixamorig_Spine1">
      <source id="mixamorig_Spine1-Matrix-animation-input">
        <float_array id="mixamorig_Spine1-Matrix-animation-input-array" count="31">

0.000000 0.033333 0.066667 0.100000 0.133333 0.166667 0.200000 0.233333 0.266667 0.300000 0.333333 0.366667 0.400000 0.433333 0.466667 0.500000
0.533333 0.566667 0.600000 0.633333 0.666667 0.700000 0.733333 0.766667 0.800000 0.833333 0.866667 0.900000 0.933333 0.966667 1.000000</float_array>
        <technique_common>
          <accessor source="#mixamorig_Spine1-Matrix-animation-input-array" count="31">
            <param name="TIME" type="float"/>
          </accessor>
        </technique_common>
      </source>
      <source id="mixamorig_Spine1-Matrix-animation-output-transform">
        <float_array id="mixamorig_Spine1-Matrix-animation-output-transform-array" count="496">

0.997733 -0.044255 -0.050692 0.000000 0.034453 0.983046 -0.180091 11.066900 0.057802 0.177937 0.982343 -0.000000 0.000000 0.000000 0.000000 1.000000
0.999003 -0.037985 -0.023472 0.000000 0.033388 0.984498 -0.172188 11.066900 0.029648 0.171233 0.984784 -0.000000 0.000000 0.000000 0.000000 1.000000
0.999518 -0.030944 0.002375 0.000000 0.030934 0.987190 -0.156520 11.066900 0.002499 0.156518 0.987672 0.000000 0.000000 0.000000 0.000000 1.000000
0.999363 -0.028615 0.021322 0.000000 0.031265 0.990138 -0.136565 11.066900 -0.017204 0.137145 0.990402 0.000000 0.000000 0.000000 0.000000 1.000000
0.998907 -0.036346 0.029381 0.000000 0.039684 0.991685 -0.122420 11.066900 -0.024687 0.123452 0.992043 0.000000 0.000000 0.000000 0.000000 1.000000
0.998102 -0.054467 0.028721 0.000000 0.057591 0.990809 -0.122396 11.066900 -0.021790 0.123818 0.992066 0.000000 0.000000 0.000000 0.000000 1.000000
0.996701 -0.077150 0.025198 -0.000000 0.079854 0.987685 -0.134546 11.066900 -0.014508 0.136114 0.990587 -0.000000 0.000000 0.000000 0.000000 1.000000
0.995262 -0.094679 0.022120 -0.000000 0.096940 0.983788 -0.150875 11.066900 -0.007476 0.152305 0.988305 -0.000000 0.000000 0.000000 0.000000 1.000000
0.994933 -0.098722 0.019054 0.000000 0.100518 0.980943 -0.166275 11.066900 -0.002276 0.167348 0.985895 0.000000 0.000000 0.000000 0.000000 1.000000
0.995903 -0.089157 0.015138 0.000000 0.090428 0.979905 -0.177791 11.066900 0.001017 0.178432 0.983952 0.000000 0.000000 0.000000 0.000000 1.000000
0.997199 -0.074095 0.010191 0.000000 0.074723 0.981058 -0.178722 11.066900 0.003245 0.178983 0.983847 0.000000 0.000000 0.000000 0.000000 1.000000
0.998126 -0.061135 0.002624 -0.000000 0.060760 0.985090 -0.160955 11.066900 0.007256 0.160813 0.986958 0.000000 0.000000 0.000000 0.000000 1.000000
0.998596 -0.052119 -0.009460 -0.000000 0.050517 0.990753 -0.125924 11.066900 0.015935 0.125269 0.991995 0.000000 0.000000 0.000000 0.000000 1.000000
0.998657 -0.046940 -0.021922 0.000000 0.044775 0.994887 -0.090531 11.066900 0.026059 0.089427 0.995652 0.000000 0.000000 0.000000 0.000000 1.000000
0.998737 -0.043987 -0.024289 0.000000 0.042102 0.996419 -0.073325 11.066900 0.027427 0.072210 0.997012 0.000000 0.000000 0.000000 0.000000 1.000000
0.999364 -0.033555 -0.012053 -0.000000 0.032579 0.996752 -0.073650 11.066900 0.014486 0.073211 0.997211 0.000000 0.000000 0.000000 0.000000 1.000000
0.999987 -0.001937 0.004622 -0.000000 0.002287 0.997034 -0.076927 11.066900 -0.004459 0.076937 0.997026 0.000000 0.000000 0.000000 0.000000 1.000000
0.998661 0.050536 0.011058 0.000000 -0.049546 0.995839 -0.076489 11.066900 -0.014877 0.075838 0.997009 0.000000 0.000000 0.000000 0.000000 1.000000
0.994541 0.104261 0.004147 0.000000 -0.103657 0.991770 -0.075152 11.066900 -0.011948 0.074312 0.997163 0.000000 0.000000 0.000000 0.000000 1.000000
0.990206 0.139398 -0.007716 -0.000000 -0.139585 0.987438 -0.074039 11.066900 -0.002702 0.074390 0.997226 -0.000000 0.000000 0.000000 0.000000 1.000000
0.988129 0.152558 -0.018076 -0.000000 -0.153471 0.985550 -0.071680 11.066900 0.006879 0.073603 0.997264 0.000000 0.000000 0.000000 0.000000 1.000000
0.988097 0.151133 -0.028688 0.000000 -0.152817 0.985743 -0.070411 11.066900 0.017637 0.073957 0.997105 0.000000 0.000000 0.000000 0.000000 1.000000
0.989216 0.139873 -0.043446 0.000000 -0.142864 0.986841 -0.075733 11.066900 0.032282 0.081123 0.996181 0.000000 0.000000 0.000000 0.000000 1.000000
0.991092 0.118516 -0.060756 0.000000 -0.123688 0.988237 -0.089944 11.066900 0.049381 0.096657 0.994092 0.000000 0.000000 0.000000 0.000000 1.000000
0.993454 0.087710 -0.073184 0.000000 -0.095482 0.989278 -0.110506 11.066900 0.062707 0.116771 0.991177 0.000000 0.000000 0.000000 0.000000 1.000000
0.995801 0.051544 -0.075650 0.000000 -0.061250 0.989332 -0.132174 11.066900 0.068030 0.136252 0.988336 0.000000 0.000000 0.000000 0.000000 1.000000
0.997195 0.015444 -0.073233 0.000000 -0.026328 0.988324 -0.150078 11.066900 0.070060 0.151585 0.985958 0.000000 0.000000 0.000000 0.000000 1.000000
0.997083 -0.014937 -0.074844 0.000000 0.002535 0.986601 -0.163133 11.066900 0.076278 0.162467 0.983761 -0.000000 0.000000 0.000000 0.000000 1.000000
0.996306 -0.034604 -0.078599 0.000000 0.020575 0.984751 -0.172747 11.066900 0.083378 0.170491 0.981825 0.000000 0.000000 0.000000 0.000000 1.000000
0.996411 -0.042919 -0.072956 -0.000000 0.029268 0.983448 -0.178813 11.066900 0.079422 0.176036 0.981175 -0.000000 0.000000 0.000000 0.000000 1.000000
0.997733 -0.044255 -0.050691 -0.000000 0.034453 0.983046 -0.180092 11.066900 0.057802 0.177937 0.982343 -0.000000 0.000000 0.000000 0.000000 1.000000</float_array>
        <technique_common>
          <accessor source="#mixamorig_Spine1-Matrix-animation-output-transform-array" count="31" stride="16">
            <param type="float4x4"/>
          </accessor>
        </technique_common>
      </source>
      <source id="mixamorig_Spine1-Interpolations">
        <Name_array id="mixamorig_Spine1-Interpolations-array" count="31">
 LINEAR LINEAR LINEAR LINEAR LINEAR LINEAR LINEAR LINEAR LINEAR LINEAR LINEAR
LINEAR LINEAR LINEAR LINEAR LINEAR LINEAR LINEAR LINEAR LINEAR LINEAR LINEAR LINEAR
LINEAR LINEAR LINEAR LINEAR LINEAR LINEAR LINEAR LINEAR</Name_array>
        <technique_common>
          <accessor source="#mixamorig_Spine1-Interpolations-array" count="31">
            <param type="name"/>
          </accessor>
        </technique_common>
      </source>
      <sampler id="mixamorig_Spine1-Matrix-animation-transform">
        <input semantic="INPUT" source="#mixamorig_Spine1-Matrix-animation-input"/>
        <input semantic="OUTPUT" source="#mixamorig_Spine1-Matrix-animation-output-transform"/>
        <input semantic="INTERPOLATION" source="#mixamorig_Spine1-Interpolations"/>
      </sampler>
      <channel source="#mixamorig_Spine1-Matrix-animation-transform" target="mixamorig_Spine1/matrix"/>
    </animation>
    <animation id="mixamorig_Spine2-anim" name="mixamorig_Spine2">
      <source id="mixamorig_Spine2-Matrix-animation-input">
        <float_array id="mixamorig_Spine2-Matrix-animation-input-array" count="31">

0.000000 0.033333 0.066667 0.100000 0.133333 0.166667 0.200000 0.233333 0.266667 0.300000 0.333333 0.366667 0.400000 0.433333 0.466667 0.500000
0.533333 0.566667 0.600000 0.633333 0.666667 0.700000 0.733333 0.766667 0.800000 0.833333 0.866667 0.900000 0.933333 0.966667 1.000000</float_array>
        <technique_common>
          <accessor source="#mixamorig_Spine2-Matrix-animation-input-array" count="31">
            <param name="TIME" type="float"/>
          </accessor>
        </technique_common>
      </source>
      <source id="mixamorig_Spine2-Matrix-animation-output-transform">
        <float_array id="mixamorig_Spine2-Matrix-animation-output-transform-array" count="496">

0.998271 -0.052343 -0.026747 -0.000000 0.038394 0.925186 -0.377566 8.141900 0.044509 0.375887 0.925596 0.000000 0.000000 0.000000 0.000000 1.000000
0.999218 -0.039541 -0.000236 0.000000 0.036665 0.928727 -0.368946 8.141900 0.014808 0.368649 0.929451 0.000000 0.000000 0.000000 0.000000 1.000000
0.999375 -0.026168 0.023773 -0.000000 0.032886 0.934887 -0.353419 8.141900 -0.012977 0.353980 0.935163 0.000000 0.000000 0.000000 0.000000 1.000000
0.998923 -0.018769 0.042427 0.000000 0.031897 0.941924 -0.334308 8.141900 -0.033688 0.335301 0.941509 -0.000000 0.000000 0.000000 0.000000 1.000000
0.998259 -0.023553 0.054073 -0.000000 0.039711 0.946267 -0.320938 8.141900 -0.043609 0.322527 0.945555 0.000000 0.000000 0.000000 0.000000 1.000000
0.997381 -0.040384 0.060007 -0.000000 0.057582 0.945382 -0.320839 8.141900 -0.043773 0.323454 0.945231 -0.000000 0.000000 0.000000 0.000000 1.000000
0.996100 -0.061981 0.062789 0.000000 0.079414 0.939924 -0.332018 8.141900 -0.038438 0.335709 0.941181 0.000000 0.000000 0.000000 0.000000 1.000000
0.994974 -0.077783 0.063058 0.000000 0.094940 0.932977 -0.347189 8.141900 -0.031827 0.351431 0.935673 0.000000 0.000000 0.000000 0.000000 1.000000
0.995021 -0.080002 0.059432 0.000000 0.096167 0.927255 -0.361871 8.141900 -0.026158 0.365785 0.930332 0.000000 0.000000 0.000000 0.000000 1.000000
0.996238 -0.069833 0.051320 0.000000 0.083989 0.923963 -0.373146 8.141900 -0.021360 0.376052 0.926352 0.000000 0.000000 0.000000 0.000000 1.000000
0.997607 -0.056562 0.039749 -0.000000 0.067350 0.924883 -0.374239 8.141900 -0.015596 0.376020 0.926480 0.000000 0.000000 0.000000 0.000000 1.000000
0.998524 -0.048308 0.024815 0.000000 0.053990 0.932418 -0.357326 8.141900 -0.005876 0.358138 0.933650 -0.000000 0.000000 0.000000 0.000000 1.000000
0.998907 -0.046362 0.005908 0.000000 0.045775 0.944984 -0.323899 8.141900 0.009434 0.323816 0.946073 0.000000 0.000000 0.000000 0.000000 1.000000
0.998754 -0.048353 -0.012349 0.000000 0.042696 0.956018 -0.290184 8.141900 0.025837 0.289295 0.956891 -0.000000 0.000000 0.000000 0.000000 1.000000
0.998571 -0.049551 -0.020027 -0.000000 0.042176 0.960755 -0.274175 8.141900 0.032826 0.272939 0.961471 0.000000 0.000000 0.000000 0.000000 1.000000
0.999117 -0.039326 -0.014766 0.000000 0.033749 0.960782 -0.275244 8.141900 0.025011 0.274503 0.961261 0.000000 0.000000 0.000000 0.000000 1.000000
0.999934 -0.006692 -0.009327 -0.000000 0.003826 0.960327 -0.278850 8.141900 0.010823 0.278796 0.960289 -0.000000 0.000000 0.000000 0.000000 1.000000
0.998839 0.044669 -0.018050 0.000000 -0.047929 0.959389 -0.277984 8.141900 0.004900 0.278527 0.960416 0.000000 0.000000 0.000000 0.000000 1.000000
0.994705 0.094762 -0.039782 0.000000 -0.102078 0.955908 -0.275356 8.141900 0.011935 0.277959 0.960519 -0.000000 0.000000 0.000000 0.000000 1.000000
0.990138 0.125829 -0.061597 -0.000000 -0.137971 0.952113 -0.272846 8.141900 0.024316 0.278654 0.960084 0.000000 0.000000 0.000000 0.000000 1.000000
0.987807 0.135953 -0.075862 0.000000 -0.151594 0.950912 -0.269790 8.141900 0.035460 0.278000 0.959926 0.000000 0.000000 0.000000 0.000000 1.000000
0.987508 0.132150 -0.085810 -0.000000 -0.150652 0.951428 -0.268495 8.141900 0.046161 0.278068 0.959452 0.000000 0.000000 0.000000 0.000000 1.000000
0.988268 0.118316 -0.096582 -0.000000 -0.140682 0.951368 -0.274057 8.141900 0.059460 0.284429 0.956851 -0.000000 0.000000 0.000000 0.000000 1.000000
0.989795 0.094460 -0.106687 0.000000 -0.121736 0.949691 -0.288561 8.141900 0.074062 0.298604 0.951499 0.000000 0.000000 0.000000 0.000000 1.000000
0.992078 0.062728 -0.108844 0.000000 -0.093777 0.946302 -0.309384 8.141900 0.083592 0.317140 0.944687 0.000000 0.000000 0.000000 0.000000 1.000000
0.994706 0.028214 -0.098815 0.000000 -0.059613 0.941672 -0.331209 8.141900 0.083707 0.335346 0.938369 -0.000000 0.000000 0.000000 0.000000 1.000000
0.996538 -0.004883 -0.083001 0.000000 -0.024486 0.936765 -0.349100 8.141900 0.079457 0.349924 0.933402 0.000000 0.000000 0.000000 0.000000 1.000000
0.996848 -0.033133 -0.072090 0.000000 0.004809 0.932191 -0.361934 8.141900 0.079193 0.360446 0.929412 0.000000 0.000000 0.000000 0.000000 1.000000
0.996490 -0.051506 -0.065999 0.000000 0.023398 0.928275 -0.371158 8.141900 0.080382 0.368311 0.926221 0.000000 0.000000 0.000000 0.000000 1.000000
0.996930 -0.057018 -0.053655 0.000000 0.032668 0.925731 -0.376770 8.141900 0.071153 0.373860 0.924752 -0.000000 0.000000 0.000000 0.000000 1.000000
0.998271 -0.052343 -0.026747 0.000000 0.038394 0.925186 -0.377566 8.141900 0.044509 0.375887 0.925596 0.000000 0.000000 0.000000 0.000000 1.000000</float_array>
        <technique_common>
          <accessor source="#mixamorig_Spine2-Matrix-animation-output-transform-array" count="31" stride="16">
            <param type="float4x4"/>
          </accessor>
        </technique_common>
      </source>
      <source id="mixamorig_Spine2-Interpolations">
        <Name_array id="mixamorig_Spine2-Interpolations-array" count="31">
 LINEAR LINEAR LINEAR LINEAR LINEAR LINEAR LINEAR LINEAR LINEAR LINEAR LINEAR
LINEAR LINEAR LINEAR LINEAR LINEAR LINEAR LINEAR LINEAR LINEAR LINEAR LINEAR LINEAR
LINEAR LINEAR LINEAR LINEAR LINEAR LINEAR LINEAR LINEAR</Name_array>
        <technique_common>
          <accessor source="#mixamorig_Spine2-Interpolations-array" count="31">
            <param type="name"/>
          </accessor>
        </technique_common>
      </source>
      <sampler id="mixamorig_Spine2-Matrix-animation-transform">
        <input semantic="INPUT" source="#mixamorig_Spine2-Matrix-animation-input"/>
        <input semantic="OUTPUT" source="#mixamorig_Spine2-Matrix-animation-output-transform"/>
        <input semantic="INTERPOLATION" source="#mixamorig_Spine2-Interpolations"/>
      </sampler>
      <channel source="#mixamorig_Spine2-Matrix-animation-transform" target="mixamorig_Spine2/matrix"/>
    </animation>
    <animation id="mixamorig_Neck-anim" name="mixamorig_Neck">
      <source id="mixamorig_Neck-Matrix-animation-input">
        <float_array id="mixamorig_Neck-Matrix-animation-input-array" count="31">

0.000000 0.033333 0.066667 0.100000 0.133333 0.166667 0.200000 0.233333 0.266667 0.300000 0.333333 0.366667 0.400000 0.433333 0.466667 0.500000
0.533333 0.566667 0.600000 0.633333 0.666667 0.700000 0.733333 0.766667 0.800000 0.833333 0.866667 0.900000 0.933333 0.966667 1.000000</float_array>
        <technique_common>
          <accessor source="#mixamorig_Neck-Matrix-animation-input-array" count="31">
            <param name="TIME" type="float"/>
          </accessor>
        </technique_common>
      </source>
      <source id="mixamorig_Neck-Matrix-animation-output-transform">
        <float_array id="mixamorig_Neck-Matrix-animation-output-transform-array" count="496">

0.999713 -0.023817 0.002747 -0.112200 0.023967 0.989778 -0.140592 18.919500 0.000629 0.140617 0.990064 -3.736100 0.000000 0.000000 0.000000 1.000000
0.998957 -0.044830 -0.008624 -0.112200 0.043284 0.990134 -0.133274 18.919500 0.014513 0.132762 0.991042 -3.736100 0.000000 0.000000 0.000000 1.000000
0.998367 -0.053911 -0.018868 -0.112200 0.050999 0.990130 -0.130544 18.919500 0.025720 0.129369 0.991263 -3.736100 0.000000 0.000000 0.000000 1.000000
0.998413 -0.049391 -0.027045 -0.112200 0.045468 0.990437 -0.130257 18.919500 0.033220 0.128821 0.991111 -3.736100 0.000000 0.000000 0.000000 1.000000
0.998771 -0.037170 -0.032771 -0.112200 0.032741 0.991409 -0.126637 18.919500 0.037196 0.125409 0.991408 -3.736100 0.000000 0.000000 0.000000 1.000000
0.999027 -0.024492 -0.036678 -0.112200 0.020123 0.993151 -0.115090 18.919500 0.039246 0.114240 0.992678 -3.736100 0.000000 0.000000 0.000000 1.000000
0.999175 -0.011375 -0.038999 -0.112200 0.007570 0.995318 -0.096354 18.919500 0.039912 0.095980 0.994583 -3.736100 0.000000 0.000000 0.000000 1.000000
0.999267 0.006257 -0.037769 -0.112200 -0.009038 0.997225 -0.073895 18.919500 0.037202 0.074182 0.996551 -3.736100 0.000000 0.000000 0.000000 1.000000
0.999197 0.025817 -0.030647 -0.112200 -0.027269 0.998479 -0.047924 18.919500 0.029363 0.048721 0.998381 -3.736100 0.000000 0.000000 0.000000 1.000000
0.999133 0.037122 -0.018869 -0.112200 -0.037401 0.999193 -0.014656 18.919500 0.018310 0.015349 0.999715 -3.736100 0.000000 0.000000 0.000000 1.000000
0.999255 0.038090 -0.006185 -0.112200 -0.037921 0.998956 0.025487 18.919500 0.007149 -0.025234 0.999656 -3.736100 0.000000 0.000000 0.000000 1.000000
0.998967 0.044924 0.006798 -0.112200 -0.045258 0.997064 0.061759 18.919500 -0.004003 -0.062003 0.998068 -3.736100 0.000000 0.000000 0.000000 1.000000
0.996946 0.074704 0.022774 -0.112200 -0.076345 0.993650 0.082649 18.919500 -0.016455 -0.084136 0.996318 -3.736100 0.000000 0.000000 0.000000 1.000000
0.991930 0.120078 0.040697 -0.112200 -0.123247 0.988531 0.087268 18.919500 -0.029752 -0.091580 0.995353 -3.736100 0.000000 0.000000 0.000000 1.000000
0.986585 0.154002 0.054162 -0.112200 -0.158033 0.984163 0.080310 18.919500 -0.040936 -0.087792 0.995297 -3.736100 0.000000 0.000000 0.000000 1.000000
0.985295 0.159953 0.060078 -0.112200 -0.163804 0.984295 0.065819 18.919500 -0.048606 -0.074692 0.996021 -3.736100 0.000000 0.000000 0.000000 1.000000
0.987429 0.144664 0.063688 -0.112200 -0.148147 0.987499 0.053835 18.919500 -0.055104 -0.062594 0.996517 -3.736100 0.000000 0.000000 0.000000 1.000000
0.990205 0.120244 0.070963 -0.112200 -0.124324 0.990649 0.056191 18.919500 -0.063543 -0.064463 0.995895 -3.736100 0.000000 0.000000 0.000000 1.000000
0.992828 0.089177 0.079619 -0.112200 -0.094305 0.993539 0.063146 18.919500 -0.073473 -0.070202 0.994823 -3.736100 0.000000 0.000000 0.000000 1.000000
0.995119 0.053947 0.082637 -0.112200 -0.057944 0.997224 0.046758 18.919500 -0.079885 -0.051319 0.995482 -3.736100 0.000000 0.000000 0.000000 1.000000
0.996571 0.026584 0.078358 -0.112200 -0.026612 0.999646 -0.000694 18.919500 -0.078349 -0.001393 0.996925 -3.736100 0.000000 0.000000 0.000000 1.000000
0.997261 0.017053 0.071968 -0.112200 -0.013187 0.998462 -0.053849 18.919500 -0.072776 0.052753 0.995952 -3.736100 0.000000 0.000000 0.000000 1.000000
0.997416 0.021573 0.068532 -0.112200 -0.015483 0.995983 -0.088189 18.919500 -0.070159 0.086900 0.993744 -3.736100 0.000000 0.000000 0.000000 1.000000
0.997205 0.030143 0.068362 -0.112200 -0.022882 0.994250 -0.104615 18.919500 -0.071123 0.102758 0.992160 -3.736100 0.000000 0.000000 0.000000 1.000000
0.997003 0.037688 0.067567 -0.112200 -0.029709 0.992872 -0.115425 18.919500 -0.071435 0.113072 0.991016 -3.736100 0.000000 0.000000 0.000000 1.000000
0.997129 0.043466 0.062006 -0.112200 -0.035359 0.991358 -0.126330 18.919500 -0.066962 0.123775 0.990048 -3.736100 0.000000 0.000000 0.000000 1.000000
0.997565 0.046225 0.052225 -0.112200 -0.038733 0.989905 -0.136335 18.919500 -0.058000 0.133980 0.989285 -3.736100 0.000000 0.000000 0.000000 1.000000
0.998176 0.042917 0.042457 -0.112200 -0.036426 0.989001 -0.143350 18.919500 -0.048142 0.141542 0.988761 -3.736100 0.000000 0.000000 0.000000 1.000000
0.998988 0.029950 0.033553 -0.112200 -0.024747 0.988977 -0.145987 18.919500 -0.037555 0.145009 0.988717 -3.736100 0.000000 0.000000 0.000000 1.000000
0.999749 0.006577 0.021429 -0.112200 -0.003415 0.989515 -0.144388 18.919500 -0.022154 0.144278 0.989289 -3.736100 0.000000 0.000000 0.000000 1.000000
0.999713 -0.023817 0.002747 -0.112200 0.023967 0.989778 -0.140592 18.919500 0.000629 0.140617 0.990064 -3.736100 0.000000 0.000000 0.000000 1.000000</float_array>
        <technique_common>
          <accessor source="#mixamorig_Neck-Matrix-animation-output-transform-array" count="31" stride="16">
            <param type="float4x4"/>
          </accessor>
        </technique_common>
      </source>
      <source id="mixamorig_Neck-Interpolations">
        <Name_array id="mixamorig_Neck-Interpolations-array" count="31">
 LINEAR LINEAR LINEAR LINEAR LINEAR LINEAR LINEAR LINEAR LINEAR LINEAR LINEAR
LINEAR LINEAR LINEAR LINEAR LINEAR LINEAR LINEAR LINEAR LINEAR LINEAR LINEAR LINEAR
LINEAR LINEAR LINEAR LINEAR LINEAR LINEAR LINEAR LINEAR</Name_array>
        <technique_common>
          <accessor source="#mixamorig_Neck-Interpolations-array" count="31">
            <param type="name"/>
          </accessor>
        </technique_common>
      </source>
      <sampler id="mixamorig_Neck-Matrix-animation-transform">
        <input semantic="INPUT" source="#mixamorig_Neck-Matrix-animation-input"/>
        <input semantic="OUTPUT" source="#mixamorig_Neck-Matrix-animation-output-transform"/>
        <input semantic="INTERPOLATION" source="#mixamorig_Neck-Interpolations"/>
      </sampler>
      <channel source="#mixamorig_Neck-Matrix-animation-transform" target="mixamorig_Neck/matrix"/>
    </animation>
    <animation id="mixamorig_Head-anim" name="mixamorig_Head">
      <source id="mixamorig_Head-Matrix-animation-input">
        <float_array id="mixamorig_Head-Matrix-animation-input-array" count="31">

0.000000 0.033333 0.066667 0.100000 0.133333 0.166667 0.200000 0.233333 0.266667 0.300000 0.333333 0.366667 0.400000 0.433333 0.466667 0.500000
0.533333 0.566667 0.600000 0.633333 0.666667 0.700000 0.733333 0.766667 0.800000 0.833333 0.866667 0.900000 0.933333 0.966667 1.000000</float_array>
        <technique_common>
          <accessor source="#mixamorig_Head-Matrix-animation-input-array" count="31">
            <param name="TIME" type="float"/>
          </accessor>
        </technique_common>
      </source>
      <source id="mixamorig_Head-Matrix-animation-output-transform">
        <float_array id="mixamorig_Head-Matrix-animation-output-transform-array" count="496">

0.992245 -0.111747 0.054436 0.000000 0.124199 0.873599 -0.470531 8.673000 0.005025 0.473643 0.880703 3.319300 0.000000 0.000000 0.000000 1.000000
0.969960 -0.238651 -0.047146 0.000000 0.196648 0.883311 -0.425547 8.673000 0.143202 0.403493 0.903707 3.319300 0.000000 0.000000 0.000000 1.000000
0.945057 -0.297188 -0.136187 0.000000 0.219148 0.885068 -0.410644 8.673000 0.242573 0.358237 0.901568 3.319300 0.000000 0.000000 0.000000 1.000000
0.936209 -0.279289 -0.213332 -0.000000 0.180205 0.902631 -0.390875 8.673000 0.301727 0.327497 0.895381 3.319300 0.000000 0.000000 0.000000 1.000000
0.931311 -0.222084 -0.288684 0.000000 0.119058 0.934680 -0.334960 8.673000 0.344216 0.277582 0.896919 3.319300 0.000000 0.000000 0.000000 1.000000
0.912070 -0.172179 -0.372134 0.000000 0.083620 0.966596 -0.242279 8.673000 0.401418 0.189858 0.896001 3.319300 0.000000 0.000000 0.000000 1.000000
0.879664 -0.134740 -0.456109 -0.000000 0.083846 0.987944 -0.130142 8.673000 0.468146 0.076239 0.880356 3.319300 0.000000 0.000000 0.000000 1.000000
0.856106 -0.094090 -0.508163 -0.000000 0.107013 0.994250 -0.003807 8.673000 0.505600 -0.051121 0.861252 3.319300 0.000000 0.000000 0.000000 1.000000
0.866646 -0.060879 -0.495195 -0.000000 0.147824 0.979294 0.138316 8.673000 0.476521 -0.193073 0.857701 3.319300 0.000000 0.000000 0.000000 1.000000
0.907176 -0.059427 -0.416534 0.000000 0.193439 0.938056 0.287460 8.673000 0.373649 -0.341351 0.862477 3.319300 0.000000 0.000000 0.000000 1.000000
0.946719 -0.088632 -0.309624 0.000000 0.221222 0.877656 0.425182 8.673000 0.234059 -0.471024 0.850502 3.319300 0.000000 0.000000 0.000000 1.000000
0.968900 -0.131123 -0.209857 -0.000000 0.225915 0.814773 0.533954 8.673000 0.100972 -0.564758 0.819056 3.319300 0.000000 0.000000 0.000000 1.000000
0.978295 -0.175154 -0.110720 0.000000 0.205873 0.760866 0.615385 8.673000 -0.023544 -0.624823 0.780411 3.319300 0.000000 0.000000 0.000000 1.000000
0.978760 -0.204749 0.010319 0.000000 0.144305 0.723824 0.674726 8.673000 -0.145619 -0.658906 0.737996 3.319300 0.000000 0.000000 0.000000 1.000000
0.968696 -0.201984 0.144329 0.000000 0.046172 0.717830 0.694686 8.673000 -0.243919 -0.666275 0.704685 3.319300 0.000000 0.000000 0.000000 1.000000
0.947916 -0.175243 0.265981 -0.000000 -0.043617 0.755768 0.653385 8.673000 -0.315521 -0.630955 0.708761 3.319300 0.000000 0.000000 0.000000 1.000000
0.912465 -0.154820 0.378732 0.000000 -0.088642 0.828861 0.552387 8.673000 -0.399437 -0.537606 0.742583 3.319300 0.000000 0.000000 0.000000 1.000000
0.852244 -0.142233 0.503438 0.000000 -0.093126 0.905714 0.413533 8.673000 -0.514788 -0.399314 0.758644 3.319300 0.000000 0.000000 0.000000 1.000000
0.768615 -0.101387 0.631626 0.000000 -0.079586 0.964535 0.251672 8.673000 -0.634742 -0.243707 0.733287 3.319300 0.000000 0.000000 0.000000 1.000000
0.690106 -0.014257 0.723568 0.000000 -0.051018 0.996360 0.068291 8.673000 -0.721908 -0.084044 0.686867 3.319300 0.000000 0.000000 0.000000 1.000000
0.653454 0.093281 0.751197 -0.000000 -0.006532 0.993036 -0.117629 8.673000 -0.756938 0.071958 0.649513 3.319300 0.000000 0.000000 0.000000 1.000000
0.663052 0.186147 0.725059 -0.000000 0.032013 0.960651 -0.275907 8.673000 -0.747888 0.206152 0.631003 3.319300 0.000000 0.000000 0.000000 1.000000
0.690369 0.250899 0.678558 0.000000 0.046255 0.920710 -0.387496 8.673000 -0.721977 0.298901 0.624025 3.319300 0.000000 0.000000 0.000000 1.000000
0.716092 0.285842 0.636794 -0.000000 0.041697 0.893157 -0.447807 8.673000 -0.696760 0.347223 0.627664 3.319300 0.000000 0.000000 0.000000 1.000000
0.751380 0.286821 0.594274 -0.000000 0.033150 0.883049 -0.468109 8.673000 -0.659036 0.371428 0.653997 3.319300 0.000000 0.000000 0.000000 1.000000
0.809931 0.259738 0.525879 0.000000 0.026480 0.879493 -0.475175 8.673000 -0.585928 0.398784 0.705450 3.319300 0.000000 0.000000 0.000000 1.000000
0.873640 0.230565 0.428476 -0.000000 0.013406 0.868861 -0.494874 8.673000 -0.486387 0.438086 0.755981 3.319300 0.000000 0.000000 0.000000 1.000000
0.917311 0.214127 0.335693 0.000000 -0.008483 0.853406 -0.521177 8.673000 -0.398080 0.475234 0.784656 3.319300 0.000000 0.000000 0.000000 1.000000
0.947588 0.178598 0.264914 -0.000000 -0.013375 0.850614 -0.525620 8.673000 -0.319214 0.494528 0.808421 3.319300 0.000000 0.000000 0.000000 1.000000
0.980008 0.074570 0.184456 0.000000 0.028014 0.866151 -0.498997 8.673000 -0.196977 0.494188 0.846746 3.319300 0.000000 0.000000 0.000000 1.000000
0.992245 -0.111747 0.054436 -0.000000 0.124199 0.873599 -0.470531 8.673000 0.005025 0.473643 0.880703 3.319300 0.000000 0.000000 0.000000 1.000000</float_array>
        <technique_common>
          <accessor source="#mixamorig_Head-Matrix-animation-output-transform-array" count="31" stride="16">
            <param type="float4x4"/>
          </accessor>
        </technique_common>
      </source>
      <source id="mixamorig_Head-Interpolations">
        <Name_array id="mixamorig_Head-Interpolations-array" count="31">
 LINEAR LINEAR LINEAR LINEAR LINEAR LINEAR LINEAR LINEAR LINEAR LINEAR LINEAR
LINEAR LINEAR LINEAR LINEAR LINEAR LINEAR LINEAR LINEAR LINEAR LINEAR LINEAR LINEAR
LINEAR LINEAR LINEAR LINEAR LINEAR LINEAR LINEAR LINEAR</Name_array>
        <technique_common>
          <accessor source="#mixamorig_Head-Interpolations-array" count="31">
            <param type="name"/>
          </accessor>
        </technique_common>
      </source>
      <sampler id="mixamorig_Head-Matrix-animation-transform">
        <input semantic="INPUT" source="#mixamorig_Head-Matrix-animation-input"/>
        <input semantic="OUTPUT" source="#mixamorig_Head-Matrix-animation-output-transform"/>
        <input semantic="INTERPOLATION" source="#mixamorig_Head-Interpolations"/>
      </sampler>
      <channel source="#mixamorig_Head-Matrix-animation-transform" target="mixamorig_Head/matrix"/>
    </animation>
    <animation id="mixamorig_LeftShoulder-anim" name="mixamorig_LeftShoulder">
      <source id="mixamorig_LeftShoulder-Matrix-animation-input">
        <float_array id="mixamorig_LeftShoulder-Matrix-animation-input-array" count="31">

0.000000 0.033333 0.066667 0.100000 0.133333 0.166667 0.200000 0.233333 0.266667 0.300000 0.333333 0.366667 0.400000 0.433333 0.466667 0.500000
0.533333 0.566667 0.600000 0.633333 0.666667 0.700000 0.733333 0.766667 0.800000 0.833333 0.866667 0.900000 0.933333 0.966667 1.000000</float_array>
        <technique_common>
          <accessor source="#mixamorig_LeftShoulder-Matrix-animation-input-array" count="31">
            <param name="TIME" type="float"/>
          </accessor>
        </technique_common>
      </source>
      <source id="mixamorig_LeftShoulder-Matrix-animation-output-transform">
        <float_array id="mixamorig_LeftShoulder-Matrix-animation-output-transform-array" count="496">

0.043965 0.979687 -0.195656 6.339200 0.101305 -0.199208 -0.974707 14.952900 -0.993884 0.023032 -0.108005 -4.642900 0.000000 0.000000 0.000000 1.000000
0.136469 0.965734 -0.220759 6.339200 0.096540 -0.234748 -0.967250 14.952900 -0.985929 0.110688 -0.125268 -4.642900 0.000000 0.000000 0.000000 1.000000
0.266939 0.932828 -0.242023 6.339200 0.074644 -0.270394 -0.959852 14.952900 -0.960818 0.238156 -0.141809 -4.642900 0.000000 0.000000 0.000000 1.000000
0.396800 0.868422 -0.297310 6.339200 0.028068 -0.335229 -0.941719 14.952900 -0.917476 0.365329 -0.157394 -4.642900 0.000000 0.000000 0.000000 1.000000
0.440242 0.817742 -0.370790 6.339200 -0.004721 -0.410848 -0.911692 14.952900 -0.897867 0.403115 -0.177012 -4.642900 0.000000 0.000000 0.000000 1.000000
0.373086 0.818945 -0.436045 6.339200 0.058060 -0.489666 -0.869975 14.952900 -0.925978 0.299258 -0.230235 -4.642900 0.000000 0.000000 0.000000 1.000000
0.264429 0.827297 -0.495639 6.339200 0.243916 -0.554594 -0.795570 14.952900 -0.933050 0.089478 -0.348441 -4.642900 0.000000 0.000000 0.000000 1.000000
0.206105 0.810988 -0.547557 6.339200 0.437267 -0.576925 -0.689895 14.952900 -0.875396 -0.097238 -0.473526 -4.642900 0.000000 0.000000 0.000000 1.000000
0.222500 0.807908 -0.545691 6.339200 0.540706 -0.568010 -0.620485 14.952900 -0.811252 -0.157000 -0.563223 -4.642900 0.000000 0.000000 0.000000 1.000000
0.280427 0.839611 -0.465203 6.339200 0.577307 -0.534723 -0.617080 14.952900 -0.766862 -0.095519 -0.634664 -4.642900 0.000000 0.000000 0.000000 1.000000
0.346443 0.870473 -0.349648 6.339200 0.593171 -0.492035 -0.637221 14.952900 -0.726722 0.013360 -0.686801 -4.642900 0.000000 0.000000 0.000000 1.000000
0.410952 0.871606 -0.267248 6.339200 0.604753 -0.479993 -0.635516 14.952900 -0.682197 0.099547 -0.724361 -4.642900 0.000000 0.000000 0.000000 1.000000
0.476480 0.852604 -0.214555 6.339200 0.594091 -0.492129 -0.636289 14.952900 -0.648091 0.175714 -0.741014 -4.642900 0.000000 0.000000 0.000000 1.000000
0.547328 0.821755 -0.158589 6.339200 0.541518 -0.492205 -0.681536 14.952900 -0.638115 0.287145 -0.714393 -4.642900 0.000000 0.000000 0.000000 1.000000
0.608894 0.790441 -0.066716 6.339200 0.505299 -0.451323 -0.735514 14.952900 -0.611491 0.414139 -0.674217 -4.642900 0.000000 0.000000 0.000000 1.000000
0.603269 0.793745 0.077688 6.339200 0.603141 -0.390321 -0.695608 14.952900 -0.521812 0.466496 -0.714208 -4.642900 0.000000 0.000000 0.000000 1.000000
0.497676 0.854604 0.148221 6.339200 0.769442 -0.356122 -0.530222 14.952900 -0.400346 0.377927 -0.834802 -4.642900 0.000000 0.000000 0.000000 1.000000
0.410755 0.910966 -0.037711 6.339200 0.815304 -0.385506 -0.432047 14.952900 -0.408118 0.146720 -0.901062 -4.642900 0.000000 0.000000 0.000000 1.000000
0.285556 0.857250 -0.428463 6.339200 0.713068 -0.488756 -0.502645 14.952900 -0.640306 -0.161990 -0.750845 -4.642900 0.000000 0.000000 0.000000 1.000000
-0.010151 0.694297 -0.719617 6.339200 0.540488 -0.601660 -0.588114 14.952900 -0.841291 -0.394914 -0.369151 -4.642900 0.000000 0.000000 0.000000 1.000000
-0.203062 0.621743 -0.756440 6.339200 0.421187 -0.641949 -0.640705 14.952900 -0.883950 -0.448705 -0.131514 -4.642900 0.000000 0.000000 0.000000 1.000000
-0.088650 0.700310 -0.708313 6.339200 0.404741 -0.624433 -0.668034 14.952900 -0.910124 -0.345904 -0.228088 -4.642900 0.000000 0.000000 0.000000 1.000000
0.021855 0.730647 -0.682405 6.339200 0.439927 -0.619962 -0.649701 14.952900 -0.897768 -0.286009 -0.334981 -4.642900 0.000000 0.000000 0.000000 1.000000
-0.048588 0.659976 -0.749713 6.339200 0.406737 -0.672472 -0.618341 14.952900 -0.912252 -0.334980 -0.235763 -4.642900 0.000000 0.000000 0.000000 1.000000
-0.222826 0.624051 -0.748939 6.339200 0.301415 -0.686507 -0.661708 14.952900 -0.927091 -0.373187 -0.035126 -4.642900 0.000000 0.000000 0.000000 1.000000
-0.477749 0.592080 -0.648997 6.339200 0.259286 -0.610814 -0.748115 14.952900 -0.839361 -0.525687 0.138298 -4.642900 0.000000 0.000000 0.000000 1.000000
-0.650479 0.583633 -0.486055 6.339200 0.212228 -0.474790 -0.854128 14.952900 -0.729271 -0.658746 0.184977 -4.642900 0.000000 0.000000 0.000000 1.000000
-0.680328 0.635631 -0.364867 6.339200 0.134425 -0.381170 -0.914680 14.952900 -0.720475 -0.671329 0.173875 -4.642900 0.000000 0.000000 0.000000 1.000000
-0.541822 0.784855 -0.300717 6.339200 0.063291 -0.318671 -0.945750 14.952900 -0.838107 -0.531461 0.122989 -4.642900 0.000000 0.000000 0.000000 1.000000
-0.220804 0.938302 -0.266149 6.339200 0.027433 -0.266802 -0.963361 14.952900 -0.974932 -0.220016 0.033171 -4.642900 0.000000 0.000000 0.000000 1.000000
0.043965 0.979687 -0.195655 6.339200 0.101304 -0.199207 -0.974707 14.952900 -0.993884 0.023032 -0.108005 -4.642900 0.000000 0.000000 0.000000 1.000000</float_array>
        <technique_common>
          <accessor source="#mixamorig_LeftShoulder-Matrix-animation-output-transform-array" count="31" stride="16">
            <param type="float4x4"/>
          </accessor>
        </technique_common>
      </source>
      <source id="mixamorig_LeftShoulder-Interpolations">
        <Name_array id="mixamorig_LeftShoulder-Interpolations-array" count="31">
 LINEAR LINEAR LINEAR LINEAR LINEAR LINEAR LINEAR LINEAR LINEAR LINEAR LINEAR
LINEAR LINEAR LINEAR LINEAR LINEAR LINEAR LINEAR LINEAR LINEAR LINEAR LINEAR LINEAR
LINEAR LINEAR LINEAR LINEAR LINEAR LINEAR LINEAR LINEAR</Name_array>
        <technique_common>
          <accessor source="#mixamorig_LeftShoulder-Interpolations-array" count="31">
            <param type="name"/>
          </accessor>
        </technique_common>
      </source>
      <sampler id="mixamorig_LeftShoulder-Matrix-animation-transform">
        <input semantic="INPUT" source="#mixamorig_LeftShoulder-Matrix-animation-input"/>
        <input semantic="OUTPUT" source="#mixamorig_LeftShoulder-Matrix-animation-output-transform"/>
        <input semantic="INTERPOLATION" source="#mixamorig_LeftShoulder-Interpolations"/>
      </sampler>
      <channel source="#mixamorig_LeftShoulder-Matrix-animation-transform" target="mixamorig_LeftShoulder/matrix"/>
    </animation>
    <animation id="mixamorig_LeftArm-anim" name="mixamorig_LeftArm">
      <source id="mixamorig_LeftArm-Matrix-animation-input">
        <float_array id="mixamorig_LeftArm-Matrix-animation-input-array" count="31">

0.000000 0.033333 0.066667 0.100000 0.133333 0.166667 0.200000 0.233333 0.266667 0.300000 0.333333 0.366667 0.400000 0.433333 0.466667 0.500000
0.533333 0.566667 0.600000 0.633333 0.666667 0.700000 0.733333 0.766667 0.800000 0.833333 0.866667 0.900000 0.933333 0.966667 1.000000</float_array>
        <technique_common>
          <accessor source="#mixamorig_LeftArm-Matrix-animation-input-array" count="31">
            <param name="TIME" type="float"/>
          </accessor>
        </technique_common>
      </source>
      <source id="mixamorig_LeftArm-Matrix-animation-output-transform">
        <float_array id="mixamorig_LeftArm-Matrix-animation-output-transform-array" count="496">

0.803017 0.543502 -0.244478 0.000000 -0.218835 -0.112657 -0.969237 9.143700 -0.554324 0.831814 0.028472 0.000000 0.000000 0.000000 0.000000 1.000000
0.705859 0.552816 -0.442896 -0.000000 -0.397690 -0.208133 -0.893601 9.143700 -0.586178 0.806892 0.072937 0.000000 0.000000 0.000000 0.000000 1.000000
0.693032 0.550489 -0.465477 0.000000 -0.409040 -0.231416 -0.882685 9.143700 -0.593627 0.802127 0.064793 0.000000 0.000000 0.000000 0.000000 1.000000
0.573412 0.574049 -0.584523 0.000000 -0.633339 -0.141983 -0.760738 9.143700 -0.519693 0.806417 0.282152 0.000000 0.000000 0.000000 0.000000 1.000000
0.578213 0.500949 -0.643988 -0.000000 -0.794900 0.168017 -0.583013 9.143700 -0.183858 0.849012 0.495354 0.000000 0.000000 0.000000 0.000000 1.000000
0.635414 0.317881 -0.703705 0.000000 -0.737285 0.520596 -0.430570 9.143700 0.229476 0.792421 0.565163 0.000000 0.000000 0.000000 0.000000 1.000000
0.629318 -0.085164 -0.772467 0.000000 -0.388199 0.826637 -0.407397 9.143700 0.673246 0.556253 0.487157 0.000000 0.000000 0.000000 0.000000 1.000000
0.559024 -0.397862 -0.727460 0.000000 0.056312 0.893547 -0.445425 9.143700 0.827237 0.208039 0.521919 0.000000 0.000000 0.000000 0.000000 1.000000
0.468976 -0.492452 -0.733180 -0.000000 0.315805 0.868747 -0.381504 9.143700 0.824820 -0.052625 0.562941 0.000000 0.000000 0.000000 0.000000 1.000000
0.322439 -0.541238 -0.776592 0.000000 0.519720 0.786916 -0.332647 9.143700 0.791154 -0.296351 0.535025 0.000000 0.000000 0.000000 0.000000 1.000000
0.194009 -0.540727 -0.818520 -0.000000 0.570073 0.741174 -0.354510 9.143700 0.798359 -0.397839 0.452048 -0.000000 0.000000 0.000000 0.000000 1.000000
0.104812 -0.561812 -0.820598 -0.000000 0.669991 0.649674 -0.359216 9.143700 0.734933 -0.512143 0.444503 -0.000000 0.000000 0.000000 0.000000 1.000000
-0.065987 -0.580391 -0.811660 -0.000000 0.699295 0.553352 -0.452536 9.143700 0.711781 -0.597451 0.369350 0.000000 0.000000 0.000000 0.000000 1.000000
-0.155874 -0.592523 -0.790329 0.000000 0.568024 0.600813 -0.562470 9.143700 0.808117 -0.536600 0.242916 -0.000000 0.000000 0.000000 0.000000 1.000000
-0.242439 -0.585510 -0.773564 0.000000 0.339371 0.695794 -0.633007 9.143700 0.908873 -0.415991 0.030018 -0.000000 0.000000 0.000000 0.000000 1.000000
-0.467723 -0.556584 -0.686622 -0.000000 0.161202 0.710086 -0.685414 9.143700 0.869051 -0.431268 -0.242401 0.000000 0.000000 0.000000 0.000000 1.000000
-0.661789 -0.602429 -0.446223 -0.000000 -0.062633 0.637557 -0.767853 9.143700 0.747069 -0.480208 -0.459660 0.000000 0.000000 0.000000 0.000000 1.000000
-0.637182 -0.704629 -0.312246 0.000000 -0.138759 0.503399 -0.852840 9.143700 0.758120 -0.500087 -0.418530 0.000000 0.000000 0.000000 0.000000 1.000000
-0.409845 -0.843257 -0.347772 0.000000 -0.078464 0.412443 -0.907598 9.143700 0.908774 -0.344687 -0.235203 0.000000 0.000000 0.000000 0.000000 1.000000
-0.040976 -0.905751 -0.421825 0.000000 -0.045100 0.423426 -0.904807 9.143700 0.998142 -0.018052 -0.058200 0.000000 0.000000 0.000000 0.000000 1.000000
0.223506 -0.796323 -0.562063 0.000000 -0.236678 0.515053 -0.823835 9.143700 0.945531 0.317159 -0.073355 0.000000 0.000000 0.000000 0.000000 1.000000
0.165071 -0.602251 -0.781054 -0.000000 -0.588963 0.575026 -0.567862 9.143700 0.791122 0.553750 -0.259783 0.000000 0.000000 0.000000 0.000000 1.000000
0.049972 -0.463250 -0.884818 -0.000000 -0.797138 0.515251 -0.314782 9.143700 0.601726 0.721052 -0.343525 0.000000 0.000000 0.000000 0.000000 1.000000
0.109215 -0.315558 -0.942600 0.000000 -0.827105 0.497113 -0.262254 9.143700 0.551335 0.808271 -0.206707 -0.000000 0.000000 0.000000 0.000000 1.000000
0.224089 -0.082534 -0.971068 0.000000 -0.886053 0.397666 -0.238269 9.143700 0.405826 0.913811 0.015983 0.000000 0.000000 0.000000 0.000000 1.000000
0.445096 0.103219 -0.889514 0.000000 -0.869241 0.288512 -0.401473 9.143700 0.215196 0.951896 0.218138 0.000000 0.000000 0.000000 0.000000 1.000000
0.709428 0.227945 -0.666898 0.000000 -0.704008 0.273428 -0.655447 9.143700 0.032943 0.934493 0.354453 0.000000 0.000000 0.000000 0.000000 1.000000
0.845872 0.352141 -0.400620 0.000000 -0.500945 0.266541 -0.823413 9.143700 -0.183176 0.897192 0.401863 -0.000000 0.000000 0.000000 0.000000 1.000000
0.806212 0.520541 -0.281174 0.000000 -0.407424 0.143886 -0.901833 9.143700 -0.428984 0.841626 0.328083 0.000000 0.000000 0.000000 0.000000 1.000000
0.735258 0.603242 -0.309023 0.000000 -0.362917 -0.034674 -0.931176 9.143700 -0.572440 0.796804 0.193432 0.000000 0.000000 0.000000 0.000000 1.000000
0.803017 0.543502 -0.244478 0.000000 -0.218835 -0.112656 -0.969237 9.143700 -0.554324 0.831814 0.028472 0.000000 0.000000 0.000000 0.000000 1.000000</float_array>
        <technique_common>
          <accessor source="#mixamorig_LeftArm-Matrix-animation-output-transform-array" count="31" stride="16">
            <param type="float4x4"/>
          </accessor>
        </technique_common>
      </source>
      <source id="mixamorig_LeftArm-Interpolations">
        <Name_array id="mixamorig_LeftArm-Interpolations-array" count="31">
 LINEAR LINEAR LINEAR LINEAR LINEAR LINEAR LINEAR LINEAR LINEAR LINEAR LINEAR
LINEAR LINEAR LINEAR LINEAR LINEAR LINEAR LINEAR LINEAR LINEAR LINEAR LINEAR LINEAR
LINEAR LINEAR LINEAR LINEAR LINEAR LINEAR LINEAR LINEAR</Name_array>
        <technique_common>
          <accessor source="#mixamorig_LeftArm-Interpolations-array" count="31">
            <param type="name"/>
          </accessor>
        </technique_common>
      </source>
      <sampler id="mixamorig_LeftArm-Matrix-animation-transform">
        <input semantic="INPUT" source="#mixamorig_LeftArm-Matrix-animation-input"/>
        <input semantic="OUTPUT" source="#mixamorig_LeftArm-Matrix-animation-output-transform"/>
        <input semantic="INTERPOLATION" source="#mixamorig_LeftArm-Interpolations"/>
      </sampler>
      <channel source="#mixamorig_LeftArm-Matrix-animation-transform" target="mixamorig_LeftArm/matrix"/>
    </animation>
    <animation id="mixamorig_LeftForeArm-anim" name="mixamorig_LeftForeArm">
      <source id="mixamorig_LeftForeArm-Matrix-animation-input">
        <float_array id="mixamorig_LeftForeArm-Matrix-animation-input-array" count="31">

0.000000 0.033333 0.066667 0.100000 0.133333 0.166667 0.200000 0.233333 0.266667 0.300000 0.333333 0.366667 0.400000 0.433333 0.466667 0.500000
0.533333 0.566667 0.600000 0.633333 0.666667 0.700000 0.733333 0.766667 0.800000 0.833333 0.866667 0.900000 0.933333 0.966667 1.000000</float_array>
        <technique_common>
          <accessor source="#mixamorig_LeftForeArm-Matrix-animation-input-array" count="31">
            <param name="TIME" type="float"/>
          </accessor>
        </technique_common>
      </source>
      <source id="mixamorig_LeftForeArm-Matrix-animation-output-transform">
        <float_array id="mixamorig_LeftForeArm-Matrix-animation-output-transform-array" count="496">

0.824786 -0.565445 -0.000000 0.000000 0.565445 0.824786 0.000000 24.573900 0.000000 -0.000000 1.000000 0.000000 0.000000 0.000000 0.000000 1.000000
0.753245 -0.657740 0.000000 0.000000 0.657740 0.753245 -0.000000 24.573900 0.000000 0.000000 1.000000 0.000000 0.000000 0.000000 0.000000 1.000000
0.696868 -0.717199 0.000000 0.000000 0.717199 0.696868 0.000000 24.573900 -0.000000 0.000000 1.000000 0.000000 0.000000 0.000000 0.000000 1.000000
0.336023 -0.941854 -0.000000 0.000000 0.941854 0.336023 -0.000000 24.573900 0.000000 -0.000000 1.000000 0.000000 0.000000 0.000000 0.000000 1.000000
0.206125 -0.978526 -0.000000 0.000000 0.978526 0.206125 -0.000000 24.573900 0.000000 -0.000000 1.000000 -0.000000 0.000000 0.000000 0.000000 1.000000
-0.063724 -0.997968 -0.000000 0.000000 0.997968 -0.063724 -0.000000 24.573900 0.000000 -0.000000 1.000000 0.000000 0.000000 0.000000 0.000000 1.000000
-0.142403 -0.989809 -0.000000 0.000000 0.989809 -0.142403 -0.000000 24.573900 0.000000 -0.000000 1.000000 0.000000 0.000000 0.000000 0.000000 1.000000
-0.191970 -0.981401 -0.000000 0.000000 0.981401 -0.191970 -0.000000 24.573900 0.000000 -0.000000 1.000000 0.000000 0.000000 0.000000 0.000000 1.000000
-0.250716 -0.968061 -0.000000 0.000000 0.968061 -0.250716 -0.000000 24.573900 0.000000 -0.000000 1.000000 0.000000 0.000000 0.000000 0.000000 1.000000
-0.190367 -0.981713 -0.000000 0.000000 0.981713 -0.190367 -0.000000 24.573900 0.000000 -0.000000 1.000000 -0.000000 0.000000 0.000000 0.000000 1.000000
-0.189005 -0.981976 -0.000000 0.000000 0.981976 -0.189005 -0.000000 24.573900 0.000000 -0.000000 1.000000 0.000000 0.000000 0.000000 0.000000 1.000000
0.002583 -0.999997 0.000000 0.000000 0.999997 0.002583 -0.000000 24.573900 0.000000 0.000000 1.000000 0.000000 0.000000 0.000000 0.000000 1.000000
0.304400 -0.952544 -0.000000 0.000000 0.952544 0.304400 0.000000 24.573900 -0.000000 -0.000000 1.000000 0.000000 0.000000 0.000000 0.000000 1.000000
0.424254 -0.905543 -0.000000 0.000000 0.905543 0.424254 -0.000000 24.573900 0.000000 -0.000000 1.000000 -0.000000 0.000000 0.000000 0.000000 1.000000
0.545355 -0.838205 -0.000000 0.000000 0.838205 0.545355 0.000000 24.573900 0.000000 -0.000000 1.000000 0.000000 0.000000 0.000000 0.000000 1.000000
0.732601 -0.680658 -0.000000 -0.000000 0.680658 0.732601 0.000000 24.573900 -0.000000 -0.000000 1.000000 0.000000 0.000000 0.000000 0.000000 1.000000
0.617547 -0.786534 -0.000000 -0.000000 0.786534 0.617547 0.000000 24.573900 -0.000000 -0.000000 1.000000 -0.000000 0.000000 0.000000 0.000000 1.000000
0.498847 -0.866690 0.000000 0.000000 0.866690 0.498847 0.000000 24.573900 -0.000000 0.000000 1.000000 -0.000000 0.000000 0.000000 0.000000 1.000000
0.449716 -0.893172 0.000000 0.000000 0.893172 0.449716 0.000000 24.573900 -0.000000 0.000000 1.000000 -0.000000 0.000000 0.000000 0.000000 1.000000
0.406891 -0.913477 -0.000000 0.000000 0.913477 0.406891 -0.000000 24.573900 0.000000 -0.000000 1.000000 -0.000000 0.000000 0.000000 0.000000 1.000000
0.372495 -0.928034 0.000000 0.000000 0.928034 0.372495 0.000000 24.573900 -0.000000 0.000000 1.000000 0.000000 0.000000 0.000000 0.000000 1.000000
0.381441 -0.924393 -0.000000 0.000000 0.924393 0.381441 0.000000 24.573900 -0.000000 -0.000000 1.000000 -0.000000 0.000000 0.000000 0.000000 1.000000
0.449143 -0.893460 0.000000 0.000000 0.893460 0.449143 0.000000 24.573900 -0.000000 0.000000 1.000000 0.000000 0.000000 0.000000 0.000000 1.000000
0.552972 -0.833200 -0.000000 0.000000 0.833200 0.552972 0.000000 24.573900 -0.000000 -0.000000 1.000000 -0.000000 0.000000 0.000000 0.000000 1.000000
0.534477 -0.845183 0.000000 -0.000000 0.845183 0.534477 0.000000 24.573900 -0.000000 -0.000000 1.000000 -0.000000 0.000000 0.000000 0.000000 1.000000
0.524613 -0.851341 -0.000000 0.000000 0.851341 0.524613 -0.000000 24.573900 0.000000 0.000000 1.000000 -0.000000 0.000000 0.000000 0.000000 1.000000
0.673226 -0.739437 -0.000000 0.000000 0.739437 0.673226 0.000000 24.573900 0.000000 -0.000000 1.000000 0.000000 0.000000 0.000000 0.000000 1.000000
0.793885 -0.608068 -0.000000 0.000000 0.608068 0.793885 -0.000000 24.573900 0.000000 -0.000000 1.000000 0.000000 0.000000 0.000000 0.000000 1.000000
0.798503 -0.601990 -0.000000 0.000000 0.601990 0.798503 -0.000000 24.573900 0.000000 -0.000000 1.000000 0.000000 0.000000 0.000000 0.000000 1.000000
0.800461 -0.599385 -0.000000 -0.000000 0.599385 0.800461 0.000000 24.573900 -0.000000 -0.000000 1.000000 0.000000 0.000000 0.000000 0.000000 1.000000
0.824786 -0.565445 -0.000000 0.000000 0.565445 0.824786 0.000000 24.573900 -0.000000 -0.000000 1.000000 0.000000 0.000000 0.000000 0.000000 1.000000</float_array>
        <technique_common>
          <accessor source="#mixamorig_LeftForeArm-Matrix-animation-output-transform-array" count="31" stride="16">
            <param type="float4x4"/>
          </accessor>
        </technique_common>
      </source>
      <source id="mixamorig_LeftForeArm-Interpolations">
        <Name_array id="mixamorig_LeftForeArm-Interpolations-array" count="31">
 LINEAR LINEAR LINEAR LINEAR LINEAR LINEAR LINEAR LINEAR LINEAR LINEAR LINEAR
LINEAR LINEAR LINEAR LINEAR LINEAR LINEAR LINEAR LINEAR LINEAR LINEAR LINEAR LINEAR
LINEAR LINEAR LINEAR LINEAR LINEAR LINEAR LINEAR LINEAR</Name_array>
        <technique_common>
          <accessor source="#mixamorig_LeftForeArm-Interpolations-array" count="31">
            <param type="name"/>
          </accessor>
        </technique_common>
      </source>
      <sampler id="mixamorig_LeftForeArm-Matrix-animation-transform">
        <input semantic="INPUT" source="#mixamorig_LeftForeArm-Matrix-animation-input"/>
        <input semantic="OUTPUT" source="#mixamorig_LeftForeArm-Matrix-animation-output-transform"/>
        <input semantic="INTERPOLATION" source="#mixamorig_LeftForeArm-Interpolations"/>
      </sampler>
      <channel source="#mixamorig_LeftForeArm-Matrix-animation-transform" target="mixamorig_LeftForeArm/matrix"/>
    </animation>
    <animation id="mixamorig_LeftHand-anim" name="mixamorig_LeftHand">
      <source id="mixamorig_LeftHand-Matrix-animation-input">
        <float_array id="mixamorig_LeftHand-Matrix-animation-input-array" count="31">

0.000000 0.033333 0.066667 0.100000 0.133333 0.166667 0.200000 0.233333 0.266667 0.300000 0.333333 0.366667 0.400000 0.433333 0.466667 0.500000
0.533333 0.566667 0.600000 0.633333 0.666667 0.700000 0.733333 0.766667 0.800000 0.833333 0.866667 0.900000 0.933333 0.966667 1.000000</float_array>
        <technique_common>
          <accessor source="#mixamorig_LeftHand-Matrix-animation-input-array" count="31">
            <param name="TIME" type="float"/>
          </accessor>
        </technique_common>
      </source>
      <source id="mixamorig_LeftHand-Matrix-animation-output-transform">
        <float_array id="mixamorig_LeftHand-Matrix-animation-output-transform-array" count="496">

0.884602 -0.334062 0.325394 0.000000 -0.352859 -0.023258 0.935388 23.096600 -0.304909 -0.942264 -0.138451 -0.000000 0.000000 0.000000 0.000000 1.000000
0.714181 -0.562969 0.415948 0.000000 -0.344164 0.235020 0.909019 23.096600 -0.609505 -0.792359 -0.025907 0.000000 0.000000 0.000000 0.000000 1.000000
0.729053 -0.409112 0.548734 0.000000 -0.294320 0.536419 0.790968 23.096600 -0.617946 -0.738161 0.270668 0.000000 0.000000 0.000000 0.000000 1.000000
0.883599 0.084175 0.460617 0.000000 -0.308007 0.845416 0.436353 23.096600 -0.352682 -0.527434 0.772935 0.000000 0.000000 0.000000 0.000000 1.000000
0.967686 0.184812 0.171545 -0.000000 -0.149800 0.968590 -0.198477 23.096600 -0.202838 0.166366 0.964976 -0.000000 0.000000 0.000000 0.000000 1.000000
0.921406 0.256654 0.291788 -0.000000 -0.177923 0.946166 -0.270395 23.096600 -0.345478 0.197228 0.917467 0.000000 0.000000 0.000000 0.000000 1.000000
0.958673 -0.060412 0.278024 0.000000 -0.002011 0.975733 0.218954 23.096600 -0.284505 -0.210465 0.935287 0.000000 0.000000 0.000000 0.000000 1.000000
0.969661 -0.234697 0.068379 0.000000 0.177366 0.867953 0.463895 23.096600 -0.168225 -0.437693 0.883247 0.000000 0.000000 0.000000 0.000000 1.000000
0.960637 -0.272429 0.054390 0.000000 0.206385 0.830913 0.516709 23.096600 -0.185960 -0.485145 0.854432 -0.000000 0.000000 0.000000 0.000000 1.000000
0.981496 -0.073603 0.176773 0.000000 0.027682 0.968017 0.249354 23.096600 -0.189472 -0.239846 0.952142 0.000000 0.000000 0.000000 0.000000 1.000000
0.940532 0.065156 0.333398 0.000000 -0.124236 0.979420 0.159067 23.096600 -0.316172 -0.191028 0.929271 0.000000 0.000000 0.000000 0.000000 1.000000
0.808235 -0.135912 0.572961 -0.000000 -0.093439 0.931072 0.352667 23.096600 -0.581400 -0.338574 0.739825 -0.000000 0.000000 0.000000 0.000000 1.000000
0.650482 -0.391354 0.650934 0.000000 -0.056551 0.829697 0.555341 23.096600 -0.757414 -0.398050 0.517572 0.000000 0.000000 0.000000 0.000000 1.000000
0.751745 -0.404353 0.520939 0.000000 -0.233282 0.575818 0.783590 23.096600 -0.616813 -0.710586 0.338540 0.000000 0.000000 0.000000 0.000000 1.000000
0.949419 -0.257138 0.180233 0.000000 -0.117783 0.240443 0.963491 23.096600 -0.291086 -0.935985 0.197994 0.000000 0.000000 0.000000 0.000000 1.000000
0.962816 0.010302 -0.269962 0.000000 0.267945 0.091240 0.959104 23.096600 0.034511 -0.995776 0.085087 0.000000 0.000000 0.000000 0.000000 1.000000
0.936076 -0.195788 -0.292282 0.000000 0.314596 0.094022 0.944558 23.096600 -0.157452 -0.976128 0.149606 0.000000 0.000000 0.000000 0.000000 1.000000
0.924058 -0.324105 -0.202665 0.000000 0.243768 0.091255 0.965531 23.096600 -0.294439 -0.941610 0.163332 0.000000 0.000000 0.000000 0.000000 1.000000
0.898183 -0.403524 -0.174461 0.000000 0.210207 0.045665 0.976590 23.096600 -0.386111 -0.913829 0.125839 -0.000000 0.000000 0.000000 0.000000 1.000000
0.882445 -0.437963 -0.171696 0.000000 0.199466 0.017809 0.979743 23.096600 -0.426033 -0.898817 0.103074 -0.000000 0.000000 0.000000 0.000000 1.000000
0.851048 -0.491395 -0.185066 -0.000000 0.206796 -0.010300 0.978330 23.096600 -0.482652 -0.870876 0.092853 0.000000 0.000000 0.000000 0.000000 1.000000
0.826955 -0.527293 -0.195213 0.000000 0.215595 -0.023290 0.976205 23.096600 -0.519293 -0.849364 0.094422 0.000000 0.000000 0.000000 0.000000 1.000000
0.833553 -0.506255 -0.221122 -0.000000 0.231802 -0.042809 0.971821 23.096600 -0.501455 -0.861321 0.081668 0.000000 0.000000 0.000000 0.000000 1.000000
0.845150 -0.476522 -0.242174 0.000000 0.251324 -0.045610 0.966828 23.096600 -0.471760 -0.877979 0.081215 -0.000000 0.000000 0.000000 0.000000 1.000000
0.820352 -0.552304 -0.148269 0.000000 0.145308 -0.049444 0.988150 23.096600 -0.553090 -0.832175 0.039693 0.000000 0.000000 0.000000 0.000000 1.000000
0.733777 -0.679390 -0.000715 0.000000 0.000650 -0.000351 1.000000 23.096600 -0.679390 -0.733777 0.000184 0.000000 0.000000 0.000000 0.000000 1.000000
0.701523 -0.703000 0.116863 0.000000 -0.126793 0.038245 0.991192 23.096600 -0.701277 -0.710161 -0.062306 0.000000 0.000000 0.000000 0.000000 1.000000
0.776088 -0.589236 0.224696 -0.000000 -0.228320 0.069589 0.971096 23.096600 -0.587841 -0.804958 -0.080527 0.000000 0.000000 0.000000 0.000000 1.000000
0.832865 -0.439269 0.336717 0.000000 -0.320647 0.112931 0.940442 23.096600 -0.451133 -0.891229 -0.046794 0.000000 0.000000 0.000000 0.000000 1.000000
0.865868 -0.353294 0.354198 0.000000 -0.356756 0.060285 0.932251 23.096600 -0.350711 -0.933568 -0.073841 -0.000000 0.000000 0.000000 0.000000 1.000000
0.884602 -0.334062 0.325394 0.000000 -0.352859 -0.023259 0.935388 23.096600 -0.304909 -0.942264 -0.138452 0.000000 0.000000 0.000000 0.000000 1.000000</float_array>
        <technique_common>
          <accessor source="#mixamorig_LeftHand-Matrix-animation-output-transform-array" count="31" stride="16">
            <param type="float4x4"/>
          </accessor>
        </technique_common>
      </source>
      <source id="mixamorig_LeftHand-Interpolations">
        <Name_array id="mixamorig_LeftHand-Interpolations-array" count="31">
 LINEAR LINEAR LINEAR LINEAR LINEAR LINEAR LINEAR LINEAR LINEAR LINEAR LINEAR
LINEAR LINEAR LINEAR LINEAR LINEAR LINEAR LINEAR LINEAR LINEAR LINEAR LINEAR LINEAR
LINEAR LINEAR LINEAR LINEAR LINEAR LINEAR LINEAR LINEAR</Name_array>
        <technique_common>
          <accessor source="#mixamorig_LeftHand-Interpolations-array" count="31">
            <param type="name"/>
          </accessor>
        </technique_common>
      </source>
      <sampler id="mixamorig_LeftHand-Matrix-animation-transform">
        <input semantic="INPUT" source="#mixamorig_LeftHand-Matrix-animation-input"/>
        <input semantic="OUTPUT" source="#mixamorig_LeftHand-Matrix-animation-output-transform"/>
        <input semantic="INTERPOLATION" source="#mixamorig_LeftHand-Interpolations"/>
      </sampler>
      <channel source="#mixamorig_LeftHand-Matrix-animation-transform" target="mixamorig_LeftHand/matrix"/>
    </animation>
    <animation id="mixamorig_LeftHandThumb1-anim" name="mixamorig_LeftHandThumb1">
      <source id="mixamorig_LeftHandThumb1-Matrix-animation-input">
        <float_array id="mixamorig_LeftHandThumb1-Matrix-animation-input-array" count="31">

0.000000 0.033333 0.066667 0.100000 0.133333 0.166667 0.200000 0.233333 0.266667 0.300000 0.333333 0.366667 0.400000 0.433333 0.466667 0.500000
0.533333 0.566667 0.600000 0.633333 0.666667 0.700000 0.733333 0.766667 0.800000 0.833333 0.866667 0.900000 0.933333 0.966667 1.000000</float_array>
        <technique_common>
          <accessor source="#mixamorig_LeftHandThumb1-Matrix-animation-input-array" count="31">
            <param name="TIME" type="float"/>
          </accessor>
        </technique_common>
      </source>
      <source id="mixamorig_LeftHandThumb1-Matrix-animation-output-transform">
        <float_array id="mixamorig_LeftHandThumb1-Matrix-animation-output-transform-array" count="496">

0.794259 -0.606350 0.038619 -2.005500 0.606706 0.794920 0.003065 3.660300 -0.032557 0.020997 0.999249 1.518500 0.000000 0.000000 0.000000 1.000000
0.704573 -0.652936 -0.277940 -2.005500 0.598795 0.757213 -0.260909 3.660300 0.380817 0.017401 0.924487 1.518500 0.000000 0.000000 0.000000 1.000000
0.727761 -0.656934 -0.196984 -2.005500 0.612963 0.751867 -0.242843 3.660300 0.307637 0.055988 0.949855 1.518500 0.000000 0.000000 0.000000 1.000000
0.789601 -0.608608 0.078271 -2.005500 0.612838 0.775714 -0.150657 3.660300 0.030976 0.166927 0.985483 1.518500 0.000000 0.000000 0.000000 1.000000
0.804975 -0.533457 0.259691 -2.005500 0.579762 0.800244 -0.153251 3.660300 -0.126063 0.273922 0.953454 1.518500 0.000000 0.000000 0.000000 1.000000
0.811093 -0.532344 0.242359 -2.005500 0.577767 0.793756 -0.190095 3.660300 -0.091178 0.294212 0.951381 1.518500 0.000000 0.000000 0.000000 1.000000
0.805295 -0.579590 0.124802 -2.005500 0.592805 0.790377 -0.154553 3.660300 -0.009064 0.198444 0.980070 1.518500 0.000000 0.000000 0.000000 1.000000
0.789063 -0.613075 0.038970 -2.005500 0.614030 0.785190 -0.080270 3.660300 0.018613 0.087267 0.996011 1.518500 0.000000 0.000000 0.000000 1.000000
0.784058 -0.620296 0.022025 -2.005500 0.620621 0.782966 -0.042356 3.660300 0.009028 0.046879 0.998860 1.518500 0.000000 0.000000 0.000000 1.000000
0.788159 -0.614707 0.030669 -2.005500 0.615470 0.787066 -0.041516 3.660300 0.001382 0.051597 0.998667 1.518500 0.000000 0.000000 0.000000 1.000000
0.791173 -0.610684 0.033312 -2.005500 0.611590 0.789856 -0.045659 3.660300 0.001572 0.056498 0.998401 1.518500 0.000000 0.000000 0.000000 1.000000
0.789469 -0.612885 0.033316 -2.005500 0.613788 0.788163 -0.045429 3.660300 0.001584 0.056314 0.998412 1.518500 0.000000 0.000000 0.000000 1.000000
0.783201 -0.621040 0.030087 -2.005500 0.621765 0.782123 -0.041126 3.660300 0.002009 0.050917 0.998701 1.518500 0.000000 0.000000 0.000000 1.000000
0.781605 -0.623721 0.008112 -2.005500 0.623759 0.781431 -0.017019 3.660300 0.004276 0.018362 0.999822 1.518500 0.000000 0.000000 0.000000 1.000000
0.796288 -0.604503 -0.022385 -2.005500 0.604895 0.795396 0.038035 3.660300 -0.005188 -0.043828 0.999026 1.518500 0.000000 0.000000 0.000000 1.000000
0.476174 -0.858391 -0.190847 -2.005500 0.870697 0.490624 -0.034289 3.660300 0.123068 -0.149843 0.981021 1.518500 0.000000 0.000000 0.000000 1.000000
0.726928 -0.678012 -0.108975 -2.005500 0.685272 0.726487 0.051174 3.660300 0.044472 -0.111877 0.992726 1.518500 0.000000 0.000000 0.000000 1.000000
0.744913 -0.661612 -0.085867 -2.005500 0.666941 0.741781 0.070364 3.660300 0.017141 -0.109683 0.993819 1.518500 0.000000 0.000000 0.000000 1.000000
0.729670 -0.680993 -0.061893 -2.005500 0.683791 0.726204 0.071125 3.660300 -0.003489 -0.094220 0.995545 1.518500 0.000000 0.000000 0.000000 1.000000
0.747390 -0.661595 -0.060823 -2.005500 0.664295 0.742637 0.084871 3.660300 -0.010981 -0.103837 0.994534 1.518500 0.000000 0.000000 0.000000 1.000000
0.742171 -0.666053 -0.074538 -2.005500 0.670209 0.737832 0.080156 3.660300 0.001608 -0.109445 0.993992 1.518500 0.000000 0.000000 0.000000 1.000000
0.729946 -0.677966 -0.086835 -2.005500 0.683488 0.724894 0.085861 3.660300 0.004736 -0.122024 0.992516 1.518500 0.000000 0.000000 0.000000 1.000000
0.718000 -0.690030 -0.091290 -2.005500 0.696030 0.710983 0.100228 3.660300 -0.004255 -0.135505 0.990768 1.518500 0.000000 0.000000 0.000000 1.000000
0.694222 -0.716886 -0.064278 -2.005500 0.718212 0.684103 0.127182 3.660300 -0.047203 -0.134458 0.989794 1.518500 0.000000 0.000000 0.000000 1.000000
0.682914 -0.728276 -0.056945 -2.005500 0.729390 0.675506 0.108085 3.660300 -0.040249 -0.115347 0.992509 1.518500 0.000000 0.000000 0.000000 1.000000
0.683622 -0.727973 -0.052112 -2.005500 0.728479 0.676257 0.109523 3.660300 -0.044489 -0.112834 0.992617 1.518500 0.000000 0.000000 0.000000 1.000000
0.682669 -0.727238 -0.071329 -2.005500 0.729810 0.673665 0.116416 3.660300 -0.036610 -0.131531 0.990636 1.518500 0.000000 0.000000 0.000000 1.000000
0.665990 -0.740871 -0.086992 -2.005500 0.744937 0.654432 0.129571 3.660300 -0.039065 -0.151096 0.987747 1.518500 0.000000 0.000000 0.000000 1.000000
0.683321 -0.727306 -0.064015 -2.005500 0.727526 0.670892 0.143563 3.660300 -0.061468 -0.144672 0.987569 1.518500 0.000000 0.000000 0.000000 1.000000
0.719490 -0.694015 -0.026029 -2.005500 0.692999 0.714963 0.092631 3.660300 -0.045677 -0.084685 0.995360 1.518500 0.000000 0.000000 0.000000 1.000000
0.791904 -0.609682 0.034281 -2.005500 0.609706 0.792552 0.010972 3.660300 -0.033859 0.012213 0.999352 1.518500 0.000000 0.000000 0.000000 1.000000</float_array>
        <technique_common>
          <accessor source="#mixamorig_LeftHandThumb1-Matrix-animation-output-transform-array" count="31" stride="16">
            <param type="float4x4"/>
          </accessor>
        </technique_common>
      </source>
      <source id="mixamorig_LeftHandThumb1-Interpolations">
        <Name_array id="mixamorig_LeftHandThumb1-Interpolations-array" count="31">
 LINEAR LINEAR LINEAR LINEAR LINEAR LINEAR LINEAR LINEAR LINEAR LINEAR LINEAR
LINEAR LINEAR LINEAR LINEAR LINEAR LINEAR LINEAR LINEAR LINEAR LINEAR LINEAR LINEAR
LINEAR LINEAR LINEAR LINEAR LINEAR LINEAR LINEAR LINEAR</Name_array>
        <technique_common>
          <accessor source="#mixamorig_LeftHandThumb1-Interpolations-array" count="31">
            <param type="name"/>
          </accessor>
        </technique_common>
      </source>
      <sampler id="mixamorig_LeftHandThumb1-Matrix-animation-transform">
        <input semantic="INPUT" source="#mixamorig_LeftHandThumb1-Matrix-animation-input"/>
        <input semantic="OUTPUT" source="#mixamorig_LeftHandThumb1-Matrix-animation-output-transform"/>
        <input semantic="INTERPOLATION" source="#mixamorig_LeftHandThumb1-Interpolations"/>
      </sampler>
      <channel source="#mixamorig_LeftHandThumb1-Matrix-animation-transform" target="mixamorig_LeftHandThumb1/matrix"/>
    </animation>
    <animation id="mixamorig_LeftHandThumb2-anim" name="mixamorig_LeftHandThumb2">
      <source id="mixamorig_LeftHandThumb2-Matrix-animation-input">
        <float_array id="mixamorig_LeftHandThumb2-Matrix-animation-input-array" count="31">

0.000000 0.033333 0.066667 0.100000 0.133333 0.166667 0.200000 0.233333 0.266667 0.300000 0.333333 0.366667 0.400000 0.433333 0.466667 0.500000
0.533333 0.566667 0.600000 0.633333 0.666667 0.700000 0.733333 0.766667 0.800000 0.833333 0.866667 0.900000 0.933333 0.966667 1.000000</float_array>
        <technique_common>
          <accessor source="#mixamorig_LeftHandThumb2-Matrix-animation-input-array" count="31">
            <param name="TIME" type="float"/>
          </accessor>
        </technique_common>
      </source>
      <source id="mixamorig_LeftHandThumb2-Matrix-animation-output-transform">
        <float_array id="mixamorig_LeftHandThumb2-Matrix-animation-output-transform-array" count="496">

0.970244 0.242106 -0.003418 0.000000 -0.242101 0.969812 -0.029189 3.295400 -0.003753 0.029148 0.999568 0.000000 0.000000 0.000000 0.000000 1.000000
0.956037 0.292644 -0.018771 0.000000 -0.293071 0.955718 -0.026703 3.295400 0.010126 0.031031 0.999467 0.000000 0.000000 0.000000 0.000000 1.000000
0.941044 0.337085 -0.028455 -0.000000 -0.337782 0.940898 -0.024780 3.295400 0.018420 0.032930 0.999288 0.000000 0.000000 0.000000 0.000000 1.000000
0.939113 0.342596 -0.026371 0.000000 -0.343244 0.938885 -0.026045 3.295400 0.015836 0.033511 0.999313 0.000000 0.000000 0.000000 0.000000 1.000000
0.945381 0.325277 -0.021191 -0.000000 -0.325793 0.945002 -0.028822 3.295400 0.010650 0.034151 0.999360 0.000000 0.000000 0.000000 0.000000 1.000000
0.928282 0.369799 -0.039268 -0.000000 -0.370947 0.928248 -0.027454 3.295400 0.026298 0.040052 0.998851 0.000000 0.000000 0.000000 0.000000 1.000000
0.878516 0.471223 -0.078473 0.000000 -0.474159 0.880135 -0.023151 3.295400 0.058158 0.057547 0.996647 0.000000 0.000000 0.000000 0.000000 1.000000
0.828513 0.546628 -0.121505 -0.000000 -0.552905 0.832928 -0.022941 3.295400 0.088665 0.086187 0.992326 0.000000 0.000000 0.000000 0.000000 1.000000
0.818120 0.554059 -0.153944 0.000000 -0.564986 0.824326 -0.035735 3.295400 0.107101 0.116212 0.987433 0.000000 0.000000 0.000000 0.000000 1.000000
0.838487 0.516911 -0.172464 0.000000 -0.532616 0.844304 -0.058919 3.295400 0.115156 0.141260 0.983252 -0.000000 0.000000 0.000000 0.000000 1.000000
0.859386 0.477282 -0.183461 0.000000 -0.497175 0.863794 -0.081713 3.295400 0.119473 0.161435 0.979625 -0.000000 0.000000 0.000000 0.000000 1.000000
0.868807 0.456696 -0.191317 0.000000 -0.479649 0.872171 -0.096202 3.295400 0.122926 0.175346 0.976802 0.000000 0.000000 0.000000 0.000000 1.000000
0.870390 0.452902 -0.193135 0.000000 -0.476283 0.873914 -0.097100 3.295400 0.124807 0.176502 0.976356 0.000000 0.000000 0.000000 0.000000 1.000000
0.892194 0.418176 -0.170641 0.000000 -0.437018 0.894695 -0.092389 3.295400 0.114037 0.157002 0.980992 0.000000 0.000000 0.000000 0.000000 1.000000
0.949460 0.293853 -0.110346 0.000000 -0.304237 0.948030 -0.093158 3.295400 0.077237 0.122021 0.989518 -0.000000 0.000000 0.000000 0.000000 1.000000
0.549666 0.801945 -0.233989 0.000000 -0.809293 0.580640 0.088896 3.295400 0.207153 0.140503 0.968167 -0.000000 0.000000 0.000000 0.000000 1.000000
0.925803 0.367018 -0.090485 0.000000 -0.371720 0.927413 -0.041579 3.295400 0.068657 0.072129 0.995029 -0.000000 0.000000 0.000000 0.000000 1.000000
0.947796 0.309636 -0.076218 0.000000 -0.313462 0.948558 -0.044482 3.295400 0.058524 0.066051 0.996098 0.000000 0.000000 0.000000 0.000000 1.000000
0.936014 0.338497 -0.096427 0.000000 -0.343470 0.938300 -0.040254 3.295400 0.076851 0.070798 0.994526 0.000000 0.000000 0.000000 0.000000 1.000000
0.953278 0.288385 -0.089974 0.000000 -0.293628 0.954530 -0.051534 3.295400 0.071021 0.075546 0.994610 0.000000 0.000000 0.000000 0.000000 1.000000
0.947719 0.303999 -0.097019 0.000000 -0.309755 0.949460 -0.050769 3.295400 0.076682 0.078167 0.993987 0.000000 0.000000 0.000000 0.000000 1.000000
0.936945 0.332374 -0.107991 0.000000 -0.338751 0.939711 -0.046817 3.295400 0.085919 0.080447 0.993049 -0.000000 0.000000 0.000000 0.000000 1.000000
0.926906 0.355940 -0.118960 0.000000 -0.363013 0.930766 -0.043557 3.295400 0.095220 0.083557 0.991943 0.000000 0.000000 0.000000 0.000000 1.000000
0.910186 0.391852 -0.134216 0.000000 -0.399728 0.915898 -0.036734 3.295400 0.108534 0.087084 0.990271 0.000000 0.000000 0.000000 0.000000 1.000000
0.888062 0.435683 -0.146717 0.000000 -0.443899 0.895666 -0.027148 3.295400 0.119581 0.089236 0.988806 0.000000 0.000000 0.000000 0.000000 1.000000
0.878440 0.453858 -0.149519 0.000000 -0.461940 0.886622 -0.022646 3.295400 0.122289 0.088962 0.988500 0.000000 0.000000 0.000000 0.000000 1.000000
0.877868 0.456165 -0.145813 0.000000 -0.463838 0.885651 -0.021843 3.295400 0.119175 0.086809 0.989071 -0.000000 0.000000 0.000000 0.000000 1.000000
0.874491 0.464154 -0.140804 0.000000 -0.471086 0.881890 -0.018667 3.295400 0.115509 0.082655 0.989862 -0.000000 0.000000 0.000000 0.000000 1.000000
0.892486 0.435715 -0.116712 0.000000 -0.440908 0.897288 -0.021787 3.295400 0.095231 0.070903 0.992927 0.000000 0.000000 0.000000 0.000000 1.000000
0.919233 0.386348 -0.075806 -0.000000 -0.389056 0.920892 -0.024376 3.295400 0.060392 0.051900 0.996825 0.000000 0.000000 0.000000 0.000000 1.000000
0.970245 0.242101 -0.003416 0.000000 -0.242096 0.969813 -0.029190 3.295400 -0.003754 0.029149 0.999568 0.000000 0.000000 0.000000 0.000000 1.000000</float_array>
        <technique_common>
          <accessor source="#mixamorig_LeftHandThumb2-Matrix-animation-output-transform-array" count="31" stride="16">
            <param type="float4x4"/>
          </accessor>
        </technique_common>
      </source>
      <source id="mixamorig_LeftHandThumb2-Interpolations">
        <Name_array id="mixamorig_LeftHandThumb2-Interpolations-array" count="31">
 LINEAR LINEAR LINEAR LINEAR LINEAR LINEAR LINEAR LINEAR LINEAR LINEAR LINEAR
LINEAR LINEAR LINEAR LINEAR LINEAR LINEAR LINEAR LINEAR LINEAR LINEAR LINEAR LINEAR
LINEAR LINEAR LINEAR LINEAR LINEAR LINEAR LINEAR LINEAR</Name_array>
        <technique_common>
          <accessor source="#mixamorig_LeftHandThumb2-Interpolations-array" count="31">
            <param type="name"/>
          </accessor>
        </technique_common>
      </source>
      <sampler id="mixamorig_LeftHandThumb2-Matrix-animation-transform">
        <input semantic="INPUT" source="#mixamorig_LeftHandThumb2-Matrix-animation-input"/>
        <input semantic="OUTPUT" source="#mixamorig_LeftHandThumb2-Matrix-animation-output-transform"/>
        <input semantic="INTERPOLATION" source="#mixamorig_LeftHandThumb2-Interpolations"/>
      </sampler>
      <channel source="#mixamorig_LeftHandThumb2-Matrix-animation-transform" target="mixamorig_LeftHandThumb2/matrix"/>
    </animation>
    <animation id="mixamorig_LeftHandThumb3-anim" name="mixamorig_LeftHandThumb3">
      <source id="mixamorig_LeftHandThumb3-Matrix-animation-input">
        <float_array id="mixamorig_LeftHandThumb3-Matrix-animation-input-array" count="31">

0.000000 0.033333 0.066667 0.100000 0.133333 0.166667 0.200000 0.233333 0.266667 0.300000 0.333333 0.366667 0.400000 0.433333 0.466667 0.500000
0.533333 0.566667 0.600000 0.633333 0.666667 0.700000 0.733333 0.766667 0.800000 0.833333 0.866667 0.900000 0.933333 0.966667 1.000000</float_array>
        <technique_common>
          <accessor source="#mixamorig_LeftHandThumb3-Matrix-animation-input-array" count="31">
            <param name="TIME" type="float"/>
          </accessor>
        </technique_common>
      </source>
      <source id="mixamorig_LeftHandThumb3-Matrix-animation-output-transform">
        <float_array id="mixamorig_LeftHandThumb3-Matrix-animation-output-transform-array" count="496">

0.999887 0.014908 0.001969 0.000000 -0.014908 0.965577 0.259690 3.556700 0.001970 -0.259690 0.965690 0.000000 0.000000 0.000000 0.000000 1.000000
0.995788 -0.089816 0.018427 -0.000000 0.081316 0.957980 0.275068 3.556700 -0.042358 -0.272411 0.961248 -0.000000 0.000000 0.000000 0.000000 1.000000
0.999194 -0.031965 0.024291 0.000000 0.023894 0.959691 0.280039 3.556700 -0.032264 -0.279233 0.959681 0.000000 0.000000 0.000000 0.000000 1.000000
0.994588 0.102492 0.017034 -0.000000 -0.103255 0.956847 0.271628 3.556700 0.011540 -0.271916 0.962252 0.000000 0.000000 0.000000 0.000000 1.000000
0.978559 0.205798 0.008387 0.000000 -0.200651 0.943313 0.264386 3.556700 0.046498 -0.260400 0.964380 -0.000000 0.000000 0.000000 0.000000 1.000000
0.972600 0.231426 0.022153 0.000000 -0.228413 0.933466 0.276532 3.556700 0.043317 -0.274015 0.960749 0.000000 0.000000 0.000000 0.000000 1.000000
0.968496 0.238103 0.072956 -0.000000 -0.248953 0.918449 0.307367 3.556700 0.006178 -0.315846 0.948790 0.000000 0.000000 0.000000 0.000000 1.000000
0.961598 0.240200 0.132788 0.000000 -0.271713 0.901431 0.337037 3.556700 -0.038743 -0.360175 0.932080 0.000000 0.000000 0.000000 0.000000 1.000000
0.960979 0.217225 0.171267 0.000000 -0.265559 0.897798 0.351337 3.556700 -0.077444 -0.383109 0.920451 0.000000 0.000000 0.000000 0.000000 1.000000
0.968106 0.164393 0.189065 0.000000 -0.223071 0.909130 0.351741 3.556700 -0.114061 -0.382698 0.916806 0.000000 0.000000 0.000000 0.000000 1.000000
0.973930 0.101651 0.202797 -0.000000 -0.168421 0.922905 0.346239 3.556700 -0.151967 -0.371368 0.915965 0.000000 0.000000 0.000000 0.000000 1.000000
0.973650 0.057797 0.220603 -0.000000 -0.132407 0.930874 0.340502 3.556700 -0.185674 -0.360739 0.913998 0.000000 0.000000 0.000000 0.000000 1.000000
0.971224 0.032445 0.235949 -0.000000 -0.113127 0.934635 0.337135 3.556700 -0.209588 -0.354126 0.911410 0.000000 0.000000 0.000000 0.000000 1.000000
0.971463 -0.004361 0.237151 0.000000 -0.078485 0.937599 0.338747 3.556700 -0.223830 -0.347692 0.910500 0.000000 0.000000 0.000000 0.000000 1.000000
0.971683 -0.070252 0.225602 0.000000 -0.011501 0.939585 0.342121 3.556700 -0.236008 -0.335028 0.912171 0.000000 0.000000 0.000000 0.000000 1.000000
0.893764 -0.437260 0.099950 -0.000000 0.382620 0.859530 0.338836 3.556700 -0.234069 -0.264596 0.935521 0.000000 0.000000 0.000000 0.000000 1.000000
0.957462 -0.215549 0.191849 0.000000 0.138982 0.927123 0.348034 3.556700 -0.252886 -0.306566 0.917642 0.000000 0.000000 0.000000 0.000000 1.000000
0.963645 -0.156307 0.216694 0.000000 0.074229 0.935716 0.344855 3.556700 -0.256668 -0.316233 0.913301 0.000000 0.000000 0.000000 0.000000 1.000000
0.964373 -0.134510 0.227798 -0.000000 0.047033 0.934547 0.352719 3.556700 -0.260332 -0.329439 0.907578 -0.000000 0.000000 0.000000 0.000000 1.000000
0.963584 -0.111468 0.243065 0.000000 0.016972 0.932637 0.360418 3.556700 -0.266866 -0.343167 0.900566 -0.000000 0.000000 0.000000 0.000000 1.000000
0.959915 -0.134136 0.246109 0.000000 0.033089 0.926144 0.375715 3.556700 -0.278330 -0.352511 0.893459 0.000000 0.000000 0.000000 0.000000 1.000000
0.955390 -0.157782 0.249668 0.000000 0.049721 0.919200 0.390640 3.556700 -0.291131 -0.360800 0.886040 -0.000000 0.000000 0.000000 0.000000 1.000000
0.951723 -0.170141 0.255490 0.000000 0.055247 0.913682 0.402658 3.556700 -0.301945 -0.369104 0.878972 0.000000 0.000000 0.000000 0.000000 1.000000
0.948139 -0.194701 0.251246 0.000000 0.076098 0.906494 0.415304 3.556700 -0.308613 -0.374647 0.874299 0.000000 0.000000 0.000000 0.000000 1.000000
0.946047 -0.212167 0.244907 0.000000 0.093192 0.902043 0.421465 3.556700 -0.310337 -0.375903 0.873148 0.000000 0.000000 0.000000 0.000000 1.000000
0.946469 -0.215622 0.240216 0.000000 0.099125 0.902366 0.419417 3.556700 -0.307198 -0.373154 0.875435 0.000000 0.000000 0.000000 0.000000 1.000000
0.948727 -0.207386 0.238554 0.000000 0.096099 0.908200 0.407354 3.556700 -0.301134 -0.363543 0.881564 0.000000 0.000000 0.000000 0.000000 1.000000
0.953244 -0.201846 0.224908 0.000000 0.102919 0.916579 0.386382 3.556700 -0.284135 -0.345169 0.894497 0.000000 0.000000 0.000000 0.000000 1.000000
0.967693 -0.164505 0.191070 0.000000 0.089252 0.932257 0.350616 3.556700 -0.235805 -0.322235 0.916821 0.000000 0.000000 0.000000 0.000000 1.000000
0.988377 -0.097830 0.116365 0.000000 0.058206 0.950629 0.304823 3.556700 -0.140440 -0.294507 0.945273 -0.000000 0.000000 0.000000 0.000000 1.000000
0.999887 0.014910 0.001970 0.000000 -0.014910 0.965577 0.259690 3.556700 0.001970 -0.259690 0.965690 0.000000 0.000000 0.000000 0.000000 1.000000</float_array>
        <technique_common>
          <accessor source="#mixamorig_LeftHandThumb3-Matrix-animation-output-transform-array" count="31" stride="16">
            <param type="float4x4"/>
          </accessor>
        </technique_common>
      </source>
      <source id="mixamorig_LeftHandThumb3-Interpolations">
        <Name_array id="mixamorig_LeftHandThumb3-Interpolations-array" count="31">
 LINEAR LINEAR LINEAR LINEAR LINEAR LINEAR LINEAR LINEAR LINEAR LINEAR LINEAR
LINEAR LINEAR LINEAR LINEAR LINEAR LINEAR LINEAR LINEAR LINEAR LINEAR LINEAR LINEAR
LINEAR LINEAR LINEAR LINEAR LINEAR LINEAR LINEAR LINEAR</Name_array>
        <technique_common>
          <accessor source="#mixamorig_LeftHandThumb3-Interpolations-array" count="31">
            <param type="name"/>
          </accessor>
        </technique_common>
      </source>
      <sampler id="mixamorig_LeftHandThumb3-Matrix-animation-transform">
        <input semantic="INPUT" source="#mixamorig_LeftHandThumb3-Matrix-animation-input"/>
        <input semantic="OUTPUT" source="#mixamorig_LeftHandThumb3-Matrix-animation-output-transform"/>
        <input semantic="INTERPOLATION" source="#mixamorig_LeftHandThumb3-Interpolations"/>
      </sampler>
      <channel source="#mixamorig_LeftHandThumb3-Matrix-animation-transform" target="mixamorig_LeftHandThumb3/matrix"/>
    </animation>
    <animation id="mixamorig_LeftHandIndex1-anim" name="mixamorig_LeftHandIndex1">
      <source id="mixamorig_LeftHandIndex1-Matrix-animation-input">
        <float_array id="mixamorig_LeftHandIndex1-Matrix-animation-input-array" count="31">

0.000000 0.033333 0.066667 0.100000 0.133333 0.166667 0.200000 0.233333 0.266667 0.300000 0.333333 0.366667 0.400000 0.433333 0.466667 0.500000
0.533333 0.566667 0.600000 0.633333 0.666667 0.700000 0.733333 0.766667 0.800000 0.833333 0.866667 0.900000 0.933333 0.966667 1.000000</float_array>
        <technique_common>
          <accessor source="#mixamorig_LeftHandIndex1-Matrix-animation-input-array" count="31">
            <param name="TIME" type="float"/>
          </accessor>
        </technique_common>
      </source>
      <source id="mixamorig_LeftHandIndex1-Matrix-animation-output-transform">
        <float_array id="mixamorig_LeftHandIndex1-Matrix-animation-output-transform-array" count="496">

0.998608 0.052630 -0.003430 -2.326600 -0.052569 0.987987 -0.145321 11.104500 -0.004260 0.145299 0.989379 0.229400 0.000000 0.000000 0.000000 1.000000
0.999109 0.041853 -0.005431 -2.326600 -0.042198 0.988571 -0.144729 11.104500 -0.000689 0.144829 0.989456 0.229400 0.000000 0.000000 0.000000 1.000000
0.999480 0.032241 -0.000571 -2.326600 -0.032238 0.998710 -0.039222 11.104500 -0.000694 0.039220 0.999230 0.229400 0.000000 0.000000 0.000000 1.000000
0.998596 0.051285 -0.013280 -2.326600 -0.052910 0.952949 -0.298476 11.104500 -0.002652 0.298759 0.954325 0.229400 0.000000 0.000000 0.000000 1.000000
0.998426 0.053668 -0.016300 -2.326600 -0.055968 0.934288 -0.352098 11.104500 -0.003667 0.352456 0.935821 0.229400 0.000000 0.000000 0.000000 1.000000
0.998176 0.058046 -0.016587 -2.326600 -0.060204 0.936810 -0.344620 11.104500 -0.004465 0.344990 0.938596 0.229400 0.000000 0.000000 0.000000 1.000000
0.997270 0.071623 -0.017962 -2.326600 -0.073475 0.938312 -0.337893 11.104500 -0.007347 0.338290 0.941013 0.229400 0.000000 0.000000 0.000000 1.000000
0.995984 0.087407 -0.019373 -2.326600 -0.088731 0.934912 -0.343608 11.104500 -0.011922 0.343947 0.938913 0.229400 0.000000 0.000000 0.000000 1.000000
0.995238 0.095594 -0.019037 -2.326600 -0.096347 0.935238 -0.340657 11.104500 -0.014761 0.340869 0.939995 0.229400 0.000000 0.000000 0.000000 1.000000
0.995320 0.094941 -0.018022 -2.326600 -0.095578 0.939601 -0.328657 11.104500 -0.014269 0.328842 0.944277 0.229400 0.000000 0.000000 0.000000 1.000000
0.995494 0.093188 -0.017516 -2.326600 -0.093857 0.942173 -0.321717 11.104500 -0.013477 0.321911 0.946674 0.229400 0.000000 0.000000 0.000000 1.000000
0.995133 0.097059 -0.017012 -2.326600 -0.097488 0.944589 -0.313444 11.104500 -0.014353 0.313577 0.949454 0.229400 0.000000 0.000000 0.000000 1.000000
0.994892 0.100099 -0.013027 -2.326600 -0.099943 0.958682 -0.266345 11.104500 -0.014172 0.266287 0.963790 0.229400 0.000000 0.000000 0.000000 1.000000
0.996913 0.078520 -0.000202 -2.326600 -0.077844 0.987996 -0.133433 11.104500 -0.010278 0.133037 0.991058 0.229400 0.000000 0.000000 0.000000 1.000000
0.999920 0.004338 0.011866 -2.326600 -0.004587 0.999769 0.021021 11.104500 -0.011772 -0.021074 0.999709 0.229400 0.000000 0.000000 0.000000 1.000000
0.997452 -0.070619 0.010149 -2.326600 0.057977 0.885214 0.461557 11.104500 -0.041579 -0.459793 0.887052 0.229400 0.000000 0.000000 0.000000 1.000000
0.997534 -0.069575 0.009256 -2.326600 0.061483 0.929792 0.362915 11.104500 -0.033855 -0.361451 0.931776 0.229400 0.000000 0.000000 0.000000 1.000000
0.997586 -0.068820 0.009246 -2.326600 0.060486 0.926633 0.371070 11.104500 -0.034104 -0.369615 0.928559 0.229400 0.000000 0.000000 0.000000 1.000000
0.997779 -0.065973 0.009239 -2.326600 0.057434 0.922198 0.382429 11.104500 -0.033750 -0.381049 0.923939 0.229400 0.000000 0.000000 0.000000 1.000000
0.997537 -0.069360 0.010420 -2.326600 0.060452 0.925571 0.373717 11.104500 -0.035565 -0.372167 0.927484 0.229400 0.000000 0.000000 0.000000 1.000000
0.997522 -0.069724 0.009408 -2.326600 0.060957 0.923266 0.379295 11.104500 -0.035132 -0.377782 0.925228 0.229400 0.000000 0.000000 0.000000 1.000000
0.997394 -0.071548 0.009232 -2.326600 0.061977 0.915315 0.397941 11.104500 -0.036922 -0.396332 0.917365 0.229400 0.000000 0.000000 0.000000 1.000000
0.997236 -0.073707 0.009381 -2.326600 0.062985 0.905564 0.419507 11.104500 -0.039416 -0.417757 0.907704 0.229400 0.000000 0.000000 0.000000 1.000000
0.994574 -0.103444 0.011057 -2.326600 0.087171 0.886664 0.454123 11.104500 -0.056780 -0.450695 0.890870 0.229400 0.000000 0.000000 0.000000 1.000000
0.996312 -0.085325 0.009070 -2.326600 0.072675 0.895313 0.439468 11.104500 -0.045618 -0.437188 0.898212 0.229400 0.000000 0.000000 0.000000 1.000000
0.997957 -0.063256 0.008945 -2.326600 0.053136 0.899597 0.433477 11.104500 -0.035466 -0.432116 0.901120 0.229400 0.000000 0.000000 0.000000 1.000000
0.998496 -0.054081 0.008990 -2.326600 0.044723 0.898350 0.436998 11.104500 -0.031710 -0.435939 0.899418 0.229400 0.000000 0.000000 0.000000 1.000000
0.996950 -0.077480 0.009396 -2.326600 0.064623 0.886969 0.457284 11.104500 -0.043764 -0.455282 0.889271 0.229400 0.000000 0.000000 0.000000 1.000000
0.997668 -0.067469 0.010304 -2.326600 0.056160 0.897296 0.437841 11.104500 -0.038786 -0.436242 0.898993 0.229400 0.000000 0.000000 0.000000 1.000000
0.999734 -0.021448 0.008535 -2.326600 0.018237 0.960517 0.277622 11.104500 -0.014152 -0.277392 0.960652 0.229400 0.000000 0.000000 0.000000 1.000000
0.998438 0.055774 -0.003129 -2.326600 -0.055637 0.987833 -0.145223 11.104500 -0.005008 0.145170 0.989394 0.229400 0.000000 0.000000 0.000000 1.000000</float_array>
        <technique_common>
          <accessor source="#mixamorig_LeftHandIndex1-Matrix-animation-output-transform-array" count="31" stride="16">
            <param type="float4x4"/>
          </accessor>
        </technique_common>
      </source>
      <source id="mixamorig_LeftHandIndex1-Interpolations">
        <Name_array id="mixamorig_LeftHandIndex1-Interpolations-array" count="31">
 LINEAR LINEAR LINEAR LINEAR LINEAR LINEAR LINEAR LINEAR LINEAR LINEAR LINEAR
LINEAR LINEAR LINEAR LINEAR LINEAR LINEAR LINEAR LINEAR LINEAR LINEAR LINEAR LINEAR
LINEAR LINEAR LINEAR LINEAR LINEAR LINEAR LINEAR LINEAR</Name_array>
        <technique_common>
          <accessor source="#mixamorig_LeftHandIndex1-Interpolations-array" count="31">
            <param type="name"/>
          </accessor>
        </technique_common>
      </source>
      <sampler id="mixamorig_LeftHandIndex1-Matrix-animation-transform">
        <input semantic="INPUT" source="#mixamorig_LeftHandIndex1-Matrix-animation-input"/>
        <input semantic="OUTPUT" source="#mixamorig_LeftHandIndex1-Matrix-animation-output-transform"/>
        <input semantic="INTERPOLATION" source="#mixamorig_LeftHandIndex1-Interpolations"/>
      </sampler>
      <channel source="#mixamorig_LeftHandIndex1-Matrix-animation-transform" target="mixamorig_LeftHandIndex1/matrix"/>
    </animation>
    <animation id="mixamorig_LeftHandIndex2-anim" name="mixamorig_LeftHandIndex2">
      <source id="mixamorig_LeftHandIndex2-Matrix-animation-input">
        <float_array id="mixamorig_LeftHandIndex2-Matrix-animation-input-array" count="31">

0.000000 0.033333 0.066667 0.100000 0.133333 0.166667 0.200000 0.233333 0.266667 0.300000 0.333333 0.366667 0.400000 0.433333 0.466667 0.500000
0.533333 0.566667 0.600000 0.633333 0.666667 0.700000 0.733333 0.766667 0.800000 0.833333 0.866667 0.900000 0.933333 0.966667 1.000000</float_array>
        <technique_common>
          <accessor source="#mixamorig_LeftHandIndex2-Matrix-animation-input-array" count="31">
            <param name="TIME" type="float"/>
          </accessor>
        </technique_common>
      </source>
      <source id="mixamorig_LeftHandIndex2-Matrix-animation-output-transform">
        <float_array id="mixamorig_LeftHandIndex2-Matrix-animation-output-transform-array" count="496">

1.000000 0.000082 -0.000000 0.000000 -0.000082 1.000000 -0.000800 2.600000 -0.000000 0.000800 1.000000 0.000000 0.000000 0.000000 0.000000 1.000000
0.999992 0.003934 -0.000075 0.000000 -0.003934 0.999255 -0.038394 2.600000 -0.000076 0.038394 0.999263 -0.000000 0.000000 0.000000 0.000000 1.000000
0.999991 0.004258 -0.000088 0.000000 -0.004258 0.999127 -0.041554 2.600000 -0.000089 0.041554 0.999136 -0.000000 0.000000 0.000000 0.000000 1.000000
0.999941 0.010816 -0.000573 0.000000 -0.010816 0.994355 -0.105553 2.600000 -0.000572 0.105553 0.994413 -0.000000 0.000000 0.000000 0.000000 1.000000
0.999694 0.024564 -0.002988 -0.000000 -0.024564 0.970532 -0.239717 2.600000 -0.002988 0.239717 0.970838 -0.000000 0.000000 0.000000 0.000000 1.000000
0.999131 0.040805 -0.008479 -0.000000 -0.040805 0.916383 -0.398218 2.600000 -0.008479 0.398218 0.917252 0.000000 0.000000 0.000000 0.000000 1.000000
0.998772 0.048078 -0.011988 0.000000 -0.048078 0.881783 -0.469198 2.600000 -0.011988 0.469198 0.883012 -0.000000 0.000000 0.000000 0.000000 1.000000
0.998760 0.048296 -0.012104 0.000000 -0.048296 0.880637 -0.471324 2.600000 -0.012104 0.471324 0.881877 -0.000000 0.000000 0.000000 0.000000 1.000000
0.998867 0.046293 -0.011060 0.000000 -0.046293 0.890930 -0.451775 2.600000 -0.011060 0.451775 0.892063 -0.000000 0.000000 0.000000 0.000000 1.000000
0.999027 0.043062 -0.009492 -0.000000 -0.043062 0.906387 -0.420248 2.600000 -0.009493 0.420248 0.907360 0.000000 0.000000 0.000000 0.000000 1.000000
0.999236 0.038366 -0.007457 0.000000 -0.038366 0.926465 -0.374419 2.600000 -0.007457 0.374419 0.927229 0.000000 0.000000 0.000000 0.000000 1.000000
0.999463 0.032332 -0.005236 0.000000 -0.032332 0.948366 -0.315527 2.600000 -0.005236 0.315527 0.948902 0.000000 0.000000 0.000000 0.000000 1.000000
0.999689 0.024747 -0.003033 0.000000 -0.024747 0.970084 -0.241504 2.600000 -0.003034 0.241504 0.970395 0.000000 0.000000 0.000000 0.000000 1.000000
0.999887 0.015016 -0.001106 0.000000 -0.015016 0.989091 -0.146540 2.600000 -0.001106 0.146540 0.989204 0.000000 0.000000 0.000000 0.000000 1.000000
0.999987 0.005055 -0.000125 0.000000 -0.005055 0.998770 -0.049334 2.600000 -0.000125 0.049334 0.998782 0.000000 0.000000 0.000000 0.000000 1.000000
0.995672 0.082782 -0.042233 -0.000000 -0.082782 0.583513 -0.807874 2.600000 -0.042234 0.807874 0.587841 0.000000 0.000000 0.000000 0.000000 1.000000
0.998999 0.043648 -0.009767 0.000000 -0.043648 0.903685 -0.425967 2.600000 -0.009767 0.425967 0.904686 0.000000 0.000000 0.000000 0.000000 1.000000
0.999222 0.038708 -0.007595 0.000000 -0.038708 0.925097 -0.377752 2.600000 -0.007596 0.377752 0.925876 -0.000000 0.000000 0.000000 0.000000 1.000000
0.998900 0.045650 -0.010737 0.000000 -0.045650 0.894118 -0.445499 2.600000 -0.010737 0.445498 0.895218 0.000000 0.000000 0.000000 0.000000 1.000000
0.999238 0.038314 -0.007435 0.000000 -0.038314 0.926673 -0.373910 2.600000 -0.007436 0.373910 0.927435 0.000000 0.000000 0.000000 0.000000 1.000000
0.999218 0.038802 -0.007634 0.000000 -0.038802 0.924719 -0.378668 2.600000 -0.007634 0.378668 0.925501 0.000000 0.000000 0.000000 0.000000 1.000000
0.999186 0.039550 -0.007944 0.000000 -0.039550 0.921663 -0.385971 2.600000 -0.007944 0.385971 0.922477 0.000000 0.000000 0.000000 0.000000 1.000000
0.999173 0.039855 -0.008072 0.000000 -0.039855 0.920397 -0.388949 2.600000 -0.008072 0.388949 0.921224 0.000000 0.000000 0.000000 0.000000 1.000000
0.999260 0.037771 -0.007218 0.000000 -0.037771 0.928814 -0.368616 2.600000 -0.007219 0.368616 0.929554 -0.000000 0.000000 0.000000 0.000000 1.000000
0.998837 0.046865 -0.011353 0.000000 -0.046865 0.888046 -0.457360 2.600000 -0.011353 0.457360 0.889209 0.000000 0.000000 0.000000 0.000000 1.000000
0.998735 0.048737 -0.012341 0.000000 -0.048737 0.878295 -0.475629 2.600000 -0.012342 0.475629 0.879559 0.000000 0.000000 0.000000 0.000000 1.000000
0.998704 0.049302 -0.012649 0.000000 -0.049301 0.875259 -0.481135 2.600000 -0.012649 0.481135 0.876555 0.000000 0.000000 0.000000 0.000000 1.000000
0.998656 0.050146 -0.013119 0.000000 -0.050146 0.870630 -0.489377 2.600000 -0.013119 0.489377 0.871974 -0.000000 0.000000 0.000000 0.000000 1.000000
0.998818 0.047217 -0.011535 0.000000 -0.047217 0.886251 -0.460793 2.600000 -0.011535 0.460793 0.887432 0.000000 0.000000 0.000000 0.000000 1.000000
0.998753 0.048422 -0.012172 -0.000000 -0.048422 0.879968 -0.472559 2.600000 -0.012172 0.472559 0.881215 0.000000 0.000000 0.000000 0.000000 1.000000
1.000000 0.000029 0.000000 -0.000000 -0.000029 1.000000 -0.000283 2.600000 -0.000000 0.000283 1.000000 0.000000 0.000000 0.000000 0.000000 1.000000</float_array>
        <technique_common>
          <accessor source="#mixamorig_LeftHandIndex2-Matrix-animation-output-transform-array" count="31" stride="16">
            <param type="float4x4"/>
          </accessor>
        </technique_common>
      </source>
      <source id="mixamorig_LeftHandIndex2-Interpolations">
        <Name_array id="mixamorig_LeftHandIndex2-Interpolations-array" count="31">
 LINEAR LINEAR LINEAR LINEAR LINEAR LINEAR LINEAR LINEAR LINEAR LINEAR LINEAR
LINEAR LINEAR LINEAR LINEAR LINEAR LINEAR LINEAR LINEAR LINEAR LINEAR LINEAR LINEAR
LINEAR LINEAR LINEAR LINEAR LINEAR LINEAR LINEAR LINEAR</Name_array>
        <technique_common>
          <accessor source="#mixamorig_LeftHandIndex2-Interpolations-array" count="31">
            <param type="name"/>
          </accessor>
        </technique_common>
      </source>
      <sampler id="mixamorig_LeftHandIndex2-Matrix-animation-transform">
        <input semantic="INPUT" source="#mixamorig_LeftHandIndex2-Matrix-animation-input"/>
        <input semantic="OUTPUT" source="#mixamorig_LeftHandIndex2-Matrix-animation-output-transform"/>
        <input semantic="INTERPOLATION" source="#mixamorig_LeftHandIndex2-Interpolations"/>
      </sampler>
      <channel source="#mixamorig_LeftHandIndex2-Matrix-animation-transform" target="mixamorig_LeftHandIndex2/matrix"/>
    </animation>
    <animation id="mixamorig_LeftHandIndex3-anim" name="mixamorig_LeftHandIndex3">
      <source id="mixamorig_LeftHandIndex3-Matrix-animation-input">
        <float_array id="mixamorig_LeftHandIndex3-Matrix-animation-input-array" count="31">

0.000000 0.033333 0.066667 0.100000 0.133333 0.166667 0.200000 0.233333 0.266667 0.300000 0.333333 0.366667 0.400000 0.433333 0.466667 0.500000
0.533333 0.566667 0.600000 0.633333 0.666667 0.700000 0.733333 0.766667 0.800000 0.833333 0.866667 0.900000 0.933333 0.966667 1.000000</float_array>
        <technique_common>
          <accessor source="#mixamorig_LeftHandIndex3-Matrix-animation-input-array" count="31">
            <param name="TIME" type="float"/>
          </accessor>
        </technique_common>
      </source>
      <source id="mixamorig_LeftHandIndex3-Matrix-animation-output-transform">
        <float_array id="mixamorig_LeftHandIndex3-Matrix-animation-output-transform-array" count="496">

1.000000 -0.000051 0.000000 0.000000 0.000051 1.000000 0.000494 2.000100 -0.000000 -0.000494 1.000000 0.000000 0.000000 0.000000 0.000000 1.000000
1.000000 0.000593 -0.000002 0.000000 -0.000593 0.999983 -0.005788 2.000100 -0.000002 0.005788 0.999983 -0.000000 0.000000 0.000000 0.000000 1.000000
1.000000 0.000774 -0.000003 0.000000 -0.000774 0.999971 -0.007550 2.000100 -0.000003 0.007550 0.999972 0.000000 0.000000 0.000000 0.000000 1.000000
0.999970 0.007728 -0.000292 0.000000 -0.007728 0.997122 -0.075419 2.000100 -0.000292 0.075419 0.997152 0.000000 0.000000 0.000000 0.000000 1.000000
0.999766 0.021511 -0.002283 0.000000 -0.021511 0.977480 -0.209931 2.000100 -0.002284 0.209931 0.977714 0.000000 0.000000 0.000000 0.000000 1.000000
0.999438 0.033056 -0.005480 0.000000 -0.033056 0.945961 -0.322591 2.000100 -0.005480 0.322591 0.946523 -0.000000 0.000000 0.000000 0.000000 1.000000
0.999183 0.039631 -0.007978 -0.000000 -0.039631 0.921328 -0.386761 2.000100 -0.007978 0.386761 0.922146 -0.000000 0.000000 0.000000 0.000000 1.000000
0.999160 0.040152 -0.008198 0.000000 -0.040151 0.919156 -0.391841 2.000100 -0.008198 0.391841 0.919996 0.000000 0.000000 0.000000 0.000000 1.000000
0.999308 0.036566 -0.006749 0.000000 -0.036566 0.933446 -0.356848 2.000100 -0.006749 0.356848 0.934138 -0.000000 0.000000 0.000000 0.000000 1.000000
0.999484 0.031731 -0.005038 0.000000 -0.031731 0.950317 -0.309661 2.000100 -0.005038 0.309661 0.950834 0.000000 0.000000 0.000000 0.000000 1.000000
0.999645 0.026415 -0.003464 0.000000 -0.026415 0.965841 -0.257784 2.000100 -0.003464 0.257784 0.966196 0.000000 0.000000 0.000000 0.000000 1.000000
0.999792 0.020287 -0.002028 -0.000000 -0.020287 0.979995 -0.197985 2.000100 -0.002029 0.197985 0.980203 0.000000 0.000000 0.000000 0.000000 1.000000
0.999911 0.013308 -0.000868 0.000000 -0.013308 0.991441 -0.129873 2.000100 -0.000868 0.129873 0.991530 0.000000 0.000000 0.000000 0.000000 1.000000
0.999977 0.006794 -0.000225 0.000000 -0.006794 0.997777 -0.066301 2.000100 -0.000226 0.066301 0.997800 -0.000000 0.000000 0.000000 0.000000 1.000000
0.999995 0.003017 -0.000044 -0.000000 -0.003017 0.999562 -0.029440 2.000100 -0.000044 0.029440 0.999567 -0.000000 0.000000 0.000000 0.000000 1.000000
0.999768 -0.021429 -0.002266 0.000000 0.021429 0.977653 0.209129 2.000100 -0.002266 -0.209129 0.977885 -0.000000 0.000000 0.000000 0.000000 1.000000
0.999714 -0.023765 -0.002794 0.000000 0.023765 0.972443 0.231927 2.000100 -0.002794 -0.231927 0.972729 0.000000 0.000000 0.000000 0.000000 1.000000
0.999859 -0.016729 -0.001375 0.000000 0.016729 0.986442 0.163258 2.000100 -0.001375 -0.163258 0.986582 0.000000 0.000000 0.000000 0.000000 1.000000
0.999815 -0.019136 -0.001803 -0.000000 0.019136 0.982220 0.186754 2.000100 -0.001803 -0.186754 0.982405 0.000000 0.000000 0.000000 0.000000 1.000000
0.999895 -0.014474 -0.001027 0.000000 0.014474 0.989868 0.141251 2.000100 -0.001027 -0.141251 0.989973 -0.000000 0.000000 0.000000 0.000000 1.000000
0.999885 -0.015147 -0.001126 0.000000 0.015147 0.988898 0.147822 2.000100 -0.001126 -0.147822 0.989013 0.000000 0.000000 0.000000 0.000000 1.000000
0.999896 -0.014415 -0.001019 0.000000 0.014415 0.989950 0.140678 2.000100 -0.001019 -0.140678 0.990055 0.000000 0.000000 0.000000 0.000000 1.000000
0.999922 -0.012463 -0.000761 0.000000 0.012463 0.992497 0.121629 2.000100 -0.000761 -0.121629 0.992575 0.000000 0.000000 0.000000 0.000000 1.000000
0.999981 -0.006193 -0.000187 0.000000 0.006193 0.998153 0.060437 2.000100 -0.000187 -0.060437 0.998172 0.000000 0.000000 0.000000 0.000000 1.000000
0.999874 -0.015835 -0.001231 0.000000 0.015835 0.987860 0.154535 2.000100 -0.001231 -0.154535 0.987987 -0.000000 0.000000 0.000000 0.000000 1.000000
0.999822 -0.018773 -0.001734 0.000000 0.018773 0.982895 0.183210 2.000100 -0.001735 -0.183210 0.983072 0.000000 0.000000 0.000000 0.000000 1.000000
0.999835 -0.018103 -0.001612 0.000000 0.018103 0.984105 0.176665 2.000100 -0.001612 -0.176665 0.984270 0.000000 0.000000 0.000000 0.000000 1.000000
0.999907 -0.013572 -0.000903 0.000000 0.013572 0.991098 0.132444 2.000100 -0.000903 -0.132444 0.991190 0.000000 0.000000 0.000000 0.000000 1.000000
0.999937 -0.011208 -0.000615 0.000000 0.011208 0.993937 0.109382 2.000100 -0.000615 -0.109382 0.994000 -0.000000 0.000000 0.000000 0.000000 1.000000
0.999776 -0.021069 -0.002190 -0.000000 0.021069 0.978407 0.205610 2.000100 -0.002190 -0.205610 0.978632 0.000000 0.000000 0.000000 0.000000 1.000000
1.000000 -0.000018 0.000000 0.000000 0.000018 1.000000 0.000175 2.000100 -0.000000 -0.000175 1.000000 0.000000 0.000000 0.000000 0.000000 1.000000</float_array>
        <technique_common>
          <accessor source="#mixamorig_LeftHandIndex3-Matrix-animation-output-transform-array" count="31" stride="16">
            <param type="float4x4"/>
          </accessor>
        </technique_common>
      </source>
      <source id="mixamorig_LeftHandIndex3-Interpolations">
        <Name_array id="mixamorig_LeftHandIndex3-Interpolations-array" count="31">
 LINEAR LINEAR LINEAR LINEAR LINEAR LINEAR LINEAR LINEAR LINEAR LINEAR LINEAR
LINEAR LINEAR LINEAR LINEAR LINEAR LINEAR LINEAR LINEAR LINEAR LINEAR LINEAR LINEAR
LINEAR LINEAR LINEAR LINEAR LINEAR LINEAR LINEAR LINEAR</Name_array>
        <technique_common>
          <accessor source="#mixamorig_LeftHandIndex3-Interpolations-array" count="31">
            <param type="name"/>
          </accessor>
        </technique_common>
      </source>
      <sampler id="mixamorig_LeftHandIndex3-Matrix-animation-transform">
        <input semantic="INPUT" source="#mixamorig_LeftHandIndex3-Matrix-animation-input"/>
        <input semantic="OUTPUT" source="#mixamorig_LeftHandIndex3-Matrix-animation-output-transform"/>
        <input semantic="INTERPOLATION" source="#mixamorig_LeftHandIndex3-Interpolations"/>
      </sampler>
      <channel source="#mixamorig_LeftHandIndex3-Matrix-animation-transform" target="mixamorig_LeftHandIndex3/matrix"/>
    </animation>
    <animation id="mixamorig_LeftHandMiddle1-anim" name="mixamorig_LeftHandMiddle1">
      <source id="mixamorig_LeftHandMiddle1-Matrix-animation-input">
        <float_array id="mixamorig_LeftHandMiddle1-Matrix-animation-input-array" count="31">

0.000000 0.033333 0.066667 0.100000 0.133333 0.166667 0.200000 0.233333 0.266667 0.300000 0.333333 0.366667 0.400000 0.433333 0.466667 0.500000
0.533333 0.566667 0.600000 0.633333 0.666667 0.700000 0.733333 0.766667 0.800000 0.833333 0.866667 0.900000 0.933333 0.966667 1.000000</float_array>
        <technique_common>
          <accessor source="#mixamorig_LeftHandMiddle1-Matrix-animation-input-array" count="31">
            <param name="TIME" type="float"/>
          </accessor>
        </technique_common>
      </source>
      <source id="mixamorig_LeftHandMiddle1-Matrix-animation-output-transform">
        <float_array id="mixamorig_LeftHandMiddle1-Matrix-animation-output-transform-array" count="496">

0.998601 0.052563 -0.005827 -0.000000 -0.052857 0.988359 -0.142662 11.447600 -0.001740 0.142770 0.989754 -0.000100 0.000000 0.000000 0.000000 1.000000
0.999201 0.039536 -0.005848 0.000000 -0.039966 0.988876 -0.143272 11.447600 0.000119 0.143392 0.989666 -0.000100 0.000000 0.000000 0.000000 1.000000
0.999637 0.026956 -0.000146 0.000000 -0.026949 0.999191 -0.029863 11.447600 -0.000660 0.029856 0.999554 -0.000100 0.000000 0.000000 0.000000 1.000000
0.998558 0.050759 -0.017465 0.000000 -0.053678 0.946141 -0.319274 11.447600 0.000319 0.319751 0.947502 -0.000100 0.000000 0.000000 0.000000 1.000000
0.998071 0.057380 -0.023695 -0.000000 -0.062071 0.916139 -0.396026 11.447600 -0.001016 0.396733 0.917934 -0.000100 0.000000 0.000000 0.000000 1.000000
0.998081 0.057238 -0.023639 0.000000 -0.061920 0.916432 -0.395372 11.447600 -0.000967 0.396077 0.918217 -0.000100 0.000000 0.000000 0.000000 1.000000
0.998239 0.055228 -0.021632 0.000000 -0.059311 0.926485 -0.371628 11.447600 -0.000482 0.372257 0.928130 -0.000100 0.000000 0.000000 0.000000 1.000000
0.998155 0.057131 -0.020568 0.000000 -0.060706 0.931517 -0.358597 11.447600 -0.001327 0.359184 0.933266 -0.000100 0.000000 0.000000 0.000000 1.000000
0.997624 0.065903 -0.020057 0.000000 -0.068742 0.933434 -0.352103 11.447600 -0.004483 0.352645 0.935747 -0.000100 0.000000 0.000000 0.000000 1.000000
0.996740 0.078292 -0.019474 0.000000 -0.080199 0.935251 -0.344780 11.447600 -0.008780 0.345218 0.938482 -0.000100 0.000000 0.000000 0.000000 1.000000
0.995630 0.091423 -0.019046 0.000000 -0.092446 0.936031 -0.339559 11.447600 -0.013216 0.339836 0.940392 -0.000100 0.000000 0.000000 0.000000 1.000000
0.994143 0.106510 -0.018301 -0.000000 -0.106553 0.937748 -0.330567 11.447600 -0.018047 0.330581 0.943605 -0.000100 0.000000 0.000000 0.000000 1.000000
0.993140 0.115951 -0.015119 0.000000 -0.115356 0.950372 -0.288941 11.447600 -0.019135 0.288703 0.957227 -0.000100 0.000000 0.000000 0.000000 1.000000
0.995759 0.091657 -0.007916 -0.000000 -0.091586 0.979488 -0.179486 11.447600 -0.008698 0.179450 0.983729 -0.000100 0.000000 0.000000 0.000000 1.000000
0.999952 0.009803 -0.000356 0.000000 -0.009810 0.999316 -0.035645 11.447600 0.000007 0.035646 0.999364 -0.000100 0.000000 0.000000 0.000000 1.000000
0.997983 -0.062819 0.009123 -0.000000 0.053932 0.914903 0.400056 11.447600 -0.033478 -0.398757 0.916445 -0.000100 0.000000 0.000000 0.000000 1.000000
0.998076 -0.061348 0.008994 0.000000 0.055661 0.950412 0.305972 11.447600 -0.027319 -0.304883 0.951998 -0.000100 0.000000 0.000000 0.000000 1.000000
0.998186 -0.059538 0.008976 0.000000 0.053965 0.950763 0.305185 11.447600 -0.026704 -0.304147 0.952251 -0.000100 0.000000 0.000000 0.000000 1.000000
0.998237 -0.058656 0.009124 0.000000 0.052276 0.941464 0.333037 11.447600 -0.028124 -0.331973 0.942870 -0.000100 0.000000 0.000000 0.000000 1.000000
0.998179 -0.059653 0.008983 0.000000 0.054047 0.950460 0.306112 11.447600 -0.026799 -0.305069 0.951953 -0.000100 0.000000 0.000000 0.000000 1.000000
0.998137 -0.060334 0.009034 0.000000 0.054480 0.948170 0.313060 11.447600 -0.027454 -0.311984 0.949691 -0.000100 0.000000 0.000000 0.000000 1.000000
0.998010 -0.062396 0.009152 0.000000 0.055765 0.940940 0.333949 11.447600 -0.029448 -0.332774 0.942547 -0.000100 0.000000 0.000000 0.000000 1.000000
0.997868 -0.064608 0.009218 0.000000 0.057075 0.932428 0.356819 11.447600 -0.031649 -0.355532 0.934128 -0.000100 0.000000 0.000000 0.000000 1.000000
0.995951 -0.089403 0.009417 -0.000000 0.079889 0.928236 0.363311 11.447600 -0.041222 -0.361088 0.931620 -0.000100 0.000000 0.000000 0.000000 1.000000
0.997001 -0.076828 0.009276 -0.000000 0.067339 0.920370 0.385206 11.447600 -0.038132 -0.383427 0.922784 -0.000100 0.000000 0.000000 0.000000 1.000000
0.998305 -0.057488 0.009117 0.000000 0.049237 0.917585 0.394479 11.447600 -0.031043 -0.393362 0.918860 -0.000100 0.000000 0.000000 0.000000 1.000000
0.998759 -0.048975 0.009043 0.000000 0.041231 0.914954 0.401446 11.447600 -0.027935 -0.400575 0.915838 -0.000100 0.000000 0.000000 0.000000 1.000000
0.997499 -0.070088 0.009113 0.000000 0.060192 0.909999 0.410218 11.447600 -0.037044 -0.408644 0.911942 -0.000100 0.000000 0.000000 0.000000 1.000000
0.998125 -0.060517 0.009139 -0.000000 0.052061 0.918029 0.393080 11.447600 -0.032178 -0.391868 0.919459 -0.000100 0.000000 0.000000 0.000000 1.000000
0.999803 -0.018062 0.008212 -0.000000 0.015405 0.967503 0.252389 11.447600 -0.012504 -0.252213 0.967591 -0.000100 0.000000 0.000000 0.000000 1.000000
0.998437 0.055589 -0.005810 0.000000 -0.055850 0.988239 -0.142355 11.447600 -0.002172 0.142457 0.989799 -0.000100 0.000000 0.000000 0.000000 1.000000</float_array>
        <technique_common>
          <accessor source="#mixamorig_LeftHandMiddle1-Matrix-animation-output-transform-array" count="31" stride="16">
            <param type="float4x4"/>
          </accessor>
        </technique_common>
      </source>
      <source id="mixamorig_LeftHandMiddle1-Interpolations">
        <Name_array id="mixamorig_LeftHandMiddle1-Interpolations-array" count="31">
 LINEAR LINEAR LINEAR LINEAR LINEAR LINEAR LINEAR LINEAR LINEAR LINEAR LINEAR
LINEAR LINEAR LINEAR LINEAR LINEAR LINEAR LINEAR LINEAR LINEAR LINEAR LINEAR LINEAR
LINEAR LINEAR LINEAR LINEAR LINEAR LINEAR LINEAR LINEAR</Name_array>
        <technique_common>
          <accessor source="#mixamorig_LeftHandMiddle1-Interpolations-array" count="31">
            <param type="name"/>
          </accessor>
        </technique_common>
      </source>
      <sampler id="mixamorig_LeftHandMiddle1-Matrix-animation-transform">
        <input semantic="INPUT" source="#mixamorig_LeftHandMiddle1-Matrix-animation-input"/>
        <input semantic="OUTPUT" source="#mixamorig_LeftHandMiddle1-Matrix-animation-output-transform"/>
        <input semantic="INTERPOLATION" source="#mixamorig_LeftHandMiddle1-Interpolations"/>
      </sampler>
      <channel source="#mixamorig_LeftHandMiddle1-Matrix-animation-transform" target="mixamorig_LeftHandMiddle1/matrix"/>
    </animation>
    <animation id="mixamorig_LeftHandMiddle2-anim" name="mixamorig_LeftHandMiddle2">
      <source id="mixamorig_LeftHandMiddle2-Matrix-animation-input">
        <float_array id="mixamorig_LeftHandMiddle2-Matrix-animation-input-array" count="31">

0.000000 0.033333 0.066667 0.100000 0.133333 0.166667 0.200000 0.233333 0.266667 0.300000 0.333333 0.366667 0.400000 0.433333 0.466667 0.500000
0.533333 0.566667 0.600000 0.633333 0.666667 0.700000 0.733333 0.766667 0.800000 0.833333 0.866667 0.900000 0.933333 0.966667 1.000000</float_array>
        <technique_common>
          <accessor source="#mixamorig_LeftHandMiddle2-Matrix-animation-input-array" count="31">
            <param name="TIME" type="float"/>
          </accessor>
        </technique_common>
      </source>
      <source id="mixamorig_LeftHandMiddle2-Matrix-animation-output-transform">
        <float_array id="mixamorig_LeftHandMiddle2-Matrix-animation-output-transform-array" count="496">

1.000000 0.000000 0.000000 0.000000 -0.000000 1.000000 -0.000000 2.900000 -0.000000 0.000000 1.000000 0.000000 0.000000 0.000000 0.000000 1.000000
0.999995 0.003223 -0.000051 0.000000 -0.003223 0.999500 -0.031452 2.900000 -0.000051 0.031452 0.999505 0.000000 0.000000 0.000000 0.000000 1.000000
0.999991 0.004168 -0.000085 0.000000 -0.004168 0.999164 -0.040680 2.900000 -0.000085 0.040680 0.999172 -0.000000 0.000000 0.000000 0.000000 1.000000
0.999927 0.012088 -0.000715 0.000000 -0.012088 0.992944 -0.117968 2.900000 -0.000716 0.117968 0.993017 0.000000 0.000000 0.000000 0.000000 1.000000
0.999624 0.027185 -0.003673 -0.000000 -0.027185 0.963782 -0.265301 2.900000 -0.003673 0.265301 0.964159 -0.000000 0.000000 0.000000 0.000000 1.000000
0.999008 0.043462 -0.009679 0.000000 -0.043462 0.904549 -0.424148 2.900000 -0.009679 0.424148 0.905541 0.000000 0.000000 0.000000 0.000000 1.000000
0.998646 0.050309 -0.013211 -0.000000 -0.050309 0.869724 -0.490968 2.900000 -0.013211 0.490968 0.871078 0.000000 0.000000 0.000000 0.000000 1.000000
0.998690 0.049540 -0.012781 -0.000000 -0.049540 0.873959 -0.483467 2.900000 -0.012781 0.483467 0.875269 0.000000 0.000000 0.000000 0.000000 1.000000
0.998885 0.045939 -0.010882 0.000000 -0.045939 0.892691 -0.448322 2.900000 -0.010882 0.448322 0.893806 0.000000 0.000000 0.000000 0.000000 1.000000
0.999124 0.040971 -0.008551 0.000000 -0.040971 0.915669 -0.399838 2.900000 -0.008551 0.399838 0.916546 0.000000 0.000000 0.000000 0.000000 1.000000
0.999387 0.034495 -0.005983 0.000000 -0.034495 0.941002 -0.336640 2.900000 -0.005983 0.336640 0.941615 0.000000 0.000000 0.000000 0.000000 1.000000
0.999640 0.026598 -0.003513 0.000000 -0.026598 0.965358 -0.259571 2.900000 -0.003513 0.259571 0.965718 0.000000 0.000000 0.000000 0.000000 1.000000
0.999841 0.017754 -0.001550 0.000000 -0.017754 0.984715 -0.173265 2.900000 -0.001550 0.173265 0.984874 0.000000 0.000000 0.000000 0.000000 1.000000
0.999964 0.008517 -0.000355 0.000000 -0.008517 0.996504 -0.083116 2.900000 -0.000355 0.083116 0.996540 0.000000 0.000000 0.000000 0.000000 1.000000
1.000000 0.000564 -0.000001 -0.000000 -0.000564 0.999985 -0.005507 2.900000 -0.000002 0.005507 0.999985 0.000000 0.000000 0.000000 0.000000 1.000000
0.996376 0.077356 -0.035365 0.000000 -0.077356 0.651245 -0.754915 2.900000 -0.035365 0.754915 0.654869 -0.000000 0.000000 0.000000 0.000000 1.000000
0.999564 0.029212 -0.004253 0.000000 -0.029212 0.958059 -0.285078 2.900000 -0.004253 0.285078 0.958495 0.000000 0.000000 0.000000 0.000000 1.000000
0.999742 0.022573 -0.002518 0.000000 -0.022573 0.975174 -0.220287 2.900000 -0.002517 0.220287 0.975432 -0.000000 0.000000 0.000000 0.000000 1.000000
0.999383 0.034612 -0.006025 0.000000 -0.034612 0.940588 -0.337780 2.900000 -0.006025 0.337780 0.941206 0.000000 0.000000 0.000000 0.000000 1.000000
0.999745 0.022424 -0.002484 0.000000 -0.022424 0.975504 -0.218835 2.900000 -0.002484 0.218835 0.975759 0.000000 0.000000 0.000000 0.000000 1.000000
0.999728 0.023170 -0.002654 0.000000 -0.023170 0.973824 -0.226120 2.900000 -0.002654 0.226120 0.974096 0.000000 0.000000 0.000000 0.000000 1.000000
0.999691 0.024685 -0.003018 0.000000 -0.024685 0.970234 -0.240906 2.900000 -0.003018 0.240906 0.970544 0.000000 0.000000 0.000000 0.000000 1.000000
0.999663 0.025737 -0.003285 0.000000 -0.025737 0.967602 -0.251167 2.900000 -0.003285 0.251167 0.967938 0.000000 0.000000 0.000000 0.000000 1.000000
0.999873 0.015870 -0.001237 0.000000 -0.015870 0.987806 -0.154881 2.900000 -0.001237 0.154881 0.987932 0.000000 0.000000 0.000000 0.000000 1.000000
0.999431 0.033274 -0.005554 0.000000 -0.033274 0.945225 -0.324719 2.900000 -0.005554 0.324719 0.945794 0.000000 0.000000 0.000000 0.000000 1.000000
0.999251 0.038011 -0.007314 0.000000 -0.038011 0.927875 -0.370950 2.900000 -0.007314 0.370950 0.928624 0.000000 0.000000 0.000000 0.000000 1.000000
0.999149 0.040406 -0.008307 0.000000 -0.040406 0.918082 -0.394325 2.900000 -0.008307 0.394325 0.918934 0.000000 0.000000 0.000000 0.000000 1.000000
0.999153 0.040302 -0.008262 0.000000 -0.040302 0.918521 -0.393312 2.900000 -0.008262 0.393312 0.919368 -0.000000 0.000000 0.000000 0.000000 1.000000
0.999274 0.037428 -0.007083 0.000000 -0.037428 0.930153 -0.365259 2.900000 -0.007083 0.365259 0.930879 0.000000 0.000000 0.000000 0.000000 1.000000
0.999062 0.042328 -0.009156 0.000000 -0.042328 0.909710 -0.413080 2.900000 -0.009156 0.413080 0.910649 -0.000000 0.000000 0.000000 0.000000 1.000000
1.000000 0.000000 0.000000 0.000000 -0.000000 1.000000 -0.000000 2.900000 -0.000000 0.000000 1.000000 -0.000000 0.000000 0.000000 0.000000 1.000000</float_array>
        <technique_common>
          <accessor source="#mixamorig_LeftHandMiddle2-Matrix-animation-output-transform-array" count="31" stride="16">
            <param type="float4x4"/>
          </accessor>
        </technique_common>
      </source>
      <source id="mixamorig_LeftHandMiddle2-Interpolations">
        <Name_array id="mixamorig_LeftHandMiddle2-Interpolations-array" count="31">
 LINEAR LINEAR LINEAR LINEAR LINEAR LINEAR LINEAR LINEAR LINEAR LINEAR LINEAR
LINEAR LINEAR LINEAR LINEAR LINEAR LINEAR LINEAR LINEAR LINEAR LINEAR LINEAR LINEAR
LINEAR LINEAR LINEAR LINEAR LINEAR LINEAR LINEAR LINEAR</Name_array>
        <technique_common>
          <accessor source="#mixamorig_LeftHandMiddle2-Interpolations-array" count="31">
            <param type="name"/>
          </accessor>
        </technique_common>
      </source>
      <sampler id="mixamorig_LeftHandMiddle2-Matrix-animation-transform">
        <input semantic="INPUT" source="#mixamorig_LeftHandMiddle2-Matrix-animation-input"/>
        <input semantic="OUTPUT" source="#mixamorig_LeftHandMiddle2-Matrix-animation-output-transform"/>
        <input semantic="INTERPOLATION" source="#mixamorig_LeftHandMiddle2-Interpolations"/>
      </sampler>
      <channel source="#mixamorig_LeftHandMiddle2-Matrix-animation-transform" target="mixamorig_LeftHandMiddle2/matrix"/>
    </animation>
    <animation id="mixamorig_LeftHandMiddle3-anim" name="mixamorig_LeftHandMiddle3">
      <source id="mixamorig_LeftHandMiddle3-Matrix-animation-input">
        <float_array id="mixamorig_LeftHandMiddle3-Matrix-animation-input-array" count="31">

0.000000 0.033333 0.066667 0.100000 0.133333 0.166667 0.200000 0.233333 0.266667 0.300000 0.333333 0.366667 0.400000 0.433333 0.466667 0.500000
0.533333 0.566667 0.600000 0.633333 0.666667 0.700000 0.733333 0.766667 0.800000 0.833333 0.866667 0.900000 0.933333 0.966667 1.000000</float_array>
        <technique_common>
          <accessor source="#mixamorig_LeftHandMiddle3-Matrix-animation-input-array" count="31">
            <param name="TIME" type="float"/>
          </accessor>
        </technique_common>
      </source>
      <source id="mixamorig_LeftHandMiddle3-Matrix-animation-output-transform">
        <float_array id="mixamorig_LeftHandMiddle3-Matrix-animation-output-transform-array" count="496">

1.000000 -0.000000 0.000000 0.000000 0.000000 1.000000 0.000000 2.000000 -0.000000 -0.000000 1.000000 0.000000 0.000000 0.000000 0.000000 1.000000
1.000000 0.000933 -0.000004 0.000000 -0.000933 0.999958 -0.009105 2.000000 -0.000004 0.009105 0.999959 0.000000 0.000000 0.000000 0.000000 1.000000
0.999999 0.001317 -0.000008 0.000000 -0.001317 0.999917 -0.012852 2.000000 -0.000009 0.012852 0.999917 -0.000000 0.000000 0.000000 0.000000 1.000000
0.999962 0.008656 -0.000366 0.000000 -0.008656 0.996388 -0.084473 2.000000 -0.000366 0.084473 0.996426 -0.000000 0.000000 0.000000 0.000000 1.000000
0.999747 0.022379 -0.002474 0.000000 -0.022379 0.975604 -0.218396 2.000000 -0.002474 0.218396 0.975857 -0.000000 0.000000 0.000000 0.000000 1.000000
0.999424 0.033474 -0.005623 0.000000 -0.033474 0.944545 -0.326673 2.000000 -0.005623 0.326673 0.945121 -0.000000 0.000000 0.000000 0.000000 1.000000
0.999196 0.039306 -0.007842 0.000000 -0.039306 0.922668 -0.383587 2.000000 -0.007842 0.383587 0.923472 0.000000 0.000000 0.000000 0.000000 1.000000
0.999181 0.039672 -0.007995 -0.000000 -0.039672 0.921160 -0.387157 2.000000 -0.007995 0.387157 0.921979 0.000000 0.000000 0.000000 0.000000 1.000000
0.999313 0.036457 -0.006707 -0.000000 -0.036457 0.933857 -0.355785 2.000000 -0.006707 0.355785 0.934544 0.000000 0.000000 0.000000 0.000000 1.000000
0.999482 0.031793 -0.005058 0.000000 -0.031793 0.950116 -0.310273 2.000000 -0.005059 0.310273 0.950634 0.000000 0.000000 0.000000 0.000000 1.000000
0.999645 0.026413 -0.003463 -0.000000 -0.026413 0.965847 -0.257762 2.000000 -0.003463 0.257762 0.966202 0.000000 0.000000 0.000000 0.000000 1.000000
0.999792 0.020282 -0.002028 -0.000000 -0.020282 0.980006 -0.197932 2.000000 -0.002027 0.197932 0.980214 0.000000 0.000000 0.000000 0.000000 1.000000
0.999911 0.013326 -0.000870 -0.000000 -0.013326 0.991418 -0.130052 2.000000 -0.000870 0.130052 0.991507 0.000000 0.000000 0.000000 0.000000 1.000000
0.999977 0.006782 -0.000225 0.000000 -0.006782 0.997784 -0.066183 2.000000 -0.000225 0.066183 0.997807 0.000000 0.000000 0.000000 0.000000 1.000000
0.999995 0.003105 -0.000047 0.000000 -0.003105 0.999536 -0.030300 2.000000 -0.000047 0.030300 0.999541 -0.000000 0.000000 0.000000 0.000000 1.000000
0.999722 -0.023438 -0.002717 0.000000 0.023438 0.973207 0.228733 2.000000 -0.002717 -0.228733 0.973485 0.000000 0.000000 0.000000 0.000000 1.000000
0.999867 -0.016258 -0.001298 -0.000000 0.016258 0.987199 0.158660 2.000000 -0.001298 -0.158660 0.987332 0.000000 0.000000 0.000000 0.000000 1.000000
0.999958 -0.009162 -0.000410 0.000000 0.009162 0.995953 0.089408 2.000000 -0.000410 -0.089408 0.995995 0.000000 0.000000 0.000000 0.000000 1.000000
0.999876 -0.015687 -0.001208 0.000000 0.015687 0.988087 0.153094 2.000000 -0.001208 -0.153094 0.988211 0.000000 0.000000 0.000000 0.000000 1.000000
0.999966 -0.008259 -0.000333 0.000000 0.008259 0.996712 0.080599 2.000000 -0.000333 -0.080599 0.996747 -0.000000 0.000000 0.000000 0.000000 1.000000
0.999960 -0.008884 -0.000386 0.000000 0.008884 0.996195 0.086704 2.000000 -0.000386 -0.086704 0.996234 0.000000 0.000000 0.000000 0.000000 1.000000
0.999962 -0.008709 -0.000371 0.000000 0.008709 0.996344 0.084987 2.000000 -0.000371 -0.084987 0.996382 -0.000000 0.000000 0.000000 0.000000 1.000000
0.999971 -0.007675 -0.000288 0.000000 0.007675 0.997162 0.074898 2.000000 -0.000288 -0.074898 0.997191 -0.000000 0.000000 0.000000 0.000000 1.000000
0.999999 0.001531 -0.000012 0.000000 -0.001531 0.999887 -0.014936 2.000000 -0.000011 0.014936 0.999888 0.000000 0.000000 0.000000 0.000000 1.000000
0.999950 -0.009971 -0.000486 0.000000 0.009971 0.995204 0.097307 2.000000 -0.000486 -0.097307 0.995254 0.000000 0.000000 0.000000 0.000000 1.000000
0.999919 -0.012718 -0.000792 0.000000 0.012718 0.992187 0.124111 2.000000 -0.000792 -0.124111 0.992268 0.000000 0.000000 0.000000 0.000000 1.000000
0.999912 -0.013229 -0.000858 0.000000 0.013229 0.991544 0.129097 2.000000 -0.000857 -0.129097 0.991632 -0.000000 0.000000 0.000000 0.000000 1.000000
0.999952 -0.009771 -0.000467 0.000000 0.009771 0.995395 0.095355 2.000000 -0.000467 -0.095355 0.995443 0.000000 0.000000 0.000000 0.000000 1.000000
0.999979 -0.006447 -0.000203 0.000000 0.006447 0.997998 0.062914 2.000000 -0.000203 -0.062914 0.998019 -0.000000 0.000000 0.000000 0.000000 1.000000
0.999840 -0.017831 -0.001563 0.000000 0.017831 0.984582 0.174010 2.000000 -0.001563 -0.174010 0.984743 0.000000 0.000000 0.000000 0.000000 1.000000
1.000000 -0.000000 -0.000000 -0.000000 0.000000 1.000000 0.000000 2.000000 0.000000 -0.000000 1.000000 -0.000000 0.000000 0.000000 0.000000 1.000000</float_array>
        <technique_common>
          <accessor source="#mixamorig_LeftHandMiddle3-Matrix-animation-output-transform-array" count="31" stride="16">
            <param type="float4x4"/>
          </accessor>
        </technique_common>
      </source>
      <source id="mixamorig_LeftHandMiddle3-Interpolations">
        <Name_array id="mixamorig_LeftHandMiddle3-Interpolations-array" count="31">
 LINEAR LINEAR LINEAR LINEAR LINEAR LINEAR LINEAR LINEAR LINEAR LINEAR LINEAR
LINEAR LINEAR LINEAR LINEAR LINEAR LINEAR LINEAR LINEAR LINEAR LINEAR LINEAR LINEAR
LINEAR LINEAR LINEAR LINEAR LINEAR LINEAR LINEAR LINEAR</Name_array>
        <technique_common>
          <accessor source="#mixamorig_LeftHandMiddle3-Interpolations-array" count="31">
            <param type="name"/>
          </accessor>
        </technique_common>
      </source>
      <sampler id="mixamorig_LeftHandMiddle3-Matrix-animation-transform">
        <input semantic="INPUT" source="#mixamorig_LeftHandMiddle3-Matrix-animation-input"/>
        <input semantic="OUTPUT" source="#mixamorig_LeftHandMiddle3-Matrix-animation-output-transform"/>
        <input semantic="INTERPOLATION" source="#mixamorig_LeftHandMiddle3-Interpolations"/>
      </sampler>
      <channel source="#mixamorig_LeftHandMiddle3-Matrix-animation-transform" target="mixamorig_LeftHandMiddle3/matrix"/>
    </animation>
    <animation id="mixamorig_LeftHandRing1-anim" name="mixamorig_LeftHandRing1">
      <source id="mixamorig_LeftHandRing1-Matrix-animation-input">
        <float_array id="mixamorig_LeftHandRing1-Matrix-animation-input-array" count="31">

0.000000 0.033333 0.066667 0.100000 0.133333 0.166667 0.200000 0.233333 0.266667 0.300000 0.333333 0.366667 0.400000 0.433333 0.466667 0.500000
0.533333 0.566667 0.600000 0.633333 0.666667 0.700000 0.733333 0.766667 0.800000 0.833333 0.866667 0.900000 0.933333 0.966667 1.000000</float_array>
        <technique_common>
          <accessor source="#mixamorig_LeftHandRing1-Matrix-animation-input-array" count="31">
            <param name="TIME" type="float"/>
          </accessor>
        </technique_common>
      </source>
      <source id="mixamorig_LeftHandRing1-Matrix-animation-output-transform">
        <float_array id="mixamorig_LeftHandRing1-Matrix-animation-output-transform-array" count="496">

0.998709 0.050585 -0.004650 2.247300 -0.050776 0.991316 -0.121299 10.605600 -0.001526 0.121379 0.992605 -0.268300 0.000000 0.000000 0.000000 1.000000
0.999225 0.038974 -0.005519 2.247300 -0.039362 0.989734 -0.137391 10.605600 0.000108 0.137502 0.990502 -0.268300 0.000000 0.000000 0.000000 1.000000
0.999630 0.027198 -0.000292 2.247300 -0.027192 0.999080 -0.033156 10.605600 -0.000610 0.033152 0.999450 -0.268300 0.000000 0.000000 0.000000 1.000000
0.998457 0.052192 -0.018986 2.247300 -0.055538 0.939181 -0.338901 10.605600 0.000143 0.339432 0.940630 -0.268300 0.000000 0.000000 0.000000 1.000000
0.997782 0.060613 -0.027518 2.247300 -0.066539 0.896061 -0.438916 10.605600 -0.001946 0.439774 0.898107 -0.268300 0.000000 0.000000 0.000000 1.000000
0.997714 0.061560 -0.027887 2.247300 -0.067542 0.894026 -0.442894 10.605600 -0.002333 0.443765 0.896140 -0.268300 0.000000 0.000000 0.000000 1.000000
0.997993 0.058703 -0.023764 2.247300 -0.063312 0.915721 -0.396795 10.605600 -0.001532 0.397503 0.917600 -0.268300 0.000000 0.000000 0.000000 1.000000
0.998170 0.056863 -0.020556 2.247300 -0.060452 0.931590 -0.358449 10.605600 -0.001233 0.359036 0.933323 -0.268300 0.000000 0.000000 0.000000 1.000000
0.998032 0.059598 -0.019500 2.247300 -0.062664 0.936421 -0.345237 10.605600 -0.002315 0.345780 0.938313 -0.268300 0.000000 0.000000 0.000000 1.000000
0.997449 0.068785 -0.019071 2.247300 -0.071169 0.937841 -0.339690 10.605600 -0.005480 0.340181 0.940344 -0.268300 0.000000 0.000000 0.000000 1.000000
0.995955 0.087973 -0.018300 2.247300 -0.089074 0.939784 -0.329959 10.605600 -0.011830 0.330254 0.943818 -0.268300 0.000000 0.000000 0.000000 1.000000
0.993102 0.115929 -0.017553 2.247300 -0.115398 0.939886 -0.321400 10.605600 -0.020761 0.321209 0.946781 -0.268300 0.000000 0.000000 0.000000 1.000000
0.990586 0.135903 -0.016413 2.247300 -0.134324 0.941887 -0.307904 10.605600 -0.026386 0.307210 0.951276 -0.268300 0.000000 0.000000 0.000000 1.000000
0.993920 0.109397 -0.012468 2.247300 -0.109012 0.961802 -0.251103 10.605600 -0.015478 0.250936 0.967880 -0.268300 0.000000 0.000000 0.000000 1.000000
0.999783 0.020602 -0.003004 2.247300 -0.020790 0.995663 -0.090684 10.605600 0.001123 0.090726 0.995875 -0.268300 0.000000 0.000000 0.000000 1.000000
0.998390 -0.055978 0.009117 2.247300 0.049675 0.940652 0.335717 10.605600 -0.027369 -0.334724 0.941919 -0.268300 0.000000 0.000000 0.000000 1.000000
0.998781 -0.048783 0.007516 2.247300 0.046284 0.978543 0.200778 10.605600 -0.017150 -0.200185 0.979608 -0.268300 0.000000 0.000000 0.000000 1.000000
0.998729 -0.049785 0.007919 2.247300 0.046773 0.973743 0.222795 10.605600 -0.018802 -0.222142 0.974833 -0.268300 0.000000 0.000000 0.000000 1.000000
0.999040 -0.043158 0.007515 2.247300 0.040741 0.978397 0.202680 10.605600 -0.016100 -0.202179 0.979216 -0.268300 0.000000 0.000000 0.000000 1.000000
0.998742 -0.049516 0.007877 2.247300 0.046566 0.974296 0.220404 10.605600 -0.018588 -0.219760 0.975377 -0.268300 0.000000 0.000000 0.000000 1.000000
0.998709 -0.050166 0.008000 2.247300 0.047033 0.972629 0.227553 10.605600 -0.019196 -0.226883 0.973733 -0.268300 0.000000 0.000000 0.000000 1.000000
0.998650 -0.051295 0.008225 2.247300 0.047790 0.969177 0.241686 10.605600 -0.020369 -0.240967 0.970320 -0.268300 0.000000 0.000000 0.000000 1.000000
0.998577 -0.052660 0.008468 2.247300 0.048680 0.964708 0.258782 10.605600 -0.021797 -0.258001 0.965899 -0.268300 0.000000 0.000000 0.000000 1.000000
0.996648 -0.081305 0.009125 2.247300 0.074769 0.950412 0.301871 10.605600 -0.033216 -0.300177 0.953305 -0.268300 0.000000 0.000000 0.000000 1.000000
0.998104 -0.060958 0.008560 2.247300 0.056605 0.963544 0.261492 10.605600 -0.024188 -0.260512 0.965168 -0.268300 0.000000 0.000000 0.000000 1.000000
0.999180 -0.039616 0.008325 2.247300 0.036207 0.966556 0.253889 10.605600 -0.018105 -0.253379 0.967198 -0.268300 0.000000 0.000000 0.000000 1.000000
0.999309 -0.036100 0.008822 2.247300 0.031747 0.952682 0.302307 10.605600 -0.019318 -0.301818 0.953170 -0.268300 0.000000 0.000000 0.000000 1.000000
0.998558 -0.052974 0.008671 2.247300 0.048527 0.959927 0.276017 10.605600 -0.022945 -0.275198 0.961114 -0.268300 0.000000 0.000000 0.000000 1.000000
0.999111 -0.041367 0.008114 2.247300 0.038244 0.970431 0.238330 10.605600 -0.017733 -0.237807 0.971150 -0.268300 0.000000 0.000000 0.000000 1.000000
0.999869 -0.014242 0.007702 2.247300 0.012194 0.975311 0.220499 10.605600 -0.010652 -0.220377 0.975357 -0.268300 0.000000 0.000000 0.000000 1.000000
0.998555 0.053545 -0.004660 2.247300 -0.053714 0.991141 -0.121471 10.605600 -0.001886 0.121545 0.992584 -0.268300 0.000000 0.000000 0.000000 1.000000</float_array>
        <technique_common>
          <accessor source="#mixamorig_LeftHandRing1-Matrix-animation-output-transform-array" count="31" stride="16">
            <param type="float4x4"/>
          </accessor>
        </technique_common>
      </source>
      <source id="mixamorig_LeftHandRing1-Interpolations">
        <Name_array id="mixamorig_LeftHandRing1-Interpolations-array" count="31">
 LINEAR LINEAR LINEAR LINEAR LINEAR LINEAR LINEAR LINEAR LINEAR LINEAR LINEAR
LINEAR LINEAR LINEAR LINEAR LINEAR LINEAR LINEAR LINEAR LINEAR LINEAR LINEAR LINEAR
LINEAR LINEAR LINEAR LINEAR LINEAR LINEAR LINEAR LINEAR</Name_array>
        <technique_common>
          <accessor source="#mixamorig_LeftHandRing1-Interpolations-array" count="31">
            <param type="name"/>
          </accessor>
        </technique_common>
      </source>
      <sampler id="mixamorig_LeftHandRing1-Matrix-animation-transform">
        <input semantic="INPUT" source="#mixamorig_LeftHandRing1-Matrix-animation-input"/>
        <input semantic="OUTPUT" source="#mixamorig_LeftHandRing1-Matrix-animation-output-transform"/>
        <input semantic="INTERPOLATION" source="#mixamorig_LeftHandRing1-Interpolations"/>
      </sampler>
      <channel source="#mixamorig_LeftHandRing1-Matrix-animation-transform" target="mixamorig_LeftHandRing1/matrix"/>
    </animation>
    <animation id="mixamorig_LeftHandRing2-anim" name="mixamorig_LeftHandRing2">
      <source id="mixamorig_LeftHandRing2-Matrix-animation-input">
        <float_array id="mixamorig_LeftHandRing2-Matrix-animation-input-array" count="31">

0.000000 0.033333 0.066667 0.100000 0.133333 0.166667 0.200000 0.233333 0.266667 0.300000 0.333333 0.366667 0.400000 0.433333 0.466667 0.500000
0.533333 0.566667 0.600000 0.633333 0.666667 0.700000 0.733333 0.766667 0.800000 0.833333 0.866667 0.900000 0.933333 0.966667 1.000000</float_array>
        <technique_common>
          <accessor source="#mixamorig_LeftHandRing2-Matrix-animation-input-array" count="31">
            <param name="TIME" type="float"/>
          </accessor>
        </technique_common>
      </source>
      <source id="mixamorig_LeftHandRing2-Matrix-animation-output-transform">
        <float_array id="mixamorig_LeftHandRing2-Matrix-animation-output-transform-array" count="496">

1.000000 0.000119 0.000000 0.000000 -0.000119 0.999999 -0.001159 3.000100 -0.000000 0.001159 0.999999 -0.000000 0.000000 0.000000 0.000000 1.000000
0.999997 0.002601 -0.000033 0.000000 -0.002601 0.999675 -0.025379 3.000100 -0.000033 0.025379 0.999678 0.000000 0.000000 0.000000 0.000000 1.000000
0.999992 0.003882 -0.000074 0.000000 -0.003882 0.999275 -0.037886 3.000100 -0.000074 0.037886 0.999282 0.000000 0.000000 0.000000 0.000000 1.000000
0.999915 0.013044 -0.000834 0.000000 -0.013044 0.991779 -0.127298 3.000100 -0.000834 0.127298 0.991864 0.000000 0.000000 0.000000 0.000000 1.000000
0.999534 0.030178 -0.004546 0.000000 -0.030178 0.955171 -0.294512 3.000100 -0.004546 0.294512 0.955637 -0.000000 0.000000 0.000000 0.000000 1.000000
0.998782 0.047887 -0.011886 0.000000 -0.047887 0.882786 -0.467329 3.000100 -0.011886 0.467329 0.884004 0.000000 0.000000 0.000000 0.000000 1.000000
0.998340 0.055275 -0.016203 0.000000 -0.055275 0.840211 -0.539434 3.000100 -0.016203 0.539434 0.841872 0.000000 0.000000 0.000000 0.000000 1.000000
0.998386 0.054558 -0.015747 0.000000 -0.054558 0.844713 -0.532431 3.000100 -0.015747 0.532431 0.846327 0.000000 0.000000 0.000000 0.000000 1.000000
0.998631 0.050582 -0.013365 0.000000 -0.050582 0.868201 -0.493627 3.000100 -0.013365 0.493627 0.869571 -0.000000 0.000000 0.000000 0.000000 1.000000
0.998933 0.045001 -0.010417 0.000000 -0.045001 0.897277 -0.439168 3.000100 -0.010416 0.439168 0.898345 0.000000 0.000000 0.000000 0.000000 1.000000
0.999253 0.037958 -0.007293 0.000000 -0.037958 0.928085 -0.370430 3.000100 -0.007292 0.370430 0.928832 0.000000 0.000000 0.000000 0.000000 1.000000
0.999553 0.029573 -0.004361 -0.000000 -0.029573 0.956991 -0.288607 3.000100 -0.004361 0.288607 0.957438 0.000000 0.000000 0.000000 0.000000 1.000000
0.999803 0.019774 -0.001926 0.000000 -0.019774 0.981005 -0.192974 3.000100 -0.001926 0.192974 0.981202 -0.000000 0.000000 0.000000 0.000000 1.000000
0.999953 0.009700 -0.000460 0.000000 -0.009700 0.995462 -0.094665 3.000100 -0.000460 0.094665 0.995509 0.000000 0.000000 0.000000 0.000000 1.000000
0.999996 0.002664 -0.000035 0.000000 -0.002664 0.999658 -0.026000 3.000100 -0.000035 0.026000 0.999662 0.000000 0.000000 0.000000 0.000000 1.000000
0.997143 0.070202 -0.027880 -0.000000 -0.070202 0.725057 -0.685102 3.000100 -0.027880 0.685102 0.727914 0.000000 0.000000 0.000000 0.000000 1.000000
1.000000 -0.000000 -0.000000 0.000000 0.000000 1.000000 0.000000 3.000100 0.000000 -0.000000 1.000000 0.000000 0.000000 0.000000 0.000000 1.000000
1.000000 0.000000 -0.000000 0.000000 -0.000000 1.000000 -0.000000 3.000100 0.000000 0.000000 1.000000 0.000000 0.000000 0.000000 0.000000 1.000000
1.000000 0.000000 0.000000 0.000000 -0.000000 1.000000 -0.000000 3.000100 -0.000000 0.000000 1.000000 0.000000 0.000000 0.000000 0.000000 1.000000
1.000000 -0.000000 0.000000 0.000000 0.000000 1.000000 0.000000 3.000100 -0.000000 -0.000000 1.000000 0.000000 0.000000 0.000000 0.000000 1.000000
1.000000 -0.000000 0.000000 0.000000 0.000000 1.000000 -0.000000 3.000100 -0.000000 0.000000 1.000000 0.000000 0.000000 0.000000 0.000000 1.000000
1.000000 -0.000000 -0.000000 0.000000 0.000000 1.000000 -0.000000 3.000100 0.000000 0.000000 1.000000 0.000000 0.000000 0.000000 0.000000 1.000000
1.000000 0.000000 0.000000 0.000000 -0.000000 1.000000 0.000000 3.000100 -0.000000 -0.000000 1.000000 0.000000 0.000000 0.000000 0.000000 1.000000
1.000000 -0.000000 -0.000000 0.000000 0.000000 1.000000 0.000000 3.000100 0.000000 -0.000000 1.000000 0.000000 0.000000 0.000000 0.000000 1.000000
1.000000 -0.000000 0.000000 0.000000 0.000000 1.000000 0.000000 3.000100 -0.000000 -0.000000 1.000000 0.000000 0.000000 0.000000 0.000000 1.000000
1.000000 -0.000000 0.000000 0.000000 0.000000 1.000000 0.000000 3.000100 -0.000000 -0.000000 1.000000 0.000000 0.000000 0.000000 0.000000 1.000000
0.999929 0.011911 -0.000694 0.000000 -0.011911 0.993150 -0.116236 3.000100 -0.000695 0.116236 0.993221 -0.000000 0.000000 0.000000 0.000000 1.000000
0.999988 0.004843 -0.000114 0.000000 -0.004843 0.998871 -0.047264 3.000100 -0.000115 0.047264 0.998882 0.000000 0.000000 0.000000 0.000000 1.000000
1.000000 0.000000 -0.000000 -0.000000 -0.000000 1.000000 -0.000000 3.000100 0.000000 0.000000 1.000000 0.000000 0.000000 0.000000 0.000000 1.000000
0.999539 0.030030 -0.004500 0.000000 -0.030030 0.955621 -0.293064 3.000100 -0.004500 0.293064 0.956082 0.000000 0.000000 0.000000 0.000000 1.000000
1.000000 0.000000 0.000000 0.000000 -0.000000 1.000000 -0.000000 3.000100 -0.000000 0.000000 1.000000 0.000000 0.000000 0.000000 0.000000 1.000000</float_array>
        <technique_common>
          <accessor source="#mixamorig_LeftHandRing2-Matrix-animation-output-transform-array" count="31" stride="16">
            <param type="float4x4"/>
          </accessor>
        </technique_common>
      </source>
      <source id="mixamorig_LeftHandRing2-Interpolations">
        <Name_array id="mixamorig_LeftHandRing2-Interpolations-array" count="31">
 LINEAR LINEAR LINEAR LINEAR LINEAR LINEAR LINEAR LINEAR LINEAR LINEAR LINEAR
LINEAR LINEAR LINEAR LINEAR LINEAR LINEAR LINEAR LINEAR LINEAR LINEAR LINEAR LINEAR
LINEAR LINEAR LINEAR LINEAR LINEAR LINEAR LINEAR LINEAR</Name_array>
        <technique_common>
          <accessor source="#mixamorig_LeftHandRing2-Interpolations-array" count="31">
            <param type="name"/>
          </accessor>
        </technique_common>
      </source>
      <sampler id="mixamorig_LeftHandRing2-Matrix-animation-transform">
        <input semantic="INPUT" source="#mixamorig_LeftHandRing2-Matrix-animation-input"/>
        <input semantic="OUTPUT" source="#mixamorig_LeftHandRing2-Matrix-animation-output-transform"/>
        <input semantic="INTERPOLATION" source="#mixamorig_LeftHandRing2-Interpolations"/>
      </sampler>
      <channel source="#mixamorig_LeftHandRing2-Matrix-animation-transform" target="mixamorig_LeftHandRing2/matrix"/>
    </animation>
    <animation id="mixamorig_LeftHandRing3-anim" name="mixamorig_LeftHandRing3">
      <source id="mixamorig_LeftHandRing3-Matrix-animation-input">
        <float_array id="mixamorig_LeftHandRing3-Matrix-animation-input-array" count="31">

0.000000 0.033333 0.066667 0.100000 0.133333 0.166667 0.200000 0.233333 0.266667 0.300000 0.333333 0.366667 0.400000 0.433333 0.466667 0.500000
0.533333 0.566667 0.600000 0.633333 0.666667 0.700000 0.733333 0.766667 0.800000 0.833333 0.866667 0.900000 0.933333 0.966667 1.000000</float_array>
        <technique_common>
          <accessor source="#mixamorig_LeftHandRing3-Matrix-animation-input-array" count="31">
            <param name="TIME" type="float"/>
          </accessor>
        </technique_common>
      </source>
      <source id="mixamorig_LeftHandRing3-Matrix-animation-output-transform">
        <float_array id="mixamorig_LeftHandRing3-Matrix-animation-output-transform-array" count="496">

1.000000 -0.000070 -0.000000 0.000000 0.000070 1.000000 0.000679 2.200000 0.000000 -0.000679 1.000000 0.000000 0.000000 0.000000 0.000000 1.000000
1.000000 0.000335 -0.000000 0.000000 -0.000335 0.999995 -0.003271 2.200000 -0.000001 0.003271 0.999995 0.000000 0.000000 0.000000 0.000000 1.000000
0.999999 0.001315 -0.000008 0.000000 -0.001315 0.999917 -0.012832 2.200000 -0.000009 0.012832 0.999918 -0.000000 0.000000 0.000000 0.000000 1.000000
0.999904 0.013848 -0.000940 0.000000 -0.013848 0.990730 -0.135139 2.200000 -0.000940 0.135139 0.990826 -0.000000 0.000000 0.000000 0.000000 1.000000
0.999321 0.036250 -0.006629 0.000000 -0.036250 0.934631 -0.353767 2.200000 -0.006629 0.353767 0.935310 -0.000000 0.000000 0.000000 0.000000 1.000000
0.998410 0.054194 -0.015519 0.000000 -0.054194 0.846961 -0.528886 2.200000 -0.015519 0.528886 0.848551 0.000000 0.000000 0.000000 0.000000 1.000000
0.997828 0.062373 -0.021199 0.000000 -0.062373 0.790946 -0.608699 2.200000 -0.021199 0.608699 0.793118 0.000000 0.000000 0.000000 0.000000 1.000000
0.997828 0.062376 -0.021201 -0.000000 -0.062375 0.790925 -0.608726 2.200000 -0.021201 0.608726 0.793097 0.000000 0.000000 0.000000 0.000000 1.000000
0.998155 0.057987 -0.018006 0.000000 -0.057987 0.822434 -0.565897 2.200000 -0.018006 0.565897 0.824279 -0.000000 0.000000 0.000000 0.000000 1.000000
0.998567 0.051653 -0.013982 0.000000 -0.051653 0.862111 -0.504079 2.200000 -0.013983 0.504079 0.863544 0.000000 0.000000 0.000000 0.000000 1.000000
0.999006 0.043501 -0.009697 0.000000 -0.043501 0.904369 -0.424528 2.200000 -0.009698 0.424528 0.905363 0.000000 0.000000 0.000000 0.000000 1.000000
0.999440 0.033006 -0.005463 0.000000 -0.033006 0.946126 -0.322112 2.200000 -0.005463 0.322112 0.946686 0.000000 0.000000 0.000000 0.000000 1.000000
0.999775 0.021077 -0.002191 -0.000000 -0.021077 0.978390 -0.205689 2.200000 -0.002191 0.205689 0.978615 0.000000 0.000000 0.000000 0.000000 1.000000
0.999948 0.010203 -0.000509 0.000000 -0.010203 0.994978 -0.099574 2.200000 -0.000509 0.099574 0.995030 -0.000000 0.000000 0.000000 0.000000 1.000000
0.999996 0.002846 -0.000040 -0.000000 -0.002846 0.999610 -0.027775 2.200000 -0.000040 0.027775 0.999614 -0.000000 0.000000 0.000000 0.000000 1.000000
0.999686 -0.024883 -0.003068 -0.000000 0.024883 0.969749 0.242833 2.200000 -0.003068 -0.242833 0.970063 0.000000 0.000000 0.000000 0.000000 1.000000
0.999998 -0.002014 -0.000020 0.000000 0.002014 0.999805 0.019650 2.200000 -0.000020 -0.019650 0.999807 0.000000 0.000000 0.000000 0.000000 1.000000
1.000000 0.000000 0.000000 0.000000 -0.000000 1.000000 -0.000000 2.200000 -0.000000 0.000000 1.000000 0.000000 0.000000 0.000000 0.000000 1.000000
1.000000 0.000000 0.000000 0.000000 -0.000000 1.000000 -0.000000 2.200000 -0.000000 0.000000 1.000000 0.000000 0.000000 0.000000 0.000000 1.000000
0.999999 -0.001399 -0.000009 0.000000 0.001399 0.999906 0.013649 2.200000 -0.000010 -0.013649 0.999907 0.000000 0.000000 0.000000 0.000000 1.000000
1.000000 -0.000000 0.000000 -0.000000 0.000000 1.000000 -0.000000 2.200000 -0.000000 0.000000 1.000000 0.000000 0.000000 0.000000 0.000000 1.000000
1.000000 0.000000 0.000000 0.000000 -0.000000 1.000000 -0.000001 2.200000 -0.000000 0.000001 1.000000 0.000000 0.000000 0.000000 0.000000 1.000000
1.000000 -0.000000 -0.000000 0.000000 0.000000 1.000000 -0.000001 2.200000 0.000000 0.000001 1.000000 0.000000 0.000000 0.000000 0.000000 1.000000
1.000000 0.000000 0.000000 0.000000 -0.000000 1.000000 -0.000004 2.200000 -0.000000 0.000004 1.000000 0.000000 0.000000 0.000000 0.000000 1.000000
1.000000 0.000000 0.000000 0.000000 -0.000000 1.000000 -0.000004 2.200000 -0.000000 0.000004 1.000000 0.000000 0.000000 0.000000 0.000000 1.000000
1.000000 -0.000000 0.000000 0.000000 0.000000 1.000000 -0.000001 2.200000 -0.000000 0.000001 1.000000 0.000000 0.000000 0.000000 0.000000 1.000000
0.999999 -0.001234 -0.000007 0.000000 0.001234 0.999927 0.012038 2.200000 -0.000008 -0.012038 0.999928 -0.000000 0.000000 0.000000 0.000000 1.000000
0.999994 0.003586 -0.000063 -0.000000 -0.003586 0.999381 -0.035001 2.200000 -0.000063 0.035001 0.999387 0.000000 0.000000 0.000000 0.000000 1.000000
1.000000 0.000001 0.000000 0.000000 -0.000001 1.000000 -0.000005 2.200000 -0.000000 0.000005 1.000000 0.000000 0.000000 0.000000 0.000000 1.000000
0.999923 -0.012359 -0.000748 0.000000 0.012359 0.992622 0.120616 2.200000 -0.000748 -0.120616 0.992699 0.000000 0.000000 0.000000 0.000000 1.000000
1.000000 -0.000000 0.000000 0.000000 0.000000 1.000000 -0.000000 2.200000 -0.000000 0.000000 1.000000 -0.000000 0.000000 0.000000 0.000000 1.000000</float_array>
        <technique_common>
          <accessor source="#mixamorig_LeftHandRing3-Matrix-animation-output-transform-array" count="31" stride="16">
            <param type="float4x4"/>
          </accessor>
        </technique_common>
      </source>
      <source id="mixamorig_LeftHandRing3-Interpolations">
        <Name_array id="mixamorig_LeftHandRing3-Interpolations-array" count="31">
 LINEAR LINEAR LINEAR LINEAR LINEAR LINEAR LINEAR LINEAR LINEAR LINEAR LINEAR
LINEAR LINEAR LINEAR LINEAR LINEAR LINEAR LINEAR LINEAR LINEAR LINEAR LINEAR LINEAR
LINEAR LINEAR LINEAR LINEAR LINEAR LINEAR LINEAR LINEAR</Name_array>
        <technique_common>
          <accessor source="#mixamorig_LeftHandRing3-Interpolations-array" count="31">
            <param type="name"/>
          </accessor>
        </technique_common>
      </source>
      <sampler id="mixamorig_LeftHandRing3-Matrix-animation-transform">
        <input semantic="INPUT" source="#mixamorig_LeftHandRing3-Matrix-animation-input"/>
        <input semantic="OUTPUT" source="#mixamorig_LeftHandRing3-Matrix-animation-output-transform"/>
        <input semantic="INTERPOLATION" source="#mixamorig_LeftHandRing3-Interpolations"/>
      </sampler>
      <channel source="#mixamorig_LeftHandRing3-Matrix-animation-transform" target="mixamorig_LeftHandRing3/matrix"/>
    </animation>
    <animation id="mixamorig_LeftHandPinky1-anim" name="mixamorig_LeftHandPinky1">
      <source id="mixamorig_LeftHandPinky1-Matrix-animation-input">
        <float_array id="mixamorig_LeftHandPinky1-Matrix-animation-input-array" count="31">

0.000000 0.033333 0.066667 0.100000 0.133333 0.166667 0.200000 0.233333 0.266667 0.300000 0.333333 0.366667 0.400000 0.433333 0.466667 0.500000
0.533333 0.566667 0.600000 0.633333 0.666667 0.700000 0.733333 0.766667 0.800000 0.833333 0.866667 0.900000 0.933333 0.966667 1.000000</float_array>
        <technique_common>
          <accessor source="#mixamorig_LeftHandPinky1-Matrix-animation-input-array" count="31">
            <param name="TIME" type="float"/>
          </accessor>
        </technique_common>
      </source>
      <source id="mixamorig_LeftHandPinky1-Matrix-animation-output-transform">
        <float_array id="mixamorig_LeftHandPinky1-Matrix-animation-output-transform-array" count="496">

0.998846 0.047888 -0.003585 4.027900 -0.048014 0.994570 -0.092329 9.628200 -0.000856 0.092394 0.995722 0.341700 0.000000 0.000000 0.000000 1.000000
0.999205 0.038931 -0.008631 4.027900 -0.039754 0.989442 -0.139371 9.628200 0.003114 0.139603 0.990203 0.341700 0.000000 0.000000 0.000000 1.000000
0.999504 0.030801 -0.006625 4.027900 -0.031178 0.997244 -0.067326 9.628200 0.004533 0.067499 0.997709 0.341700 0.000000 0.000000 0.000000 1.000000
0.998087 0.057397 -0.022980 4.027900 -0.061811 0.934745 -0.349901 9.628200 0.001397 0.350653 0.936505 0.341700 0.000000 0.000000 0.000000 1.000000
0.996629 0.073056 -0.037342 4.027900 -0.082018 0.875187 -0.476781 9.628200 -0.002150 0.478236 0.878229 0.341700 0.000000 0.000000 0.000000 1.000000
0.996358 0.075347 -0.039908 4.027900 -0.085227 0.866534 -0.491788 9.628200 -0.002473 0.493398 0.869800 0.341700 0.000000 0.000000 0.000000 1.000000
0.997315 0.066655 -0.030337 4.027900 -0.073228 0.902445 -0.424535 9.628200 -0.000919 0.425617 0.904903 0.341700 0.000000 0.000000 0.000000 1.000000
0.998038 0.059081 -0.020727 4.027900 -0.062589 0.932474 -0.355775 9.628200 -0.001692 0.356374 0.934342 0.341700 0.000000 0.000000 0.000000 1.000000
0.998127 0.058312 -0.018483 4.027900 -0.061139 0.941182 -0.332324 9.628200 -0.001982 0.332832 0.942984 0.341700 0.000000 0.000000 0.000000 1.000000
0.998311 0.055078 -0.018467 4.027900 -0.058084 0.941423 -0.332187 9.628200 -0.000911 0.332699 0.943033 0.341700 0.000000 0.000000 0.000000 1.000000
0.998658 0.048533 -0.018070 4.027900 -0.051775 0.943522 -0.327241 9.628200 0.001168 0.327737 0.944768 0.341700 0.000000 0.000000 0.000000 1.000000
0.998271 0.056130 -0.017466 4.027900 -0.058769 0.946099 -0.318500 9.628200 -0.001353 0.318975 0.947762 0.341700 0.000000 0.000000 0.000000 1.000000
0.995931 0.087909 -0.019834 4.027900 -0.089753 0.947761 -0.306095 9.628200 -0.008111 0.306630 0.951794 0.341700 0.000000 0.000000 0.000000 1.000000
0.994980 0.098136 -0.019577 4.027900 -0.099860 0.961037 -0.257753 9.628200 -0.006481 0.258414 0.966013 0.341700 0.000000 0.000000 0.000000 1.000000
0.999608 0.025572 -0.011414 4.027900 -0.026878 0.990531 -0.134636 9.628200 0.007863 0.134890 0.990829 0.341700 0.000000 0.000000 0.000000 1.000000
0.990376 -0.001209 -0.138401 4.027900 0.040284 0.959189 0.279882 9.628200 0.132414 -0.282763 0.950006 0.341700 0.000000 0.000000 0.000000 1.000000
0.998440 -0.051290 -0.022066 4.027900 0.054731 0.977225 0.205027 9.628200 0.011048 -0.205914 0.978508 0.341700 0.000000 0.000000 0.000000 1.000000
0.998293 -0.052746 -0.025063 4.027900 0.057119 0.971257 0.231079 9.628200 0.012154 -0.232117 0.972612 0.341700 0.000000 0.000000 0.000000 1.000000
0.998618 -0.046282 -0.024916 4.027900 0.050498 0.976297 0.210459 9.628200 0.014585 -0.211427 0.977285 0.341700 0.000000 0.000000 0.000000 1.000000
0.998312 -0.052461 -0.024921 4.027900 0.056764 0.972128 0.227473 9.628200 0.012293 -0.228504 0.973465 0.341700 0.000000 0.000000 0.000000 1.000000
0.998274 -0.053034 -0.025212 4.027900 0.057478 0.970381 0.234642 9.628200 0.012021 -0.235686 0.971755 0.341700 0.000000 0.000000 0.000000 1.000000
0.998176 -0.054515 -0.025929 4.027900 0.059313 0.965598 0.253186 9.628200 0.011235 -0.254262 0.967070 0.341700 0.000000 0.000000 0.000000 1.000000
0.998070 -0.056083 -0.026672 4.027900 0.061241 0.960113 0.272825 9.628200 0.010307 -0.273932 0.961694 0.341700 0.000000 0.000000 0.000000 1.000000
0.996313 -0.085573 -0.006137 4.027900 0.082911 0.941999 0.325214 9.628200 -0.022049 -0.324524 0.945620 0.341700 0.000000 0.000000 0.000000 1.000000
0.997900 -0.064757 0.001163 4.027900 0.061693 0.955844 0.287328 9.628200 -0.019718 -0.286653 0.957832 0.341700 0.000000 0.000000 0.000000 1.000000
0.999060 -0.042721 0.007352 4.027900 0.038895 0.958308 0.283078 9.628200 -0.019139 -0.282526 0.959069 0.341700 0.000000 0.000000 0.000000 1.000000
0.999435 -0.032536 -0.008384 4.027900 0.033588 0.961351 0.273269 9.628200 -0.000831 -0.273396 0.961901 0.341700 0.000000 0.000000 0.000000 1.000000
0.998151 -0.053575 -0.028711 4.027900 0.059316 0.961694 0.267632 9.628200 0.013273 -0.268840 0.963093 0.341700 0.000000 0.000000 0.000000 1.000000
0.998645 -0.045355 -0.025517 4.027900 0.050464 0.963753 0.261979 9.628200 0.012710 -0.262911 0.964736 0.341700 0.000000 0.000000 0.000000 1.000000
0.999935 -0.003804 -0.010757 4.027900 0.005087 0.992529 0.121902 9.628200 0.010213 -0.121949 0.992484 0.341700 0.000000 0.000000 0.000000 1.000000
0.998713 0.050629 -0.003120 4.027900 -0.050701 0.994461 -0.092072 9.628200 -0.001559 0.092111 0.995747 0.341700 0.000000 0.000000 0.000000 1.000000</float_array>
        <technique_common>
          <accessor source="#mixamorig_LeftHandPinky1-Matrix-animation-output-transform-array" count="31" stride="16">
            <param type="float4x4"/>
          </accessor>
        </technique_common>
      </source>
      <source id="mixamorig_LeftHandPinky1-Interpolations">
        <Name_array id="mixamorig_LeftHandPinky1-Interpolations-array" count="31">
 LINEAR LINEAR LINEAR LINEAR LINEAR LINEAR LINEAR LINEAR LINEAR LINEAR LINEAR
LINEAR LINEAR LINEAR LINEAR LINEAR LINEAR LINEAR LINEAR LINEAR LINEAR LINEAR LINEAR
LINEAR LINEAR LINEAR LINEAR LINEAR LINEAR LINEAR LINEAR</Name_array>
        <technique_common>
          <accessor source="#mixamorig_LeftHandPinky1-Interpolations-array" count="31">
            <param type="name"/>
          </accessor>
        </technique_common>
      </source>
      <sampler id="mixamorig_LeftHandPinky1-Matrix-animation-transform">
        <input semantic="INPUT" source="#mixamorig_LeftHandPinky1-Matrix-animation-input"/>
        <input semantic="OUTPUT" source="#mixamorig_LeftHandPinky1-Matrix-animation-output-transform"/>
        <input semantic="INTERPOLATION" source="#mixamorig_LeftHandPinky1-Interpolations"/>
      </sampler>
      <channel source="#mixamorig_LeftHandPinky1-Matrix-animation-transform" target="mixamorig_LeftHandPinky1/matrix"/>
    </animation>
    <animation id="mixamorig_LeftHandPinky2-anim" name="mixamorig_LeftHandPinky2">
      <source id="mixamorig_LeftHandPinky2-Matrix-animation-input">
        <float_array id="mixamorig_LeftHandPinky2-Matrix-animation-input-array" count="31">

0.000000 0.033333 0.066667 0.100000 0.133333 0.166667 0.200000 0.233333 0.266667 0.300000 0.333333 0.366667 0.400000 0.433333 0.466667 0.500000
0.533333 0.566667 0.600000 0.633333 0.666667 0.700000 0.733333 0.766667 0.800000 0.833333 0.866667 0.900000 0.933333 0.966667 1.000000</float_array>
        <technique_common>
          <accessor source="#mixamorig_LeftHandPinky2-Matrix-animation-input-array" count="31">
            <param name="TIME" type="float"/>
          </accessor>
        </technique_common>
      </source>
      <source id="mixamorig_LeftHandPinky2-Matrix-animation-output-transform">
        <float_array id="mixamorig_LeftHandPinky2-Matrix-animation-output-transform-array" count="496">

1.000000 0.000000 0.000000 -0.000000 -0.000000 1.000000 -0.000000 2.900500 -0.000000 0.000000 1.000000 0.000000 0.000000 0.000000 0.000000 1.000000
0.999998 0.001847 -0.000017 -0.000000 -0.001847 0.999836 -0.018026 2.900500 -0.000017 0.018026 0.999838 0.000000 0.000000 0.000000 0.000000 1.000000
0.999993 0.003652 -0.000065 0.000000 -0.003652 0.999358 -0.035636 2.900500 -0.000065 0.035636 0.999365 -0.000000 0.000000 0.000000 0.000000 1.000000
0.999899 0.014205 -0.000989 -0.000000 -0.014205 0.990243 -0.138623 2.900500 -0.000989 0.138623 0.990345 0.000000 0.000000 0.000000 0.000000 1.000000
0.999458 0.032497 -0.005292 -0.000000 -0.032497 0.947821 -0.317143 2.900500 -0.005291 0.317143 0.948363 0.000000 0.000000 0.000000 0.000000 1.000000
0.998500 0.052756 -0.014637 0.000000 -0.052756 0.855654 -0.514853 2.900500 -0.014637 0.514853 0.857153 0.000000 0.000000 0.000000 0.000000 1.000000
0.997837 0.062253 -0.021107 0.000000 -0.062253 0.791850 -0.607534 2.900500 -0.021107 0.607534 0.794013 -0.000000 0.000000 0.000000 0.000000 1.000000
0.997807 0.062635 -0.021402 0.000000 -0.062635 0.788947 -0.611260 2.900500 -0.021402 0.611260 0.791140 0.000000 0.000000 0.000000 0.000000 1.000000
0.998078 0.059062 -0.018756 0.000000 -0.059062 0.815041 -0.576386 2.900500 -0.018755 0.576386 0.816963 0.000000 0.000000 0.000000 0.000000 1.000000
0.998417 0.054076 -0.015445 0.000000 -0.054076 0.847690 -0.527728 2.900500 -0.015445 0.527728 0.849273 0.000000 0.000000 0.000000 0.000000 1.000000
0.998784 0.047842 -0.011863 0.000000 -0.047842 0.883016 -0.466898 2.900500 -0.011863 0.466898 0.884232 0.000000 0.000000 0.000000 0.000000 1.000000
0.999175 0.039810 -0.008053 0.000000 -0.039810 0.920588 -0.388501 2.900500 -0.008053 0.388501 0.921413 0.000000 0.000000 0.000000 0.000000 1.000000
0.999564 0.029207 -0.004251 0.000000 -0.029207 0.958074 -0.285029 2.900500 -0.004252 0.285029 0.958509 -0.000000 0.000000 0.000000 0.000000 1.000000
0.999858 0.016779 -0.001383 0.000000 -0.016779 0.986360 -0.163746 2.900500 -0.001383 0.163746 0.986502 -0.000000 0.000000 0.000000 0.000000 1.000000
0.999979 0.006437 -0.000202 0.000000 -0.006437 0.998004 -0.062816 2.900500 -0.000202 0.062816 0.998025 0.000000 0.000000 0.000000 0.000000 1.000000
0.997709 0.063844 -0.022353 -0.000000 -0.063844 0.779564 -0.623060 2.900500 -0.022353 0.623060 0.781855 0.000000 0.000000 0.000000 0.000000 1.000000
1.000000 -0.000000 -0.000000 0.000000 0.000000 1.000000 0.000000 2.900500 0.000000 -0.000000 1.000000 -0.000000 0.000000 0.000000 0.000000 1.000000
1.000000 -0.000000 -0.000000 0.000000 0.000000 1.000000 -0.000000 2.900500 0.000000 0.000000 1.000000 0.000000 0.000000 0.000000 0.000000 1.000000
1.000000 0.000000 -0.000000 0.000000 -0.000000 1.000000 -0.000000 2.900500 0.000000 0.000000 1.000000 -0.000000 0.000000 0.000000 0.000000 1.000000
1.000000 0.000000 0.000000 0.000000 -0.000000 1.000000 -0.000000 2.900500 -0.000000 0.000000 1.000000 0.000000 0.000000 0.000000 0.000000 1.000000
1.000000 -0.000000 0.000000 0.000000 0.000000 1.000000 -0.000000 2.900500 -0.000000 0.000000 1.000000 0.000000 0.000000 0.000000 0.000000 1.000000
1.000000 -0.000000 0.000000 -0.000000 0.000000 1.000000 -0.000000 2.900500 -0.000000 0.000000 1.000000 0.000000 0.000000 0.000000 0.000000 1.000000
1.000000 0.000000 0.000000 0.000000 -0.000000 1.000000 -0.000000 2.900500 -0.000000 0.000000 1.000000 0.000000 0.000000 0.000000 0.000000 1.000000
1.000000 0.000000 0.000000 -0.000000 -0.000000 1.000000 -0.000000 2.900500 -0.000000 0.000000 1.000000 0.000000 0.000000 0.000000 0.000000 1.000000
1.000000 0.000000 0.000000 -0.000000 -0.000000 1.000000 -0.000000 2.900500 -0.000000 0.000000 1.000000 0.000000 0.000000 0.000000 0.000000 1.000000
1.000000 0.000000 0.000000 0.000000 -0.000000 1.000000 0.000000 2.900500 -0.000000 -0.000000 1.000000 -0.000000 0.000000 0.000000 0.000000 1.000000
1.000000 -0.000000 -0.000000 0.000000 0.000000 1.000000 -0.000000 2.900500 0.000000 0.000000 1.000000 0.000000 0.000000 0.000000 0.000000 1.000000
1.000000 -0.000000 0.000000 0.000000 0.000000 1.000000 0.000000 2.900500 -0.000000 -0.000000 1.000000 0.000000 0.000000 0.000000 0.000000 1.000000
1.000000 -0.000000 -0.000000 0.000000 0.000000 1.000000 -0.000000 2.900500 0.000000 0.000000 1.000000 0.000000 0.000000 0.000000 0.000000 1.000000
1.000000 -0.000000 -0.000000 0.000000 0.000000 1.000000 -0.000000 2.900500 0.000000 0.000000 1.000000 0.000000 0.000000 0.000000 0.000000 1.000000
1.000000 0.000000 0.000000 -0.000000 -0.000000 1.000000 0.000000 2.900500 -0.000000 -0.000000 1.000000 0.000000 0.000000 0.000000 0.000000 1.000000</float_array>
        <technique_common>
          <accessor source="#mixamorig_LeftHandPinky2-Matrix-animation-output-transform-array" count="31" stride="16">
            <param type="float4x4"/>
          </accessor>
        </technique_common>
      </source>
      <source id="mixamorig_LeftHandPinky2-Interpolations">
        <Name_array id="mixamorig_LeftHandPinky2-Interpolations-array" count="31">
 LINEAR LINEAR LINEAR LINEAR LINEAR LINEAR LINEAR LINEAR LINEAR LINEAR LINEAR
LINEAR LINEAR LINEAR LINEAR LINEAR LINEAR LINEAR LINEAR LINEAR LINEAR LINEAR LINEAR
LINEAR LINEAR LINEAR LINEAR LINEAR LINEAR LINEAR LINEAR</Name_array>
        <technique_common>
          <accessor source="#mixamorig_LeftHandPinky2-Interpolations-array" count="31">
            <param type="name"/>
          </accessor>
        </technique_common>
      </source>
      <sampler id="mixamorig_LeftHandPinky2-Matrix-animation-transform">
        <input semantic="INPUT" source="#mixamorig_LeftHandPinky2-Matrix-animation-input"/>
        <input semantic="OUTPUT" source="#mixamorig_LeftHandPinky2-Matrix-animation-output-transform"/>
        <input semantic="INTERPOLATION" source="#mixamorig_LeftHandPinky2-Interpolations"/>
      </sampler>
      <channel source="#mixamorig_LeftHandPinky2-Matrix-animation-transform" target="mixamorig_LeftHandPinky2/matrix"/>
    </animation>
    <animation id="mixamorig_LeftHandPinky3-anim" name="mixamorig_LeftHandPinky3">
      <source id="mixamorig_LeftHandPinky3-Matrix-animation-input">
        <float_array id="mixamorig_LeftHandPinky3-Matrix-animation-input-array" count="31">

0.000000 0.033333 0.066667 0.100000 0.133333 0.166667 0.200000 0.233333 0.266667 0.300000 0.333333 0.366667 0.400000 0.433333 0.466667 0.500000
0.533333 0.566667 0.600000 0.633333 0.666667 0.700000 0.733333 0.766667 0.800000 0.833333 0.866667 0.900000 0.933333 0.966667 1.000000</float_array>
        <technique_common>
          <accessor source="#mixamorig_LeftHandPinky3-Matrix-animation-input-array" count="31">
            <param name="TIME" type="float"/>
          </accessor>
        </technique_common>
      </source>
      <source id="mixamorig_LeftHandPinky3-Matrix-animation-output-transform">
        <float_array id="mixamorig_LeftHandPinky3-Matrix-animation-output-transform-array" count="496">

1.000000 0.000000 -0.000000 0.000000 -0.000000 1.000000 -0.000000 1.297700 0.000000 0.000000 1.000000 0.000000 0.000000 0.000000 0.000000 1.000000
0.999999 0.001305 -0.000008 -0.000000 -0.001305 0.999918 -0.012730 1.297700 -0.000008 0.012730 0.999919 0.000000 0.000000 0.000000 0.000000 1.000000
0.999999 0.001452 -0.000010 0.000000 -0.001452 0.999899 -0.014170 1.297700 -0.000010 0.014170 0.999900 0.000000 0.000000 0.000000 0.000000 1.000000
0.999924 0.012321 -0.000743 -0.000000 -0.012321 0.992668 -0.120244 1.297700 -0.000744 0.120244 0.992744 0.000000 0.000000 0.000000 0.000000 1.000000
0.999374 0.034841 -0.006107 -0.000000 -0.034841 0.939774 -0.340017 1.297700 -0.006107 0.340017 0.940400 0.000000 0.000000 0.000000 0.000000 1.000000
0.998476 0.053148 -0.014874 0.000000 -0.053148 0.853320 -0.518672 1.297700 -0.014874 0.518672 0.854844 -0.000000 0.000000 0.000000 0.000000 1.000000
0.997902 0.061417 -0.020473 0.000000 -0.061417 0.798110 -0.599374 1.297700 -0.020473 0.599374 0.800207 0.000000 0.000000 0.000000 0.000000 1.000000
0.997850 0.062087 -0.020980 -0.000000 -0.062087 0.793107 -0.605910 1.297700 -0.020980 0.605910 0.795257 0.000000 0.000000 0.000000 0.000000 1.000000
0.998062 0.059279 -0.018910 -0.000000 -0.059279 0.813523 -0.578504 1.297700 -0.018910 0.578504 0.815460 0.000000 0.000000 0.000000 0.000000 1.000000
0.998389 0.054524 -0.015725 -0.000000 -0.054524 0.844924 -0.532101 1.297700 -0.015726 0.532101 0.846535 0.000000 0.000000 0.000000 0.000000 1.000000
0.998797 0.047613 -0.011741 0.000000 -0.047613 0.884213 -0.464650 1.297700 -0.011741 0.464650 0.885416 -0.000000 0.000000 0.000000 0.000000 1.000000
0.999227 0.038585 -0.007545 0.000000 -0.038585 0.925589 -0.376557 1.297700 -0.007546 0.376557 0.926363 0.000000 0.000000 0.000000 0.000000 1.000000
0.999584 0.028539 -0.004056 0.000000 -0.028539 0.960007 -0.278519 1.297700 -0.004055 0.278519 0.960422 -0.000000 0.000000 0.000000 0.000000 1.000000
0.999822 0.018779 -0.001736 0.000000 -0.018779 0.982885 -0.183263 1.297700 -0.001736 0.183263 0.983062 -0.000000 0.000000 0.000000 0.000000 1.000000
0.999951 0.009915 -0.000481 0.000000 -0.009915 0.995259 -0.096757 1.297700 -0.000481 0.096757 0.995308 -0.000000 0.000000 0.000000 0.000000 1.000000
0.999675 -0.025288 -0.003170 0.000000 0.025288 0.968739 0.246789 1.297700 -0.003170 -0.246789 0.969064 0.000000 0.000000 0.000000 0.000000 1.000000
0.999996 -0.002881 -0.000040 -0.000000 0.002881 0.999600 0.028117 1.297700 -0.000041 -0.028117 0.999605 -0.000000 0.000000 0.000000 0.000000 1.000000
1.000000 -0.000129 -0.000000 0.000000 0.000129 0.999999 0.001255 1.297700 -0.000000 -0.001255 0.999999 0.000000 0.000000 0.000000 0.000000 1.000000
1.000000 0.000000 -0.000000 0.000000 -0.000000 1.000000 -0.000000 1.297700 0.000000 0.000000 1.000000 0.000000 0.000000 0.000000 0.000000 1.000000
0.999999 -0.001359 -0.000009 0.000000 0.001359 0.999911 0.013260 1.297700 -0.000009 -0.013260 0.999912 -0.000000 0.000000 0.000000 0.000000 1.000000
1.000000 -0.000782 -0.000003 -0.000000 0.000782 0.999971 0.007632 1.297700 -0.000003 -0.007632 0.999971 0.000000 0.000000 0.000000 0.000000 1.000000
1.000000 0.000000 -0.000000 0.000000 -0.000000 1.000000 -0.000000 1.297700 0.000000 0.000000 1.000000 0.000000 0.000000 0.000000 0.000000 1.000000
1.000000 0.000000 -0.000000 0.000000 -0.000000 1.000000 -0.000000 1.297700 0.000000 0.000000 1.000000 0.000000 0.000000 0.000000 0.000000 1.000000
1.000000 0.000000 -0.000000 0.000000 -0.000000 1.000000 -0.000000 1.297700 0.000000 0.000000 1.000000 0.000000 0.000000 0.000000 0.000000 1.000000
1.000000 0.000000 -0.000000 0.000000 -0.000000 1.000000 -0.000000 1.297700 0.000000 0.000000 1.000000 -0.000000 0.000000 0.000000 0.000000 1.000000
1.000000 -0.000000 -0.000000 0.000000 0.000000 1.000000 -0.000000 1.297700 0.000000 0.000000 1.000000 0.000000 0.000000 0.000000 0.000000 1.000000
1.000000 0.000000 -0.000000 -0.000000 -0.000000 1.000000 -0.000000 1.297700 0.000000 0.000000 1.000000 -0.000000 0.000000 0.000000 0.000000 1.000000
1.000000 0.000000 0.000000 0.000000 -0.000000 1.000000 -0.000000 1.297700 -0.000000 0.000000 1.000000 -0.000000 0.000000 0.000000 0.000000 1.000000
1.000000 0.000000 0.000000 0.000000 -0.000000 1.000000 0.000000 1.297700 -0.000000 -0.000000 1.000000 0.000000 0.000000 0.000000 0.000000 1.000000
1.000000 0.000000 0.000000 0.000000 -0.000000 1.000000 -0.000000 1.297700 -0.000000 0.000000 1.000000 0.000000 0.000000 0.000000 0.000000 1.000000
1.000000 -0.000000 0.000000 0.000000 0.000000 1.000000 0.000000 1.297700 -0.000000 -0.000000 1.000000 0.000000 0.000000 0.000000 0.000000 1.000000</float_array>
        <technique_common>
          <accessor source="#mixamorig_LeftHandPinky3-Matrix-animation-output-transform-array" count="31" stride="16">
            <param type="float4x4"/>
          </accessor>
        </technique_common>
      </source>
      <source id="mixamorig_LeftHandPinky3-Interpolations">
        <Name_array id="mixamorig_LeftHandPinky3-Interpolations-array" count="31">
 LINEAR LINEAR LINEAR LINEAR LINEAR LINEAR LINEAR LINEAR LINEAR LINEAR LINEAR
LINEAR LINEAR LINEAR LINEAR LINEAR LINEAR LINEAR LINEAR LINEAR LINEAR LINEAR LINEAR
LINEAR LINEAR LINEAR LINEAR LINEAR LINEAR LINEAR LINEAR</Name_array>
        <technique_common>
          <accessor source="#mixamorig_LeftHandPinky3-Interpolations-array" count="31">
            <param type="name"/>
          </accessor>
        </technique_common>
      </source>
      <sampler id="mixamorig_LeftHandPinky3-Matrix-animation-transform">
        <input semantic="INPUT" source="#mixamorig_LeftHandPinky3-Matrix-animation-input"/>
        <input semantic="OUTPUT" source="#mixamorig_LeftHandPinky3-Matrix-animation-output-transform"/>
        <input semantic="INTERPOLATION" source="#mixamorig_LeftHandPinky3-Interpolations"/>
      </sampler>
      <channel source="#mixamorig_LeftHandPinky3-Matrix-animation-transform" target="mixamorig_LeftHandPinky3/matrix"/>
    </animation>
    <animation id="mixamorig_RightShoulder-anim" name="mixamorig_RightShoulder">
      <source id="mixamorig_RightShoulder-Matrix-animation-input">
        <float_array id="mixamorig_RightShoulder-Matrix-animation-input-array" count="31">

0.000000 0.033333 0.066667 0.100000 0.133333 0.166667 0.200000 0.233333 0.266667 0.300000 0.333333 0.366667 0.400000 0.433333 0.466667 0.500000
0.533333 0.566667 0.600000 0.633333 0.666667 0.700000 0.733333 0.766667 0.800000 0.833333 0.866667 0.900000 0.933333 0.966667 1.000000</float_array>
        <technique_common>
          <accessor source="#mixamorig_RightShoulder-Matrix-animation-input-array" count="31">
            <param name="TIME" type="float"/>
          </accessor>
        </technique_common>
      </source>
      <source id="mixamorig_RightShoulder-Matrix-animation-output-transform">
        <float_array id="mixamorig_RightShoulder-Matrix-animation-output-transform-array" count="496">

-0.005506 -0.987500 0.157522 -6.339200 -0.009735 -0.157464 -0.987477 14.952700 0.999937 -0.006971 -0.008746 -4.642900 0.000000 0.000000 0.000000 1.000000
-0.027461 -0.983835 0.176962 -6.339200 -0.059047 -0.175123 -0.982774 14.952700 0.997877 -0.037437 -0.053284 -4.642900 0.000000 0.000000 0.000000 1.000000
-0.078502 -0.975790 0.204136 -6.339200 -0.110020 -0.195037 -0.974606 14.952700 0.990824 -0.098967 -0.092046 -4.642900 0.000000 0.000000 0.000000 1.000000
-0.104977 -0.964119 0.243834 -6.339200 -0.147594 -0.227368 -0.962559 14.952700 0.983461 -0.137035 -0.118430 -4.642900 0.000000 0.000000 0.000000 1.000000
-0.063455 -0.952239 0.298688 -6.339200 -0.155465 -0.286206 -0.945472 14.952700 0.985801 -0.106430 -0.129879 -4.642900 0.000000 0.000000 0.000000 1.000000
0.050638 -0.920365 0.387769 -6.339200 -0.126056 -0.391051 -0.911695 14.952700 0.990730 -0.002714 -0.135819 -4.642900 0.000000 0.000000 0.000000 1.000000
0.214005 -0.857844 0.467232 -6.339200 -0.076428 -0.491551 -0.867489 14.952700 0.973838 0.149938 -0.170758 -4.642900 0.000000 0.000000 0.000000 1.000000
0.391011 -0.799073 0.456720 -6.339200 -0.047055 -0.512934 -0.857138 14.952700 0.919182 0.313659 -0.238163 -4.642900 0.000000 0.000000 0.000000 1.000000
0.547628 -0.765185 0.338520 -6.339200 -0.054078 -0.436100 -0.898272 14.952700 0.834973 0.473612 -0.280200 -4.642900 0.000000 0.000000 0.000000 1.000000
0.652294 -0.737211 0.176161 -6.339200 -0.071701 -0.291385 -0.953915 14.952700 0.754567 0.609602 -0.242928 -4.642900 0.000000 0.000000 0.000000 1.000000
0.695889 -0.714801 0.069266 -6.339200 -0.069504 -0.163034 -0.984169 14.952700 0.714778 0.680058 -0.163135 -4.642900 0.000000 0.000000 0.000000 1.000000
0.707053 -0.706553 0.029325 -6.339200 -0.067820 -0.109028 -0.991722 14.952700 0.703901 0.699211 -0.125007 -4.642900 0.000000 0.000000 0.000000 1.000000
0.745598 -0.665794 -0.028301 -6.339200 -0.114617 -0.086288 -0.989655 14.952700 0.656465 0.741129 -0.140647 -4.642900 0.000000 0.000000 0.000000 1.000000
0.813595 -0.566272 -0.131909 -6.339200 -0.197271 -0.055431 -0.978781 14.952700 0.546944 0.822352 -0.156808 -4.642900 0.000000 0.000000 0.000000 1.000000
0.855373 -0.486240 -0.178626 -6.339200 -0.230227 -0.047947 -0.971955 14.952700 0.464039 0.872509 -0.152958 -4.642900 0.000000 0.000000 0.000000 1.000000
0.845769 -0.524590 -0.097363 -6.339200 -0.172429 -0.096051 -0.980328 14.952700 0.504918 0.845919 -0.171692 -4.642900 0.000000 0.000000 0.000000 1.000000
0.773884 -0.633100 0.016976 -6.339200 -0.119337 -0.172093 -0.977826 14.952700 0.621983 0.754698 -0.208732 -4.642900 0.000000 0.000000 0.000000 1.000000
0.715758 -0.698017 0.021512 -6.339200 -0.158618 -0.192494 -0.968394 14.952700 0.680096 0.689723 -0.248497 -4.642900 0.000000 0.000000 0.000000 1.000000
0.683146 -0.727392 -0.064912 -6.339200 -0.247990 -0.147461 -0.957474 14.952700 0.686886 0.670192 -0.281124 -4.642900 0.000000 0.000000 0.000000 1.000000
0.625860 -0.775698 -0.081191 -6.339200 -0.308848 -0.150898 -0.939065 14.952700 0.716179 0.612799 -0.334014 -4.642900 0.000000 0.000000 0.000000 1.000000
0.573487 -0.819113 -0.012934 -6.339200 -0.333735 -0.219181 -0.916832 14.952700 0.748154 0.530107 -0.399064 -4.642900 0.000000 0.000000 0.000000 1.000000
0.497182 -0.866819 -0.037882 -6.339200 -0.379369 -0.177914 -0.907979 14.952700 0.780314 0.465802 -0.417300 -4.642900 0.000000 0.000000 0.000000 1.000000
0.404489 -0.910833 -0.082291 -6.339200 -0.412464 -0.101377 -0.905315 14.952700 0.816249 0.400132 -0.416692 -4.642900 0.000000 0.000000 0.000000 1.000000
0.365377 -0.930796 0.010926 -6.339200 -0.377209 -0.158780 -0.912415 14.952700 0.851007 0.329254 -0.409119 -4.642900 0.000000 0.000000 0.000000 1.000000
0.510084 -0.858467 0.053367 -6.339200 -0.292078 -0.231237 -0.928019 14.952700 0.809015 0.457781 -0.368690 -4.642900 0.000000 0.000000 0.000000 1.000000
0.580618 -0.788494 0.202881 -6.339200 -0.158648 -0.353978 -0.921700 14.952700 0.798570 0.502968 -0.330619 -4.642900 0.000000 0.000000 0.000000 1.000000
0.485093 -0.734479 0.474578 -6.339200 -0.062835 -0.570583 -0.818833 14.952700 0.872202 0.367390 -0.322937 -4.642900 0.000000 0.000000 0.000000 1.000000
0.385245 -0.664088 0.640760 -6.339200 -0.042210 -0.706308 -0.706645 14.952700 0.921848 0.245185 -0.300133 -4.642900 0.000000 0.000000 0.000000 1.000000
0.319446 -0.708769 0.628968 -6.339200 -0.047340 -0.674853 -0.736432 14.952700 0.946421 0.205475 -0.249132 -4.642900 0.000000 0.000000 0.000000 1.000000
0.203762 -0.856974 0.473368 -6.339200 -0.064507 -0.494213 -0.866944 14.952700 0.976893 0.146115 -0.155983 -4.642900 0.000000 0.000000 0.000000 1.000000
-0.005506 -0.987498 0.157535 -6.339200 -0.009735 -0.157477 -0.987475 14.952700 0.999937 -0.006971 -0.008747 -4.642900 0.000000 0.000000 0.000000 1.000000</float_array>
        <technique_common>
          <accessor source="#mixamorig_RightShoulder-Matrix-animation-output-transform-array" count="31" stride="16">
            <param type="float4x4"/>
          </accessor>
        </technique_common>
      </source>
      <source id="mixamorig_RightShoulder-Interpolations">
        <Name_array id="mixamorig_RightShoulder-Interpolations-array" count="31">
 LINEAR LINEAR LINEAR LINEAR LINEAR LINEAR LINEAR LINEAR LINEAR LINEAR LINEAR
LINEAR LINEAR LINEAR LINEAR LINEAR LINEAR LINEAR LINEAR LINEAR LINEAR LINEAR LINEAR
LINEAR LINEAR LINEAR LINEAR LINEAR LINEAR LINEAR LINEAR</Name_array>
        <technique_common>
          <accessor source="#mixamorig_RightShoulder-Interpolations-array" count="31">
            <param type="name"/>
          </accessor>
        </technique_common>
      </source>
      <sampler id="mixamorig_RightShoulder-Matrix-animation-transform">
        <input semantic="INPUT" source="#mixamorig_RightShoulder-Matrix-animation-input"/>
        <input semantic="OUTPUT" source="#mixamorig_RightShoulder-Matrix-animation-output-transform"/>
        <input semantic="INTERPOLATION" source="#mixamorig_RightShoulder-Interpolations"/>
      </sampler>
      <channel source="#mixamorig_RightShoulder-Matrix-animation-transform" target="mixamorig_RightShoulder/matrix"/>
    </animation>
    <animation id="mixamorig_RightArm-anim" name="mixamorig_RightArm">
      <source id="mixamorig_RightArm-Matrix-animation-input">
        <float_array id="mixamorig_RightArm-Matrix-animation-input-array" count="31">

0.000000 0.033333 0.066667 0.100000 0.133333 0.166667 0.200000 0.233333 0.266667 0.300000 0.333333 0.366667 0.400000 0.433333 0.466667 0.500000
0.533333 0.566667 0.600000 0.633333 0.666667 0.700000 0.733333 0.766667 0.800000 0.833333 0.866667 0.900000 0.933333 0.966667 1.000000</float_array>
        <technique_common>
          <accessor source="#mixamorig_RightArm-Matrix-animation-input-array" count="31">
            <param name="TIME" type="float"/>
          </accessor>
        </technique_common>
      </source>
      <source id="mixamorig_RightArm-Matrix-animation-output-transform">
        <float_array id="mixamorig_RightArm-Matrix-animation-output-transform-array" count="496">

0.852963 -0.493755 0.169293 -0.000000 0.245352 0.092991 -0.964964 9.143600 0.460713 0.864615 0.200461 0.000000 0.000000 0.000000 0.000000 1.000000
0.863418 -0.430814 0.262505 -0.000000 0.344640 0.123706 -0.930548 9.143600 0.368420 0.893922 0.255286 0.000000 0.000000 0.000000 0.000000 1.000000
0.892337 -0.327626 0.310476 -0.000000 0.386798 0.200517 -0.900100 9.143600 0.232641 0.923284 0.305654 -0.000000 0.000000 0.000000 0.000000 1.000000
0.919065 -0.202243 0.338257 -0.000000 0.389158 0.330135 -0.859981 9.143600 0.062255 0.922013 0.382120 -0.000000 0.000000 0.000000 0.000000 1.000000
0.920352 -0.086582 0.381387 0.000000 0.370673 0.504090 -0.780061 9.143600 -0.124714 0.859300 0.496034 0.000000 0.000000 0.000000 0.000000 1.000000
0.890139 -0.024052 0.455055 -0.000000 0.335801 0.709673 -0.619356 9.143600 -0.308043 0.704121 0.639784 0.000000 0.000000 0.000000 0.000000 1.000000
0.838452 -0.012866 0.544823 0.000000 0.265445 0.882757 -0.387658 9.143600 -0.475959 0.469653 0.743565 0.000000 0.000000 0.000000 0.000000 1.000000
0.778657 -0.022139 0.627060 0.000000 0.177642 0.966267 -0.186473 9.143600 -0.601778 0.256591 0.756323 0.000000 0.000000 0.000000 0.000000 1.000000
0.731641 -0.020953 0.681368 0.000000 0.110740 0.989904 -0.088470 9.143600 -0.672635 0.140183 0.726575 0.000000 0.000000 0.000000 0.000000 1.000000
0.716070 0.022358 0.697671 0.000000 0.052922 0.994871 -0.086200 9.143600 -0.696020 0.098647 0.711214 -0.000000 0.000000 0.000000 0.000000 1.000000
0.719627 0.114815 0.684803 0.000000 -0.043879 0.991783 -0.120173 9.143600 -0.692973 0.056431 0.718752 0.000000 0.000000 0.000000 0.000000 1.000000
0.710814 0.209623 0.671418 0.000000 -0.163837 0.977646 -0.131779 9.143600 -0.684033 -0.016333 0.729268 -0.000000 0.000000 0.000000 0.000000 1.000000
0.682726 0.248511 0.687116 0.000000 -0.243118 0.964065 -0.107111 9.143600 -0.689042 -0.093923 0.718609 -0.000000 0.000000 0.000000 0.000000 1.000000
0.660926 0.240310 0.710935 0.000000 -0.280510 0.957783 -0.062971 9.143600 -0.696054 -0.157805 0.700433 -0.000000 0.000000 0.000000 0.000000 1.000000
0.682957 0.268349 0.679381 -0.000000 -0.349498 0.936751 -0.018671 9.143600 -0.641421 -0.224690 0.733548 0.000000 0.000000 0.000000 0.000000 1.000000
0.758778 0.346638 0.551451 0.000000 -0.438048 0.898141 0.038174 9.143600 -0.482048 -0.270527 0.833333 0.000000 0.000000 0.000000 0.000000 1.000000
0.832402 0.405941 0.377252 0.000000 -0.487146 0.860531 0.148910 9.143600 -0.264188 -0.307730 0.914061 0.000000 0.000000 0.000000 0.000000 1.000000
0.876061 0.391745 0.281163 0.000000 -0.459384 0.855281 0.239709 9.143600 -0.146569 -0.339162 0.929240 0.000000 0.000000 0.000000 0.000000 1.000000
0.891619 0.290160 0.347596 0.000000 -0.379390 0.897777 0.223741 9.143600 -0.247143 -0.331366 0.910559 0.000000 0.000000 0.000000 0.000000 1.000000
0.824874 0.089220 0.558232 0.000000 -0.223905 0.958275 0.177698 9.143600 -0.519085 -0.271569 0.810433 0.000000 0.000000 0.000000 0.000000 1.000000
0.778959 -0.041784 0.625681 0.000000 -0.089036 0.980299 0.176315 9.143600 -0.620721 -0.193050 0.759893 -0.000000 0.000000 0.000000 0.000000 1.000000
0.759900 -0.073207 0.645904 0.000000 0.019649 0.995771 0.089744 9.143600 -0.649742 -0.055505 0.758125 0.000000 0.000000 0.000000 0.000000 1.000000
0.722477 -0.104208 0.683497 0.000000 0.174581 0.984038 -0.034508 9.143600 -0.668991 0.144256 0.729137 -0.000000 0.000000 0.000000 0.000000 1.000000
0.792878 -0.201744 0.575016 0.000000 0.337681 0.930941 -0.139001 9.143600 -0.507263 0.304383 0.806248 0.000000 0.000000 0.000000 0.000000 1.000000
0.783597 -0.396478 0.478312 -0.000000 0.562955 0.778786 -0.276721 9.143600 -0.262789 0.486106 0.833453 0.000000 0.000000 0.000000 0.000000 1.000000
0.831211 -0.470472 0.296218 0.000000 0.555460 0.680219 -0.478296 9.143600 0.023531 0.562102 0.826733 0.000000 0.000000 0.000000 0.000000 1.000000
0.790560 -0.568641 0.227295 0.000000 0.590996 0.611208 -0.526449 9.143600 0.160436 0.550520 0.819261 -0.000000 0.000000 0.000000 0.000000 1.000000
0.904114 -0.422797 0.061805 0.000000 0.362997 0.683692 -0.633087 9.143600 0.225412 0.594818 0.771610 0.000000 0.000000 0.000000 0.000000 1.000000
0.990442 -0.116497 0.073848 -0.000000 0.132184 0.648717 -0.749462 9.143600 0.039403 0.752060 0.657915 0.000000 0.000000 0.000000 0.000000 1.000000
0.923627 -0.346066 0.164780 0.000000 0.308835 0.417302 -0.854681 9.143600 0.227013 0.840296 0.492308 0.000000 0.000000 0.000000 0.000000 1.000000
0.852963 -0.493755 0.169293 0.000000 0.245352 0.092991 -0.964964 9.143600 0.460713 0.864615 0.200461 0.000000 0.000000 0.000000 0.000000 1.000000</float_array>
        <technique_common>
          <accessor source="#mixamorig_RightArm-Matrix-animation-output-transform-array" count="31" stride="16">
            <param type="float4x4"/>
          </accessor>
        </technique_common>
      </source>
      <source id="mixamorig_RightArm-Interpolations">
        <Name_array id="mixamorig_RightArm-Interpolations-array" count="31">
 LINEAR LINEAR LINEAR LINEAR LINEAR LINEAR LINEAR LINEAR LINEAR LINEAR LINEAR
LINEAR LINEAR LINEAR LINEAR LINEAR LINEAR LINEAR LINEAR LINEAR LINEAR LINEAR LINEAR
LINEAR LINEAR LINEAR LINEAR LINEAR LINEAR LINEAR LINEAR</Name_array>
        <technique_common>
          <accessor source="#mixamorig_RightArm-Interpolations-array" count="31">
            <param type="name"/>
          </accessor>
        </technique_common>
      </source>
      <sampler id="mixamorig_RightArm-Matrix-animation-transform">
        <input semantic="INPUT" source="#mixamorig_RightArm-Matrix-animation-input"/>
        <input semantic="OUTPUT" source="#mixamorig_RightArm-Matrix-animation-output-transform"/>
        <input semantic="INTERPOLATION" source="#mixamorig_RightArm-Interpolations"/>
      </sampler>
      <channel source="#mixamorig_RightArm-Matrix-animation-transform" target="mixamorig_RightArm/matrix"/>
    </animation>
    <animation id="mixamorig_RightForeArm-anim" name="mixamorig_RightForeArm">
      <source id="mixamorig_RightForeArm-Matrix-animation-input">
        <float_array id="mixamorig_RightForeArm-Matrix-animation-input-array" count="31">

0.000000 0.033333 0.066667 0.100000 0.133333 0.166667 0.200000 0.233333 0.266667 0.300000 0.333333 0.366667 0.400000 0.433333 0.466667 0.500000
0.533333 0.566667 0.600000 0.633333 0.666667 0.700000 0.733333 0.766667 0.800000 0.833333 0.866667 0.900000 0.933333 0.966667 1.000000</float_array>
        <technique_common>
          <accessor source="#mixamorig_RightForeArm-Matrix-animation-input-array" count="31">
            <param name="TIME" type="float"/>
          </accessor>
        </technique_common>
      </source>
      <source id="mixamorig_RightForeArm-Matrix-animation-output-transform">
        <float_array id="mixamorig_RightForeArm-Matrix-animation-output-transform-array" count="496">

0.747729 0.664004 -0.000000 0.000000 -0.664004 0.747729 0.000000 24.573900 0.000000 -0.000000 1.000000 0.000000 0.000000 0.000000 0.000000 1.000000
0.725582 0.688136 0.000000 0.000000 -0.688136 0.725582 -0.000000 24.573900 -0.000000 -0.000000 1.000000 0.000000 0.000000 0.000000 0.000000 1.000000
0.734814 0.678269 -0.000000 0.000000 -0.678269 0.734814 0.000000 24.573900 0.000000 -0.000000 1.000000 0.000000 0.000000 0.000000 0.000000 1.000000
0.757816 0.652468 0.000000 -0.000000 -0.652468 0.757816 0.000000 24.573900 0.000000 -0.000000 1.000000 -0.000000 0.000000 0.000000 0.000000 1.000000
0.777190 0.629267 0.000000 0.000000 -0.629267 0.777190 0.000000 24.573900 -0.000000 -0.000000 1.000000 0.000000 0.000000 0.000000 0.000000 1.000000
0.773447 0.633860 0.000000 0.000000 -0.633860 0.773447 0.000000 24.573900 -0.000000 -0.000000 1.000000 0.000000 0.000000 0.000000 0.000000 1.000000
0.770371 0.637596 -0.000000 0.000000 -0.637596 0.770371 -0.000000 24.573900 -0.000000 0.000000 1.000000 0.000000 0.000000 0.000000 0.000000 1.000000
0.770391 0.637572 0.000000 0.000000 -0.637572 0.770391 -0.000000 24.573900 -0.000000 -0.000000 1.000000 0.000000 0.000000 0.000000 0.000000 1.000000
0.757274 0.653097 -0.000000 0.000000 -0.653097 0.757274 -0.000000 24.573900 -0.000000 0.000000 1.000000 -0.000000 0.000000 0.000000 0.000000 1.000000
0.742053 0.670342 -0.000000 0.000000 -0.670342 0.742053 -0.000000 24.573900 -0.000000 0.000000 1.000000 0.000000 0.000000 0.000000 0.000000 1.000000
0.732941 0.680292 0.000000 0.000000 -0.680292 0.732941 0.000000 24.573900 -0.000000 -0.000000 1.000000 0.000000 0.000000 0.000000 0.000000 1.000000
0.705453 0.708757 -0.000000 0.000000 -0.708757 0.705453 -0.000000 24.573900 0.000000 0.000000 1.000000 0.000000 0.000000 0.000000 0.000000 1.000000
0.675894 0.736999 0.000000 0.000000 -0.736999 0.675894 0.000000 24.573900 0.000000 -0.000000 1.000000 -0.000000 0.000000 0.000000 0.000000 1.000000
0.667826 0.744317 -0.000000 0.000000 -0.744317 0.667826 -0.000000 24.573900 -0.000000 0.000000 1.000000 -0.000000 0.000000 0.000000 0.000000 1.000000
0.673368 0.739307 -0.000000 0.000000 -0.739307 0.673368 0.000000 24.573900 0.000000 0.000000 1.000000 0.000000 0.000000 0.000000 0.000000 1.000000
0.595139 0.803623 0.000000 -0.000000 -0.803623 0.595139 0.000000 24.573900 -0.000000 -0.000000 1.000000 0.000000 0.000000 0.000000 0.000000 1.000000
0.443858 0.896097 -0.000000 0.000000 -0.896097 0.443858 0.000000 24.573900 0.000000 -0.000000 1.000000 0.000000 0.000000 0.000000 0.000000 1.000000
0.332110 0.943241 0.000000 -0.000000 -0.943241 0.332110 0.000000 24.573900 0.000000 -0.000000 1.000000 0.000000 0.000000 0.000000 0.000000 1.000000
0.107350 0.994221 0.000000 -0.000000 -0.994221 0.107350 0.000000 24.573900 0.000000 -0.000000 1.000000 0.000000 0.000000 0.000000 0.000000 1.000000
-0.038508 0.999258 0.000000 -0.000000 -0.999258 -0.038508 -0.000000 24.573900 -0.000000 -0.000000 1.000000 0.000000 0.000000 0.000000 0.000000 1.000000
0.230231 0.973136 -0.000000 0.000000 -0.973136 0.230231 -0.000000 24.573900 -0.000000 0.000000 1.000000 -0.000000 0.000000 0.000000 0.000000 1.000000
0.473838 0.880612 0.000000 0.000000 -0.880612 0.473838 -0.000000 24.573900 -0.000000 -0.000000 1.000000 0.000000 0.000000 0.000000 0.000000 1.000000
0.524054 0.851685 0.000000 0.000000 -0.851685 0.524054 -0.000000 24.573900 -0.000000 0.000000 1.000000 0.000000 0.000000 0.000000 0.000000 1.000000
0.527162 0.849765 -0.000000 0.000000 -0.849765 0.527162 -0.000000 24.573900 -0.000000 0.000000 1.000000 0.000000 0.000000 0.000000 0.000000 1.000000
0.587205 0.809438 0.000000 -0.000000 -0.809438 0.587205 0.000000 24.573900 -0.000000 -0.000000 1.000000 0.000000 0.000000 0.000000 0.000000 1.000000
0.850971 0.525213 -0.000000 0.000000 -0.525213 0.850971 -0.000000 24.573900 -0.000000 0.000000 1.000000 0.000000 0.000000 0.000000 0.000000 1.000000
0.781828 0.623494 -0.000000 0.000000 -0.623494 0.781828 0.000000 24.573900 0.000000 -0.000000 1.000000 -0.000000 0.000000 0.000000 0.000000 1.000000
0.826549 0.562865 0.000000 0.000000 -0.562865 0.826549 0.000000 24.573900 -0.000000 -0.000000 1.000000 0.000000 0.000000 0.000000 0.000000 1.000000
0.973589 0.228308 -0.000000 0.000000 -0.228308 0.973589 0.000000 24.573900 0.000000 -0.000000 1.000000 0.000000 0.000000 0.000000 0.000000 1.000000
0.810814 0.585303 -0.000000 0.000000 -0.585303 0.810814 0.000000 24.573900 0.000000 0.000000 1.000000 0.000000 0.000000 0.000000 0.000000 1.000000
0.747729 0.664004 0.000000 0.000000 -0.664004 0.747729 -0.000000 24.573900 -0.000000 -0.000000 1.000000 0.000000 0.000000 0.000000 0.000000 1.000000</float_array>
        <technique_common>
          <accessor source="#mixamorig_RightForeArm-Matrix-animation-output-transform-array" count="31" stride="16">
            <param type="float4x4"/>
          </accessor>
        </technique_common>
      </source>
      <source id="mixamorig_RightForeArm-Interpolations">
        <Name_array id="mixamorig_RightForeArm-Interpolations-array" count="31">
 LINEAR LINEAR LINEAR LINEAR LINEAR LINEAR LINEAR LINEAR LINEAR LINEAR LINEAR
LINEAR LINEAR LINEAR LINEAR LINEAR LINEAR LINEAR LINEAR LINEAR LINEAR LINEAR LINEAR
LINEAR LINEAR LINEAR LINEAR LINEAR LINEAR LINEAR LINEAR</Name_array>
        <technique_common>
          <accessor source="#mixamorig_RightForeArm-Interpolations-array" count="31">
            <param type="name"/>
          </accessor>
        </technique_common>
      </source>
      <sampler id="mixamorig_RightForeArm-Matrix-animation-transform">
        <input semantic="INPUT" source="#mixamorig_RightForeArm-Matrix-animation-input"/>
        <input semantic="OUTPUT" source="#mixamorig_RightForeArm-Matrix-animation-output-transform"/>
        <input semantic="INTERPOLATION" source="#mixamorig_RightForeArm-Interpolations"/>
      </sampler>
      <channel source="#mixamorig_RightForeArm-Matrix-animation-transform" target="mixamorig_RightForeArm/matrix"/>
    </animation>
    <animation id="mixamorig_RightHand-anim" name="mixamorig_RightHand">
      <source id="mixamorig_RightHand-Matrix-animation-input">
        <float_array id="mixamorig_RightHand-Matrix-animation-input-array" count="31">

0.000000 0.033333 0.066667 0.100000 0.133333 0.166667 0.200000 0.233333 0.266667 0.300000 0.333333 0.366667 0.400000 0.433333 0.466667 0.500000
0.533333 0.566667 0.600000 0.633333 0.666667 0.700000 0.733333 0.766667 0.800000 0.833333 0.866667 0.900000 0.933333 0.966667 1.000000</float_array>
        <technique_common>
          <accessor source="#mixamorig_RightHand-Matrix-animation-input-array" count="31">
            <param name="TIME" type="float"/>
          </accessor>
        </technique_common>
      </source>
      <source id="mixamorig_RightHand-Matrix-animation-output-transform">
        <float_array id="mixamorig_RightHand-Matrix-animation-output-transform-array" count="496">

0.617702 0.518101 -0.591621 -0.000000 0.579969 0.207955 0.787649 23.096600 0.531112 -0.829654 -0.172028 0.000000 0.000000 0.000000 0.000000 1.000000
0.585642 0.567014 -0.579239 0.000000 0.580887 0.204811 0.787796 23.096600 0.565326 -0.797839 -0.209425 0.000000 0.000000 0.000000 0.000000 1.000000
0.590733 0.592961 -0.547204 0.000000 0.577414 0.163031 0.800009 23.096600 0.563585 -0.788555 -0.246076 -0.000000 0.000000 0.000000 0.000000 1.000000
0.624019 0.595901 -0.505472 0.000000 0.575077 0.087737 0.813381 23.096600 0.529043 -0.798250 -0.287940 0.000000 0.000000 0.000000 0.000000 1.000000
0.669055 0.583046 -0.460894 0.000000 0.567371 -0.000127 0.823462 23.096600 0.480058 -0.812439 -0.330889 -0.000000 0.000000 0.000000 0.000000 1.000000
0.713776 0.553343 -0.429344 -0.000000 0.516880 -0.002521 0.856054 23.096600 0.472609 -0.832950 -0.287811 0.000000 0.000000 0.000000 0.000000 1.000000
0.773209 0.500812 -0.389019 0.000000 0.458374 -0.017454 0.888588 23.096600 0.438226 -0.865380 -0.243055 0.000000 0.000000 0.000000 0.000000 1.000000
0.839973 0.419473 -0.344220 0.000000 0.388429 -0.021855 0.921220 23.096600 0.378904 -0.907505 -0.181293 -0.000000 0.000000 0.000000 0.000000 1.000000
0.901856 0.308039 -0.302932 -0.000000 0.326142 -0.025551 0.944975 23.096600 0.283349 -0.951030 -0.123508 0.000000 0.000000 0.000000 0.000000 1.000000
0.949167 0.179123 -0.258839 0.000000 0.267878 -0.027837 0.963051 23.096600 0.165299 -0.983433 -0.074405 0.000000 0.000000 0.000000 0.000000 1.000000
0.972063 0.050103 -0.229310 0.000000 0.230550 -0.020477 0.972845 23.096600 0.044047 -0.998534 -0.031456 0.000000 0.000000 0.000000 0.000000 1.000000
0.981287 -0.067604 -0.180295 0.000000 0.178369 -0.033567 0.983391 23.096600 -0.072533 -0.997147 -0.020881 0.000000 0.000000 0.000000 0.000000 1.000000
0.968903 -0.193353 -0.154405 0.000000 0.150469 -0.034969 0.987996 23.096600 -0.196432 -0.980506 -0.004788 0.000000 0.000000 0.000000 0.000000 1.000000
0.944884 -0.306162 -0.116014 0.000000 0.111149 -0.033340 0.993244 23.096600 -0.307962 -0.951395 0.002527 -0.000000 0.000000 0.000000 0.000000 1.000000
0.911256 -0.400255 -0.096993 0.000000 0.097155 -0.019943 0.995069 23.096600 -0.400216 -0.916187 0.020714 0.000000 0.000000 0.000000 0.000000 1.000000
0.855096 -0.514314 -0.065521 0.000000 0.112753 0.061119 0.991742 23.096600 -0.506062 -0.855422 0.110253 0.000000 0.000000 0.000000 0.000000 1.000000
0.762660 -0.645904 0.034010 -0.000000 0.203062 0.289029 0.935536 23.096600 -0.614097 -0.706590 0.351590 0.000000 0.000000 0.000000 0.000000 1.000000
0.791966 -0.587560 0.166019 -0.000000 0.345867 0.655799 0.671047 23.096600 -0.503155 -0.474026 0.722588 -0.000000 0.000000 0.000000 0.000000 1.000000
0.865048 -0.359740 0.349685 0.000000 0.258544 0.916992 0.303776 23.096600 -0.429939 -0.172372 0.886251 0.000000 0.000000 0.000000 0.000000 1.000000
0.713955 -0.139881 0.686077 -0.000000 0.045869 0.987081 0.153518 23.096600 -0.698688 -0.078135 0.711147 0.000000 0.000000 0.000000 0.000000 1.000000
0.564081 0.080991 0.821738 0.000000 -0.119518 0.992706 -0.015799 23.096600 -0.817024 -0.089301 0.569646 -0.000000 0.000000 0.000000 0.000000 1.000000
0.762364 0.036957 0.646093 -0.000000 -0.243330 0.941476 0.233266 23.096600 -0.599660 -0.335048 0.726740 -0.000000 0.000000 0.000000 0.000000 1.000000
0.955003 -0.097990 0.279943 -0.000000 -0.087769 0.808210 0.582317 23.096600 -0.283314 -0.580684 0.763243 -0.000000 0.000000 0.000000 0.000000 1.000000
0.981515 -0.185142 -0.048490 0.000000 0.156767 0.632401 0.758612 23.096600 -0.109786 -0.752191 0.649736 0.000000 0.000000 0.000000 0.000000 1.000000
0.864894 -0.339740 -0.369506 -0.000000 0.501287 0.622550 0.600952 23.096600 0.025869 -0.704988 0.708747 0.000000 0.000000 0.000000 0.000000 1.000000
0.862424 -0.420476 -0.281823 0.000000 0.506017 0.730543 0.458535 23.096600 0.013081 -0.538059 0.842806 0.000000 0.000000 0.000000 0.000000 1.000000
0.913207 -0.094873 -0.396298 -0.000000 0.215314 0.938016 0.271598 23.096600 0.345967 -0.333354 0.877030 0.000000 0.000000 0.000000 0.000000 1.000000
0.932885 -0.010455 -0.360023 -0.000000 0.255888 0.722685 0.642066 23.096600 0.253470 -0.691099 0.676857 0.000000 0.000000 0.000000 0.000000 1.000000
0.831376 0.442979 -0.335533 -0.000000 0.199084 0.326293 0.924066 23.096600 0.518824 -0.835046 0.183082 0.000000 0.000000 0.000000 0.000000 1.000000
0.659762 0.493548 -0.566678 -0.000000 0.486658 0.293982 0.822641 23.096600 0.572606 -0.818526 -0.046231 0.000000 0.000000 0.000000 0.000000 1.000000
0.617702 0.518101 -0.591621 0.000000 0.579969 0.207955 0.787649 23.096600 0.531112 -0.829654 -0.172028 0.000000 0.000000 0.000000 0.000000 1.000000</float_array>
        <technique_common>
          <accessor source="#mixamorig_RightHand-Matrix-animation-output-transform-array" count="31" stride="16">
            <param type="float4x4"/>
          </accessor>
        </technique_common>
      </source>
      <source id="mixamorig_RightHand-Interpolations">
        <Name_array id="mixamorig_RightHand-Interpolations-array" count="31">
 LINEAR LINEAR LINEAR LINEAR LINEAR LINEAR LINEAR LINEAR LINEAR LINEAR LINEAR
LINEAR LINEAR LINEAR LINEAR LINEAR LINEAR LINEAR LINEAR LINEAR LINEAR LINEAR LINEAR
LINEAR LINEAR LINEAR LINEAR LINEAR LINEAR LINEAR LINEAR</Name_array>
        <technique_common>
          <accessor source="#mixamorig_RightHand-Interpolations-array" count="31">
            <param type="name"/>
          </accessor>
        </technique_common>
      </source>
      <sampler id="mixamorig_RightHand-Matrix-animation-transform">
        <input semantic="INPUT" source="#mixamorig_RightHand-Matrix-animation-input"/>
        <input semantic="OUTPUT" source="#mixamorig_RightHand-Matrix-animation-output-transform"/>
        <input semantic="INTERPOLATION" source="#mixamorig_RightHand-Interpolations"/>
      </sampler>
      <channel source="#mixamorig_RightHand-Matrix-animation-transform" target="mixamorig_RightHand/matrix"/>
    </animation>
    <animation id="mixamorig_RightHandThumb1-anim" name="mixamorig_RightHandThumb1">
      <source id="mixamorig_RightHandThumb1-Matrix-animation-input">
        <float_array id="mixamorig_RightHandThumb1-Matrix-animation-input-array" count="31">

0.000000 0.033333 0.066667 0.100000 0.133333 0.166667 0.200000 0.233333 0.266667 0.300000 0.333333 0.366667 0.400000 0.433333 0.466667 0.500000
0.533333 0.566667 0.600000 0.633333 0.666667 0.700000 0.733333 0.766667 0.800000 0.833333 0.866667 0.900000 0.933333 0.966667 1.000000</float_array>
        <technique_common>
          <accessor source="#mixamorig_RightHandThumb1-Matrix-animation-input-array" count="31">
            <param name="TIME" type="float"/>
          </accessor>
        </technique_common>
      </source>
      <source id="mixamorig_RightHandThumb1-Matrix-animation-output-transform">
        <float_array id="mixamorig_RightHandThumb1-Matrix-animation-output-transform-array" count="496">

0.773579 0.632265 -0.042632 2.005500 -0.632339 0.774575 0.013440 3.660400 0.041519 0.016561 0.999000 1.517800 0.000000 0.000000 0.000000 1.000000
0.772740 0.633267 -0.042948 2.005500 -0.633341 0.773753 0.013617 3.660400 0.041855 0.016678 0.998984 1.517800 0.000000 0.000000 0.000000 1.000000
0.772710 0.633055 -0.046489 2.005500 -0.633118 0.773906 0.015243 3.660400 0.045628 0.017654 0.998803 1.517800 0.000000 0.000000 0.000000 1.000000
0.773992 0.631581 -0.045191 2.005500 -0.631647 0.775118 0.014616 3.660400 0.044260 0.017232 0.998871 1.517800 0.000000 0.000000 0.000000 1.000000
0.773302 0.633267 -0.031243 2.005500 -0.633370 0.773810 0.007746 3.660400 0.029081 0.013798 0.999482 1.517800 0.000000 0.000000 0.000000 1.000000
0.842846 0.534713 -0.060764 2.005500 -0.532985 0.845025 0.043132 3.660400 0.074411 -0.003968 0.997220 1.517800 0.000000 0.000000 0.000000 1.000000
0.942245 0.324364 -0.083440 2.005500 -0.320257 0.945492 0.058996 3.660400 0.098028 -0.028867 0.994765 1.517800 0.000000 0.000000 0.000000 1.000000
0.954664 0.272244 -0.120416 2.005500 -0.264632 0.961386 0.075547 3.660400 0.136333 -0.040256 0.989845 1.517800 0.000000 0.000000 0.000000 1.000000
0.951144 0.272097 -0.145905 2.005500 -0.258758 0.960320 0.104071 3.660400 0.168433 -0.061233 0.983809 1.517800 0.000000 0.000000 0.000000 1.000000
0.939955 0.306462 -0.150218 2.005500 -0.284833 0.946860 0.149423 3.660400 0.188027 -0.097664 0.977296 1.517800 0.000000 0.000000 0.000000 1.000000
0.938235 0.329990 -0.104029 2.005500 -0.302324 0.928094 0.217352 3.660400 0.168272 -0.172477 0.970534 1.517800 0.000000 0.000000 0.000000 1.000000
0.939494 0.335840 -0.067552 2.005500 -0.311293 0.919277 0.240886 3.660400 0.142998 -0.205282 0.968200 1.517800 0.000000 0.000000 0.000000 1.000000
0.938325 0.345737 0.003385 2.005500 -0.333748 0.903144 0.270078 3.660400 0.090318 -0.254551 0.962833 1.517800 0.000000 0.000000 0.000000 1.000000
0.927219 0.370240 0.056454 2.005500 -0.370167 0.883059 0.288415 3.660400 0.056930 -0.288321 0.955840 1.517800 0.000000 0.000000 0.000000 1.000000
0.908509 0.405374 0.101404 2.005500 -0.416522 0.859081 0.297471 3.660400 0.033473 -0.312493 0.949330 1.517800 0.000000 0.000000 0.000000 1.000000
0.801571 0.596313 0.043529 2.005500 -0.584914 0.766991 0.263819 3.660400 0.123932 -0.236930 0.963590 1.517800 0.000000 0.000000 0.000000 1.000000
0.713243 0.700397 0.027003 2.005500 -0.693259 0.699246 0.174493 3.660400 0.103332 -0.143176 0.984288 1.517800 0.000000 0.000000 0.000000 1.000000
0.725506 0.685326 -0.063001 2.005500 -0.684968 0.727933 0.030530 3.660400 0.066783 0.021004 0.997546 1.517800 0.000000 0.000000 0.000000 1.000000
0.780659 0.601112 -0.170984 2.005500 -0.621923 0.774155 -0.117880 3.660400 0.061509 0.198363 0.978197 1.517800 0.000000 0.000000 0.000000 1.000000
0.810223 0.527779 -0.254929 2.005500 -0.582117 0.775346 -0.244904 3.660400 0.068403 0.346825 0.935432 1.517800 0.000000 0.000000 0.000000 1.000000
0.818029 0.496147 -0.290975 2.005500 -0.571537 0.757986 -0.314327 3.660400 0.064602 0.423432 0.903622 1.517800 0.000000 0.000000 0.000000 1.000000
0.815452 0.503441 -0.285630 2.005500 -0.576219 0.752827 -0.318155 3.660400 0.054858 0.424026 0.903987 1.517800 0.000000 0.000000 0.000000 1.000000
0.812229 0.523586 -0.257180 2.005500 -0.581056 0.765141 -0.277368 3.660400 0.051553 0.374723 0.925703 1.517800 0.000000 0.000000 0.000000 1.000000
0.803162 0.555357 -0.215659 2.005500 -0.593759 0.775824 -0.213416 3.660400 0.048792 0.299457 0.952861 1.517800 0.000000 0.000000 0.000000 1.000000
0.785103 0.597648 -0.162575 2.005500 -0.617843 0.774104 -0.137959 3.660400 0.043399 0.208758 0.977004 1.517800 0.000000 0.000000 0.000000 1.000000
0.782082 0.613448 -0.109678 2.005500 -0.621863 0.779668 -0.073512 3.660400 0.040417 0.125697 0.991245 1.517800 0.000000 0.000000 0.000000 1.000000
0.781138 0.620972 -0.064941 2.005500 -0.623259 0.781703 -0.022100 3.660400 0.037041 0.057739 0.997644 1.517800 0.000000 0.000000 0.000000 1.000000
0.771947 0.634062 -0.045421 2.005500 -0.634781 0.772690 -0.001856 3.660400 0.033919 0.030265 0.998966 1.517800 0.000000 0.000000 0.000000 1.000000
0.773131 0.632732 -0.043810 2.005500 -0.633237 0.773953 0.002962 3.660400 0.035781 0.025452 0.999035 1.517800 0.000000 0.000000 0.000000 1.000000
0.773467 0.632166 -0.045996 2.005500 -0.632612 0.774446 0.005965 3.660400 0.039392 0.024484 0.998924 1.517800 0.000000 0.000000 0.000000 1.000000
0.773578 0.632266 -0.042632 2.005500 -0.632340 0.774575 0.013440 3.660400 0.041519 0.016560 0.999000 1.517800 0.000000 0.000000 0.000000 1.000000</float_array>
        <technique_common>
          <accessor source="#mixamorig_RightHandThumb1-Matrix-animation-output-transform-array" count="31" stride="16">
            <param type="float4x4"/>
          </accessor>
        </technique_common>
      </source>
      <source id="mixamorig_RightHandThumb1-Interpolations">
        <Name_array id="mixamorig_RightHandThumb1-Interpolations-array" count="31">
 LINEAR LINEAR LINEAR LINEAR LINEAR LINEAR LINEAR LINEAR LINEAR LINEAR LINEAR
LINEAR LINEAR LINEAR LINEAR LINEAR LINEAR LINEAR LINEAR LINEAR LINEAR LINEAR LINEAR
LINEAR LINEAR LINEAR LINEAR LINEAR LINEAR LINEAR LINEAR</Name_array>
        <technique_common>
          <accessor source="#mixamorig_RightHandThumb1-Interpolations-array" count="31">
            <param type="name"/>
          </accessor>
        </technique_common>
      </source>
      <sampler id="mixamorig_RightHandThumb1-Matrix-animation-transform">
        <input semantic="INPUT" source="#mixamorig_RightHandThumb1-Matrix-animation-input"/>
        <input semantic="OUTPUT" source="#mixamorig_RightHandThumb1-Matrix-animation-output-transform"/>
        <input semantic="INTERPOLATION" source="#mixamorig_RightHandThumb1-Interpolations"/>
      </sampler>
      <channel source="#mixamorig_RightHandThumb1-Matrix-animation-transform" target="mixamorig_RightHandThumb1/matrix"/>
    </animation>
    <animation id="mixamorig_RightHandThumb2-anim" name="mixamorig_RightHandThumb2">
      <source id="mixamorig_RightHandThumb2-Matrix-animation-input">
        <float_array id="mixamorig_RightHandThumb2-Matrix-animation-input-array" count="31">

0.000000 0.033333 0.066667 0.100000 0.133333 0.166667 0.200000 0.233333 0.266667 0.300000 0.333333 0.366667 0.400000 0.433333 0.466667 0.500000
0.533333 0.566667 0.600000 0.633333 0.666667 0.700000 0.733333 0.766667 0.800000 0.833333 0.866667 0.900000 0.933333 0.966667 1.000000</float_array>
        <technique_common>
          <accessor source="#mixamorig_RightHandThumb2-Matrix-animation-input-array" count="31">
            <param name="TIME" type="float"/>
          </accessor>
        </technique_common>
      </source>
      <source id="mixamorig_RightHandThumb2-Matrix-animation-output-transform">
        <float_array id="mixamorig_RightHandThumb2-Matrix-animation-output-transform-array" count="496">

0.961330 -0.275384 0.002665 0.000000 0.275384 0.961147 -0.018980 3.295500 0.002665 0.018980 0.999816 -0.000000 0.000000 0.000000 0.000000 1.000000
0.959915 -0.280270 0.003420 0.000000 0.280284 0.959734 -0.018748 3.295500 0.001972 0.018955 0.999818 0.000000 0.000000 0.000000 0.000000 1.000000
0.960970 -0.276641 0.002634 0.000000 0.276641 0.960787 -0.018952 3.295500 0.002712 0.018941 0.999817 0.000000 0.000000 0.000000 0.000000 1.000000
0.963669 -0.267094 0.001732 0.000000 0.267077 0.963482 -0.019269 3.295500 0.003478 0.019031 0.999813 0.000000 0.000000 0.000000 0.000000 1.000000
0.960708 -0.277503 0.005690 0.000000 0.277561 0.960539 -0.018021 3.295500 -0.000465 0.018892 0.999821 0.000000 0.000000 0.000000 0.000000 1.000000
0.983372 -0.179430 -0.028027 0.000000 0.178682 0.983530 -0.027248 3.295500 0.032454 0.021787 0.999236 -0.000000 0.000000 0.000000 0.000000 1.000000
0.996238 -0.002662 -0.086623 0.000000 -0.000318 0.999409 -0.034367 3.295500 0.086663 0.034266 0.995648 0.000000 0.000000 0.000000 0.000000 1.000000
0.995723 -0.002789 -0.092350 0.000000 -0.000541 0.999351 -0.036018 3.295500 0.092390 0.035914 0.995075 0.000000 0.000000 0.000000 0.000000 1.000000
0.995619 -0.002809 -0.093458 0.000000 -0.000585 0.999342 -0.036270 3.295500 0.093499 0.036166 0.994962 0.000000 0.000000 0.000000 0.000000 1.000000
0.995908 -0.002770 -0.090332 -0.000000 -0.000465 0.999360 -0.035772 3.295500 0.090373 0.035668 0.995269 0.000000 0.000000 0.000000 0.000000 1.000000
0.996209 -0.002733 -0.086948 0.000000 -0.000338 0.999377 -0.035291 3.295500 0.086990 0.035187 0.995588 0.000000 0.000000 0.000000 0.000000 1.000000
0.996334 -0.002733 -0.085503 0.000000 -0.000287 0.999377 -0.035292 3.295500 0.085546 0.035187 0.995713 -0.000000 0.000000 0.000000 0.000000 1.000000
0.996181 -0.002774 -0.087267 0.000000 -0.000355 0.999358 -0.035825 3.295500 0.087310 0.035720 0.995541 0.000000 0.000000 0.000000 0.000000 1.000000
0.995974 -0.002797 -0.089593 0.000000 -0.000443 0.999347 -0.036119 3.295500 0.089636 0.036013 0.995323 -0.000000 0.000000 0.000000 0.000000 1.000000
0.995741 -0.002784 -0.092152 -0.000000 -0.000533 0.999354 -0.035948 3.295500 0.092192 0.035843 0.995096 0.000000 0.000000 0.000000 0.000000 1.000000
0.989042 -0.144301 -0.031187 0.000000 0.143482 0.989282 -0.027082 3.295500 0.034761 0.022310 0.999147 -0.000000 0.000000 0.000000 0.000000 1.000000
0.950463 -0.310576 0.012719 0.000000 0.310754 0.950358 -0.015839 3.295500 -0.007168 0.019007 0.999794 0.000000 0.000000 0.000000 0.000000 1.000000
0.924222 -0.380592 0.031043 0.000000 0.381008 0.924532 -0.008575 3.295500 -0.025436 0.019753 0.999481 0.000000 0.000000 0.000000 0.000000 1.000000
0.924034 -0.380982 0.031826 0.000000 0.381407 0.924370 -0.008307 3.295500 -0.026254 0.019814 0.999459 0.000000 0.000000 0.000000 0.000000 1.000000
0.928084 -0.371185 0.029697 0.000000 0.371590 0.928350 -0.009320 3.295500 -0.024110 0.019685 0.999515 0.000000 0.000000 0.000000 0.000000 1.000000
0.933540 -0.357551 0.025698 0.000000 0.357911 0.933692 -0.010957 3.295500 -0.020076 0.019426 0.999610 0.000000 0.000000 0.000000 0.000000 1.000000
0.933742 -0.357055 0.025231 0.000000 0.357408 0.933882 -0.011094 3.295500 -0.019601 0.019376 0.999620 -0.000000 0.000000 0.000000 0.000000 1.000000
0.939386 -0.342211 0.021129 0.000000 0.342512 0.939428 -0.012679 3.295500 -0.015510 0.019148 0.999696 0.000000 0.000000 0.000000 0.000000 1.000000
0.940921 -0.338027 0.020128 0.000000 0.338314 0.940942 -0.013076 3.295500 -0.014520 0.019113 0.999712 0.000000 0.000000 0.000000 0.000000 1.000000
0.942060 -0.334891 0.019268 0.000000 0.335167 0.942063 -0.013404 3.295500 -0.013663 0.019085 0.999725 0.000000 0.000000 0.000000 0.000000 1.000000
0.949945 -0.312153 0.012877 0.000000 0.312332 0.949843 -0.015686 3.295500 -0.007335 0.018923 0.999794 0.000000 0.000000 0.000000 0.000000 1.000000
0.962710 -0.270532 0.001289 0.000000 0.270505 0.962523 -0.019389 3.295500 0.004005 0.019014 0.999811 -0.000000 0.000000 0.000000 0.000000 1.000000
0.958453 -0.285198 0.005390 0.000000 0.285249 0.958282 -0.018142 3.295500 0.000009 0.018925 0.999821 0.000000 0.000000 0.000000 0.000000 1.000000
0.961264 -0.275617 0.002751 0.000000 0.275619 0.961080 -0.018954 3.295500 0.002581 0.018978 0.999817 0.000000 0.000000 0.000000 0.000000 1.000000
0.961604 -0.274430 0.002439 0.000000 0.274425 0.961420 -0.019048 3.295500 0.002882 0.018987 0.999816 0.000000 0.000000 0.000000 0.000000 1.000000
0.961330 -0.275387 0.002665 0.000000 0.275387 0.961146 -0.018980 3.295500 0.002665 0.018980 0.999816 0.000000 0.000000 0.000000 0.000000 1.000000</float_array>
        <technique_common>
          <accessor source="#mixamorig_RightHandThumb2-Matrix-animation-output-transform-array" count="31" stride="16">
            <param type="float4x4"/>
          </accessor>
        </technique_common>
      </source>
      <source id="mixamorig_RightHandThumb2-Interpolations">
        <Name_array id="mixamorig_RightHandThumb2-Interpolations-array" count="31">
 LINEAR LINEAR LINEAR LINEAR LINEAR LINEAR LINEAR LINEAR LINEAR LINEAR LINEAR
LINEAR LINEAR LINEAR LINEAR LINEAR LINEAR LINEAR LINEAR LINEAR LINEAR LINEAR LINEAR
LINEAR LINEAR LINEAR LINEAR LINEAR LINEAR LINEAR LINEAR</Name_array>
        <technique_common>
          <accessor source="#mixamorig_RightHandThumb2-Interpolations-array" count="31">
            <param type="name"/>
          </accessor>
        </technique_common>
      </source>
      <sampler id="mixamorig_RightHandThumb2-Matrix-animation-transform">
        <input semantic="INPUT" source="#mixamorig_RightHandThumb2-Matrix-animation-input"/>
        <input semantic="OUTPUT" source="#mixamorig_RightHandThumb2-Matrix-animation-output-transform"/>
        <input semantic="INTERPOLATION" source="#mixamorig_RightHandThumb2-Interpolations"/>
      </sampler>
      <channel source="#mixamorig_RightHandThumb2-Matrix-animation-transform" target="mixamorig_RightHandThumb2/matrix"/>
    </animation>
    <animation id="mixamorig_RightHandThumb3-anim" name="mixamorig_RightHandThumb3">
      <source id="mixamorig_RightHandThumb3-Matrix-animation-input">
        <float_array id="mixamorig_RightHandThumb3-Matrix-animation-input-array" count="31">

0.000000 0.033333 0.066667 0.100000 0.133333 0.166667 0.200000 0.233333 0.266667 0.300000 0.333333 0.366667 0.400000 0.433333 0.466667 0.500000
0.533333 0.566667 0.600000 0.633333 0.666667 0.700000 0.733333 0.766667 0.800000 0.833333 0.866667 0.900000 0.933333 0.966667 1.000000</float_array>
        <technique_common>
          <accessor source="#mixamorig_RightHandThumb3-Matrix-animation-input-array" count="31">
            <param name="TIME" type="float"/>
          </accessor>
        </technique_common>
      </source>
      <source id="mixamorig_RightHandThumb3-Matrix-animation-output-transform">
        <float_array id="mixamorig_RightHandThumb3-Matrix-animation-output-transform-array" count="496">

0.992143 -0.124074 -0.016068 0.000000 0.124074 0.959284 0.253731 3.556400 -0.016068 -0.253731 0.967141 0.000000 0.000000 0.000000 0.000000 1.000000
0.993118 -0.116349 -0.013372 -0.000000 0.115919 0.960276 0.253836 3.556400 -0.016693 -0.253639 0.967155 0.000000 0.000000 0.000000 0.000000 1.000000
0.992056 -0.124731 -0.016357 0.000000 0.124772 0.959018 0.254396 3.556400 -0.016044 -0.254416 0.966962 -0.000000 0.000000 0.000000 0.000000 1.000000
0.989511 -0.142676 -0.022615 0.000000 0.143721 0.956543 0.253713 3.556400 -0.014567 -0.254303 0.967015 -0.000000 0.000000 0.000000 0.000000 1.000000
0.991983 -0.125329 -0.016175 0.000000 0.125338 0.959498 0.252299 3.556400 -0.016100 -0.252303 0.967514 0.000000 0.000000 0.000000 0.000000 1.000000
0.993613 -0.112366 -0.010374 0.000000 0.111387 0.961906 0.249660 3.556400 -0.018075 -0.249221 0.968278 0.000000 0.000000 0.000000 0.000000 1.000000
0.967059 0.230877 0.107207 0.000000 -0.250374 0.938712 0.236923 3.556400 -0.045937 -0.255960 0.965595 0.000000 0.000000 0.000000 0.000000 1.000000
0.937652 0.318035 0.140222 -0.000000 -0.344046 0.906595 0.244373 3.556400 -0.049405 -0.277380 0.959489 -0.000000 0.000000 0.000000 0.000000 1.000000
0.952398 0.274926 0.131731 0.000000 -0.301326 0.914515 0.269936 3.556400 -0.046258 -0.296781 0.953825 -0.000000 0.000000 0.000000 0.000000 1.000000
0.985812 0.140543 0.091778 0.000000 -0.161834 0.940929 0.297426 3.556400 -0.044555 -0.308059 0.950323 0.000000 0.000000 0.000000 0.000000 1.000000
0.996358 0.052712 0.067018 0.000000 -0.070993 0.948192 0.309663 3.556400 -0.047223 -0.313294 0.948482 0.000000 0.000000 0.000000 0.000000 1.000000
0.997456 0.029953 0.064690 0.000000 -0.048912 0.947711 0.315360 3.556400 -0.051862 -0.317722 0.946765 0.000000 0.000000 0.000000 0.000000 1.000000
0.997068 0.029992 0.070400 0.000000 -0.051043 0.946087 0.319865 3.556400 -0.057011 -0.322521 0.944844 0.000000 0.000000 0.000000 0.000000 1.000000
0.996923 0.024303 0.074518 0.000000 -0.046917 0.946610 0.318948 3.556400 -0.062788 -0.321463 0.944838 0.000000 0.000000 0.000000 0.000000 1.000000
0.996979 0.015191 0.076174 -0.000000 -0.038049 0.950484 0.308436 3.556400 -0.067717 -0.310403 0.948190 0.000000 0.000000 0.000000 0.000000 1.000000
0.988528 -0.148442 0.027900 0.000000 0.135909 0.954773 0.264455 3.556400 -0.065894 -0.257630 0.963994 -0.000000 0.000000 0.000000 0.000000 1.000000
0.964365 -0.264501 -0.006261 -0.000000 0.257567 0.933146 0.250793 3.556400 -0.060493 -0.243468 0.968021 0.000000 0.000000 0.000000 0.000000 1.000000
0.947297 -0.319602 -0.021990 0.000000 0.314901 0.916348 0.247273 3.556400 -0.058879 -0.241165 0.968696 0.000000 0.000000 0.000000 0.000000 1.000000
0.949750 -0.312505 -0.017778 0.000000 0.306779 0.918064 0.251087 3.556400 -0.062144 -0.243924 0.967801 0.000000 0.000000 0.000000 0.000000 1.000000
0.956268 -0.292311 -0.010322 -0.000000 0.285286 0.924339 0.253396 3.556400 -0.064529 -0.245259 0.967308 0.000000 0.000000 0.000000 0.000000 1.000000
0.956693 -0.290861 -0.011741 0.000000 0.284330 0.925045 0.251891 3.556400 -0.062404 -0.244320 0.967684 -0.000000 0.000000 0.000000 0.000000 1.000000
0.958435 -0.284944 -0.014472 -0.000000 0.279315 0.926739 0.251274 3.556400 -0.058187 -0.244872 0.967808 0.000000 0.000000 0.000000 0.000000 1.000000
0.962589 -0.270476 -0.016262 0.000000 0.265772 0.930749 0.251140 3.556400 -0.052792 -0.246067 0.967814 0.000000 0.000000 0.000000 0.000000 1.000000
0.970350 -0.241274 -0.014400 0.000000 0.237012 0.938147 0.252400 3.556400 -0.047388 -0.248330 0.967516 0.000000 0.000000 0.000000 0.000000 1.000000
0.977406 -0.210982 -0.012826 0.000000 0.207293 0.944918 0.253298 3.556400 -0.041322 -0.250234 0.967303 0.000000 0.000000 0.000000 0.000000 1.000000
0.981518 -0.190791 -0.014868 -0.000000 0.188297 0.948975 0.252965 3.556400 -0.034154 -0.251090 0.967361 -0.000000 0.000000 0.000000 0.000000 1.000000
0.983588 -0.179359 -0.019629 0.000000 0.178470 0.951140 0.251955 3.556400 -0.026520 -0.251323 0.967540 0.000000 0.000000 0.000000 0.000000 1.000000
0.989087 -0.146451 -0.016078 0.000000 0.145719 0.956323 0.253401 3.556400 -0.021735 -0.252978 0.967228 0.000000 0.000000 0.000000 0.000000 1.000000
0.991171 -0.131575 -0.016393 0.000000 0.131412 0.958348 0.253573 3.556400 -0.017653 -0.253488 0.967177 0.000000 0.000000 0.000000 0.000000 1.000000
0.992228 -0.123391 -0.016072 -0.000000 0.123415 0.959367 0.253738 3.556400 -0.015890 -0.253750 0.967139 0.000000 0.000000 0.000000 0.000000 1.000000
0.992143 -0.124073 -0.016067 0.000000 0.124073 0.959284 0.253731 3.556400 -0.016068 -0.253731 0.967141 0.000000 0.000000 0.000000 0.000000 1.000000</float_array>
        <technique_common>
          <accessor source="#mixamorig_RightHandThumb3-Matrix-animation-output-transform-array" count="31" stride="16">
            <param type="float4x4"/>
          </accessor>
        </technique_common>
      </source>
      <source id="mixamorig_RightHandThumb3-Interpolations">
        <Name_array id="mixamorig_RightHandThumb3-Interpolations-array" count="31">
 LINEAR LINEAR LINEAR LINEAR LINEAR LINEAR LINEAR LINEAR LINEAR LINEAR LINEAR
LINEAR LINEAR LINEAR LINEAR LINEAR LINEAR LINEAR LINEAR LINEAR LINEAR LINEAR LINEAR
LINEAR LINEAR LINEAR LINEAR LINEAR LINEAR LINEAR LINEAR</Name_array>
        <technique_common>
          <accessor source="#mixamorig_RightHandThumb3-Interpolations-array" count="31">
            <param type="name"/>
          </accessor>
        </technique_common>
      </source>
      <sampler id="mixamorig_RightHandThumb3-Matrix-animation-transform">
        <input semantic="INPUT" source="#mixamorig_RightHandThumb3-Matrix-animation-input"/>
        <input semantic="OUTPUT" source="#mixamorig_RightHandThumb3-Matrix-animation-output-transform"/>
        <input semantic="INTERPOLATION" source="#mixamorig_RightHandThumb3-Interpolations"/>
      </sampler>
      <channel source="#mixamorig_RightHandThumb3-Matrix-animation-transform" target="mixamorig_RightHandThumb3/matrix"/>
    </animation>
    <animation id="mixamorig_RightHandIndex1-anim" name="mixamorig_RightHandIndex1">
      <source id="mixamorig_RightHandIndex1-Matrix-animation-input">
        <float_array id="mixamorig_RightHandIndex1-Matrix-animation-input-array" count="31">

0.000000 0.033333 0.066667 0.100000 0.133333 0.166667 0.200000 0.233333 0.266667 0.300000 0.333333 0.366667 0.400000 0.433333 0.466667 0.500000
0.533333 0.566667 0.600000 0.633333 0.666667 0.700000 0.733333 0.766667 0.800000 0.833333 0.866667 0.900000 0.933333 0.966667 1.000000</float_array>
        <technique_common>
          <accessor source="#mixamorig_RightHandIndex1-Matrix-animation-input-array" count="31">
            <param name="TIME" type="float"/>
          </accessor>
        </technique_common>
      </source>
      <source id="mixamorig_RightHandIndex1-Matrix-animation-output-transform">
        <float_array id="mixamorig_RightHandIndex1-Matrix-animation-output-transform-array" count="496">

0.998756 -0.049653 0.004696 2.326600 0.049853 0.991156 -0.122981 11.104400 0.001452 0.123062 0.992398 0.228500 0.000000 0.000000 0.000000 1.000000
0.998783 -0.049140 0.004331 2.326600 0.049311 0.992065 -0.115652 11.104400 0.001387 0.115725 0.993280 0.228500 0.000000 0.000000 0.000000 1.000000
0.998791 -0.048983 0.004195 2.326600 0.049143 0.992388 -0.112918 11.104400 0.001368 0.112988 0.993595 0.228500 0.000000 0.000000 0.000000 1.000000
0.998800 -0.048801 0.004045 2.326600 0.048950 0.992739 -0.109877 11.104400 0.001347 0.109943 0.993937 0.228500 0.000000 0.000000 0.000000 1.000000
0.998815 -0.048527 0.003837 2.326600 0.048660 0.993213 -0.105645 11.104400 0.001315 0.105706 0.994397 0.228500 0.000000 0.000000 0.000000 1.000000
0.991587 -0.123462 -0.038903 2.326600 0.122091 0.991872 -0.035840 11.104400 0.043012 0.030788 0.998600 0.228500 0.000000 0.000000 0.000000 1.000000
0.983395 -0.169077 -0.065939 2.326600 0.169747 0.985477 0.004648 11.104400 0.064195 -0.015764 0.997813 0.228500 0.000000 0.000000 0.000000 1.000000
0.975413 -0.203132 -0.085482 2.326600 0.208816 0.975873 0.063771 11.104400 0.070466 -0.080053 0.994297 0.228500 0.000000 0.000000 0.000000 1.000000
0.974721 -0.202660 -0.094058 2.326600 0.214672 0.966177 0.142888 11.104400 0.061919 -0.159468 0.985259 0.228500 0.000000 0.000000 0.000000 1.000000
0.978863 -0.185448 -0.086235 2.326600 0.200989 0.950267 0.237898 11.104400 0.037828 -0.250202 0.967454 0.228500 0.000000 0.000000 0.000000 1.000000
0.982946 -0.179942 -0.037920 2.326600 0.181914 0.921288 0.343709 11.104400 -0.026912 -0.344745 0.938310 0.228500 0.000000 0.000000 0.000000 1.000000
0.983195 -0.181985 -0.014475 2.326600 0.174112 0.910909 0.374072 11.104400 -0.054890 -0.370306 0.927287 0.228500 0.000000 0.000000 0.000000 1.000000
0.984391 -0.175297 -0.015643 2.326600 0.166899 0.901625 0.399020 11.104400 -0.055843 -0.395402 0.916809 0.228500 0.000000 0.000000 0.000000 1.000000
0.988939 -0.147412 -0.016405 2.326600 0.141064 0.900605 0.411110 11.104400 -0.045828 -0.408877 0.911438 0.228500 0.000000 0.000000 0.000000 1.000000
0.993669 -0.111496 -0.013827 2.326600 0.107061 0.902374 0.417443 11.104400 -0.034066 -0.416280 0.908598 0.228500 0.000000 0.000000 0.000000 1.000000
0.997440 -0.069821 -0.015442 2.326600 0.068901 0.880613 0.468800 11.104400 -0.019133 -0.468664 0.883169 0.228500 0.000000 0.000000 0.000000 1.000000
0.998621 -0.048014 -0.021223 2.326600 0.051892 0.841788 0.537308 11.104400 -0.007933 -0.537669 0.843119 0.228500 0.000000 0.000000 0.000000 1.000000
0.990975 -0.126830 -0.043384 2.326600 0.129611 0.824068 0.551465 11.104400 -0.034191 -0.552111 0.833069 0.228500 0.000000 0.000000 0.000000 1.000000
0.998800 -0.044610 -0.020197 2.326600 0.047101 0.988017 0.146982 11.104400 0.013398 -0.147757 0.988933 0.228500 0.000000 0.000000 0.000000 1.000000
0.998508 -0.054600 -0.001266 2.326600 0.053037 0.974935 -0.216074 11.104400 0.013032 0.215684 0.976376 0.228500 0.000000 0.000000 0.000000 1.000000
0.997912 -0.063164 0.013479 2.326600 0.063066 0.907968 -0.414266 11.104400 0.013929 0.414251 0.910056 0.228500 0.000000 0.000000 0.000000 1.000000
0.997567 -0.067985 0.015435 2.326600 0.067755 0.893325 -0.444274 11.104400 0.016416 0.444238 0.895758 0.228500 0.000000 0.000000 0.000000 1.000000
0.997850 -0.064134 0.013487 2.326600 0.064202 0.915281 -0.397667 11.104400 0.013159 0.397678 0.917431 0.228500 0.000000 0.000000 0.000000 1.000000
0.998152 -0.060157 0.008576 2.326600 0.059741 0.945715 -0.319460 11.104400 0.011107 0.319382 0.947561 0.228500 0.000000 0.000000 0.000000 1.000000
0.998986 -0.044716 0.005283 2.326600 0.044867 0.978668 -0.200488 11.104400 0.003795 0.200522 0.979682 0.228500 0.000000 0.000000 0.000000 1.000000
0.998836 -0.048239 0.000219 2.326600 0.047877 0.990756 -0.126924 11.104400 0.005905 0.126787 0.991912 0.228500 0.000000 0.000000 0.000000 1.000000
0.999321 -0.036772 -0.002223 2.326600 0.036687 0.998855 -0.030695 11.104400 0.003349 0.030593 0.999526 0.228500 0.000000 0.000000 0.000000 1.000000
0.999075 -0.042973 -0.001674 2.326600 0.042903 0.998620 -0.030295 11.104400 0.002973 0.030195 0.999540 0.228500 0.000000 0.000000 0.000000 1.000000
0.998919 -0.046453 0.001407 2.326600 0.046430 0.996167 -0.074133 11.104400 0.002042 0.074118 0.997247 0.228500 0.000000 0.000000 0.000000 1.000000
0.998812 -0.048572 0.003837 2.326600 0.048701 0.992861 -0.108885 11.104400 0.001479 0.108943 0.994047 0.228500 0.000000 0.000000 0.000000 1.000000
0.998758 -0.049607 0.004666 2.326600 0.049805 0.991232 -0.122390 11.104400 0.001446 0.122470 0.992471 0.228500 0.000000 0.000000 0.000000 1.000000</float_array>
        <technique_common>
          <accessor source="#mixamorig_RightHandIndex1-Matrix-animation-output-transform-array" count="31" stride="16">
            <param type="float4x4"/>
          </accessor>
        </technique_common>
      </source>
      <source id="mixamorig_RightHandIndex1-Interpolations">
        <Name_array id="mixamorig_RightHandIndex1-Interpolations-array" count="31">
 LINEAR LINEAR LINEAR LINEAR LINEAR LINEAR LINEAR LINEAR LINEAR LINEAR LINEAR
LINEAR LINEAR LINEAR LINEAR LINEAR LINEAR LINEAR LINEAR LINEAR LINEAR LINEAR LINEAR
LINEAR LINEAR LINEAR LINEAR LINEAR LINEAR LINEAR LINEAR</Name_array>
        <technique_common>
          <accessor source="#mixamorig_RightHandIndex1-Interpolations-array" count="31">
            <param type="name"/>
          </accessor>
        </technique_common>
      </source>
      <sampler id="mixamorig_RightHandIndex1-Matrix-animation-transform">
        <input semantic="INPUT" source="#mixamorig_RightHandIndex1-Matrix-animation-input"/>
        <input semantic="OUTPUT" source="#mixamorig_RightHandIndex1-Matrix-animation-output-transform"/>
        <input semantic="INTERPOLATION" source="#mixamorig_RightHandIndex1-Interpolations"/>
      </sampler>
      <channel source="#mixamorig_RightHandIndex1-Matrix-animation-transform" target="mixamorig_RightHandIndex1/matrix"/>
    </animation>
    <animation id="mixamorig_RightHandIndex2-anim" name="mixamorig_RightHandIndex2">
      <source id="mixamorig_RightHandIndex2-Matrix-animation-input">
        <float_array id="mixamorig_RightHandIndex2-Matrix-animation-input-array" count="31">

0.000000 0.033333 0.066667 0.100000 0.133333 0.166667 0.200000 0.233333 0.266667 0.300000 0.333333 0.366667 0.400000 0.433333 0.466667 0.500000
0.533333 0.566667 0.600000 0.633333 0.666667 0.700000 0.733333 0.766667 0.800000 0.833333 0.866667 0.900000 0.933333 0.966667 1.000000</float_array>
        <technique_common>
          <accessor source="#mixamorig_RightHandIndex2-Matrix-animation-input-array" count="31">
            <param name="TIME" type="float"/>
          </accessor>
        </technique_common>
      </source>
      <source id="mixamorig_RightHandIndex2-Matrix-animation-output-transform">
        <float_array id="mixamorig_RightHandIndex2-Matrix-animation-output-transform-array" count="496">

1.000000 0.000000 0.000000 0.000000 -0.000000 1.000000 0.000000 2.600000 0.000000 -0.000000 1.000000 0.000000 0.000000 0.000000 0.000000 1.000000
0.999999 -0.001591 0.000015 0.000000 0.001591 0.999808 -0.019523 2.600000 0.000016 0.019523 0.999809 0.000000 0.000000 0.000000 0.000000 1.000000
0.999997 -0.002259 0.000031 0.000000 0.002259 0.999613 -0.027710 2.600000 0.000031 0.027710 0.999616 -0.000000 0.000000 0.000000 0.000000 1.000000
0.999996 -0.002772 0.000047 0.000000 0.002772 0.999417 -0.034015 2.600000 0.000047 0.034015 0.999421 0.000000 0.000000 0.000000 0.000000 1.000000
0.999996 -0.002978 0.000054 -0.000000 0.002978 0.999328 -0.036540 2.600000 0.000054 0.036540 0.999332 0.000000 0.000000 0.000000 0.000000 1.000000
1.000000 0.000000 0.000000 0.000000 -0.000000 1.000000 0.000000 2.600000 -0.000000 -0.000000 1.000000 0.000000 0.000000 0.000000 0.000000 1.000000
1.000000 -0.000000 0.000000 0.000000 0.000000 1.000000 -0.000000 2.600000 -0.000000 0.000000 1.000000 0.000000 0.000000 0.000000 0.000000 1.000000
1.000000 -0.000000 -0.000000 0.000000 0.000000 1.000000 -0.000000 2.600000 0.000000 0.000000 1.000000 0.000000 0.000000 0.000000 0.000000 1.000000
1.000000 0.000000 -0.000000 0.000000 -0.000000 1.000000 -0.000000 2.600000 0.000000 0.000000 1.000000 0.000000 0.000000 0.000000 0.000000 1.000000
1.000000 0.000000 0.000000 0.000000 -0.000000 1.000000 -0.000000 2.600000 -0.000000 0.000000 1.000000 0.000000 0.000000 0.000000 0.000000 1.000000
1.000000 0.000000 0.000000 -0.000000 -0.000000 1.000000 -0.000000 2.600000 0.000000 -0.000000 1.000000 0.000000 0.000000 0.000000 0.000000 1.000000
1.000000 0.000000 -0.000000 0.000000 -0.000000 1.000000 -0.000000 2.600000 0.000000 0.000000 1.000000 0.000000 0.000000 0.000000 0.000000 1.000000
1.000000 0.000000 -0.000000 0.000000 -0.000000 1.000000 -0.000000 2.600000 0.000000 0.000000 1.000000 0.000000 0.000000 0.000000 0.000000 1.000000
1.000000 -0.000000 -0.000000 -0.000000 0.000000 1.000000 -0.000000 2.600000 0.000000 0.000000 1.000000 0.000000 0.000000 0.000000 0.000000 1.000000
1.000000 -0.000000 -0.000000 -0.000000 0.000000 1.000000 -0.000000 2.600000 0.000000 0.000000 1.000000 -0.000000 0.000000 0.000000 0.000000 1.000000
0.999999 -0.001343 0.000011 -0.000000 0.001343 0.999863 -0.016476 2.600000 0.000011 0.016476 0.999864 0.000000 0.000000 0.000000 0.000000 1.000000
0.999988 -0.004941 0.000150 0.000000 0.004941 0.998148 -0.060625 2.600000 0.000150 0.060625 0.998161 0.000000 0.000000 0.000000 0.000000 1.000000
0.999931 -0.011685 0.000842 0.000000 0.011685 0.989600 -0.143370 2.600000 0.000842 0.143370 0.989669 0.000000 0.000000 0.000000 0.000000 1.000000
0.999685 -0.024787 0.003861 0.000000 0.024787 0.952309 -0.304127 2.600000 0.003861 0.304127 0.952624 0.000000 0.000000 0.000000 0.000000 1.000000
0.999066 -0.041653 0.011454 0.000000 0.041653 0.858534 -0.511061 2.600000 0.011454 0.511061 0.859468 0.000000 0.000000 0.000000 0.000000 1.000000
0.998471 -0.051991 0.018755 -0.000000 0.051991 0.768353 -0.637911 2.600000 0.018755 0.637911 0.769882 0.000000 0.000000 0.000000 0.000000 1.000000
0.998385 -0.053247 0.019819 0.000000 0.053247 0.755214 -0.653312 2.600000 0.019819 0.653312 0.756829 0.000000 0.000000 0.000000 0.000000 1.000000
0.998706 -0.048322 0.015883 -0.000000 0.048322 0.803829 -0.592894 2.600000 0.015883 0.592894 0.805124 0.000000 0.000000 0.000000 0.000000 1.000000
0.999099 -0.040967 0.011050 0.000000 0.040967 0.863521 -0.502646 2.600000 0.011050 0.502646 0.864422 0.000000 0.000000 0.000000 0.000000 1.000000
0.999316 -0.036010 0.008390 0.000000 0.036010 0.896377 -0.441827 2.600000 0.008390 0.441827 0.897061 0.000000 0.000000 0.000000 0.000000 1.000000
0.999793 -0.020200 0.002543 0.000000 0.020200 0.968588 -0.247847 2.600000 0.002543 0.247847 0.968796 0.000000 0.000000 0.000000 0.000000 1.000000
0.999903 -0.013878 0.001190 0.000000 0.013878 0.985298 -0.170278 2.600000 0.001190 0.170278 0.985395 -0.000000 0.000000 0.000000 0.000000 1.000000
0.999992 -0.003912 0.000094 0.000000 0.003912 0.998840 -0.047996 2.600000 0.000094 0.047996 0.998848 0.000000 0.000000 0.000000 0.000000 1.000000
1.000000 0.000000 0.000000 0.000000 -0.000000 1.000000 -0.000000 2.600000 -0.000000 0.000000 1.000000 0.000000 0.000000 0.000000 0.000000 1.000000
1.000000 -0.000231 0.000000 0.000000 0.000231 0.999996 -0.002834 2.600000 0.000000 0.002834 0.999996 0.000000 0.000000 0.000000 0.000000 1.000000
1.000000 -0.000126 0.000000 0.000000 0.000126 0.999999 -0.001543 2.600000 0.000000 0.001543 0.999999 0.000000 0.000000 0.000000 0.000000 1.000000</float_array>
        <technique_common>
          <accessor source="#mixamorig_RightHandIndex2-Matrix-animation-output-transform-array" count="31" stride="16">
            <param type="float4x4"/>
          </accessor>
        </technique_common>
      </source>
      <source id="mixamorig_RightHandIndex2-Interpolations">
        <Name_array id="mixamorig_RightHandIndex2-Interpolations-array" count="31">
 LINEAR LINEAR LINEAR LINEAR LINEAR LINEAR LINEAR LINEAR LINEAR LINEAR LINEAR
LINEAR LINEAR LINEAR LINEAR LINEAR LINEAR LINEAR LINEAR LINEAR LINEAR LINEAR LINEAR
LINEAR LINEAR LINEAR LINEAR LINEAR LINEAR LINEAR LINEAR</Name_array>
        <technique_common>
          <accessor source="#mixamorig_RightHandIndex2-Interpolations-array" count="31">
            <param type="name"/>
          </accessor>
        </technique_common>
      </source>
      <sampler id="mixamorig_RightHandIndex2-Matrix-animation-transform">
        <input semantic="INPUT" source="#mixamorig_RightHandIndex2-Matrix-animation-input"/>
        <input semantic="OUTPUT" source="#mixamorig_RightHandIndex2-Matrix-animation-output-transform"/>
        <input semantic="INTERPOLATION" source="#mixamorig_RightHandIndex2-Interpolations"/>
      </sampler>
      <channel source="#mixamorig_RightHandIndex2-Matrix-animation-transform" target="mixamorig_RightHandIndex2/matrix"/>
    </animation>
    <animation id="mixamorig_RightHandIndex3-anim" name="mixamorig_RightHandIndex3">
      <source id="mixamorig_RightHandIndex3-Matrix-animation-input">
        <float_array id="mixamorig_RightHandIndex3-Matrix-animation-input-array" count="31">

0.000000 0.033333 0.066667 0.100000 0.133333 0.166667 0.200000 0.233333 0.266667 0.300000 0.333333 0.366667 0.400000 0.433333 0.466667 0.500000
0.533333 0.566667 0.600000 0.633333 0.666667 0.700000 0.733333 0.766667 0.800000 0.833333 0.866667 0.900000 0.933333 0.966667 1.000000</float_array>
        <technique_common>
          <accessor source="#mixamorig_RightHandIndex3-Matrix-animation-input-array" count="31">
            <param name="TIME" type="float"/>
          </accessor>
        </technique_common>
      </source>
      <source id="mixamorig_RightHandIndex3-Matrix-animation-output-transform">
        <float_array id="mixamorig_RightHandIndex3-Matrix-animation-output-transform-array" count="496">

1.000000 0.000000 -0.000000 0.000000 -0.000000 1.000000 0.000000 2.000100 0.000000 -0.000000 1.000000 0.000000 0.000000 0.000000 0.000000 1.000000
0.999999 0.001026 0.000006 0.000000 -0.001026 0.999920 0.012582 2.000100 0.000007 -0.012582 0.999921 0.000000 0.000000 0.000000 0.000000 1.000000
0.999999 0.001575 0.000015 0.000000 -0.001575 0.999812 0.019327 2.000100 0.000016 -0.019327 0.999813 0.000000 0.000000 0.000000 0.000000 1.000000
0.999999 0.001662 0.000017 0.000000 -0.001662 0.999791 0.020396 2.000100 0.000017 -0.020396 0.999792 0.000000 0.000000 0.000000 0.000000 1.000000
1.000000 0.000613 0.000002 0.000000 -0.000613 0.999972 0.007521 2.000100 0.000002 -0.007521 0.999972 0.000000 0.000000 0.000000 0.000000 1.000000
1.000000 -0.000000 -0.000000 0.000000 0.000000 1.000000 -0.000000 2.000100 0.000000 0.000000 1.000000 0.000000 0.000000 0.000000 0.000000 1.000000
1.000000 -0.000000 -0.000000 -0.000000 0.000000 1.000000 -0.000000 2.000100 0.000000 0.000000 1.000000 0.000000 0.000000 0.000000 0.000000 1.000000
1.000000 0.000000 -0.000000 0.000000 -0.000000 1.000000 0.000000 2.000100 0.000000 -0.000000 1.000000 0.000000 0.000000 0.000000 0.000000 1.000000
1.000000 -0.000000 -0.000000 0.000000 0.000000 1.000000 0.000000 2.000100 0.000000 -0.000000 1.000000 -0.000000 0.000000 0.000000 0.000000 1.000000
1.000000 0.000000 -0.000000 0.000000 -0.000000 1.000000 0.000000 2.000100 0.000000 -0.000000 1.000000 -0.000000 0.000000 0.000000 0.000000 1.000000
1.000000 -0.000000 -0.000000 0.000000 0.000000 1.000000 -0.000000 2.000100 0.000000 0.000000 1.000000 -0.000000 0.000000 0.000000 0.000000 1.000000
1.000000 0.000000 -0.000000 -0.000000 -0.000000 1.000000 0.000000 2.000100 0.000000 -0.000000 1.000000 0.000000 0.000000 0.000000 0.000000 1.000000
1.000000 0.000000 -0.000000 0.000000 -0.000000 1.000000 0.000000 2.000100 0.000000 -0.000000 1.000000 0.000000 0.000000 0.000000 0.000000 1.000000
1.000000 0.000000 -0.000000 0.000000 -0.000000 1.000000 0.000000 2.000100 0.000000 -0.000000 1.000000 0.000000 0.000000 0.000000 0.000000 1.000000
1.000000 0.000000 -0.000000 0.000000 -0.000000 1.000000 0.000000 2.000100 0.000000 -0.000000 1.000000 0.000000 0.000000 0.000000 0.000000 1.000000
1.000000 -0.000149 -0.000000 0.000000 0.000149 0.999998 -0.001830 2.000100 0.000000 0.001830 0.999998 0.000000 0.000000 0.000000 0.000000 1.000000
0.999996 0.002813 0.000048 0.000000 -0.002813 0.999400 0.034515 2.000100 0.000049 -0.034515 0.999404 0.000000 0.000000 0.000000 0.000000 1.000000
1.000000 -0.000191 -0.000000 0.000000 0.000191 0.999997 -0.002336 2.000100 0.000001 0.002336 0.999997 0.000000 0.000000 0.000000 0.000000 1.000000
0.999866 -0.016263 0.001639 0.000000 0.016263 0.979755 -0.199537 2.000100 0.001639 0.199537 0.979889 -0.000000 0.000000 0.000000 0.000000 1.000000
0.999272 -0.037078 0.008926 0.000000 0.037078 0.889750 -0.454939 2.000100 0.008927 0.454939 0.890478 0.000000 0.000000 0.000000 0.000000 1.000000
0.998626 -0.049623 0.016862 0.000000 0.049623 0.791730 -0.608852 2.000100 0.016863 0.608852 0.793105 0.000000 0.000000 0.000000 0.000000 1.000000
0.998529 -0.051134 0.018053 -0.000000 0.051134 0.777027 -0.627387 2.000100 0.018053 0.627387 0.778498 -0.000000 0.000000 0.000000 0.000000 1.000000
0.998832 -0.046142 0.014329 -0.000000 0.046142 0.823017 -0.566140 2.000100 0.014330 0.566140 0.824185 0.000000 0.000000 0.000000 0.000000 1.000000
0.999200 -0.038765 0.009813 0.000000 0.038765 0.878791 -0.475630 2.000100 0.009814 0.475630 0.879591 -0.000000 0.000000 0.000000 0.000000 1.000000
0.999578 -0.028583 0.005177 0.000000 0.028583 0.936050 -0.350704 2.000100 0.005178 0.350704 0.936472 -0.000000 0.000000 0.000000 0.000000 1.000000
0.999712 -0.023746 0.003536 -0.000000 0.023746 0.956320 -0.291356 2.000100 0.003537 0.291356 0.956608 0.000000 0.000000 0.000000 0.000000 1.000000
0.999918 -0.012782 0.001008 0.000000 0.012782 0.987544 -0.156825 2.000100 0.001009 0.156825 0.987626 0.000000 0.000000 0.000000 0.000000 1.000000
0.999978 -0.006597 0.000267 0.000000 0.006597 0.996697 -0.080940 2.000100 0.000268 0.080940 0.996719 0.000000 0.000000 0.000000 0.000000 1.000000
1.000000 -0.000000 -0.000000 0.000000 0.000000 1.000000 -0.000000 2.000100 0.000000 0.000000 1.000000 0.000000 0.000000 0.000000 0.000000 1.000000
0.999999 0.001441 0.000012 -0.000000 -0.001441 0.999843 0.017675 2.000100 0.000013 -0.017675 0.999844 0.000000 0.000000 0.000000 0.000000 1.000000
1.000000 0.000077 -0.000000 0.000000 -0.000077 1.000000 0.000946 2.000100 0.000000 -0.000946 1.000000 -0.000000 0.000000 0.000000 0.000000 1.000000</float_array>
        <technique_common>
          <accessor source="#mixamorig_RightHandIndex3-Matrix-animation-output-transform-array" count="31" stride="16">
            <param type="float4x4"/>
          </accessor>
        </technique_common>
      </source>
      <source id="mixamorig_RightHandIndex3-Interpolations">
        <Name_array id="mixamorig_RightHandIndex3-Interpolations-array" count="31">
 LINEAR LINEAR LINEAR LINEAR LINEAR LINEAR LINEAR LINEAR LINEAR LINEAR LINEAR
LINEAR LINEAR LINEAR LINEAR LINEAR LINEAR LINEAR LINEAR LINEAR LINEAR LINEAR LINEAR
LINEAR LINEAR LINEAR LINEAR LINEAR LINEAR LINEAR LINEAR</Name_array>
        <technique_common>
          <accessor source="#mixamorig_RightHandIndex3-Interpolations-array" count="31">
            <param type="name"/>
          </accessor>
        </technique_common>
      </source>
      <sampler id="mixamorig_RightHandIndex3-Matrix-animation-transform">
        <input semantic="INPUT" source="#mixamorig_RightHandIndex3-Matrix-animation-input"/>
        <input semantic="OUTPUT" source="#mixamorig_RightHandIndex3-Matrix-animation-output-transform"/>
        <input semantic="INTERPOLATION" source="#mixamorig_RightHandIndex3-Interpolations"/>
      </sampler>
      <channel source="#mixamorig_RightHandIndex3-Matrix-animation-transform" target="mixamorig_RightHandIndex3/matrix"/>
    </animation>
    <animation id="mixamorig_RightHandMiddle1-anim" name="mixamorig_RightHandMiddle1">
      <source id="mixamorig_RightHandMiddle1-Matrix-animation-input">
        <float_array id="mixamorig_RightHandMiddle1-Matrix-animation-input-array" count="31">

0.000000 0.033333 0.066667 0.100000 0.133333 0.166667 0.200000 0.233333 0.266667 0.300000 0.333333 0.366667 0.400000 0.433333 0.466667 0.500000
0.533333 0.566667 0.600000 0.633333 0.666667 0.700000 0.733333 0.766667 0.800000 0.833333 0.866667 0.900000 0.933333 0.966667 1.000000</float_array>
        <technique_common>
          <accessor source="#mixamorig_RightHandMiddle1-Matrix-animation-input-array" count="31">
            <param name="TIME" type="float"/>
          </accessor>
        </technique_common>
      </source>
      <source id="mixamorig_RightHandMiddle1-Matrix-animation-output-transform">
        <float_array id="mixamorig_RightHandMiddle1-Matrix-animation-output-transform-array" count="496">

0.998765 -0.049465 0.004574 0.000000 0.049655 0.991464 -0.120553 11.447500 0.001428 0.120631 0.992696 -0.001500 0.000000 0.000000 0.000000 1.000000
0.998791 -0.048982 0.004231 0.000000 0.049145 0.992307 -0.113633 11.447500 0.001368 0.113704 0.993514 -0.001500 0.000000 0.000000 0.000000 1.000000
0.998799 -0.048826 0.004098 0.000000 0.048979 0.992620 -0.110938 11.447500 0.001349 0.111005 0.993819 -0.001500 0.000000 0.000000 0.000000 1.000000
0.998808 -0.048645 0.003951 0.000000 0.048787 0.992961 -0.107926 11.447500 0.001327 0.107990 0.994151 -0.001500 0.000000 0.000000 0.000000 1.000000
0.998822 -0.048387 0.003756 -0.000000 0.048515 0.993401 -0.103923 11.447500 0.001297 0.103983 0.994578 -0.001500 0.000000 0.000000 0.000000 1.000000
0.992406 -0.123004 -0.000277 0.000000 0.122973 0.992202 -0.020334 11.447500 0.002776 0.020146 0.999793 -0.001500 0.000000 0.000000 0.000000 1.000000
0.985684 -0.168582 -0.002802 0.000000 0.168582 0.985144 0.032735 11.447500 -0.002758 -0.032739 0.999460 -0.001500 0.000000 0.000000 0.000000 1.000000
0.979229 -0.202675 -0.005710 0.000000 0.202176 0.973914 0.103034 11.447500 -0.015321 -0.102048 0.994661 -0.001500 0.000000 0.000000 0.000000 1.000000
0.979401 -0.201763 -0.008109 0.000000 0.199723 0.962023 0.186071 11.447500 -0.029741 -0.183858 0.982503 -0.001500 0.000000 0.000000 0.000000 1.000000
0.982808 -0.184371 -0.009798 -0.000000 0.179874 0.944168 0.276028 11.447500 -0.041640 -0.273044 0.961100 -0.001500 0.000000 0.000000 0.000000 1.000000
0.983493 -0.180617 -0.010898 0.000000 0.172255 0.916120 0.362011 11.447500 -0.055401 -0.357913 0.932110 -0.001500 0.000000 0.000000 0.000000 1.000000
0.982881 -0.183906 -0.011105 0.000000 0.174188 0.907924 0.381224 11.447500 -0.060027 -0.376633 0.924416 -0.001500 0.000000 0.000000 0.000000 1.000000
0.983862 -0.178585 -0.011116 0.000000 0.168419 0.903293 0.394584 11.447500 -0.060426 -0.390088 0.918793 -0.001500 0.000000 0.000000 0.000000 1.000000
0.988526 -0.150665 -0.010762 0.000000 0.142500 0.906579 0.397250 11.447500 -0.050095 -0.394226 0.917647 -0.001500 0.000000 0.000000 0.000000 1.000000
0.993431 -0.113960 -0.010355 0.000000 0.108832 0.913010 0.393153 11.447500 -0.035350 -0.391697 0.919415 -0.001500 0.000000 0.000000 0.000000 1.000000
0.996958 -0.077264 -0.010208 0.000000 0.073949 0.896465 0.436901 11.447500 -0.024606 -0.436327 0.899452 -0.001500 0.000000 0.000000 0.000000 1.000000
0.998202 -0.059105 -0.009975 0.000000 0.056461 0.871251 0.487579 11.447500 -0.020128 -0.487266 0.873022 -0.001500 0.000000 0.000000 0.000000 1.000000
0.990640 -0.136082 -0.010662 0.000000 0.124575 0.869407 0.478135 11.447500 -0.055796 -0.474988 0.878222 -0.001500 0.000000 0.000000 0.000000 1.000000
0.998732 -0.050210 -0.003541 0.000000 0.050335 0.996047 0.073196 11.447500 -0.000148 -0.073282 0.997311 -0.001500 0.000000 0.000000 0.000000 1.000000
0.998364 -0.055487 0.013780 0.000000 0.057119 0.957620 -0.282315 11.447500 0.002469 0.282640 0.959223 -0.001500 0.000000 0.000000 0.000000 1.000000
0.997707 -0.061724 0.027757 0.000000 0.067513 0.879091 -0.471848 11.447500 0.004724 0.472640 0.881243 -0.001500 0.000000 0.000000 0.000000 1.000000
0.997338 -0.066479 0.029960 -0.000000 0.072565 0.864424 -0.497500 11.447500 0.007175 0.498349 0.866947 -0.001500 0.000000 0.000000 0.000000 1.000000
0.997694 -0.062800 0.025727 0.000000 0.067670 0.891827 -0.447287 11.447500 0.005146 0.447997 0.894020 -0.001500 0.000000 0.000000 0.000000 1.000000
0.998023 -0.059809 0.019324 0.000000 0.062739 0.929393 -0.363721 11.447500 0.003794 0.364214 0.931308 -0.001500 0.000000 0.000000 0.000000 1.000000
0.998932 -0.044865 0.011070 -0.000000 0.046210 0.969960 -0.238836 11.447500 -0.000022 0.239092 0.970997 -0.001500 0.000000 0.000000 0.000000 1.000000
0.998755 -0.049466 0.006508 0.000000 0.049873 0.986158 -0.158127 11.447500 0.001404 0.158255 0.987397 -0.001500 0.000000 0.000000 0.000000 1.000000
0.999255 -0.038561 0.001564 0.000000 0.038587 0.997638 -0.056834 11.447500 0.000631 0.056852 0.998382 -0.001500 0.000000 0.000000 0.000000 1.000000
0.999025 -0.044131 0.001114 0.000000 0.044135 0.997938 -0.046609 11.447500 0.000945 0.046612 0.998913 -0.001500 0.000000 0.000000 0.000000 1.000000
0.998892 -0.046975 0.002764 0.000000 0.047042 0.995432 -0.083084 11.447500 0.001152 0.083122 0.996539 -0.001500 0.000000 0.000000 0.000000 1.000000
0.998826 -0.048275 0.003908 -0.000000 0.048416 0.993074 -0.107052 11.447500 0.001287 0.107115 0.994246 -0.001500 0.000000 0.000000 0.000000 1.000000
0.998767 -0.049438 0.004557 0.000000 0.049627 0.991507 -0.120210 11.447500 0.001425 0.120288 0.992738 -0.001500 0.000000 0.000000 0.000000 1.000000</float_array>
        <technique_common>
          <accessor source="#mixamorig_RightHandMiddle1-Matrix-animation-output-transform-array" count="31" stride="16">
            <param type="float4x4"/>
          </accessor>
        </technique_common>
      </source>
      <source id="mixamorig_RightHandMiddle1-Interpolations">
        <Name_array id="mixamorig_RightHandMiddle1-Interpolations-array" count="31">
 LINEAR LINEAR LINEAR LINEAR LINEAR LINEAR LINEAR LINEAR LINEAR LINEAR LINEAR
LINEAR LINEAR LINEAR LINEAR LINEAR LINEAR LINEAR LINEAR LINEAR LINEAR LINEAR LINEAR
LINEAR LINEAR LINEAR LINEAR LINEAR LINEAR LINEAR LINEAR</Name_array>
        <technique_common>
          <accessor source="#mixamorig_RightHandMiddle1-Interpolations-array" count="31">
            <param type="name"/>
          </accessor>
        </technique_common>
      </source>
      <sampler id="mixamorig_RightHandMiddle1-Matrix-animation-transform">
        <input semantic="INPUT" source="#mixamorig_RightHandMiddle1-Matrix-animation-input"/>
        <input semantic="OUTPUT" source="#mixamorig_RightHandMiddle1-Matrix-animation-output-transform"/>
        <input semantic="INTERPOLATION" source="#mixamorig_RightHandMiddle1-Interpolations"/>
      </sampler>
      <channel source="#mixamorig_RightHandMiddle1-Matrix-animation-transform" target="mixamorig_RightHandMiddle1/matrix"/>
    </animation>
    <animation id="mixamorig_RightHandMiddle2-anim" name="mixamorig_RightHandMiddle2">
      <source id="mixamorig_RightHandMiddle2-Matrix-animation-input">
        <float_array id="mixamorig_RightHandMiddle2-Matrix-animation-input-array" count="31">

0.000000 0.033333 0.066667 0.100000 0.133333 0.166667 0.200000 0.233333 0.266667 0.300000 0.333333 0.366667 0.400000 0.433333 0.466667 0.500000
0.533333 0.566667 0.600000 0.633333 0.666667 0.700000 0.733333 0.766667 0.800000 0.833333 0.866667 0.900000 0.933333 0.966667 1.000000</float_array>
        <technique_common>
          <accessor source="#mixamorig_RightHandMiddle2-Matrix-animation-input-array" count="31">
            <param name="TIME" type="float"/>
          </accessor>
        </technique_common>
      </source>
      <source id="mixamorig_RightHandMiddle2-Matrix-animation-output-transform">
        <float_array id="mixamorig_RightHandMiddle2-Matrix-animation-output-transform-array" count="496">

1.000000 -0.000084 0.000000 0.000000 0.000084 0.999999 -0.001033 2.900000 -0.000000 0.001033 0.999999 0.000000 0.000000 0.000000 0.000000 1.000000
0.999999 -0.001535 0.000015 0.000000 0.001535 0.999822 -0.018830 2.900000 0.000014 0.018830 0.999823 0.000000 0.000000 0.000000 0.000000 1.000000
0.999998 -0.002175 0.000029 -0.000000 0.002175 0.999642 -0.026684 2.900000 0.000029 0.026684 0.999644 0.000000 0.000000 0.000000 0.000000 1.000000
0.999996 -0.002671 0.000044 -0.000000 0.002671 0.999459 -0.032768 2.900000 0.000044 0.032768 0.999463 0.000000 0.000000 0.000000 0.000000 1.000000
0.999996 -0.002791 0.000048 0.000000 0.002791 0.999410 -0.034242 2.900000 0.000048 0.034242 0.999414 0.000000 0.000000 0.000000 0.000000 1.000000
1.000000 0.000000 -0.000000 -0.000000 -0.000000 1.000000 -0.000000 2.900000 0.000000 0.000000 1.000000 -0.000000 0.000000 0.000000 0.000000 1.000000
1.000000 0.000000 -0.000000 0.000000 -0.000000 1.000000 -0.000000 2.900000 0.000000 -0.000000 1.000000 0.000000 0.000000 0.000000 0.000000 1.000000
1.000000 -0.000000 0.000000 0.000000 0.000000 1.000000 -0.000000 2.900000 -0.000000 0.000000 1.000000 0.000000 0.000000 0.000000 0.000000 1.000000
1.000000 -0.000000 0.000000 0.000000 0.000000 1.000000 0.000000 2.900000 -0.000000 -0.000000 1.000000 0.000000 0.000000 0.000000 0.000000 1.000000
1.000000 0.000000 0.000000 0.000000 -0.000000 1.000000 -0.000000 2.900000 -0.000000 0.000000 1.000000 0.000000 0.000000 0.000000 0.000000 1.000000
1.000000 0.000000 -0.000000 0.000000 -0.000000 1.000000 -0.000000 2.900000 0.000000 0.000000 1.000000 -0.000000 0.000000 0.000000 0.000000 1.000000
1.000000 -0.000000 0.000000 0.000000 0.000000 1.000000 -0.000000 2.900000 -0.000000 0.000000 1.000000 -0.000000 0.000000 0.000000 0.000000 1.000000
1.000000 0.000000 -0.000000 0.000000 -0.000000 1.000000 -0.000000 2.900000 0.000000 -0.000000 1.000000 0.000000 0.000000 0.000000 0.000000 1.000000
1.000000 -0.000000 -0.000000 0.000000 0.000000 1.000000 -0.000000 2.900000 0.000000 0.000000 1.000000 0.000000 0.000000 0.000000 0.000000 1.000000
1.000000 0.000000 -0.000000 0.000000 -0.000000 1.000000 -0.000000 2.900000 0.000000 0.000000 1.000000 0.000000 0.000000 0.000000 0.000000 1.000000
0.999999 -0.001287 0.000010 0.000000 0.001287 0.999875 -0.015790 2.900000 0.000010 0.015790 0.999875 -0.000000 0.000000 0.000000 0.000000 1.000000
0.999990 -0.004386 0.000118 0.000000 0.004386 0.998541 -0.053821 2.900000 0.000118 0.053821 0.998551 0.000000 0.000000 0.000000 0.000000 1.000000
0.999928 -0.011928 0.000878 0.000000 0.011928 0.989160 -0.146354 2.900000 0.000877 0.146354 0.989232 0.000000 0.000000 0.000000 0.000000 1.000000
0.999643 -0.026341 0.004375 0.000000 0.026341 0.945967 -0.323192 2.900000 0.004375 0.323192 0.946323 -0.000000 0.000000 0.000000 0.000000 1.000000
0.999023 -0.042535 0.011987 0.000000 0.042535 0.851950 -0.521892 2.900000 0.011987 0.521892 0.852927 0.000000 0.000000 0.000000 0.000000 1.000000
0.998556 -0.050720 0.017721 0.000000 0.050720 0.781122 -0.622315 2.900000 0.017721 0.622315 0.782566 0.000000 0.000000 0.000000 0.000000 1.000000
0.998591 -0.050178 0.017293 0.000000 0.050178 0.786404 -0.615671 2.900000 0.017294 0.615671 0.787813 0.000000 0.000000 0.000000 0.000000 1.000000
0.998917 -0.044581 0.013283 0.000000 0.044581 0.835947 -0.546997 2.900000 0.013282 0.546997 0.837029 -0.000000 0.000000 0.000000 0.000000 1.000000
0.999239 -0.037866 0.009335 0.000000 0.037866 0.884706 -0.464608 2.900000 0.009335 0.464608 0.885467 -0.000000 0.000000 0.000000 0.000000 1.000000
0.999380 -0.034371 0.007605 0.000000 0.034371 0.906075 -0.421720 2.900000 0.007605 0.421720 0.906694 0.000000 0.000000 0.000000 0.000000 1.000000
0.999787 -0.020488 0.002618 -0.000000 0.020488 0.967670 -0.251385 2.900000 0.002617 0.251385 0.967884 -0.000000 0.000000 0.000000 0.000000 1.000000
0.999887 -0.014963 0.001385 0.000000 0.014963 0.982889 -0.183592 2.900000 0.001385 0.183592 0.983002 0.000000 0.000000 0.000000 0.000000 1.000000
0.999986 -0.005287 0.000172 0.000000 0.005287 0.997880 -0.064870 2.900000 0.000172 0.064870 0.997894 0.000000 0.000000 0.000000 0.000000 1.000000
1.000000 -0.000000 0.000000 0.000000 0.000000 1.000000 0.000000 2.900000 -0.000000 -0.000000 1.000000 0.000000 0.000000 0.000000 0.000000 1.000000
1.000000 0.000000 0.000000 0.000000 -0.000000 1.000000 -0.000000 2.900000 -0.000000 0.000000 1.000000 0.000000 0.000000 0.000000 0.000000 1.000000
1.000000 -0.000155 0.000000 0.000000 0.000155 0.999998 -0.001898 2.900000 0.000000 0.001898 0.999998 0.000000 0.000000 0.000000 0.000000 1.000000</float_array>
        <technique_common>
          <accessor source="#mixamorig_RightHandMiddle2-Matrix-animation-output-transform-array" count="31" stride="16">
            <param type="float4x4"/>
          </accessor>
        </technique_common>
      </source>
      <source id="mixamorig_RightHandMiddle2-Interpolations">
        <Name_array id="mixamorig_RightHandMiddle2-Interpolations-array" count="31">
 LINEAR LINEAR LINEAR LINEAR LINEAR LINEAR LINEAR LINEAR LINEAR LINEAR LINEAR
LINEAR LINEAR LINEAR LINEAR LINEAR LINEAR LINEAR LINEAR LINEAR LINEAR LINEAR LINEAR
LINEAR LINEAR LINEAR LINEAR LINEAR LINEAR LINEAR LINEAR</Name_array>
        <technique_common>
          <accessor source="#mixamorig_RightHandMiddle2-Interpolations-array" count="31">
            <param type="name"/>
          </accessor>
        </technique_common>
      </source>
      <sampler id="mixamorig_RightHandMiddle2-Matrix-animation-transform">
        <input semantic="INPUT" source="#mixamorig_RightHandMiddle2-Matrix-animation-input"/>
        <input semantic="OUTPUT" source="#mixamorig_RightHandMiddle2-Matrix-animation-output-transform"/>
        <input semantic="INTERPOLATION" source="#mixamorig_RightHandMiddle2-Interpolations"/>
      </sampler>
      <channel source="#mixamorig_RightHandMiddle2-Matrix-animation-transform" target="mixamorig_RightHandMiddle2/matrix"/>
    </animation>
    <animation id="mixamorig_RightHandMiddle3-anim" name="mixamorig_RightHandMiddle3">
      <source id="mixamorig_RightHandMiddle3-Matrix-animation-input">
        <float_array id="mixamorig_RightHandMiddle3-Matrix-animation-input-array" count="31">

0.000000 0.033333 0.066667 0.100000 0.133333 0.166667 0.200000 0.233333 0.266667 0.300000 0.333333 0.366667 0.400000 0.433333 0.466667 0.500000
0.533333 0.566667 0.600000 0.633333 0.666667 0.700000 0.733333 0.766667 0.800000 0.833333 0.866667 0.900000 0.933333 0.966667 1.000000</float_array>
        <technique_common>
          <accessor source="#mixamorig_RightHandMiddle3-Matrix-animation-input-array" count="31">
            <param name="TIME" type="float"/>
          </accessor>
        </technique_common>
      </source>
      <source id="mixamorig_RightHandMiddle3-Matrix-animation-output-transform">
        <float_array id="mixamorig_RightHandMiddle3-Matrix-animation-output-transform-array" count="496">

1.000000 0.000051 -0.000000 0.000000 -0.000051 1.000000 0.000624 2.000000 0.000000 -0.000624 1.000000 0.000000 0.000000 0.000000 0.000000 1.000000
1.000000 0.000971 0.000006 -0.000000 -0.000971 0.999929 0.011918 2.000000 0.000006 -0.011918 0.999929 -0.000000 0.000000 0.000000 0.000000 1.000000
0.999999 0.001524 0.000014 0.000000 -0.001524 0.999824 0.018700 2.000000 0.000014 -0.018700 0.999825 0.000000 0.000000 0.000000 0.000000 1.000000
0.999999 0.001567 0.000015 -0.000000 -0.001567 0.999814 0.019230 2.000000 0.000015 -0.019230 0.999815 0.000000 0.000000 0.000000 0.000000 1.000000
1.000000 0.000213 0.000000 0.000000 -0.000213 0.999997 0.002612 2.000000 0.000000 -0.002612 0.999997 -0.000000 0.000000 0.000000 0.000000 1.000000
1.000000 -0.000000 0.000000 0.000000 0.000000 1.000000 -0.000003 2.000000 -0.000000 0.000003 1.000000 0.000000 0.000000 0.000000 0.000000 1.000000
1.000000 -0.000001 -0.000000 0.000000 0.000001 1.000000 -0.000012 2.000000 0.000000 0.000012 1.000000 0.000000 0.000000 0.000000 0.000000 1.000000
1.000000 -0.000002 -0.000000 0.000000 0.000002 1.000000 -0.000021 2.000000 0.000000 0.000021 1.000000 0.000000 0.000000 0.000000 0.000000 1.000000
1.000000 -0.000002 0.000000 0.000000 0.000002 1.000000 -0.000029 2.000000 -0.000000 0.000029 1.000000 0.000000 0.000000 0.000000 0.000000 1.000000
1.000000 -0.000003 0.000000 0.000000 0.000003 1.000000 -0.000036 2.000000 -0.000000 0.000036 1.000000 0.000000 0.000000 0.000000 0.000000 1.000000
1.000000 -0.000004 0.000000 0.000000 0.000004 1.000000 -0.000050 2.000000 -0.000000 0.000050 1.000000 -0.000000 0.000000 0.000000 0.000000 1.000000
1.000000 -0.000006 0.000000 0.000000 0.000006 1.000000 -0.000077 2.000000 -0.000000 0.000077 1.000000 0.000000 0.000000 0.000000 0.000000 1.000000
1.000000 -0.000006 -0.000000 0.000000 0.000006 1.000000 -0.000070 2.000000 0.000000 0.000070 1.000000 0.000000 0.000000 0.000000 0.000000 1.000000
1.000000 -0.000003 0.000000 0.000000 0.000003 1.000000 -0.000032 2.000000 -0.000000 0.000032 1.000000 0.000000 0.000000 0.000000 0.000000 1.000000
1.000000 -0.000001 0.000000 0.000000 0.000001 1.000000 -0.000013 2.000000 -0.000000 0.000013 1.000000 0.000000 0.000000 0.000000 0.000000 1.000000
1.000000 0.000182 0.000000 0.000000 -0.000182 0.999997 0.002240 2.000000 0.000000 -0.002240 0.999997 -0.000000 0.000000 0.000000 0.000000 1.000000
0.999996 0.002894 0.000051 0.000000 -0.002894 0.999365 0.035507 2.000000 0.000052 -0.035507 0.999369 0.000000 0.000000 0.000000 0.000000 1.000000
1.000000 -0.000185 0.000000 0.000000 0.000185 0.999997 -0.002267 2.000000 0.000000 0.002267 0.999997 0.000000 0.000000 0.000000 0.000000 1.000000
0.999869 -0.016084 0.001603 0.000000 0.016084 0.980201 -0.197351 2.000000 0.001603 0.197351 0.980331 0.000000 0.000000 0.000000 0.000000 1.000000
0.999277 -0.036967 0.008869 0.000000 0.036967 0.890453 -0.453570 2.000000 0.008869 0.453570 0.891176 -0.000000 0.000000 0.000000 0.000000 1.000000
0.998624 -0.049645 0.016880 0.000000 0.049645 0.791518 -0.609126 2.000000 0.016879 0.609126 0.792894 0.000000 0.000000 0.000000 0.000000 1.000000
0.998535 -0.051036 0.017974 -0.000000 0.051036 0.777996 -0.626192 2.000000 0.017974 0.626192 0.779461 -0.000000 0.000000 0.000000 0.000000 1.000000
0.998848 -0.045861 0.014137 0.000000 0.045860 0.825395 -0.562689 2.000000 0.014137 0.562689 0.826548 0.000000 0.000000 0.000000 0.000000 1.000000
0.999215 -0.038433 0.009635 0.000000 0.038433 0.880997 -0.471558 2.000000 0.009635 0.471558 0.881783 0.000000 0.000000 0.000000 0.000000 1.000000
0.999583 -0.028431 0.005121 -0.000000 0.028431 0.936750 -0.348842 2.000000 0.005121 0.348842 0.937167 0.000000 0.000000 0.000000 0.000000 1.000000
0.999717 -0.023545 0.003476 0.000000 0.023545 0.957072 -0.288893 2.000000 0.003476 0.288893 0.957355 0.000000 0.000000 0.000000 0.000000 1.000000
0.999914 -0.013053 0.001052 0.000000 0.013053 0.987006 -0.160155 2.000000 0.001052 0.160155 0.987091 0.000000 0.000000 0.000000 0.000000 1.000000
0.999976 -0.006857 0.000289 0.000000 0.006857 0.996431 -0.084130 2.000000 0.000289 0.084130 0.996455 0.000000 0.000000 0.000000 0.000000 1.000000
1.000000 -0.000000 -0.000000 0.000000 0.000000 1.000000 -0.000000 2.000000 0.000000 0.000000 1.000000 0.000000 0.000000 0.000000 0.000000 1.000000
0.999999 0.001524 0.000014 0.000000 -0.001524 0.999824 0.018702 2.000000 0.000014 -0.018702 0.999825 0.000000 0.000000 0.000000 0.000000 1.000000
1.000000 0.000093 0.000000 0.000000 -0.000093 0.999999 0.001144 2.000000 -0.000000 -0.001144 0.999999 0.000000 0.000000 0.000000 0.000000 1.000000</float_array>
        <technique_common>
          <accessor source="#mixamorig_RightHandMiddle3-Matrix-animation-output-transform-array" count="31" stride="16">
            <param type="float4x4"/>
          </accessor>
        </technique_common>
      </source>
      <source id="mixamorig_RightHandMiddle3-Interpolations">
        <Name_array id="mixamorig_RightHandMiddle3-Interpolations-array" count="31">
 LINEAR LINEAR LINEAR LINEAR LINEAR LINEAR LINEAR LINEAR LINEAR LINEAR LINEAR
LINEAR LINEAR LINEAR LINEAR LINEAR LINEAR LINEAR LINEAR LINEAR LINEAR LINEAR LINEAR
LINEAR LINEAR LINEAR LINEAR LINEAR LINEAR LINEAR LINEAR</Name_array>
        <technique_common>
          <accessor source="#mixamorig_RightHandMiddle3-Interpolations-array" count="31">
            <param type="name"/>
          </accessor>
        </technique_common>
      </source>
      <sampler id="mixamorig_RightHandMiddle3-Matrix-animation-transform">
        <input semantic="INPUT" source="#mixamorig_RightHandMiddle3-Matrix-animation-input"/>
        <input semantic="OUTPUT" source="#mixamorig_RightHandMiddle3-Matrix-animation-output-transform"/>
        <input semantic="INTERPOLATION" source="#mixamorig_RightHandMiddle3-Interpolations"/>
      </sampler>
      <channel source="#mixamorig_RightHandMiddle3-Matrix-animation-transform" target="mixamorig_RightHandMiddle3/matrix"/>
    </animation>
    <animation id="mixamorig_RightHandRing1-anim" name="mixamorig_RightHandRing1">
      <source id="mixamorig_RightHandRing1-Matrix-animation-input">
        <float_array id="mixamorig_RightHandRing1-Matrix-animation-input-array" count="31">

0.000000 0.033333 0.066667 0.100000 0.133333 0.166667 0.200000 0.233333 0.266667 0.300000 0.333333 0.366667 0.400000 0.433333 0.466667 0.500000
0.533333 0.566667 0.600000 0.633333 0.666667 0.700000 0.733333 0.766667 0.800000 0.833333 0.866667 0.900000 0.933333 0.966667 1.000000</float_array>
        <technique_common>
          <accessor source="#mixamorig_RightHandRing1-Matrix-animation-input-array" count="31">
            <param name="TIME" type="float"/>
          </accessor>
        </technique_common>
      </source>
      <source id="mixamorig_RightHandRing1-Matrix-animation-output-transform">
        <float_array id="mixamorig_RightHandRing1-Matrix-animation-output-transform-array" count="496">

0.998782 -0.049152 0.004374 -2.247300 0.049327 0.991962 -0.116528 10.605500 0.001389 0.116602 0.993178 -0.269500 0.000000 0.000000 0.000000 1.000000
0.998808 -0.048640 0.004013 -2.247300 0.048787 0.992822 -0.109202 10.605500 0.001327 0.109268 0.994011 -0.269500 0.000000 0.000000 0.000000 1.000000
0.998815 -0.048508 0.003895 -2.247300 0.048647 0.993092 -0.106781 10.605500 0.001311 0.106844 0.994275 -0.269500 0.000000 0.000000 0.000000 1.000000
0.998825 -0.048312 0.003738 -2.247300 0.048439 0.993445 -0.103540 10.605500 0.001289 0.103599 0.994618 -0.269500 0.000000 0.000000 0.000000 1.000000
0.998836 -0.048107 0.003575 -2.247300 0.048223 0.993800 -0.100182 10.605500 0.001266 0.100238 0.994963 -0.269500 0.000000 0.000000 0.000000 1.000000
0.993482 -0.113871 -0.005196 -2.247300 0.113700 0.986684 0.116303 10.605500 -0.008117 -0.116136 0.993200 -0.269500 0.000000 0.000000 0.000000 1.000000
0.986888 -0.161253 -0.007032 -2.247300 0.160191 0.973192 0.165036 10.605500 -0.019769 -0.163999 0.986262 -0.269500 0.000000 0.000000 0.000000 1.000000
0.978666 -0.205360 -0.006382 -2.247300 0.204573 0.971089 0.123025 10.605500 -0.019067 -0.121706 0.992383 -0.269500 0.000000 0.000000 0.000000 1.000000
0.978802 -0.204626 -0.008624 -2.247300 0.202012 0.957653 0.205165 10.605500 -0.033723 -0.202558 0.978689 -0.269500 0.000000 0.000000 0.000000 1.000000
0.982263 -0.187238 -0.010093 -2.247300 0.182020 0.939190 0.291188 10.605500 -0.045042 -0.287860 0.956613 -0.269500 0.000000 0.000000 0.000000 1.000000
0.982753 -0.184597 -0.010997 -2.247300 0.175721 0.913664 0.366524 10.605500 -0.057612 -0.362134 0.930344 -0.269500 0.000000 0.000000 0.000000 1.000000
0.982030 -0.188396 -0.011148 -2.247300 0.178563 0.908407 0.378037 10.605500 -0.061094 -0.373234 0.925724 -0.269500 0.000000 0.000000 0.000000 1.000000
0.983143 -0.182504 -0.011065 -2.247300 0.173041 0.909202 0.378694 10.605500 -0.059053 -0.374225 0.925456 -0.269500 0.000000 0.000000 0.000000 1.000000
0.988269 -0.152353 -0.010609 -2.247300 0.145353 0.916993 0.371478 10.605500 -0.046867 -0.368663 0.928381 -0.269500 0.000000 0.000000 0.000000 1.000000
0.993610 -0.112415 -0.010062 -2.247300 0.108629 0.928327 0.355539 10.605500 -0.030627 -0.354360 0.934607 -0.269500 0.000000 0.000000 0.000000 1.000000
0.996340 -0.084881 -0.010063 -2.247300 0.082282 0.920578 0.381792 10.605500 -0.023143 -0.381222 0.924194 -0.269500 0.000000 0.000000 0.000000 1.000000
0.997418 -0.071109 -0.009999 -2.247300 0.069479 0.920487 0.384547 10.605500 -0.018141 -0.384249 0.923051 -0.269500 0.000000 0.000000 0.000000 1.000000
0.996580 -0.082196 -0.008550 -2.247300 0.081574 0.961903 0.260939 10.605500 -0.013223 -0.260744 0.965318 -0.269500 0.000000 0.000000 0.000000 1.000000
0.998465 -0.055371 0.001285 -2.247300 0.055365 0.997182 -0.050625 10.605500 0.001522 0.050618 0.998717 -0.269500 0.000000 0.000000 0.000000 1.000000
0.998072 -0.059104 0.018951 -2.247300 0.061967 0.931462 -0.358523 10.605500 0.003538 0.359006 0.933328 -0.269500 0.000000 0.000000 0.000000 1.000000
0.997322 -0.065524 0.032479 -2.247300 0.072803 0.847521 -0.525745 10.605500 0.006922 0.526701 0.850022 -0.269500 0.000000 0.000000 0.000000 1.000000
0.996963 -0.069801 0.034538 -2.247300 0.077299 0.832937 -0.547942 10.605500 0.009479 0.548948 0.835803 -0.269500 0.000000 0.000000 0.000000 1.000000
0.997415 -0.065340 0.029908 -2.247300 0.071556 0.864848 -0.496908 10.605500 0.006603 0.497763 0.867288 -0.269500 0.000000 0.000000 0.000000 1.000000
0.997797 -0.062347 0.022677 -2.247300 0.066166 0.910265 -0.408705 10.605500 0.004839 0.409305 0.912385 -0.269500 0.000000 0.000000 0.000000 1.000000
0.998806 -0.046983 0.013354 -2.247300 0.048844 0.959988 -0.275750 10.605500 0.000136 0.276073 0.961137 -0.269500 0.000000 0.000000 0.000000 1.000000
0.998626 -0.051763 0.008106 -2.247300 0.052364 0.980864 -0.187517 10.605500 0.001756 0.187684 0.982228 -0.269500 0.000000 0.000000 0.000000 1.000000
0.999226 -0.039272 0.002366 -2.247300 0.039339 0.996442 -0.074540 10.605500 0.000570 0.074575 0.997215 -0.269500 0.000000 0.000000 0.000000 1.000000
0.999050 -0.043548 0.001357 -2.247300 0.043560 0.997690 -0.052123 10.605500 0.000916 0.052132 0.998640 -0.269500 0.000000 0.000000 0.000000 1.000000
0.998958 -0.045564 0.002524 -2.247300 0.045622 0.995914 -0.077939 10.605500 0.001037 0.077973 0.996955 -0.269500 0.000000 0.000000 0.000000 1.000000
0.998877 -0.047253 0.003493 -2.247300 0.047367 0.994013 -0.098463 10.605500 0.001181 0.098518 0.995135 -0.269500 0.000000 0.000000 0.000000 1.000000
0.998784 -0.049107 0.004345 -2.247300 0.049280 0.992032 -0.115948 10.605500 0.001383 0.116022 0.993246 -0.269500 0.000000 0.000000 0.000000 1.000000</float_array>
        <technique_common>
          <accessor source="#mixamorig_RightHandRing1-Matrix-animation-output-transform-array" count="31" stride="16">
            <param type="float4x4"/>
          </accessor>
        </technique_common>
      </source>
      <source id="mixamorig_RightHandRing1-Interpolations">
        <Name_array id="mixamorig_RightHandRing1-Interpolations-array" count="31">
 LINEAR LINEAR LINEAR LINEAR LINEAR LINEAR LINEAR LINEAR LINEAR LINEAR LINEAR
LINEAR LINEAR LINEAR LINEAR LINEAR LINEAR LINEAR LINEAR LINEAR LINEAR LINEAR LINEAR
LINEAR LINEAR LINEAR LINEAR LINEAR LINEAR LINEAR LINEAR</Name_array>
        <technique_common>
          <accessor source="#mixamorig_RightHandRing1-Interpolations-array" count="31">
            <param type="name"/>
          </accessor>
        </technique_common>
      </source>
      <sampler id="mixamorig_RightHandRing1-Matrix-animation-transform">
        <input semantic="INPUT" source="#mixamorig_RightHandRing1-Matrix-animation-input"/>
        <input semantic="OUTPUT" source="#mixamorig_RightHandRing1-Matrix-animation-output-transform"/>
        <input semantic="INTERPOLATION" source="#mixamorig_RightHandRing1-Interpolations"/>
      </sampler>
      <channel source="#mixamorig_RightHandRing1-Matrix-animation-transform" target="mixamorig_RightHandRing1/matrix"/>
    </animation>
    <animation id="mixamorig_RightHandRing2-anim" name="mixamorig_RightHandRing2">
      <source id="mixamorig_RightHandRing2-Matrix-animation-input">
        <float_array id="mixamorig_RightHandRing2-Matrix-animation-input-array" count="31">

0.000000 0.033333 0.066667 0.100000 0.133333 0.166667 0.200000 0.233333 0.266667 0.300000 0.333333 0.366667 0.400000 0.433333 0.466667 0.500000
0.533333 0.566667 0.600000 0.633333 0.666667 0.700000 0.733333 0.766667 0.800000 0.833333 0.866667 0.900000 0.933333 0.966667 1.000000</float_array>
        <technique_common>
          <accessor source="#mixamorig_RightHandRing2-Matrix-animation-input-array" count="31">
            <param name="TIME" type="float"/>
          </accessor>
        </technique_common>
      </source>
      <source id="mixamorig_RightHandRing2-Matrix-animation-output-transform">
        <float_array id="mixamorig_RightHandRing2-Matrix-animation-output-transform-array" count="496">

1.000000 0.000000 0.000000 -0.000000 -0.000000 1.000000 0.000000 3.000100 -0.000000 -0.000000 1.000000 0.000000 0.000000 0.000000 0.000000 1.000000
0.999999 -0.001591 0.000015 -0.000000 0.001591 0.999808 -0.019515 3.000100 0.000016 0.019515 0.999810 0.000000 0.000000 0.000000 0.000000 1.000000
0.999997 -0.002247 0.000031 0.000000 0.002247 0.999617 -0.027573 3.000100 0.000031 0.027573 0.999620 0.000000 0.000000 0.000000 0.000000 1.000000
0.999996 -0.002773 0.000047 0.000000 0.002773 0.999417 -0.034020 3.000100 0.000047 0.034020 0.999421 0.000000 0.000000 0.000000 0.000000 1.000000
0.999998 -0.002141 0.000028 0.000000 0.002141 0.999653 -0.026273 3.000100 0.000028 0.026273 0.999655 0.000000 0.000000 0.000000 0.000000 1.000000
0.999749 -0.022207 0.003084 0.000000 0.022207 0.961908 -0.272471 3.000100 0.003084 0.272471 0.962159 0.000000 0.000000 0.000000 0.000000 1.000000
0.999813 -0.019177 0.002289 0.000000 0.019177 0.971734 -0.235300 3.000100 0.002288 0.235300 0.971920 0.000000 0.000000 0.000000 0.000000 1.000000
1.000000 0.000000 -0.000000 0.000000 -0.000000 1.000000 -0.000000 3.000100 0.000000 0.000000 1.000000 0.000000 0.000000 0.000000 0.000000 1.000000
1.000000 0.000000 0.000000 0.000000 -0.000000 1.000000 -0.000000 3.000100 -0.000000 0.000000 1.000000 0.000000 0.000000 0.000000 0.000000 1.000000
1.000000 -0.000000 -0.000000 -0.000000 0.000000 1.000000 -0.000000 3.000100 0.000000 0.000000 1.000000 0.000000 0.000000 0.000000 0.000000 1.000000
1.000000 -0.000000 0.000000 0.000000 0.000000 1.000000 -0.000000 3.000100 -0.000000 0.000000 1.000000 0.000000 0.000000 0.000000 0.000000 1.000000
1.000000 0.000000 0.000000 0.000000 -0.000000 1.000000 -0.000000 3.000100 -0.000000 0.000000 1.000000 -0.000000 0.000000 0.000000 0.000000 1.000000
1.000000 0.000000 -0.000000 0.000000 -0.000000 1.000000 -0.000000 3.000100 -0.000000 0.000000 1.000000 0.000000 0.000000 0.000000 0.000000 1.000000
1.000000 -0.000000 0.000000 0.000000 0.000000 1.000000 0.000000 3.000100 -0.000000 -0.000000 1.000000 0.000000 0.000000 0.000000 0.000000 1.000000
1.000000 -0.000000 -0.000000 0.000000 0.000000 1.000000 -0.000000 3.000100 0.000000 0.000000 1.000000 0.000000 0.000000 0.000000 0.000000 1.000000
0.999998 -0.002060 0.000026 0.000000 0.002060 0.999678 -0.025272 3.000100 0.000026 0.025272 0.999681 -0.000000 0.000000 0.000000 0.000000 1.000000
0.999978 -0.006621 0.000269 0.000000 0.006621 0.996673 -0.081235 3.000100 0.000269 0.081235 0.996695 -0.000000 0.000000 0.000000 0.000000 1.000000
0.999880 -0.015451 0.001478 0.000000 0.015451 0.981746 -0.189567 3.000100 0.001478 0.189567 0.981867 -0.000000 0.000000 0.000000 0.000000 1.000000
0.999533 -0.030006 0.005726 0.000000 0.030006 0.929278 -0.368160 3.000100 0.005726 0.368160 0.929745 0.000000 0.000000 0.000000 0.000000 1.000000
0.998951 -0.043950 0.012873 0.000000 0.043950 0.840999 -0.539249 3.000100 0.012874 0.539249 0.842048 0.000000 0.000000 0.000000 0.000000 1.000000
0.998578 -0.050375 0.017447 0.000000 0.050375 0.784502 -0.618077 3.000100 0.017448 0.618077 0.785924 0.000000 0.000000 0.000000 0.000000 1.000000
0.998597 -0.050075 0.017213 0.000000 0.050075 0.787398 -0.614407 3.000100 0.017213 0.614407 0.788801 0.000000 0.000000 0.000000 0.000000 1.000000
0.998902 -0.044869 0.013471 0.000000 0.044869 0.833615 -0.550521 3.000100 0.013471 0.550521 0.834713 0.000000 0.000000 0.000000 0.000000 1.000000
0.999236 -0.037947 0.009377 0.000000 0.037947 0.884187 -0.465590 3.000100 0.009377 0.465590 0.884951 -0.000000 0.000000 0.000000 0.000000 1.000000
0.999370 -0.034640 0.007730 0.000000 0.034640 0.904523 -0.425016 3.000100 0.007730 0.425016 0.905153 0.000000 0.000000 0.000000 0.000000 1.000000
0.999787 -0.020455 0.002609 0.000000 0.020455 0.967777 -0.250975 3.000100 0.002609 0.250975 0.967990 0.000000 0.000000 0.000000 0.000000 1.000000
0.999881 -0.015334 0.001456 0.000000 0.015334 0.982021 -0.188146 3.000100 0.001456 0.188146 0.982140 -0.000000 0.000000 0.000000 0.000000 1.000000
0.999986 -0.005336 0.000175 0.000000 0.005336 0.997840 -0.065476 3.000100 0.000175 0.065476 0.997854 -0.000000 0.000000 0.000000 0.000000 1.000000
1.000000 -0.000000 -0.000000 0.000000 0.000000 1.000000 -0.000000 3.000100 0.000000 0.000000 1.000000 0.000000 0.000000 0.000000 0.000000 1.000000
1.000000 -0.000000 -0.000000 0.000000 0.000000 1.000000 -0.000000 3.000100 0.000000 0.000000 1.000000 0.000000 0.000000 0.000000 0.000000 1.000000
1.000000 -0.000119 0.000000 0.000000 0.000119 0.999999 -0.001456 3.000100 0.000000 0.001456 0.999999 -0.000000 0.000000 0.000000 0.000000 1.000000</float_array>
        <technique_common>
          <accessor source="#mixamorig_RightHandRing2-Matrix-animation-output-transform-array" count="31" stride="16">
            <param type="float4x4"/>
          </accessor>
        </technique_common>
      </source>
      <source id="mixamorig_RightHandRing2-Interpolations">
        <Name_array id="mixamorig_RightHandRing2-Interpolations-array" count="31">
 LINEAR LINEAR LINEAR LINEAR LINEAR LINEAR LINEAR LINEAR LINEAR LINEAR LINEAR
LINEAR LINEAR LINEAR LINEAR LINEAR LINEAR LINEAR LINEAR LINEAR LINEAR LINEAR LINEAR
LINEAR LINEAR LINEAR LINEAR LINEAR LINEAR LINEAR LINEAR</Name_array>
        <technique_common>
          <accessor source="#mixamorig_RightHandRing2-Interpolations-array" count="31">
            <param type="name"/>
          </accessor>
        </technique_common>
      </source>
      <sampler id="mixamorig_RightHandRing2-Matrix-animation-transform">
        <input semantic="INPUT" source="#mixamorig_RightHandRing2-Matrix-animation-input"/>
        <input semantic="OUTPUT" source="#mixamorig_RightHandRing2-Matrix-animation-output-transform"/>
        <input semantic="INTERPOLATION" source="#mixamorig_RightHandRing2-Interpolations"/>
      </sampler>
      <channel source="#mixamorig_RightHandRing2-Matrix-animation-transform" target="mixamorig_RightHandRing2/matrix"/>
    </animation>
    <animation id="mixamorig_RightHandRing3-anim" name="mixamorig_RightHandRing3">
      <source id="mixamorig_RightHandRing3-Matrix-animation-input">
        <float_array id="mixamorig_RightHandRing3-Matrix-animation-input-array" count="31">

0.000000 0.033333 0.066667 0.100000 0.133333 0.166667 0.200000 0.233333 0.266667 0.300000 0.333333 0.366667 0.400000 0.433333 0.466667 0.500000
0.533333 0.566667 0.600000 0.633333 0.666667 0.700000 0.733333 0.766667 0.800000 0.833333 0.866667 0.900000 0.933333 0.966667 1.000000</float_array>
        <technique_common>
          <accessor source="#mixamorig_RightHandRing3-Matrix-animation-input-array" count="31">
            <param name="TIME" type="float"/>
          </accessor>
        </technique_common>
      </source>
      <source id="mixamorig_RightHandRing3-Matrix-animation-output-transform">
        <float_array id="mixamorig_RightHandRing3-Matrix-animation-output-transform-array" count="496">

1.000000 0.000000 0.000000 0.000000 -0.000000 1.000000 -0.000000 2.200000 0.000000 0.000000 1.000000 0.000000 0.000000 0.000000 0.000000 1.000000
0.999999 0.001031 0.000007 0.000000 -0.001031 0.999920 0.012644 2.200000 0.000006 -0.012644 0.999920 0.000000 0.000000 0.000000 0.000000 1.000000
0.999999 0.001701 0.000018 0.000000 -0.001701 0.999781 0.020865 2.200000 0.000018 -0.020865 0.999782 -0.000000 0.000000 0.000000 0.000000 1.000000
0.999999 0.001702 0.000018 0.000000 -0.001702 0.999781 0.020880 2.200000 0.000018 -0.020880 0.999782 0.000000 0.000000 0.000000 0.000000 1.000000
0.999999 -0.001286 0.000010 -0.000000 0.001286 0.999875 -0.015777 2.200000 0.000010 0.015777 0.999876 -0.000000 0.000000 0.000000 0.000000 1.000000
0.999975 0.007065 0.000307 0.000000 -0.007065 0.996211 0.086684 2.200000 0.000307 -0.086684 0.996236 0.000000 0.000000 0.000000 0.000000 1.000000
0.999996 0.002773 0.000047 0.000000 -0.002773 0.999417 0.034020 2.200000 0.000047 -0.034020 0.999421 0.000000 0.000000 0.000000 0.000000 1.000000
1.000000 -0.000022 0.000000 0.000000 0.000022 1.000000 -0.000268 2.200000 -0.000000 0.000268 1.000000 0.000000 0.000000 0.000000 0.000000 1.000000
1.000000 -0.000005 -0.000000 -0.000000 0.000005 1.000000 -0.000055 2.200000 0.000000 0.000055 1.000000 0.000000 0.000000 0.000000 0.000000 1.000000
1.000000 -0.000003 -0.000000 -0.000000 0.000003 1.000000 -0.000040 2.200000 0.000000 0.000040 1.000000 0.000000 0.000000 0.000000 0.000000 1.000000
1.000000 -0.000004 -0.000000 0.000000 0.000004 1.000000 -0.000056 2.200000 0.000000 0.000056 1.000000 -0.000000 0.000000 0.000000 0.000000 1.000000
1.000000 -0.000008 -0.000000 0.000000 0.000008 1.000000 -0.000090 2.200000 0.000000 0.000090 1.000000 0.000000 0.000000 0.000000 0.000000 1.000000
1.000000 -0.000005 -0.000000 0.000000 0.000005 1.000000 -0.000065 2.200000 0.000000 0.000065 1.000000 -0.000000 0.000000 0.000000 0.000000 1.000000
1.000000 -0.000002 -0.000000 0.000000 0.000002 1.000000 -0.000025 2.200000 0.000000 0.000025 1.000000 0.000000 0.000000 0.000000 0.000000 1.000000
1.000000 -0.000001 0.000000 0.000000 0.000001 1.000000 -0.000009 2.200000 -0.000000 0.000009 1.000000 0.000000 0.000000 0.000000 0.000000 1.000000
0.999996 -0.002902 0.000052 0.000000 0.002902 0.999362 -0.035611 2.200000 0.000052 0.035611 0.999366 0.000000 0.000000 0.000000 0.000000 1.000000
0.999924 -0.012267 0.000928 0.000000 0.012267 0.988532 -0.150513 2.200000 0.000929 0.150513 0.988608 0.000000 0.000000 0.000000 0.000000 1.000000
0.999629 -0.026861 0.004555 0.000000 0.026861 0.943748 -0.329574 2.200000 0.004554 0.329574 0.944119 0.000000 0.000000 0.000000 0.000000 1.000000
0.999113 -0.040669 0.010878 -0.000000 0.040669 0.865651 -0.498993 2.200000 0.010877 0.498993 0.866538 0.000000 0.000000 0.000000 0.000000 1.000000
0.998674 -0.048835 0.016264 0.000000 0.048835 0.799123 -0.599181 2.200000 0.016264 0.599181 0.800448 0.000000 0.000000 0.000000 0.000000 1.000000
0.998530 -0.051117 0.018039 0.000000 0.051117 0.777193 -0.627183 2.200000 0.018039 0.627183 0.778663 0.000000 0.000000 0.000000 0.000000 1.000000
0.998657 -0.049125 0.016483 0.000000 0.049125 0.796419 -0.602746 2.200000 0.016483 0.602746 0.797763 0.000000 0.000000 0.000000 0.000000 1.000000
0.998879 -0.045302 0.013759 0.000000 0.045302 0.830060 -0.555832 2.200000 0.013759 0.555832 0.831181 0.000000 0.000000 0.000000 0.000000 1.000000
0.999166 -0.039533 0.010235 0.000000 0.039533 0.873586 -0.485062 2.200000 0.010235 0.485062 0.874420 0.000000 0.000000 0.000000 0.000000 1.000000
0.999561 -0.029134 0.005386 -0.000000 0.029134 0.933472 -0.357465 2.200000 0.005386 0.357465 0.933911 0.000000 0.000000 0.000000 0.000000 1.000000
0.999712 -0.023754 0.003539 0.000000 0.023754 0.956291 -0.291452 2.200000 0.003539 0.291452 0.956579 0.000000 0.000000 0.000000 0.000000 1.000000
0.999918 -0.012744 0.001003 0.000000 0.012744 0.987618 -0.156360 2.200000 0.001003 0.156360 0.987700 0.000000 0.000000 0.000000 0.000000 1.000000
0.999977 -0.006832 0.000287 0.000000 0.006832 0.996457 -0.083821 2.200000 0.000287 0.083821 0.996481 0.000000 0.000000 0.000000 0.000000 1.000000
1.000000 0.000000 0.000000 0.000000 -0.000000 1.000000 -0.000000 2.200000 -0.000000 0.000000 1.000000 0.000000 0.000000 0.000000 0.000000 1.000000
0.999999 0.001483 0.000013 0.000000 -0.001483 0.999833 0.018191 2.200000 0.000013 -0.018191 0.999835 -0.000000 0.000000 0.000000 0.000000 1.000000
1.000000 0.000064 0.000000 0.000000 -0.000064 1.000000 0.000783 2.200000 -0.000000 -0.000783 1.000000 0.000000 0.000000 0.000000 0.000000 1.000000</float_array>
        <technique_common>
          <accessor source="#mixamorig_RightHandRing3-Matrix-animation-output-transform-array" count="31" stride="16">
            <param type="float4x4"/>
          </accessor>
        </technique_common>
      </source>
      <source id="mixamorig_RightHandRing3-Interpolations">
        <Name_array id="mixamorig_RightHandRing3-Interpolations-array" count="31">
 LINEAR LINEAR LINEAR LINEAR LINEAR LINEAR LINEAR LINEAR LINEAR LINEAR LINEAR
LINEAR LINEAR LINEAR LINEAR LINEAR LINEAR LINEAR LINEAR LINEAR LINEAR LINEAR LINEAR
LINEAR LINEAR LINEAR LINEAR LINEAR LINEAR LINEAR LINEAR</Name_array>
        <technique_common>
          <accessor source="#mixamorig_RightHandRing3-Interpolations-array" count="31">
            <param type="name"/>
          </accessor>
        </technique_common>
      </source>
      <sampler id="mixamorig_RightHandRing3-Matrix-animation-transform">
        <input semantic="INPUT" source="#mixamorig_RightHandRing3-Matrix-animation-input"/>
        <input semantic="OUTPUT" source="#mixamorig_RightHandRing3-Matrix-animation-output-transform"/>
        <input semantic="INTERPOLATION" source="#mixamorig_RightHandRing3-Interpolations"/>
      </sampler>
      <channel source="#mixamorig_RightHandRing3-Matrix-animation-transform" target="mixamorig_RightHandRing3/matrix"/>
    </animation>
    <animation id="mixamorig_RightHandPinky1-anim" name="mixamorig_RightHandPinky1">
      <source id="mixamorig_RightHandPinky1-Matrix-animation-input">
        <float_array id="mixamorig_RightHandPinky1-Matrix-animation-input-array" count="31">

0.000000 0.033333 0.066667 0.100000 0.133333 0.166667 0.200000 0.233333 0.266667 0.300000 0.333333 0.366667 0.400000 0.433333 0.466667 0.500000
0.533333 0.566667 0.600000 0.633333 0.666667 0.700000 0.733333 0.766667 0.800000 0.833333 0.866667 0.900000 0.933333 0.966667 1.000000</float_array>
        <technique_common>
          <accessor source="#mixamorig_RightHandPinky1-Matrix-animation-input-array" count="31">
            <param name="TIME" type="float"/>
          </accessor>
        </technique_common>
      </source>
      <source id="mixamorig_RightHandPinky1-Matrix-animation-output-transform">
        <float_array id="mixamorig_RightHandPinky1-Matrix-animation-output-transform-array" count="496">

0.998942 -0.045932 0.002412 -4.027800 0.045983 0.996085 -0.075496 9.628100 0.001065 0.075527 0.997143 0.340600 0.000000 0.000000 0.000000 1.000000
0.998973 -0.045267 0.001990 -4.027800 0.045299 0.996772 -0.066278 9.628100 0.001016 0.066300 0.997799 0.340600 0.000000 0.000000 0.000000 1.000000
0.998980 -0.045123 0.001871 -4.027800 0.045151 0.996951 -0.063635 9.628100 0.001007 0.063654 0.997971 0.340600 0.000000 0.000000 0.000000 1.000000
0.998993 -0.044829 0.001667 -4.027800 0.044849 0.997244 -0.059102 9.628100 0.000987 0.059118 0.998251 0.340600 0.000000 0.000000 0.000000 1.000000
0.998999 -0.044708 0.001582 -4.027800 0.044726 0.997386 -0.056749 9.628100 0.000960 0.056763 0.998387 0.340600 0.000000 0.000000 0.000000 1.000000
0.993994 -0.109126 -0.008170 -4.027800 0.107860 0.964382 0.241524 9.628100 -0.018478 -0.240955 0.970360 0.340600 0.000000 0.000000 0.000000 1.000000
0.987180 -0.159418 -0.007890 -4.027800 0.153973 0.938102 0.310252 9.628100 -0.042059 -0.307490 0.950622 0.340600 0.000000 0.000000 0.000000 1.000000
0.979266 -0.202422 -0.007976 -4.027800 0.195096 0.931754 0.306222 9.628100 -0.054554 -0.301429 0.951927 0.340600 0.000000 0.000000 0.000000 1.000000
0.977423 -0.211281 -0.002221 -4.027800 0.204522 0.943408 0.261061 9.628100 -0.053062 -0.255621 0.965320 0.340600 0.000000 0.000000 0.000000 1.000000
0.981137 -0.193153 -0.007943 -4.027800 0.184384 0.922665 0.338663 9.628100 -0.058085 -0.333739 0.940874 0.340600 0.000000 0.000000 0.000000 1.000000
0.981671 -0.190409 -0.008129 -4.027800 0.177642 0.898733 0.400902 9.628100 -0.069029 -0.394999 0.916085 0.340600 0.000000 0.000000 0.000000 1.000000
0.981012 -0.193922 -0.003044 -4.027800 0.178581 0.897061 0.404216 9.628100 -0.075656 -0.397084 0.914659 0.340600 0.000000 0.000000 0.000000 1.000000
0.980379 -0.185245 0.067395 -4.027800 0.143281 0.904460 0.401774 9.628100 -0.135383 -0.384234 0.913255 0.340600 0.000000 0.000000 0.000000 1.000000
0.980912 -0.150024 0.123710 -4.027800 0.091499 0.917476 0.387124 9.628100 -0.171579 -0.368415 0.913691 0.340600 0.000000 0.000000 0.000000 1.000000
0.977637 -0.102961 0.183373 -4.027800 0.033068 0.936369 0.349456 9.628100 -0.207685 -0.335578 0.918833 0.340600 0.000000 0.000000 0.000000 1.000000
0.992453 -0.093537 0.079297 -4.027800 0.064234 0.947385 0.313585 9.628100 -0.104457 -0.306125 0.946243 0.340600 0.000000 0.000000 0.000000 1.000000
0.996831 -0.078912 0.010090 -4.027800 0.073592 0.962855 0.259797 9.628100 -0.030216 -0.258232 0.965610 0.340600 0.000000 0.000000 0.000000 1.000000
0.997738 -0.067044 -0.004799 -4.027800 0.067162 0.991562 0.110875 9.628100 -0.002675 -0.110946 0.993823 0.340600 0.000000 0.000000 0.000000 1.000000
0.997472 -0.069568 0.014510 -4.027800 0.070967 0.985845 -0.151897 9.628100 -0.003738 0.152543 0.988290 0.340600 0.000000 0.000000 0.000000 1.000000
0.995968 -0.078754 0.042965 -4.027800 0.089586 0.898413 -0.429917 9.628100 -0.004742 0.432032 0.901846 0.340600 0.000000 0.000000 0.000000 1.000000
0.994963 -0.082026 0.057618 -4.027800 0.100223 0.803377 -0.586976 9.628100 0.001858 0.589794 0.807552 0.340600 0.000000 0.000000 0.000000 1.000000
0.995166 -0.081125 0.055355 -4.027800 0.098083 0.792178 -0.602356 9.628100 0.005015 0.604874 0.796306 0.340600 0.000000 0.000000 0.000000 1.000000
0.996005 -0.074711 0.048917 -4.027800 0.089300 0.834945 -0.543040 9.628100 -0.000272 0.545239 0.838281 0.340600 0.000000 0.000000 0.000000 1.000000
0.996737 -0.071514 0.037433 -4.027800 0.080699 0.893079 -0.442603 9.628100 -0.001778 0.444179 0.895936 0.340600 0.000000 0.000000 0.000000 1.000000
0.998078 -0.055539 0.027488 -4.027800 0.061120 0.955422 -0.288849 9.628100 -0.010220 0.289974 0.956980 0.340600 0.000000 0.000000 0.000000 1.000000
0.998078 -0.060045 0.015333 -4.027800 0.061894 0.978219 -0.198132 9.628100 -0.003102 0.198700 0.980055 0.340600 0.000000 0.000000 0.000000 1.000000
0.999028 -0.043497 0.007177 -4.027800 0.043852 0.997217 -0.060297 9.628100 -0.004534 0.060553 0.998155 0.340600 0.000000 0.000000 0.000000 1.000000
0.999024 -0.044096 0.002459 -4.027800 0.044132 0.998866 -0.017865 9.628100 -0.001669 0.017956 0.999837 0.340600 0.000000 0.000000 0.000000 1.000000
0.999133 -0.041599 0.001393 -4.027800 0.041621 0.998809 -0.025445 9.628100 -0.000333 0.025481 0.999675 0.340600 0.000000 0.000000 0.000000 1.000000
0.999078 -0.042921 0.001361 -4.027800 0.042938 0.997966 -0.047122 9.628100 0.000664 0.047137 0.998888 0.340600 0.000000 0.000000 0.000000 1.000000
0.998944 -0.045884 0.002394 -4.027800 0.045934 0.996134 -0.074885 9.628100 0.001051 0.074916 0.997189 0.340600 0.000000 0.000000 0.000000 1.000000</float_array>
        <technique_common>
          <accessor source="#mixamorig_RightHandPinky1-Matrix-animation-output-transform-array" count="31" stride="16">
            <param type="float4x4"/>
          </accessor>
        </technique_common>
      </source>
      <source id="mixamorig_RightHandPinky1-Interpolations">
        <Name_array id="mixamorig_RightHandPinky1-Interpolations-array" count="31">
 LINEAR LINEAR LINEAR LINEAR LINEAR LINEAR LINEAR LINEAR LINEAR LINEAR LINEAR
LINEAR LINEAR LINEAR LINEAR LINEAR LINEAR LINEAR LINEAR LINEAR LINEAR LINEAR LINEAR
LINEAR LINEAR LINEAR LINEAR LINEAR LINEAR LINEAR LINEAR</Name_array>
        <technique_common>
          <accessor source="#mixamorig_RightHandPinky1-Interpolations-array" count="31">
            <param type="name"/>
          </accessor>
        </technique_common>
      </source>
      <sampler id="mixamorig_RightHandPinky1-Matrix-animation-transform">
        <input semantic="INPUT" source="#mixamorig_RightHandPinky1-Matrix-animation-input"/>
        <input semantic="OUTPUT" source="#mixamorig_RightHandPinky1-Matrix-animation-output-transform"/>
        <input semantic="INTERPOLATION" source="#mixamorig_RightHandPinky1-Interpolations"/>
      </sampler>
      <channel source="#mixamorig_RightHandPinky1-Matrix-animation-transform" target="mixamorig_RightHandPinky1/matrix"/>
    </animation>
    <animation id="mixamorig_RightHandPinky2-anim" name="mixamorig_RightHandPinky2">
      <source id="mixamorig_RightHandPinky2-Matrix-animation-input">
        <float_array id="mixamorig_RightHandPinky2-Matrix-animation-input-array" count="31">

0.000000 0.033333 0.066667 0.100000 0.133333 0.166667 0.200000 0.233333 0.266667 0.300000 0.333333 0.366667 0.400000 0.433333 0.466667 0.500000
0.533333 0.566667 0.600000 0.633333 0.666667 0.700000 0.733333 0.766667 0.800000 0.833333 0.866667 0.900000 0.933333 0.966667 1.000000</float_array>
        <technique_common>
          <accessor source="#mixamorig_RightHandPinky2-Matrix-animation-input-array" count="31">
            <param name="TIME" type="float"/>
          </accessor>
        </technique_common>
      </source>
      <source id="mixamorig_RightHandPinky2-Matrix-animation-output-transform">
        <float_array id="mixamorig_RightHandPinky2-Matrix-animation-output-transform-array" count="496">

1.000000 -0.000070 -0.000000 0.000000 0.000070 1.000000 -0.000864 2.900600 0.000000 0.000864 1.000000 0.000000 0.000000 0.000000 0.000000 1.000000
0.999998 -0.001849 0.000021 0.000000 0.001849 0.999741 -0.022691 2.900600 0.000021 0.022691 0.999743 0.000000 0.000000 0.000000 0.000000 1.000000
0.999997 -0.002597 0.000041 0.000000 0.002597 0.999489 -0.031863 2.900600 0.000041 0.031863 0.999492 0.000000 0.000000 0.000000 0.000000 1.000000
0.999995 -0.003219 0.000064 0.000000 0.003219 0.999215 -0.039497 2.900600 0.000064 0.039497 0.999220 0.000000 0.000000 0.000000 0.000000 1.000000
0.999999 -0.001430 0.000013 0.000000 0.001430 0.999845 -0.017542 2.900600 0.000013 0.017542 0.999846 0.000000 0.000000 0.000000 0.000000 1.000000
0.999593 -0.028098 0.004997 0.000000 0.028098 0.938274 -0.344749 2.900600 0.004998 0.344749 0.938681 0.000000 0.000000 0.000000 0.000000 1.000000
0.999672 -0.025282 0.004021 0.000000 0.025282 0.950335 -0.310200 2.900600 0.004021 0.310200 0.950663 0.000000 0.000000 0.000000 0.000000 1.000000
0.999883 -0.015251 0.001440 0.000000 0.015251 0.982218 -0.187122 2.900600 0.001440 0.187122 0.982336 -0.000000 0.000000 0.000000 0.000000 1.000000
1.000000 0.000000 0.000000 0.000000 -0.000000 1.000000 0.000000 2.900600 -0.000000 -0.000000 1.000000 -0.000000 0.000000 0.000000 0.000000 1.000000
1.000000 0.000000 0.000000 0.000000 -0.000000 1.000000 -0.000000 2.900600 0.000000 0.000000 1.000000 0.000000 0.000000 0.000000 0.000000 1.000000
1.000000 0.000000 0.000000 -0.000000 -0.000000 1.000000 0.000000 2.900600 0.000000 0.000000 1.000000 0.000000 0.000000 0.000000 0.000000 1.000000
1.000000 -0.000000 -0.000000 0.000000 0.000000 1.000000 -0.000000 2.900600 0.000000 0.000000 1.000000 0.000000 0.000000 0.000000 0.000000 1.000000
1.000000 -0.000000 0.000000 0.000000 0.000000 1.000000 -0.000000 2.900600 -0.000000 0.000000 1.000000 0.000000 0.000000 0.000000 0.000000 1.000000
1.000000 0.000000 -0.000000 0.000000 -0.000000 1.000000 -0.000000 2.900600 0.000000 0.000000 1.000000 0.000000 0.000000 0.000000 0.000000 1.000000
1.000000 -0.000000 -0.000000 0.000000 0.000000 1.000000 -0.000000 2.900600 0.000000 0.000000 1.000000 -0.000000 0.000000 0.000000 0.000000 1.000000
0.999998 -0.001990 0.000024 0.000000 0.001990 0.999700 -0.024420 2.900600 0.000024 0.024420 0.999702 0.000000 0.000000 0.000000 0.000000 1.000000
0.999936 -0.011271 0.000783 0.000000 0.011271 0.990327 -0.138295 2.900600 0.000783 0.138295 0.990391 0.000000 0.000000 0.000000 0.000000 1.000000
0.999659 -0.025765 0.004181 0.000000 0.025765 0.948365 -0.316132 2.900600 0.004181 0.316132 0.948706 0.000000 0.000000 0.000000 0.000000 1.000000
0.999182 -0.039177 0.010038 0.000000 0.039177 0.876018 -0.480684 2.900600 0.010038 0.480684 0.876837 0.000000 0.000000 0.000000 0.000000 1.000000
0.998778 -0.047091 0.014993 0.000000 0.047091 0.814826 -0.577790 2.900600 0.014992 0.577790 0.816048 0.000000 0.000000 0.000000 0.000000 1.000000
0.998631 -0.049545 0.016803 0.000000 0.049545 0.792471 -0.607894 2.900600 0.016802 0.607894 0.793841 0.000000 0.000000 0.000000 0.000000 1.000000
0.998643 -0.049338 0.016644 0.000000 0.049338 0.794424 -0.605356 2.900600 0.016644 0.605356 0.795781 0.000000 0.000000 0.000000 0.000000 1.000000
0.998873 -0.045408 0.013830 0.000000 0.045407 0.829182 -0.557131 2.900600 0.013830 0.557131 0.830309 0.000000 0.000000 0.000000 0.000000 1.000000
0.999157 -0.039736 0.010348 -0.000000 0.039736 0.872195 -0.487542 2.900600 0.010348 0.487542 0.873038 0.000000 0.000000 0.000000 0.000000 1.000000
0.999222 -0.038261 0.009543 0.000000 0.038261 0.882134 -0.469442 2.900600 0.009543 0.469442 0.882912 -0.000000 0.000000 0.000000 0.000000 1.000000
0.999714 -0.023653 0.003508 0.000000 0.023653 0.956669 -0.290215 2.900600 0.003508 0.290215 0.956955 0.000000 0.000000 0.000000 0.000000 1.000000
0.999814 -0.019161 0.002285 0.000000 0.019161 0.971783 -0.235097 2.900600 0.002284 0.235098 0.971969 0.000000 0.000000 0.000000 0.000000 1.000000
0.999968 -0.007974 0.000391 0.000000 0.007974 0.995170 -0.097838 2.900600 0.000391 0.097838 0.995202 0.000000 0.000000 0.000000 0.000000 1.000000
1.000000 0.000000 -0.000000 0.000000 -0.000000 1.000000 -0.000000 2.900600 0.000000 0.000000 1.000000 0.000000 0.000000 0.000000 0.000000 1.000000
1.000000 -0.000366 0.000001 0.000000 0.000366 0.999990 -0.004489 2.900600 0.000001 0.004489 0.999990 0.000000 0.000000 0.000000 0.000000 1.000000
1.000000 -0.000186 0.000000 0.000000 0.000186 0.999997 -0.002278 2.900600 0.000000 0.002278 0.999997 0.000000 0.000000 0.000000 0.000000 1.000000</float_array>
        <technique_common>
          <accessor source="#mixamorig_RightHandPinky2-Matrix-animation-output-transform-array" count="31" stride="16">
            <param type="float4x4"/>
          </accessor>
        </technique_common>
      </source>
      <source id="mixamorig_RightHandPinky2-Interpolations">
        <Name_array id="mixamorig_RightHandPinky2-Interpolations-array" count="31">
 LINEAR LINEAR LINEAR LINEAR LINEAR LINEAR LINEAR LINEAR LINEAR LINEAR LINEAR
LINEAR LINEAR LINEAR LINEAR LINEAR LINEAR LINEAR LINEAR LINEAR LINEAR LINEAR LINEAR
LINEAR LINEAR LINEAR LINEAR LINEAR LINEAR LINEAR LINEAR</Name_array>
        <technique_common>
          <accessor source="#mixamorig_RightHandPinky2-Interpolations-array" count="31">
            <param type="name"/>
          </accessor>
        </technique_common>
      </source>
      <sampler id="mixamorig_RightHandPinky2-Matrix-animation-transform">
        <input semantic="INPUT" source="#mixamorig_RightHandPinky2-Matrix-animation-input"/>
        <input semantic="OUTPUT" source="#mixamorig_RightHandPinky2-Matrix-animation-output-transform"/>
        <input semantic="INTERPOLATION" source="#mixamorig_RightHandPinky2-Interpolations"/>
      </sampler>
      <channel source="#mixamorig_RightHandPinky2-Matrix-animation-transform" target="mixamorig_RightHandPinky2/matrix"/>
    </animation>
    <animation id="mixamorig_RightHandPinky3-anim" name="mixamorig_RightHandPinky3">
      <source id="mixamorig_RightHandPinky3-Matrix-animation-input">
        <float_array id="mixamorig_RightHandPinky3-Matrix-animation-input-array" count="31">

0.000000 0.033333 0.066667 0.100000 0.133333 0.166667 0.200000 0.233333 0.266667 0.300000 0.333333 0.366667 0.400000 0.433333 0.466667 0.500000
0.533333 0.566667 0.600000 0.633333 0.666667 0.700000 0.733333 0.766667 0.800000 0.833333 0.866667 0.900000 0.933333 0.966667 1.000000</float_array>
        <technique_common>
          <accessor source="#mixamorig_RightHandPinky3-Matrix-animation-input-array" count="31">
            <param name="TIME" type="float"/>
          </accessor>
        </technique_common>
      </source>
      <source id="mixamorig_RightHandPinky3-Matrix-animation-output-transform">
        <float_array id="mixamorig_RightHandPinky3-Matrix-animation-output-transform-array" count="496">

1.000000 0.000040 0.000000 0.000000 -0.000040 1.000000 0.000491 1.297600 -0.000000 -0.000491 1.000000 0.000000 0.000000 0.000000 0.000000 1.000000
0.999999 0.001095 0.000007 0.000000 -0.001095 0.999909 0.013430 1.297600 0.000007 -0.013430 0.999910 0.000000 0.000000 0.000000 0.000000 1.000000
0.999998 0.001860 0.000021 0.000000 -0.001860 0.999738 0.022820 1.297600 0.000021 -0.022820 0.999740 0.000000 0.000000 0.000000 0.000000 1.000000
0.999998 0.001883 0.000022 -0.000000 -0.001883 0.999731 0.023104 1.297600 0.000022 -0.023104 0.999733 0.000000 0.000000 0.000000 0.000000 1.000000
0.999997 -0.002247 0.000031 0.000000 0.002247 0.999617 -0.027571 1.297600 0.000031 0.027571 0.999620 0.000000 0.000000 0.000000 0.000000 1.000000
0.999987 0.005114 0.000161 0.000000 -0.005114 0.998016 0.062750 1.297600 0.000161 -0.062750 0.998029 0.000000 0.000000 0.000000 0.000000 1.000000
0.999996 -0.002768 0.000047 -0.000000 0.002768 0.999419 -0.033959 1.297600 0.000047 0.033959 0.999423 0.000000 0.000000 0.000000 0.000000 1.000000
0.999996 -0.002869 0.000051 -0.000000 0.002869 0.999376 -0.035194 1.297600 0.000050 0.035194 0.999380 0.000000 0.000000 0.000000 0.000000 1.000000
1.000000 0.000001 -0.000000 0.000000 -0.000001 1.000000 0.000015 1.297600 0.000000 -0.000015 1.000000 0.000000 0.000000 0.000000 0.000000 1.000000
1.000000 -0.000000 0.000000 0.000000 0.000000 1.000000 0.000001 1.297600 -0.000000 -0.000001 1.000000 0.000000 0.000000 0.000000 0.000000 1.000000
1.000000 -0.000000 -0.000000 0.000000 0.000000 1.000000 0.000001 1.297600 0.000000 -0.000001 1.000000 0.000000 0.000000 0.000000 0.000000 1.000000
1.000000 0.000000 0.000000 0.000000 -0.000000 1.000000 -0.000000 1.297600 -0.000000 0.000000 1.000000 -0.000000 0.000000 0.000000 0.000000 1.000000
1.000000 0.000000 -0.000000 0.000000 -0.000000 1.000000 0.000000 1.297600 0.000000 -0.000000 1.000000 0.000000 0.000000 0.000000 0.000000 1.000000
1.000000 -0.000000 0.000000 0.000000 0.000000 1.000000 0.000000 1.297600 0.000000 0.000000 1.000000 0.000000 0.000000 0.000000 0.000000 1.000000
0.999999 0.001390 0.000012 0.000000 -0.001390 0.999854 0.017051 1.297600 0.000012 -0.017051 0.999855 -0.000000 0.000000 0.000000 0.000000 1.000000
0.999998 -0.002072 0.000026 0.000000 0.002072 0.999675 -0.025423 1.297600 0.000026 0.025423 0.999677 0.000000 0.000000 0.000000 0.000000 1.000000
0.999946 -0.010401 0.000666 0.000000 0.010401 0.991770 -0.127612 1.297600 0.000666 0.127612 0.991824 0.000000 0.000000 0.000000 0.000000 1.000000
0.999715 -0.023615 0.003497 0.000000 0.023615 0.956813 -0.289743 1.297600 0.003496 0.289743 0.957098 0.000000 0.000000 0.000000 0.000000 1.000000
0.999234 -0.037986 0.009398 0.000000 0.037986 0.883931 -0.466072 1.297600 0.009397 0.466072 0.884697 0.000000 0.000000 0.000000 0.000000 1.000000
0.998715 -0.048167 0.015768 -0.000000 0.048167 0.805242 -0.590986 1.297600 0.015769 0.590986 0.806527 0.000000 0.000000 0.000000 0.000000 1.000000
0.998483 -0.051822 0.018615 -0.000000 0.051822 0.770080 -0.635839 1.297600 0.018615 0.635839 0.771597 0.000000 0.000000 0.000000 0.000000 1.000000
0.998602 -0.050000 0.017155 -0.000000 0.050000 0.788125 -0.613481 1.297600 0.017154 0.613481 0.789523 0.000000 0.000000 0.000000 0.000000 1.000000
0.998833 -0.046125 0.014318 -0.000000 0.046125 0.823157 -0.565937 1.297600 0.014318 0.565937 0.824324 -0.000000 0.000000 0.000000 0.000000 1.000000
0.999130 -0.040324 0.010680 -0.000000 0.040324 0.868095 -0.494757 1.297600 0.010680 0.494757 0.868966 0.000000 0.000000 0.000000 0.000000 1.000000
0.999547 -0.029586 0.005561 0.000000 0.029586 0.931315 -0.363011 1.297600 0.005561 0.363011 0.931768 0.000000 0.000000 0.000000 0.000000 1.000000
0.999693 -0.024485 0.003766 0.000000 0.024485 0.953491 -0.300425 1.297600 0.003766 0.300425 0.953798 0.000000 0.000000 0.000000 0.000000 1.000000
0.999912 -0.013242 0.001083 0.000000 0.013242 0.986623 -0.162479 1.297600 0.001083 0.162479 0.986711 0.000000 0.000000 0.000000 0.000000 1.000000
0.999975 -0.007107 0.000310 0.000000 0.007107 0.996165 -0.087201 1.297600 0.000310 0.087201 0.996191 -0.000000 0.000000 0.000000 0.000000 1.000000
0.999997 -0.002413 0.000036 0.000000 0.002413 0.999559 -0.029611 1.297600 0.000036 0.029611 0.999562 0.000000 0.000000 0.000000 0.000000 1.000000
0.999999 0.001612 0.000016 0.000000 -0.001612 0.999803 0.019785 1.297600 0.000016 -0.019785 0.999804 -0.000000 0.000000 0.000000 0.000000 1.000000
1.000000 0.000105 0.000000 0.000000 -0.000105 0.999999 0.001292 1.297600 0.000000 -0.001292 0.999999 -0.000000 0.000000 0.000000 0.000000 1.000000</float_array>
        <technique_common>
          <accessor source="#mixamorig_RightHandPinky3-Matrix-animation-output-transform-array" count="31" stride="16">
            <param type="float4x4"/>
          </accessor>
        </technique_common>
      </source>
      <source id="mixamorig_RightHandPinky3-Interpolations">
        <Name_array id="mixamorig_RightHandPinky3-Interpolations-array" count="31">
 LINEAR LINEAR LINEAR LINEAR LINEAR LINEAR LINEAR LINEAR LINEAR LINEAR LINEAR
LINEAR LINEAR LINEAR LINEAR LINEAR LINEAR LINEAR LINEAR LINEAR LINEAR LINEAR LINEAR
LINEAR LINEAR LINEAR LINEAR LINEAR LINEAR LINEAR LINEAR</Name_array>
        <technique_common>
          <accessor source="#mixamorig_RightHandPinky3-Interpolations-array" count="31">
            <param type="name"/>
          </accessor>
        </technique_common>
      </source>
      <sampler id="mixamorig_RightHandPinky3-Matrix-animation-transform">
        <input semantic="INPUT" source="#mixamorig_RightHandPinky3-Matrix-animation-input"/>
        <input semantic="OUTPUT" source="#mixamorig_RightHandPinky3-Matrix-animation-output-transform"/>
        <input semantic="INTERPOLATION" source="#mixamorig_RightHandPinky3-Interpolations"/>
      </sampler>
      <channel source="#mixamorig_RightHandPinky3-Matrix-animation-transform" target="mixamorig_RightHandPinky3/matrix"/>
    </animation>
    <animation id="mixamorig_LeftUpLeg-anim" name="mixamorig_LeftUpLeg">
      <source id="mixamorig_LeftUpLeg-Matrix-animation-input">
        <float_array id="mixamorig_LeftUpLeg-Matrix-animation-input-array" count="31">

0.000000 0.033333 0.066667 0.100000 0.133333 0.166667 0.200000 0.233333 0.266667 0.300000 0.333333 0.366667 0.400000 0.433333 0.466667 0.500000
0.533333 0.566667 0.600000 0.633333 0.666667 0.700000 0.733333 0.766667 0.800000 0.833333 0.866667 0.900000 0.933333 0.966667 1.000000</float_array>
        <technique_common>
          <accessor source="#mixamorig_LeftUpLeg-Matrix-animation-input-array" count="31">
            <param name="TIME" type="float"/>
          </accessor>
        </technique_common>
      </source>
      <source id="mixamorig_LeftUpLeg-Matrix-animation-output-transform">
        <float_array id="mixamorig_LeftUpLeg-Matrix-animation-output-transform-array" count="496">

-0.582591 0.812760 -0.002805 9.688800 -0.336065 -0.237748 0.911338 -5.685200 0.740032 0.531880 0.411650 -1.688600 0.000000 0.000000 0.000000 1.000000
-0.686143 0.722156 -0.087739 9.688800 -0.288168 -0.159072 0.944275 -5.685200 0.667958 0.673191 0.317248 -1.688600 0.000000 0.000000 0.000000 1.000000
-0.803771 0.584910 -0.108777 9.688800 -0.251782 -0.168771 0.952954 -5.685200 0.539034 0.793345 0.282923 -1.688600 0.000000 0.000000 0.000000 1.000000
-0.882958 0.451928 -0.127070 9.688800 -0.246178 -0.215260 0.945018 -5.685200 0.399727 0.865693 0.301320 -1.688600 0.000000 0.000000 0.000000 1.000000
-0.905979 0.392251 -0.159188 9.688800 -0.266131 -0.235321 0.934772 -5.685200 0.329205 0.889249 0.317586 -1.688600 0.000000 0.000000 0.000000 1.000000
-0.893134 0.387439 -0.228477 9.688800 -0.300713 -0.136594 0.943882 -5.685200 0.334489 0.911720 0.238505 -1.688600 0.000000 0.000000 0.000000 1.000000
-0.871279 0.378443 -0.312495 9.688800 -0.334976 0.006806 0.942202 -5.685200 0.358696 0.925600 0.120840 -1.688600 0.000000 0.000000 0.000000 1.000000
-0.834644 0.383108 -0.395724 9.688800 -0.382990 0.112662 0.916857 -5.685200 0.395838 0.916807 0.052694 -1.688600 0.000000 0.000000 0.000000 1.000000
-0.802786 0.406598 -0.436133 9.688800 -0.420976 0.131508 0.897488 -5.685200 0.422272 0.904093 0.065596 -1.688600 0.000000 0.000000 0.000000 1.000000
-0.794426 0.460088 -0.396493 9.688800 -0.428274 0.038541 0.902827 -5.685200 0.430661 0.887036 0.166426 -1.688600 0.000000 0.000000 0.000000 1.000000
-0.797327 0.518153 -0.309495 9.688800 -0.415497 -0.099303 0.904158 -5.685200 0.437758 0.849504 0.294468 -1.688600 0.000000 0.000000 0.000000 1.000000
-0.815537 0.545820 -0.192303 9.688800 -0.387796 -0.268791 0.881684 -5.685200 0.429551 0.793619 0.430876 -1.688600 0.000000 0.000000 0.000000 1.000000
-0.841740 0.529895 -0.103370 9.688800 -0.365824 -0.418999 0.831031 -5.685200 0.397047 0.737328 0.546536 -1.688600 0.000000 0.000000 0.000000 1.000000
-0.863350 0.502301 -0.048173 9.688800 -0.361011 -0.548145 0.754459 -5.685200 0.352560 0.668753 0.654577 -1.688600 0.000000 0.000000 0.000000 1.000000
-0.868198 0.495267 -0.030707 9.688800 -0.376850 -0.617824 0.690129 -5.685200 0.322827 0.610740 0.723035 -1.688600 0.000000 0.000000 0.000000 1.000000
-0.875195 0.479345 -0.065287 9.688800 -0.378177 -0.593746 0.710245 -5.685200 0.301688 0.646293 0.700921 -1.688600 0.000000 0.000000 0.000000 1.000000
-0.907033 0.417136 -0.057341 9.688800 -0.316128 -0.584698 0.747122 -5.685200 0.278124 0.695791 0.662209 -1.688600 0.000000 0.000000 0.000000 1.000000
-0.945042 0.326925 0.003894 9.688800 -0.203802 -0.598360 0.774874 -5.685200 0.255656 0.731495 0.632103 -1.688600 0.000000 0.000000 0.000000 1.000000
-0.958088 0.283861 0.038600 9.688800 -0.136162 -0.569780 0.810439 -5.685200 0.252046 0.771216 0.584550 -1.688600 0.000000 0.000000 0.000000 1.000000
-0.956601 0.288495 0.041048 9.688800 -0.121308 -0.522336 0.844067 -5.685200 0.264950 0.802456 0.534664 -1.688600 0.000000 0.000000 0.000000 1.000000
-0.951823 0.298550 0.070009 9.688800 -0.098834 -0.514795 0.851597 -5.685200 0.290285 0.803650 0.519501 -1.688600 0.000000 0.000000 0.000000 1.000000
-0.953334 0.251717 0.166714 9.688800 0.011439 -0.521670 0.853071 -5.685200 0.301702 0.815168 0.494446 -1.688600 0.000000 0.000000 0.000000 1.000000
-0.917238 0.352540 0.185443 9.688800 -0.013789 -0.493362 0.869715 -5.685200 0.398100 0.795179 0.457391 -1.688600 0.000000 0.000000 0.000000 1.000000
-0.839987 0.516651 0.165810 9.688800 -0.093141 -0.438336 0.893972 -5.685200 0.534552 0.735482 0.416318 -1.688600 0.000000 0.000000 0.000000 1.000000
-0.740105 0.645621 0.188199 9.688800 -0.172714 -0.452950 0.874646 -5.685200 0.649935 0.614825 0.446738 -1.688600 0.000000 0.000000 0.000000 1.000000
-0.640286 0.756837 0.131269 9.688800 -0.246432 -0.364252 0.898104 -5.685200 0.727534 0.542695 0.419734 -1.688600 0.000000 0.000000 0.000000 1.000000
-0.589971 0.797624 0.125417 9.688800 -0.269870 -0.341193 0.900421 -5.685200 0.760989 0.497376 0.416549 -1.688600 0.000000 0.000000 0.000000 1.000000
-0.570283 0.817446 0.080991 9.688800 -0.271973 -0.280929 0.920385 -5.685200 0.775118 0.502853 0.382532 -1.688600 0.000000 0.000000 0.000000 1.000000
-0.565988 0.822852 0.050720 9.688800 -0.269444 -0.242776 0.931912 -5.685200 0.779139 0.513785 0.359120 -1.688600 0.000000 0.000000 0.000000 1.000000
-0.546217 0.836565 0.042491 9.688800 -0.299023 -0.242123 0.923018 -5.685200 0.782453 0.491462 0.382404 -1.688600 0.000000 0.000000 0.000000 1.000000
-0.582591 0.812761 -0.002805 9.688800 -0.336065 -0.237748 0.911337 -5.685200 0.740033 0.531879 0.411651 -1.688600 0.000000 0.000000 0.000000 1.000000</float_array>
        <technique_common>
          <accessor source="#mixamorig_LeftUpLeg-Matrix-animation-output-transform-array" count="31" stride="16">
            <param type="float4x4"/>
          </accessor>
        </technique_common>
      </source>
      <source id="mixamorig_LeftUpLeg-Interpolations">
        <Name_array id="mixamorig_LeftUpLeg-Interpolations-array" count="31">
 LINEAR LINEAR LINEAR LINEAR LINEAR LINEAR LINEAR LINEAR LINEAR LINEAR LINEAR
LINEAR LINEAR LINEAR LINEAR LINEAR LINEAR LINEAR LINEAR LINEAR LINEAR LINEAR LINEAR
LINEAR LINEAR LINEAR LINEAR LINEAR LINEAR LINEAR LINEAR</Name_array>
        <technique_common>
          <accessor source="#mixamorig_LeftUpLeg-Interpolations-array" count="31">
            <param type="name"/>
          </accessor>
        </technique_common>
      </source>
      <sampler id="mixamorig_LeftUpLeg-Matrix-animation-transform">
        <input semantic="INPUT" source="#mixamorig_LeftUpLeg-Matrix-animation-input"/>
        <input semantic="OUTPUT" source="#mixamorig_LeftUpLeg-Matrix-animation-output-transform"/>
        <input semantic="INTERPOLATION" source="#mixamorig_LeftUpLeg-Interpolations"/>
      </sampler>
      <channel source="#mixamorig_LeftUpLeg-Matrix-animation-transform" target="mixamorig_LeftUpLeg/matrix"/>
    </animation>
    <animation id="mixamorig_LeftLeg-anim" name="mixamorig_LeftLeg">
      <source id="mixamorig_LeftLeg-Matrix-animation-input">
        <float_array id="mixamorig_LeftLeg-Matrix-animation-input-array" count="31">

0.000000 0.033333 0.066667 0.100000 0.133333 0.166667 0.200000 0.233333 0.266667 0.300000 0.333333 0.366667 0.400000 0.433333 0.466667 0.500000
0.533333 0.566667 0.600000 0.633333 0.666667 0.700000 0.733333 0.766667 0.800000 0.833333 0.866667 0.900000 0.933333 0.966667 1.000000</float_array>
        <technique_common>
          <accessor source="#mixamorig_LeftLeg-Matrix-animation-input-array" count="31">
            <param name="TIME" type="float"/>
          </accessor>
        </technique_common>
      </source>
      <source id="mixamorig_LeftLeg-Matrix-animation-output-transform">
        <float_array id="mixamorig_LeftLeg-Matrix-animation-output-transform-array" count="496">

0.997667 -0.061102 0.030451 -0.000000 0.035811 0.848142 0.528557 43.167999 -0.058123 -0.526233 0.848352 -0.000000 0.000000 0.000000 0.000000 1.000000
0.999498 -0.011743 0.029442 -0.000000 -0.013488 0.682989 0.730304 43.167999 -0.028684 -0.730334 0.682488 -0.000000 0.000000 0.000000 0.000000 1.000000
0.999946 -0.009456 -0.004223 0.000000 0.009324 0.644576 0.764484 43.167999 -0.004507 -0.764482 0.644629 -0.000000 0.000000 0.000000 0.000000 1.000000
0.996301 -0.050917 -0.069225 0.000000 0.084272 0.736556 0.671106 43.167999 0.016818 -0.674457 0.738122 0.000000 0.000000 0.000000 0.000000 1.000000
0.993395 -0.102585 -0.051398 0.000000 0.113681 0.819199 0.562129 43.167999 -0.015561 -0.564259 0.825451 0.000000 0.000000 0.000000 0.000000 1.000000
0.990939 -0.130461 -0.031930 0.000000 0.119423 0.747037 0.653967 43.167999 -0.061464 -0.651855 0.755849 -0.000000 0.000000 0.000000 0.000000 1.000000
0.986685 -0.149682 0.063624 0.000000 0.031397 0.559122 0.828491 43.167999 -0.159584 -0.815462 0.556377 -0.000000 0.000000 0.000000 0.000000 1.000000
0.988427 -0.138406 0.062096 -0.000000 -0.016443 0.309177 0.950862 43.167999 -0.150804 -0.940879 0.303323 0.000000 0.000000 0.000000 0.000000 1.000000
0.994876 -0.098122 0.024354 0.000000 -0.006457 0.178736 0.983876 43.167999 -0.100893 -0.978992 0.177186 0.000000 0.000000 0.000000 0.000000 1.000000
0.998344 -0.056874 -0.008680 0.000000 0.015676 0.123737 0.992191 43.167999 -0.055356 -0.990684 0.124424 0.000000 0.000000 0.000000 0.000000 1.000000
0.996890 -0.036051 -0.070076 0.000000 0.075934 0.201562 0.976528 43.167999 -0.021080 -0.978812 0.203673 -0.000000 0.000000 0.000000 0.000000 1.000000
0.993881 -0.047569 -0.099690 0.000000 0.110441 0.412136 0.904404 43.167999 -0.001936 -0.909880 0.414867 0.000000 0.000000 0.000000 0.000000 1.000000
0.988875 -0.080616 -0.125007 0.000000 0.147446 0.642139 0.752274 43.167999 0.019627 -0.762337 0.646882 0.000000 0.000000 0.000000 0.000000 1.000000
0.989265 -0.125777 -0.074395 -0.000000 0.144902 0.778393 0.610825 43.167999 -0.018919 -0.615048 0.788263 -0.000000 0.000000 0.000000 0.000000 1.000000
0.986859 -0.150508 -0.058787 0.000000 0.155960 0.792111 0.590116 43.167999 -0.042251 -0.591530 0.805175 0.000000 0.000000 0.000000 0.000000 1.000000
0.987358 -0.155060 -0.032868 -0.000000 0.124756 0.632325 0.764592 43.167999 -0.097775 -0.759027 0.643676 0.000000 0.000000 0.000000 0.000000 1.000000
0.989568 -0.137542 0.042863 0.000000 0.022142 0.439191 0.898121 43.167999 -0.142355 -0.887803 0.437655 0.000000 0.000000 0.000000 0.000000 1.000000
0.991577 -0.107288 0.072561 0.000000 -0.034776 0.319122 0.947075 43.167999 -0.124766 -0.941621 0.312703 0.000000 0.000000 0.000000 0.000000 1.000000
0.990902 -0.094200 0.096120 -0.000000 -0.066815 0.275647 0.958934 43.167999 -0.116827 -0.956632 0.266846 0.000000 0.000000 0.000000 0.000000 1.000000
0.984709 -0.100275 0.142454 -0.000000 -0.107085 0.296573 0.948988 43.167999 -0.137408 -0.949731 0.281300 0.000000 0.000000 0.000000 0.000000 1.000000
0.989922 -0.090901 0.108585 0.000000 -0.066728 0.376900 0.923847 43.167999 -0.124904 -0.921783 0.367036 -0.000000 0.000000 0.000000 0.000000 1.000000
0.975264 -0.069736 0.209755 0.000000 -0.158620 0.440099 0.883828 43.167999 -0.153948 -0.895237 0.418151 0.000000 0.000000 0.000000 0.000000 1.000000
0.968220 -0.036649 0.247402 0.000000 -0.186358 0.554003 0.811389 43.167999 -0.166798 -0.831708 0.529567 0.000000 0.000000 0.000000 0.000000 1.000000
0.989056 -0.012758 0.146986 -0.000000 -0.098377 0.685426 0.721466 43.167999 -0.109952 -0.728031 0.676670 -0.000000 0.000000 0.000000 0.000000 1.000000
0.989891 -0.013105 0.141221 0.000000 -0.069780 0.821866 0.565391 43.167999 -0.123475 -0.569530 0.812644 0.000000 0.000000 0.000000 0.000000 1.000000
0.989462 -0.019787 0.143435 0.000000 -0.067503 0.813337 0.577864 43.167999 -0.128095 -0.581456 0.803430 0.000000 0.000000 0.000000 0.000000 1.000000
0.990237 -0.030738 0.135966 0.000000 -0.046009 0.848655 0.526942 43.167999 -0.131585 -0.528053 0.838955 -0.000000 0.000000 0.000000 0.000000 1.000000
0.990337 -0.048143 0.130054 -0.000000 -0.026423 0.855122 0.517753 43.167999 -0.136138 -0.516186 0.845587 0.000000 0.000000 0.000000 0.000000 1.000000
0.990482 -0.049585 0.128400 0.000000 -0.025974 0.848764 0.528133 43.167999 -0.135169 -0.526442 0.839398 -0.000000 0.000000 0.000000 0.000000 1.000000
0.998222 -0.028983 0.052092 0.000000 -0.004935 0.830667 0.556748 43.167999 -0.059407 -0.556015 0.829046 -0.000000 0.000000 0.000000 0.000000 1.000000
0.997667 -0.061101 0.030451 -0.000000 0.035811 0.848143 0.528556 43.167999 -0.058122 -0.526232 0.848352 -0.000000 0.000000 0.000000 0.000000 1.000000</float_array>
        <technique_common>
          <accessor source="#mixamorig_LeftLeg-Matrix-animation-output-transform-array" count="31" stride="16">
            <param type="float4x4"/>
          </accessor>
        </technique_common>
      </source>
      <source id="mixamorig_LeftLeg-Interpolations">
        <Name_array id="mixamorig_LeftLeg-Interpolations-array" count="31">
 LINEAR LINEAR LINEAR LINEAR LINEAR LINEAR LINEAR LINEAR LINEAR LINEAR LINEAR
LINEAR LINEAR LINEAR LINEAR LINEAR LINEAR LINEAR LINEAR LINEAR LINEAR LINEAR LINEAR
LINEAR LINEAR LINEAR LINEAR LINEAR LINEAR LINEAR LINEAR</Name_array>
        <technique_common>
          <accessor source="#mixamorig_LeftLeg-Interpolations-array" count="31">
            <param type="name"/>
          </accessor>
        </technique_common>
      </source>
      <sampler id="mixamorig_LeftLeg-Matrix-animation-transform">
        <input semantic="INPUT" source="#mixamorig_LeftLeg-Matrix-animation-input"/>
        <input semantic="OUTPUT" source="#mixamorig_LeftLeg-Matrix-animation-output-transform"/>
        <input semantic="INTERPOLATION" source="#mixamorig_LeftLeg-Interpolations"/>
      </sampler>
      <channel source="#mixamorig_LeftLeg-Matrix-animation-transform" target="mixamorig_LeftLeg/matrix"/>
    </animation>
    <animation id="mixamorig_LeftFoot-anim" name="mixamorig_LeftFoot">
      <source id="mixamorig_LeftFoot-Matrix-animation-input">
        <float_array id="mixamorig_LeftFoot-Matrix-animation-input-array" count="31">

0.000000 0.033333 0.066667 0.100000 0.133333 0.166667 0.200000 0.233333 0.266667 0.300000 0.333333 0.366667 0.400000 0.433333 0.466667 0.500000
0.533333 0.566667 0.600000 0.633333 0.666667 0.700000 0.733333 0.766667 0.800000 0.833333 0.866667 0.900000 0.933333 0.966667 1.000000</float_array>
        <technique_common>
          <accessor source="#mixamorig_LeftFoot-Matrix-animation-input-array" count="31">
            <param name="TIME" type="float"/>
          </accessor>
        </technique_common>
      </source>
      <source id="mixamorig_LeftFoot-Matrix-animation-output-transform">
        <float_array id="mixamorig_LeftFoot-Matrix-animation-output-transform-array" count="496">

0.996094 -0.084996 -0.023942 0.000000 0.083187 0.994180 -0.068453 40.817699 0.029621 0.066194 0.997367 0.000000 0.000000 0.000000 0.000000 1.000000
0.999589 -0.018644 -0.021766 0.000000 0.012669 0.968687 -0.247963 40.817699 0.025707 0.247585 0.968525 0.000000 0.000000 0.000000 0.000000 1.000000
0.999286 -0.021868 -0.030803 -0.000000 0.009524 0.934911 -0.354753 40.817699 0.036556 0.354207 0.934452 0.000000 0.000000 0.000000 0.000000 1.000000
0.998933 -0.022256 -0.040462 0.000000 0.010557 0.963057 -0.269090 40.817699 0.044956 0.268376 0.962265 -0.000000 0.000000 0.000000 0.000000 1.000000
0.997492 0.036488 -0.060642 -0.000000 -0.047305 0.981064 -0.187818 40.817699 0.052640 0.190216 0.980330 0.000000 0.000000 0.000000 0.000000 1.000000
0.992044 0.089914 -0.088116 0.000000 -0.109049 0.963475 -0.244589 40.817699 0.062905 0.252252 0.965615 0.000000 0.000000 0.000000 0.000000 1.000000
0.983751 0.126755 -0.127153 0.000000 -0.168078 0.899181 -0.404009 40.817699 0.063123 0.418815 0.905875 0.000000 0.000000 0.000000 0.000000 1.000000
0.941604 0.246866 -0.228995 0.000000 -0.336600 0.708412 -0.620365 40.817699 0.009076 0.661218 0.750139 0.000000 0.000000 0.000000 0.000000 1.000000
0.925993 0.267620 -0.266303 0.000000 -0.374861 0.567822 -0.732842 40.817699 -0.044910 0.778433 0.626119 0.000000 0.000000 0.000000 0.000000 1.000000
0.922123 0.249013 -0.296111 0.000000 -0.381317 0.455409 -0.804487 40.817699 -0.065476 0.854748 0.514896 -0.000000 0.000000 0.000000 0.000000 1.000000
0.950603 0.167223 -0.261515 0.000000 -0.310367 0.498302 -0.809547 40.817699 -0.005061 0.850724 0.525588 0.000000 0.000000 0.000000 0.000000 1.000000
0.972835 0.116163 -0.200244 0.000000 -0.228680 0.616779 -0.753186 40.817699 0.036014 0.778517 0.626589 -0.000000 0.000000 0.000000 0.000000 1.000000
0.998338 0.049959 -0.028725 0.000000 -0.057628 0.866851 -0.495225 40.817699 0.000159 0.496057 0.868290 -0.000000 0.000000 0.000000 0.000000 1.000000
0.993175 0.015911 0.115544 0.000000 -0.000261 0.990952 -0.134216 40.817699 -0.116634 0.133270 0.984193 0.000000 0.000000 0.000000 0.000000 1.000000
0.978428 -0.017991 0.205801 -0.000000 -0.004987 0.993854 0.110588 40.817699 -0.206526 -0.109229 0.972325 0.000000 0.000000 0.000000 0.000000 1.000000
0.956887 0.020630 0.289727 -0.000000 -0.059004 0.990483 0.124348 40.817699 -0.284405 -0.136082 0.948997 -0.000000 0.000000 0.000000 0.000000 1.000000
0.916004 0.162490 0.366789 0.000000 -0.152360 0.986702 -0.056619 40.817699 -0.371112 -0.004021 0.928579 -0.000000 0.000000 0.000000 0.000000 1.000000
0.887233 0.284594 0.363075 0.000000 -0.204776 0.948206 -0.242841 40.817699 -0.413381 0.141107 0.899558 0.000000 0.000000 0.000000 0.000000 1.000000
0.882041 0.327065 0.339163 0.000000 -0.282685 0.943222 -0.174416 40.817699 -0.376952 0.057966 0.924417 0.000000 0.000000 0.000000 0.000000 1.000000
0.902934 0.336257 0.267660 0.000000 -0.341412 0.939481 -0.028523 40.817699 -0.261053 -0.065628 0.963091 -0.000000 0.000000 0.000000 0.000000 1.000000
0.951342 0.199202 0.235091 0.000000 -0.224150 0.970894 0.084391 40.817699 -0.211438 -0.132981 0.968303 0.000000 0.000000 0.000000 0.000000 1.000000
0.916623 -0.240293 0.319471 0.000000 0.171112 0.958104 0.229691 40.817699 -0.361280 -0.155874 0.919337 -0.000000 0.000000 0.000000 0.000000 1.000000
0.898243 -0.287696 0.332251 0.000000 0.180140 0.930559 0.318762 40.817699 -0.400886 -0.226474 0.887694 0.000000 0.000000 0.000000 0.000000 1.000000
0.952754 -0.187308 0.239115 0.000000 0.080262 0.914496 0.396555 40.817699 -0.292947 -0.358628 0.886323 0.000000 0.000000 0.000000 0.000000 1.000000
0.979781 -0.158569 0.122005 -0.000000 0.086892 0.886537 0.454426 40.817699 -0.180220 -0.434636 0.882390 0.000000 0.000000 0.000000 0.000000 1.000000
0.981538 -0.185902 0.044981 0.000000 0.151392 0.898845 0.411288 40.817699 -0.116890 -0.396885 0.910395 0.000000 0.000000 0.000000 0.000000 1.000000
0.988442 -0.149551 0.024850 0.000000 0.129680 0.918982 0.372363 40.817699 -0.078524 -0.364836 0.927754 0.000000 0.000000 0.000000 0.000000 1.000000
0.999426 0.019011 0.028028 0.000000 -0.027301 0.941974 0.334574 40.817699 -0.020041 -0.335147 0.941953 -0.000000 0.000000 0.000000 0.000000 1.000000
0.986741 -0.157963 0.037288 -0.000000 0.148082 0.970242 0.191576 40.817699 -0.066441 -0.183515 0.980769 0.000000 0.000000 0.000000 0.000000 1.000000
0.993708 -0.111778 0.007112 0.000000 0.110959 0.991105 0.073483 40.817699 -0.015263 -0.072232 0.997271 -0.000000 0.000000 0.000000 0.000000 1.000000
0.996094 -0.084995 -0.023942 -0.000000 0.083187 0.994180 -0.068452 40.817699 0.029621 0.066193 0.997367 0.000000 0.000000 0.000000 0.000000 1.000000</float_array>
        <technique_common>
          <accessor source="#mixamorig_LeftFoot-Matrix-animation-output-transform-array" count="31" stride="16">
            <param type="float4x4"/>
          </accessor>
        </technique_common>
      </source>
      <source id="mixamorig_LeftFoot-Interpolations">
        <Name_array id="mixamorig_LeftFoot-Interpolations-array" count="31">
 LINEAR LINEAR LINEAR LINEAR LINEAR LINEAR LINEAR LINEAR LINEAR LINEAR LINEAR
LINEAR LINEAR LINEAR LINEAR LINEAR LINEAR LINEAR LINEAR LINEAR LINEAR LINEAR LINEAR
LINEAR LINEAR LINEAR LINEAR LINEAR LINEAR LINEAR LINEAR</Name_array>
        <technique_common>
          <accessor source="#mixamorig_LeftFoot-Interpolations-array" count="31">
            <param type="name"/>
          </accessor>
        </technique_common>
      </source>
      <sampler id="mixamorig_LeftFoot-Matrix-animation-transform">
        <input semantic="INPUT" source="#mixamorig_LeftFoot-Matrix-animation-input"/>
        <input semantic="OUTPUT" source="#mixamorig_LeftFoot-Matrix-animation-output-transform"/>
        <input semantic="INTERPOLATION" source="#mixamorig_LeftFoot-Interpolations"/>
      </sampler>
      <channel source="#mixamorig_LeftFoot-Matrix-animation-transform" target="mixamorig_LeftFoot/matrix"/>
    </animation>
    <animation id="mixamorig_LeftToeBase-anim" name="mixamorig_LeftToeBase">
      <source id="mixamorig_LeftToeBase-Matrix-animation-input">
        <float_array id="mixamorig_LeftToeBase-Matrix-animation-input-array" count="31">

0.000000 0.033333 0.066667 0.100000 0.133333 0.166667 0.200000 0.233333 0.266667 0.300000 0.333333 0.366667 0.400000 0.433333 0.466667 0.500000
0.533333 0.566667 0.600000 0.633333 0.666667 0.700000 0.733333 0.766667 0.800000 0.833333 0.866667 0.900000 0.933333 0.966667 1.000000</float_array>
        <technique_common>
          <accessor source="#mixamorig_LeftToeBase-Matrix-animation-input-array" count="31">
            <param name="TIME" type="float"/>
          </accessor>
        </technique_common>
      </source>
      <source id="mixamorig_LeftToeBase-Matrix-animation-output-transform">
        <float_array id="mixamorig_LeftToeBase-Matrix-animation-output-transform-array" count="496">

0.999471 0.011819 -0.030290 0.000000 -0.032248 0.479243 -0.877089 18.000000 0.004150 0.877603 0.479371 0.000000 0.000000 0.000000 0.000000 1.000000
0.999453 0.011369 -0.031063 0.000000 -0.032780 0.466299 -0.884020 18.000000 0.004435 0.884554 0.466416 -0.000000 0.000000 0.000000 0.000000 1.000000
0.999467 0.011718 -0.030464 0.000000 -0.032367 0.476330 -0.878670 18.000000 0.004215 0.879188 0.476456 0.000000 0.000000 0.000000 0.000000 1.000000
0.999480 0.012033 -0.029912 0.000000 -0.031991 0.485476 -0.873664 18.000000 0.004009 0.874167 0.485609 -0.000000 0.000000 0.000000 0.000000 1.000000
0.999461 0.011579 -0.030704 0.000000 -0.032532 0.472317 -0.880828 18.000000 0.004303 0.881353 0.472440 -0.000000 0.000000 0.000000 0.000000 1.000000
0.999426 0.010719 -0.032135 -0.000000 -0.033531 0.448014 -0.893398 18.000000 0.004820 0.893963 0.448116 0.000000 0.000000 0.000000 0.000000 1.000000
0.999425 0.010702 -0.032163 -0.000000 -0.033551 0.447525 -0.893642 18.000000 0.004830 0.894208 0.447627 0.000000 0.000000 0.000000 0.000000 1.000000
0.999488 0.012226 -0.029567 0.000000 -0.031759 0.491129 -0.870508 18.000000 0.003879 0.871001 0.491266 0.000000 0.000000 0.000000 0.000000 1.000000
0.999575 0.014330 -0.025402 0.000000 -0.029079 0.556344 -0.830443 18.000000 0.002232 0.830829 0.556524 -0.000000 0.000000 0.000000 0.000000 1.000000
0.999634 0.015766 -0.021997 0.000000 -0.027052 0.605676 -0.795251 18.000000 0.000785 0.795555 0.605881 -0.000000 0.000000 0.000000 0.000000 1.000000
0.999649 0.016145 -0.020990 0.000000 -0.026478 0.619633 -0.784445 18.000000 0.000341 0.784726 0.619843 0.000000 0.000000 0.000000 0.000000 1.000000
0.999632 0.015721 -0.022113 -0.000000 -0.027119 0.604052 -0.796483 18.000000 0.000836 0.796790 0.604256 -0.000000 0.000000 0.000000 0.000000 1.000000
0.999617 0.015359 -0.023019 -0.000000 -0.027646 0.591203 -0.806049 18.000000 0.001229 0.806377 0.591401 0.000000 0.000000 0.000000 0.000000 1.000000
0.999629 0.015640 -0.022320 0.000000 -0.027238 0.601140 -0.798679 18.000000 0.000926 0.798990 0.601343 0.000000 0.000000 0.000000 0.000000 1.000000
0.999606 0.015097 -0.023655 -0.000000 -0.028022 0.582081 -0.812648 18.000000 0.001500 0.812990 0.582275 0.000000 0.000000 0.000000 0.000000 1.000000
0.999471 0.011823 -0.030282 0.000000 -0.032243 0.479361 -0.877025 18.000000 0.004147 0.877538 0.479489 0.000000 0.000000 0.000000 0.000000 1.000000
0.984133 0.020994 -0.176184 0.000000 -0.165534 0.466108 -0.869104 18.000000 0.063875 0.884479 0.462187 0.000000 0.000000 0.000000 0.000000 1.000000
0.999542 0.013547 -0.027045 -0.000000 -0.030109 0.531279 -0.846662 18.000000 0.002899 0.847089 0.531444 0.000000 0.000000 0.000000 0.000000 1.000000
0.999742 0.018403 -0.013287 0.000000 -0.022460 0.717404 -0.696296 18.000000 -0.003282 0.696415 0.717632 0.000000 0.000000 0.000000 0.000000 1.000000
0.999791 0.019587 -0.005801 -0.000000 -0.019133 0.798311 -0.601941 18.000000 -0.007159 0.601927 0.798519 0.000000 0.000000 0.000000 0.000000 1.000000
0.999796 0.019692 -0.004574 0.000000 -0.018640 0.810320 -0.585691 18.000000 -0.007827 0.585657 0.810521 0.000000 0.000000 0.000000 0.000000 1.000000
0.999799 0.019780 -0.003188 0.000000 -0.018100 0.823461 -0.567085 18.000000 -0.008592 0.567029 0.823653 0.000000 0.000000 0.000000 0.000000 1.000000
0.999802 0.019845 -0.001456 -0.000000 -0.017449 0.839259 -0.543451 18.000000 -0.009562 0.543369 0.839439 0.000000 0.000000 0.000000 0.000000 1.000000
0.999789 0.019898 0.005026 -0.000000 -0.014055 0.842325 -0.538786 18.000000 -0.014954 0.538602 0.842428 0.000000 0.000000 0.000000 0.000000 1.000000
0.955557 0.056421 0.289356 0.000000 0.147144 0.759235 -0.633964 18.000000 -0.255458 0.648366 0.717191 -0.000000 0.000000 0.000000 0.000000 1.000000
0.953152 0.059223 0.296636 0.000000 0.165164 0.719668 -0.674388 18.000000 -0.253419 0.691788 0.676171 -0.000000 0.000000 0.000000 0.000000 1.000000
0.999768 0.019035 -0.010035 0.000000 -0.020947 0.754194 -0.656318 18.000000 -0.004925 0.656376 0.754418 0.000000 0.000000 0.000000 0.000000 1.000000
0.999735 0.018224 -0.014069 0.000000 -0.022839 0.708178 -0.705665 18.000000 -0.002897 0.705799 0.708406 0.000000 0.000000 0.000000 0.000000 1.000000
0.999703 0.017439 -0.017048 0.000000 -0.024343 0.671594 -0.740519 18.000000 -0.001465 0.740714 0.671819 -0.000000 0.000000 0.000000 0.000000 1.000000
0.999635 0.015796 -0.021918 0.000000 -0.027007 0.606772 -0.794417 18.000000 0.000750 0.794719 0.606977 -0.000000 0.000000 0.000000 0.000000 1.000000
0.999471 0.011819 -0.030289 0.000000 -0.032247 0.479243 -0.877090 18.000000 0.004150 0.877603 0.479371 -0.000000 0.000000 0.000000 0.000000 1.000000</float_array>
        <technique_common>
          <accessor source="#mixamorig_LeftToeBase-Matrix-animation-output-transform-array" count="31" stride="16">
            <param type="float4x4"/>
          </accessor>
        </technique_common>
      </source>
      <source id="mixamorig_LeftToeBase-Interpolations">
        <Name_array id="mixamorig_LeftToeBase-Interpolations-array" count="31">
 LINEAR LINEAR LINEAR LINEAR LINEAR LINEAR LINEAR LINEAR LINEAR LINEAR LINEAR
LINEAR LINEAR LINEAR LINEAR LINEAR LINEAR LINEAR LINEAR LINEAR LINEAR LINEAR LINEAR
LINEAR LINEAR LINEAR LINEAR LINEAR LINEAR LINEAR LINEAR</Name_array>
        <technique_common>
          <accessor source="#mixamorig_LeftToeBase-Interpolations-array" count="31">
            <param type="name"/>
          </accessor>
        </technique_common>
      </source>
      <sampler id="mixamorig_LeftToeBase-Matrix-animation-transform">
        <input semantic="INPUT" source="#mixamorig_LeftToeBase-Matrix-animation-input"/>
        <input semantic="OUTPUT" source="#mixamorig_LeftToeBase-Matrix-animation-output-transform"/>
        <input semantic="INTERPOLATION" source="#mixamorig_LeftToeBase-Interpolations"/>
      </sampler>
      <channel source="#mixamorig_LeftToeBase-Matrix-animation-transform" target="mixamorig_LeftToeBase/matrix"/>
    </animation>
    <animation id="mixamorig_RightUpLeg-anim" name="mixamorig_RightUpLeg">
      <source id="mixamorig_RightUpLeg-Matrix-animation-input">
        <float_array id="mixamorig_RightUpLeg-Matrix-animation-input-array" count="31">

0.000000 0.033333 0.066667 0.100000 0.133333 0.166667 0.200000 0.233333 0.266667 0.300000 0.333333 0.366667 0.400000 0.433333 0.466667 0.500000
0.533333 0.566667 0.600000 0.633333 0.666667 0.700000 0.733333 0.766667 0.800000 0.833333 0.866667 0.900000 0.933333 0.966667 1.000000</float_array>
        <technique_common>
          <accessor source="#mixamorig_RightUpLeg-Matrix-animation-input-array" count="31">
            <param name="TIME" type="float"/>
          </accessor>
        </technique_common>
      </source>
      <source id="mixamorig_RightUpLeg-Matrix-animation-output-transform">
        <float_array id="mixamorig_RightUpLeg-Matrix-animation-output-transform-array" count="496">

-0.687066 -0.726184 -0.024423 -9.688800 0.449358 -0.451085 0.771103 -5.685100 -0.570980 0.518824 0.636242 -1.688600 0.000000 0.000000 0.000000 1.000000
-0.720410 -0.675205 -0.158453 -9.688800 0.405803 -0.595648 0.693201 -5.685100 -0.562435 0.435088 0.703111 -1.688600 0.000000 0.000000 0.000000 1.000000
-0.738431 -0.616423 -0.273392 -9.688800 0.367440 -0.707768 0.603367 -5.685100 -0.565427 0.345090 0.749136 -1.688600 0.000000 0.000000 0.000000 1.000000
-0.766797 -0.573527 -0.288252 -9.688800 0.343587 -0.746051 0.570400 -5.685100 -0.542191 0.338341 0.769126 -1.688600 0.000000 0.000000 0.000000 1.000000
-0.807796 -0.521040 -0.275649 -9.688800 0.275754 -0.747333 0.604528 -5.685100 -0.520984 0.412324 0.747371 -1.688600 0.000000 0.000000 0.000000 1.000000
-0.836358 -0.431258 -0.338411 -9.688800 0.131629 -0.757260 0.639712 -5.685100 -0.532146 0.490483 0.690107 -1.688600 0.000000 0.000000 0.000000 1.000000
-0.859229 -0.350400 -0.372755 -9.688800 0.000328 -0.728995 0.684519 -5.685100 -0.511592 0.588036 0.626488 -1.688600 0.000000 0.000000 0.000000 1.000000
-0.875174 -0.238055 -0.421188 -9.688800 -0.121084 -0.735090 0.667069 -5.685100 -0.468411 0.634801 0.614508 -1.688600 0.000000 0.000000 0.000000 1.000000
-0.884288 -0.216067 -0.413944 -9.688800 -0.158044 -0.695683 0.700748 -5.685100 -0.439382 0.685084 0.581036 -1.688600 0.000000 0.000000 0.000000 1.000000
-0.900153 -0.293164 -0.322148 -9.688800 -0.079028 -0.617397 0.782672 -5.685100 -0.428345 0.729983 0.532584 -1.688600 0.000000 0.000000 0.000000 1.000000
-0.904954 -0.365486 -0.217895 -9.688800 0.005686 -0.522422 0.852668 -5.685100 -0.425472 0.770386 0.474846 -1.688600 0.000000 0.000000 0.000000 1.000000
-0.892153 -0.438048 -0.110347 -9.688800 0.112853 -0.452657 0.884515 -5.685100 -0.437409 0.776670 0.453274 -1.688600 0.000000 0.000000 0.000000 1.000000
-0.851890 -0.523046 -0.026598 -9.688800 0.234264 -0.425987 0.873874 -5.685100 -0.468407 0.738213 0.485424 -1.688600 0.000000 0.000000 0.000000 1.000000
-0.802827 -0.594965 0.038545 -9.688800 0.345233 -0.411190 0.843645 -5.685100 -0.486090 0.690608 0.535516 -1.688600 0.000000 0.000000 0.000000 1.000000
-0.801933 -0.594560 0.058328 -9.688800 0.376362 -0.426969 0.822222 -5.685100 -0.463956 0.681319 0.566170 -1.688600 0.000000 0.000000 0.000000 1.000000
-0.827552 -0.552232 0.100981 -9.688800 0.371246 -0.403404 0.836326 -5.685100 -0.421109 0.729593 0.538852 -1.688600 0.000000 0.000000 0.000000 1.000000
-0.836410 -0.541609 0.084125 -9.688800 0.369112 -0.443131 0.816940 -5.685100 -0.405184 0.714349 0.570554 -1.688600 0.000000 0.000000 0.000000 1.000000
-0.843667 -0.531343 0.076813 -9.688800 0.366920 -0.466224 0.804988 -5.685100 -0.391912 0.707326 0.588298 -1.688600 0.000000 0.000000 0.000000 1.000000
-0.866991 -0.484719 0.115647 -9.688800 0.348514 -0.423920 0.835960 -5.685100 -0.356181 0.765075 0.536466 -1.688600 0.000000 0.000000 0.000000 1.000000
-0.897542 -0.426485 0.111929 -9.688800 0.305760 -0.419111 0.854902 -5.685100 -0.317692 0.801534 0.506572 -1.688600 0.000000 0.000000 0.000000 1.000000
-0.902845 -0.418330 0.099351 -9.688800 0.286807 -0.413792 0.864013 -5.685100 -0.320332 0.808564 0.493570 -1.688600 0.000000 0.000000 0.000000 1.000000
-0.871104 -0.468558 0.147073 -9.688800 0.312941 -0.298816 0.901541 -5.685100 -0.378477 0.831362 0.406931 -1.688600 0.000000 0.000000 0.000000 1.000000
-0.850715 -0.510542 0.125021 -9.688800 0.322431 -0.319027 0.891213 -5.685100 -0.415117 0.798479 0.436015 -1.688600 0.000000 0.000000 0.000000 1.000000
-0.818599 -0.548118 0.171647 -9.688800 0.341674 -0.224490 0.912613 -5.685100 -0.461686 0.805712 0.371045 -1.688600 0.000000 0.000000 0.000000 1.000000
-0.772895 -0.616559 0.149961 -9.688800 0.362940 -0.235700 0.901510 -5.685100 -0.520488 0.751200 0.405945 -1.688600 0.000000 0.000000 0.000000 1.000000
-0.725141 -0.681289 0.100081 -9.688800 0.385581 -0.281313 0.878744 -5.685100 -0.570524 0.675802 0.466683 -1.688600 0.000000 0.000000 0.000000 1.000000
-0.698759 -0.708088 0.101724 -9.688800 0.402794 -0.271934 0.873962 -5.685100 -0.591180 0.651662 0.475229 -1.688600 0.000000 0.000000 0.000000 1.000000
-0.678554 -0.725258 0.116468 -9.688800 0.421788 -0.254894 0.870129 -5.685100 -0.601381 0.639554 0.478864 -1.688600 0.000000 0.000000 0.000000 1.000000
-0.680907 -0.728834 0.071884 -9.688800 0.432705 -0.321167 0.842388 -5.685100 -0.590875 0.604692 0.534055 -1.688600 0.000000 0.000000 0.000000 1.000000
-0.691333 -0.722520 0.004799 -9.688800 0.438113 -0.413902 0.797961 -5.685100 -0.574557 0.553759 0.602690 -1.688600 0.000000 0.000000 0.000000 1.000000
-0.687066 -0.726184 -0.024421 -9.688800 0.449358 -0.451084 0.771104 -5.685100 -0.570980 0.518825 0.636241 -1.688600 0.000000 0.000000 0.000000 1.000000</float_array>
        <technique_common>
          <accessor source="#mixamorig_RightUpLeg-Matrix-animation-output-transform-array" count="31" stride="16">
            <param type="float4x4"/>
          </accessor>
        </technique_common>
      </source>
      <source id="mixamorig_RightUpLeg-Interpolations">
        <Name_array id="mixamorig_RightUpLeg-Interpolations-array" count="31">
 LINEAR LINEAR LINEAR LINEAR LINEAR LINEAR LINEAR LINEAR LINEAR LINEAR LINEAR
LINEAR LINEAR LINEAR LINEAR LINEAR LINEAR LINEAR LINEAR LINEAR LINEAR LINEAR LINEAR
LINEAR LINEAR LINEAR LINEAR LINEAR LINEAR LINEAR LINEAR</Name_array>
        <technique_common>
          <accessor source="#mixamorig_RightUpLeg-Interpolations-array" count="31">
            <param type="name"/>
          </accessor>
        </technique_common>
      </source>
      <sampler id="mixamorig_RightUpLeg-Matrix-animation-transform">
        <input semantic="INPUT" source="#mixamorig_RightUpLeg-Matrix-animation-input"/>
        <input semantic="OUTPUT" source="#mixamorig_RightUpLeg-Matrix-animation-output-transform"/>
        <input semantic="INTERPOLATION" source="#mixamorig_RightUpLeg-Interpolations"/>
      </sampler>
      <channel source="#mixamorig_RightUpLeg-Matrix-animation-transform" target="mixamorig_RightUpLeg/matrix"/>
    </animation>
    <animation id="mixamorig_RightLeg-anim" name="mixamorig_RightLeg">
      <source id="mixamorig_RightLeg-Matrix-animation-input">
        <float_array id="mixamorig_RightLeg-Matrix-animation-input-array" count="31">

0.000000 0.033333 0.066667 0.100000 0.133333 0.166667 0.200000 0.233333 0.266667 0.300000 0.333333 0.366667 0.400000 0.433333 0.466667 0.500000
0.533333 0.566667 0.600000 0.633333 0.666667 0.700000 0.733333 0.766667 0.800000 0.833333 0.866667 0.900000 0.933333 0.966667 1.000000</float_array>
        <technique_common>
          <accessor source="#mixamorig_RightLeg-Matrix-animation-input-array" count="31">
            <param name="TIME" type="float"/>
          </accessor>
        </technique_common>
      </source>
      <source id="mixamorig_RightLeg-Matrix-animation-output-transform">
        <float_array id="mixamorig_RightLeg-Matrix-animation-output-transform-array" count="496">

0.980930 0.067928 0.182102 -0.000000 -0.129588 0.926867 0.352313 43.167999 -0.144853 -0.369193 0.917995 -0.000000 0.000000 0.000000 0.000000 1.000000
0.973424 0.132878 0.186519 0.000000 -0.200376 0.888532 0.412747 43.167999 -0.110883 -0.439151 0.891544 0.000000 0.000000 0.000000 0.000000 1.000000
0.982776 0.159811 0.092804 0.000000 -0.184577 0.823991 0.535696 43.167999 0.009140 -0.543598 0.839296 0.000000 0.000000 0.000000 0.000000 1.000000
0.985413 0.134033 0.104864 0.000000 -0.166916 0.641108 0.749080 43.167999 0.033172 -0.755656 0.654128 0.000000 0.000000 0.000000 0.000000 1.000000
0.977772 0.100888 0.183805 0.000000 -0.208906 0.393825 0.895132 43.167999 0.017921 -0.913632 0.406147 -0.000000 0.000000 0.000000 0.000000 1.000000
0.989470 0.114122 0.089021 0.000000 -0.110248 0.195771 0.974433 43.167999 0.093777 -0.973987 0.206291 0.000000 0.000000 0.000000 0.000000 1.000000
0.976666 0.114537 0.181673 -0.000000 -0.170477 -0.101024 0.980169 43.167999 0.130619 -0.988269 -0.079141 -0.000000 0.000000 0.000000 0.000000 1.000000
0.978381 0.119555 0.168753 0.000000 -0.142369 -0.202498 0.968879 43.167999 0.150006 -0.971957 -0.181099 0.000000 0.000000 0.000000 0.000000 1.000000
0.983185 0.123253 0.134746 -0.000000 -0.092376 -0.300823 0.949195 43.167999 0.157526 -0.945682 -0.284379 0.000000 0.000000 0.000000 0.000000 1.000000
0.984454 0.113621 0.133940 0.000000 -0.074830 -0.418592 0.905086 43.167999 0.158903 -0.901039 -0.403582 -0.000000 0.000000 0.000000 0.000000 1.000000
0.992889 0.113832 0.034846 0.000000 0.024586 -0.482473 0.875566 43.167999 0.116480 -0.868483 -0.481841 0.000000 0.000000 0.000000 0.000000 1.000000
0.984498 0.130572 -0.117107 -0.000000 0.162918 -0.433447 0.886331 43.167999 0.064970 -0.891670 -0.448000 0.000000 0.000000 0.000000 0.000000 1.000000
0.981527 0.131283 -0.139177 0.000000 0.157868 -0.144769 0.976790 43.167999 0.108088 -0.980718 -0.162820 0.000000 0.000000 0.000000 0.000000 1.000000
0.986024 0.117616 -0.117998 0.000000 0.067483 0.365598 0.928323 43.167999 0.152325 -0.923312 0.352551 0.000000 0.000000 0.000000 0.000000 1.000000
0.993570 0.112760 -0.010158 0.000000 -0.076148 0.731962 0.677077 43.167999 0.083783 -0.671950 0.735842 0.000000 0.000000 0.000000 0.000000 1.000000
0.988553 0.121191 0.089868 0.000000 -0.149702 0.862049 0.484212 43.167999 -0.018788 -0.492123 0.870323 -0.000000 0.000000 0.000000 0.000000 1.000000
0.989785 0.130941 0.056396 0.000000 -0.142150 0.936700 0.319979 43.167999 -0.010928 -0.324727 0.945745 -0.000000 0.000000 0.000000 0.000000 1.000000
0.986180 0.115578 0.118705 0.000000 -0.143531 0.953871 0.263685 43.167999 -0.082753 -0.277078 0.957277 -0.000000 0.000000 0.000000 0.000000 1.000000
0.993810 0.104726 0.037056 0.000000 -0.111007 0.923441 0.367334 43.167999 0.004250 -0.369174 0.929351 0.000000 0.000000 0.000000 0.000000 1.000000
0.996991 0.071564 0.029775 -0.000000 -0.077494 0.928413 0.363378 43.167999 -0.001639 -0.364592 0.931166 0.000000 0.000000 0.000000 0.000000 1.000000
0.996326 0.035373 0.078000 0.000000 -0.059075 0.943234 0.326832 43.167999 -0.062011 -0.330239 0.941858 0.000000 0.000000 0.000000 0.000000 1.000000
0.999397 0.033702 0.008386 0.000000 -0.033724 0.884052 0.466170 43.167999 0.008298 -0.466172 0.884655 0.000000 0.000000 0.000000 0.000000 1.000000
0.999445 0.030013 0.014435 -0.000000 -0.032910 0.956471 0.289967 43.167999 -0.005104 -0.290281 0.956928 0.000000 0.000000 0.000000 0.000000 1.000000
0.996637 0.024290 0.078259 0.000000 -0.052144 0.924724 0.377049 43.167999 -0.063209 -0.379862 0.922881 0.000000 0.000000 0.000000 0.000000 1.000000
0.995828 0.021348 0.088712 0.000000 -0.052279 0.930332 0.362974 43.167999 -0.074783 -0.366098 0.927567 0.000000 0.000000 0.000000 0.000000 1.000000
0.993819 0.021250 0.108955 0.000000 -0.053797 0.950742 0.305279 43.167999 -0.097101 -0.309254 0.946009 -0.000000 0.000000 0.000000 0.000000 1.000000
0.990980 0.024489 0.131752 0.000000 -0.061870 0.955714 0.287720 43.167999 -0.118872 -0.293277 0.948609 0.000000 0.000000 0.000000 0.000000 1.000000
0.989138 0.029576 0.143981 0.000000 -0.076157 0.940934 0.329915 43.167999 -0.125719 -0.337297 0.932966 -0.000000 0.000000 0.000000 0.000000 1.000000
0.986947 0.037177 0.156695 0.000000 -0.094585 0.921307 0.377157 43.167999 -0.130343 -0.387055 0.912798 -0.000000 0.000000 0.000000 0.000000 1.000000
0.987997 0.052791 0.145169 -0.000000 -0.102133 0.928302 0.357525 43.167999 -0.115887 -0.368060 0.922552 0.000000 0.000000 0.000000 0.000000 1.000000
0.980930 0.067928 0.182102 0.000000 -0.129589 0.926866 0.352316 43.167999 -0.144852 -0.369196 0.917993 0.000000 0.000000 0.000000 0.000000 1.000000</float_array>
        <technique_common>
          <accessor source="#mixamorig_RightLeg-Matrix-animation-output-transform-array" count="31" stride="16">
            <param type="float4x4"/>
          </accessor>
        </technique_common>
      </source>
      <source id="mixamorig_RightLeg-Interpolations">
        <Name_array id="mixamorig_RightLeg-Interpolations-array" count="31">
 LINEAR LINEAR LINEAR LINEAR LINEAR LINEAR LINEAR LINEAR LINEAR LINEAR LINEAR
LINEAR LINEAR LINEAR LINEAR LINEAR LINEAR LINEAR LINEAR LINEAR LINEAR LINEAR LINEAR
LINEAR LINEAR LINEAR LINEAR LINEAR LINEAR LINEAR LINEAR</Name_array>
        <technique_common>
          <accessor source="#mixamorig_RightLeg-Interpolations-array" count="31">
            <param type="name"/>
          </accessor>
        </technique_common>
      </source>
      <sampler id="mixamorig_RightLeg-Matrix-animation-transform">
        <input semantic="INPUT" source="#mixamorig_RightLeg-Matrix-animation-input"/>
        <input semantic="OUTPUT" source="#mixamorig_RightLeg-Matrix-animation-output-transform"/>
        <input semantic="INTERPOLATION" source="#mixamorig_RightLeg-Interpolations"/>
      </sampler>
      <channel source="#mixamorig_RightLeg-Matrix-animation-transform" target="mixamorig_RightLeg/matrix"/>
    </animation>
    <animation id="mixamorig_RightFoot-anim" name="mixamorig_RightFoot">
      <source id="mixamorig_RightFoot-Matrix-animation-input">
        <float_array id="mixamorig_RightFoot-Matrix-animation-input-array" count="31">

0.000000 0.033333 0.066667 0.100000 0.133333 0.166667 0.200000 0.233333 0.266667 0.300000 0.333333 0.366667 0.400000 0.433333 0.466667 0.500000
0.533333 0.566667 0.600000 0.633333 0.666667 0.700000 0.733333 0.766667 0.800000 0.833333 0.866667 0.900000 0.933333 0.966667 1.000000</float_array>
        <technique_common>
          <accessor source="#mixamorig_RightFoot-Matrix-animation-input-array" count="31">
            <param name="TIME" type="float"/>
          </accessor>
        </technique_common>
      </source>
      <source id="mixamorig_RightFoot-Matrix-animation-output-transform">
        <float_array id="mixamorig_RightFoot-Matrix-animation-output-transform-array" count="496">

0.920484 0.046992 0.387944 0.000000 0.257127 0.674735 -0.691823 40.817699 -0.294269 0.736563 0.609000 -0.000000 0.000000 0.000000 0.000000 1.000000
0.945884 -0.009444 0.324367 0.000000 0.226966 0.733659 -0.640493 40.817699 -0.231926 0.679452 0.696100 0.000000 0.000000 0.000000 0.000000 1.000000
0.997919 -0.052021 0.038092 0.000000 0.064357 0.767803 -0.637445 40.817699 0.003913 0.638570 0.769554 0.000000 0.000000 0.000000 0.000000 1.000000
0.994048 -0.044375 -0.099492 0.000000 -0.036247 0.726520 -0.686189 40.817699 0.102733 0.685711 0.720588 0.000000 0.000000 0.000000 0.000000 1.000000
0.997800 -0.065739 0.008610 0.000000 0.049121 0.645772 -0.761949 40.817699 0.044530 0.760695 0.647580 0.000000 0.000000 0.000000 0.000000 1.000000
0.996117 -0.072252 -0.050296 0.000000 0.038870 0.873588 -0.485112 40.817699 0.078988 0.481273 0.873005 0.000000 0.000000 0.000000 0.000000 1.000000
0.974805 -0.210731 0.073129 0.000000 0.211856 0.772079 -0.599175 40.817699 0.069804 0.599571 0.797271 0.000000 0.000000 0.000000 0.000000 1.000000
0.996292 -0.056900 -0.064532 0.000000 0.011829 0.833542 -0.552330 40.817699 0.085217 0.549519 0.831124 -0.000000 0.000000 0.000000 0.000000 1.000000
0.979392 -0.168578 -0.111230 0.000000 0.082865 0.837649 -0.539887 40.817699 0.184184 0.519544 0.834356 -0.000000 0.000000 0.000000 0.000000 1.000000
0.915406 -0.391897 -0.091915 -0.000000 0.279755 0.783572 -0.554753 40.817699 0.289428 0.482111 0.826922 0.000000 0.000000 0.000000 0.000000 1.000000
0.858020 -0.509292 -0.066505 -0.000000 0.375366 0.710169 -0.595618 40.817699 0.350573 0.486088 0.800510 0.000000 0.000000 0.000000 0.000000 1.000000
0.886108 -0.409653 -0.216790 -0.000000 0.181592 0.737206 -0.650808 40.817699 0.426424 0.537319 0.727634 0.000000 0.000000 0.000000 0.000000 1.000000
0.877839 -0.338849 -0.338497 0.000000 0.093085 0.813964 -0.573409 40.817699 0.469824 0.471852 0.746070 0.000000 0.000000 0.000000 0.000000 1.000000
0.935654 -0.230418 -0.267318 -0.000000 0.155520 0.949137 -0.273776 40.817699 0.316804 0.214586 0.923898 0.000000 0.000000 0.000000 0.000000 1.000000
0.982557 -0.185833 -0.006973 -0.000000 0.172623 0.925370 -0.337479 40.817699 0.069167 0.330388 0.941307 -0.000000 0.000000 0.000000 0.000000 1.000000
0.901307 -0.253410 0.351325 0.000000 0.374741 0.862957 -0.338932 40.817699 -0.217290 0.437138 0.872752 0.000000 0.000000 0.000000 0.000000 1.000000
0.829541 -0.247154 0.500776 0.000000 0.379832 0.907072 -0.181517 40.817699 -0.409377 0.340787 0.846330 0.000000 0.000000 0.000000 0.000000 1.000000
0.827461 -0.184454 0.530363 0.000000 0.292553 0.947805 -0.126801 40.817699 -0.479292 0.260082 0.838234 -0.000000 0.000000 0.000000 0.000000 1.000000
0.845154 -0.200454 0.495512 0.000000 0.324633 0.928959 -0.177899 40.817699 -0.424650 0.311212 0.850188 0.000000 0.000000 0.000000 0.000000 1.000000
0.841930 -0.287928 0.456346 0.000000 0.405338 0.895730 -0.182669 40.817699 -0.356167 0.338769 0.870850 0.000000 0.000000 0.000000 0.000000 1.000000
0.859971 -0.251425 0.444112 0.000000 0.383375 0.892668 -0.236996 40.817699 -0.336858 0.374071 0.864059 -0.000000 0.000000 0.000000 0.000000 1.000000
0.851837 -0.222099 0.474390 -0.000000 0.408905 0.847975 -0.337247 40.817699 -0.327369 0.481260 0.813153 0.000000 0.000000 0.000000 0.000000 1.000000
0.874417 -0.186178 0.448032 0.000000 0.339666 0.894300 -0.291298 40.817699 -0.346441 0.406897 0.845230 0.000000 0.000000 0.000000 0.000000 1.000000
0.873307 -0.182367 0.451748 0.000000 0.368044 0.854516 -0.366533 40.817699 -0.319183 0.486359 0.813374 -0.000000 0.000000 0.000000 0.000000 1.000000
0.872953 -0.177676 0.454296 0.000000 0.377015 0.836707 -0.397216 40.817699 -0.309537 0.518027 0.797393 -0.000000 0.000000 0.000000 0.000000 1.000000
0.867955 -0.133000 0.478503 0.000000 0.370177 0.815562 -0.444778 40.817699 -0.331093 0.563178 0.757105 0.000000 0.000000 0.000000 0.000000 1.000000
0.855190 -0.056849 0.515188 0.000000 0.363347 0.774596 -0.517667 40.817699 -0.369633 0.629896 0.683083 -0.000000 0.000000 0.000000 0.000000 1.000000
0.835138 -0.010599 0.549938 0.000000 0.387800 0.720382 -0.575031 40.817699 -0.390071 0.693496 0.605729 0.000000 0.000000 0.000000 0.000000 1.000000
0.844214 0.039526 0.534548 -0.000000 0.365795 0.686463 -0.628460 40.817699 -0.391788 0.726090 0.565063 0.000000 0.000000 0.000000 0.000000 1.000000
0.879907 0.064011 0.470814 -0.000000 0.304022 0.685647 -0.661406 40.817699 -0.365150 0.725114 0.583845 0.000000 0.000000 0.000000 0.000000 1.000000
0.920484 0.046991 0.387944 0.000000 0.257128 0.674734 -0.691823 40.817699 -0.294269 0.736564 0.608999 -0.000000 0.000000 0.000000 0.000000 1.000000</float_array>
        <technique_common>
          <accessor source="#mixamorig_RightFoot-Matrix-animation-output-transform-array" count="31" stride="16">
            <param type="float4x4"/>
          </accessor>
        </technique_common>
      </source>
      <source id="mixamorig_RightFoot-Interpolations">
        <Name_array id="mixamorig_RightFoot-Interpolations-array" count="31">
 LINEAR LINEAR LINEAR LINEAR LINEAR LINEAR LINEAR LINEAR LINEAR LINEAR LINEAR
LINEAR LINEAR LINEAR LINEAR LINEAR LINEAR LINEAR LINEAR LINEAR LINEAR LINEAR LINEAR
LINEAR LINEAR LINEAR LINEAR LINEAR LINEAR LINEAR LINEAR</Name_array>
        <technique_common>
          <accessor source="#mixamorig_RightFoot-Interpolations-array" count="31">
            <param type="name"/>
          </accessor>
        </technique_common>
      </source>
      <sampler id="mixamorig_RightFoot-Matrix-animation-transform">
        <input semantic="INPUT" source="#mixamorig_RightFoot-Matrix-animation-input"/>
        <input semantic="OUTPUT" source="#mixamorig_RightFoot-Matrix-animation-output-transform"/>
        <input semantic="INTERPOLATION" source="#mixamorig_RightFoot-Interpolations"/>
      </sampler>
      <channel source="#mixamorig_RightFoot-Matrix-animation-transform" target="mixamorig_RightFoot/matrix"/>
    </animation>
    <animation id="mixamorig_RightToeBase-anim" name="mixamorig_RightToeBase">
      <source id="mixamorig_RightToeBase-Matrix-animation-input">
        <float_array id="mixamorig_RightToeBase-Matrix-animation-input-array" count="31">

0.000000 0.033333 0.066667 0.100000 0.133333 0.166667 0.200000 0.233333 0.266667 0.300000 0.333333 0.366667 0.400000 0.433333 0.466667 0.500000
0.533333 0.566667 0.600000 0.633333 0.666667 0.700000 0.733333 0.766667 0.800000 0.833333 0.866667 0.900000 0.933333 0.966667 1.000000</float_array>
        <technique_common>
          <accessor source="#mixamorig_RightToeBase-Matrix-animation-input-array" count="31">
            <param name="TIME" type="float"/>
          </accessor>
        </technique_common>
      </source>
      <source id="mixamorig_RightToeBase-Matrix-animation-output-transform">
        <float_array id="mixamorig_RightToeBase-Matrix-animation-output-transform-array" count="496">

0.999547 -0.013652 0.026804 -0.000000 0.029949 0.535008 -0.844316 18.000000 -0.002814 0.844737 0.535175 0.000000 0.000000 0.000000 0.000000 1.000000
0.999343 -0.008689 0.035178 -0.000000 0.035758 0.393674 -0.918554 18.000000 -0.005867 0.919209 0.393726 -0.000000 0.000000 0.000000 0.000000 1.000000
0.999207 -0.005366 0.039464 -0.000000 0.039179 0.310408 -0.949796 18.000000 -0.007153 0.950588 0.310372 0.000000 0.000000 0.000000 0.000000 1.000000
0.999315 -0.007994 0.036142 0.000000 0.036496 0.375688 -0.926027 18.000000 -0.006175 0.926712 0.375723 -0.000000 0.000000 0.000000 0.000000 1.000000
0.999488 -0.012195 0.029596 0.000000 0.031772 0.490648 -0.870778 18.000000 -0.003902 0.871273 0.490784 0.000000 0.000000 0.000000 0.000000 1.000000
0.999549 -0.013681 0.026744 0.000000 0.029910 0.535931 -0.843732 18.000000 -0.002790 0.844151 0.536099 -0.000000 0.000000 0.000000 0.000000 1.000000
0.999450 -0.011291 0.031170 0.000000 0.032847 0.464484 -0.884972 18.000000 -0.004486 0.885510 0.464599 -0.000000 0.000000 0.000000 0.000000 1.000000
0.999216 -0.005597 0.039191 0.000000 0.038950 0.315972 -0.947969 18.000000 -0.007078 0.948752 0.315942 0.000000 0.000000 0.000000 0.000000 1.000000
0.998887 0.002419 0.047116 -0.000000 0.046351 0.135861 -0.989643 18.000000 -0.008795 0.990725 0.135598 -0.000000 0.000000 0.000000 0.000000 1.000000
0.998311 0.016422 0.055730 0.000000 0.057431 -0.133814 -0.989341 18.000000 -0.008789 0.990870 -0.134531 0.000000 0.000000 0.000000 0.000000 1.000000
0.997581 0.034189 0.060530 -0.000000 0.069318 -0.423274 -0.903346 18.000000 -0.005264 0.905356 -0.424620 0.000000 0.000000 0.000000 0.000000 1.000000
0.997442 0.037568 0.060814 0.000000 0.071357 -0.472911 -0.878216 18.000000 -0.004233 0.880309 -0.474382 -0.000000 0.000000 0.000000 0.000000 1.000000
0.998207 0.018956 0.056781 0.000000 0.059256 -0.178257 -0.982198 18.000000 -0.008497 0.983801 -0.179061 0.000000 0.000000 0.000000 0.000000 1.000000
0.999972 -0.000734 0.007388 0.000000 0.007408 0.163504 -0.986515 18.000000 -0.000484 0.986542 0.163505 -0.000000 0.000000 0.000000 0.000000 1.000000
0.999345 -0.008732 0.035117 0.000000 0.035711 0.394801 -0.918072 18.000000 -0.005848 0.918725 0.394854 0.000000 0.000000 0.000000 0.000000 1.000000
0.999397 -0.010007 0.033235 -0.000000 0.034315 0.428785 -0.902755 18.000000 -0.005217 0.903351 0.428870 0.000000 0.000000 0.000000 0.000000 1.000000
0.999424 -0.010659 0.032209 0.000000 0.033577 0.446714 -0.894046 18.000000 -0.004859 0.894613 0.446815 0.000000 0.000000 0.000000 0.000000 1.000000
0.999447 -0.011206 0.031312 -0.000000 0.032945 0.462075 -0.886228 18.000000 -0.004538 0.886770 0.462189 -0.000000 0.000000 0.000000 0.000000 1.000000
0.999462 -0.011576 0.030684 0.000000 0.032511 0.472646 -0.880652 18.000000 -0.004308 0.881176 0.472768 0.000000 0.000000 0.000000 0.000000 1.000000
0.999488 -0.012200 0.029588 -0.000000 0.031766 0.490781 -0.870703 18.000000 -0.003899 0.871197 0.490918 0.000000 0.000000 0.000000 0.000000 1.000000
0.999518 -0.012939 0.028213 0.000000 0.030855 0.512929 -0.857877 18.000000 -0.003371 0.858334 0.513081 -0.000000 0.000000 0.000000 0.000000 1.000000
0.999532 -0.013275 0.027561 0.000000 0.030432 0.523237 -0.851644 18.000000 -0.003115 0.852084 0.523396 0.000000 0.000000 0.000000 0.000000 1.000000
0.999530 -0.013218 0.027672 0.000000 0.030504 0.521503 -0.852704 18.000000 -0.003160 0.853147 0.521661 -0.000000 0.000000 0.000000 0.000000 1.000000
0.999520 -0.012988 0.028119 0.000000 0.030794 0.514428 -0.856980 18.000000 -0.003335 0.857435 0.514581 -0.000000 0.000000 0.000000 0.000000 1.000000
0.999512 -0.012800 0.028479 0.000000 0.031029 0.508705 -0.860381 18.000000 -0.003475 0.860846 0.508854 0.000000 0.000000 0.000000 0.000000 1.000000
0.999516 -0.012889 0.028309 0.000000 0.030918 0.511423 -0.858772 18.000000 -0.003409 0.859232 0.511574 0.000000 0.000000 0.000000 0.000000 1.000000
0.999523 -0.013066 0.027969 -0.000000 0.030696 0.516816 -0.855546 18.000000 -0.003276 0.855996 0.516971 0.000000 0.000000 0.000000 0.000000 1.000000
0.999524 -0.013076 0.027951 -0.000000 0.030685 0.517090 -0.855381 18.000000 -0.003269 0.855831 0.517245 0.000000 0.000000 0.000000 0.000000 1.000000
0.999520 -0.012974 0.028146 -0.000000 0.030812 0.514003 -0.857235 18.000000 -0.003345 0.857690 0.514156 0.000000 0.000000 0.000000 0.000000 1.000000
0.999522 -0.013038 0.028024 -0.000000 0.030732 0.515938 -0.856075 18.000000 -0.003298 0.856527 0.516092 -0.000000 0.000000 0.000000 0.000000 1.000000
0.999547 -0.013651 0.026804 0.000000 0.029948 0.535008 -0.844316 18.000000 -0.002814 0.844737 0.535175 0.000000 0.000000 0.000000 0.000000 1.000000</float_array>
        <technique_common>
          <accessor source="#mixamorig_RightToeBase-Matrix-animation-output-transform-array" count="31" stride="16">
            <param type="float4x4"/>
          </accessor>
        </technique_common>
      </source>
      <source id="mixamorig_RightToeBase-Interpolations">
        <Name_array id="mixamorig_RightToeBase-Interpolations-array" count="31">
 LINEAR LINEAR LINEAR LINEAR LINEAR LINEAR LINEAR LINEAR LINEAR LINEAR LINEAR
LINEAR LINEAR LINEAR LINEAR LINEAR LINEAR LINEAR LINEAR LINEAR LINEAR LINEAR LINEAR
LINEAR LINEAR LINEAR LINEAR LINEAR LINEAR LINEAR LINEAR</Name_array>
        <technique_common>
          <accessor source="#mixamorig_RightToeBase-Interpolations-array" count="31">
            <param type="name"/>
          </accessor>
        </technique_common>
      </source>
      <sampler id="mixamorig_RightToeBase-Matrix-animation-transform">
        <input semantic="INPUT" source="#mixamorig_RightToeBase-Matrix-animation-input"/>
        <input semantic="OUTPUT" source="#mixamorig_RightToeBase-Matrix-animation-output-transform"/>
        <input semantic="INTERPOLATION" source="#mixamorig_RightToeBase-Interpolations"/>
      </sampler>
      <channel source="#mixamorig_RightToeBase-Matrix-animation-transform" target="mixamorig_RightToeBase/matrix"/>
    </animation>
  </library_animations>
  <library_visual_scenes>
    <visual_scene id="RootNode" name="RootNode">
      <node id="mixamorig_Hips" name="mixamorig_Hips" sid="mixamorig_Hips" type="JOINT">
        <matrix sid="matrix">0.994380 -0.051228 0.092648 0.097223 -0.105625 -0.420869 0.900951 31.390860 -0.007162 -0.905674 -0.423915 -4.546440 0.000000 0.000000 0.000000 1.000000</matrix>
        <node id="mixamorig_Spine" name="mixamorig_Spine" sid="mixamorig_Spine" type="JOINT">
          <matrix sid="matrix">0.990409 0.036319 -0.133308 0.004700 -0.125751 0.636683 -0.760803 5.245300 0.057243 0.770270 0.635143 0.258800 0.000000 0.000000 0.000000 1.000000</matrix>
          <node id="mixamorig_Spine1" name="mixamorig_Spine1" sid="mixamorig_Spine1" type="JOINT">
            <matrix sid="matrix">0.997733 -0.044255 -0.050692 0.000000 0.034453 0.983046 -0.180091 11.066900 0.057802 0.177937 0.982343 -0.000000 0.000000 0.000000 0.000000 1.000000</matrix>
            <node id="mixamorig_Spine2" name="mixamorig_Spine2" sid="mixamorig_Spine2" type="JOINT">
              <matrix sid="matrix">0.998271 -0.052343 -0.026747 -0.000000 0.038394 0.925186 -0.377566 8.141900 0.044509 0.375887 0.925596 0.000000 0.000000 0.000000 0.000000 1.000000</matrix>
              <node id="mixamorig_Neck" name="mixamorig_Neck" sid="mixamorig_Neck" type="JOINT">
                <matrix sid="matrix">0.999713 -0.023817 0.002747 -0.112200 0.023967 0.989778 -0.140592 18.919500 0.000629 0.140617 0.990064 -3.736100 0.000000 0.000000 0.000000 1.000000</matrix>
                <node id="mixamorig_Head" name="mixamorig_Head" sid="mixamorig_Head" type="JOINT">
                  <matrix sid="matrix">0.992245 -0.111747 0.054436 0.000000 0.124199 0.873599 -0.470531 8.673000 0.005025 0.473643 0.880703 3.319300 0.000000 0.000000 0.000000 1.000000</matrix>
                  <node id="mixamorig_HeadTop_End" name="mixamorig_HeadTop_End" sid="mixamorig_HeadTop_End" type="JOINT">
                    <matrix sid="matrix">1.000000 -0.000000 0.000000 0.000000 -0.000000 1.000000 -0.000000 18.745300 -0.000000 0.000000 1.000000 9.371300 0.000000 0.000000 0.000000 1.000000</matrix>
                  </node>
                </node>
              </node>
              <node id="mixamorig_LeftShoulder" name="mixamorig_LeftShoulder" sid="mixamorig_LeftShoulder" type="JOINT">
                <matrix sid="matrix">0.043965 0.979687 -0.195656 6.339200 0.101305 -0.199208 -0.974707 14.952900 -0.993884 0.023032 -0.108005 -4.642900 0.000000 0.000000 0.000000 1.000000</matrix>
                <node id="mixamorig_LeftArm" name="mixamorig_LeftArm" sid="mixamorig_LeftArm" type="JOINT">
                  <matrix sid="matrix">0.803017 0.543502 -0.244478 0.000000 -0.218835 -0.112657 -0.969237 9.143700 -0.554324 0.831814 0.028472 0.000000 0.000000 0.000000 0.000000 1.000000</matrix>
                  <node id="mixamorig_LeftForeArm" name="mixamorig_LeftForeArm" sid="mixamorig_LeftForeArm" type="JOINT">
                    <matrix sid="matrix">0.824786 -0.565445 -0.000000 0.000000 0.565445 0.824786 0.000000 24.573900 0.000000 -0.000000 1.000000 0.000000 0.000000 0.000000 0.000000 1.000000</matrix>
                    <node id="mixamorig_LeftHand" name="mixamorig_LeftHand" sid="mixamorig_LeftHand" type="JOINT">
                      <matrix sid="matrix">0.884602 -0.334062 0.325394 0.000000 -0.352859 -0.023258 0.935388 23.096600 -0.304909 -0.942264 -0.138451 -0.000000 0.000000 0.000000 0.000000 1.000000</matrix>
                      <node id="mixamorig_LeftHandThumb1" name="mixamorig_LeftHandThumb1" sid="mixamorig_LeftHandThumb1" type="JOINT">
                        <matrix sid="matrix">0.794259 -0.606350 0.038619 -2.005500 0.606706 0.794920 0.003065 3.660300 -0.032557 0.020997 0.999249 1.518500 0.000000 0.000000 0.000000 1.000000</matrix>
                        <node id="mixamorig_LeftHandThumb2" name="mixamorig_LeftHandThumb2" sid="mixamorig_LeftHandThumb2" type="JOINT">
                          <matrix sid="matrix">0.970244 0.242106 -0.003418 0.000000 -0.242101 0.969812 -0.029189 3.295400 -0.003753 0.029148 0.999568 0.000000 0.000000 0.000000 0.000000 1.000000</matrix>
                          <node id="mixamorig_LeftHandThumb3" name="mixamorig_LeftHandThumb3" sid="mixamorig_LeftHandThumb3" type="JOINT">
                            <matrix sid="matrix">0.999887 0.014908 0.001969 0.000000 -0.014908 0.965577 0.259690 3.556700 0.001970 -0.259690 0.965690 0.000000 0.000000 0.000000 0.000000 1.000000</matrix>
                            <node id="mixamorig_LeftHandThumb4" name="mixamorig_LeftHandThumb4" sid="mixamorig_LeftHandThumb4" type="JOINT">
                              <matrix sid="matrix">1.000000 -0.000000 0.000000 0.000000 0.000000 1.000000 -0.000000 3.329000 0.000000 0.000000 1.000000 0.000000 0.000000 0.000000 0.000000 1.000000</matrix>
                            </node>
                          </node>
                        </node>
                      </node>
                      <node id="mixamorig_LeftHandIndex1" name="mixamorig_LeftHandIndex1" sid="mixamorig_LeftHandIndex1" type="JOINT">
                        <matrix sid="matrix">0.998608 0.052630 -0.003430 -2.326600 -0.052569 0.987987 -0.145321 11.104500 -0.004260 0.145299 0.989379 0.229400 0.000000 0.000000 0.000000 1.000000</matrix>
                        <node id="mixamorig_LeftHandIndex2" name="mixamorig_LeftHandIndex2" sid="mixamorig_LeftHandIndex2" type="JOINT">
                          <matrix sid="matrix">1.000000 0.000082 -0.000000 0.000000 -0.000082 1.000000 -0.000800 2.600000 -0.000000 0.000800 1.000000 0.000000 0.000000 0.000000 0.000000 1.000000</matrix>
                          <node id="mixamorig_LeftHandIndex3" name="mixamorig_LeftHandIndex3" sid="mixamorig_LeftHandIndex3" type="JOINT">
                            <matrix sid="matrix">1.000000 -0.000051 0.000000 0.000000 0.000051 1.000000 0.000494 2.000100 -0.000000 -0.000494 1.000000 0.000000 0.000000 0.000000 0.000000 1.000000</matrix>
                            <node id="mixamorig_LeftHandIndex4" name="mixamorig_LeftHandIndex4" sid="mixamorig_LeftHandIndex4" type="JOINT">
                              <matrix sid="matrix">1.000000 0.000000 -0.000000 0.000000 0.000000 1.000000 -0.000000 2.455500 -0.000000 -0.000000 1.000000 -0.000000 0.000000 0.000000 0.000000 1.000000</matrix>
                            </node>
                          </node>
                        </node>
                      </node>
                      <node id="mixamorig_LeftHandMiddle1" name="mixamorig_LeftHandMiddle1" sid="mixamorig_LeftHandMiddle1" type="JOINT">
                        <matrix sid="matrix">0.998601 0.052563 -0.005827 -0.000000 -0.052857 0.988359 -0.142662 11.447600 -0.001740 0.142770 0.989754 -0.000100 0.000000 0.000000 0.000000 1.000000</matrix>
                        <node id="mixamorig_LeftHandMiddle2" name="mixamorig_LeftHandMiddle2" sid="mixamorig_LeftHandMiddle2" type="JOINT">
                          <matrix sid="matrix">1.000000 0.000000 0.000000 0.000000 -0.000000 1.000000 -0.000000 2.900000 -0.000000 0.000000 1.000000 0.000000 0.000000 0.000000 0.000000 1.000000</matrix>
                          <node id="mixamorig_LeftHandMiddle3" name="mixamorig_LeftHandMiddle3" sid="mixamorig_LeftHandMiddle3" type="JOINT">
                            <matrix sid="matrix">1.000000 -0.000000 0.000000 0.000000 0.000000 1.000000 0.000000 2.000000 -0.000000 -0.000000 1.000000 0.000000 0.000000 0.000000 0.000000 1.000000</matrix>
                            <node id="mixamorig_LeftHandMiddle4" name="mixamorig_LeftHandMiddle4" sid="mixamorig_LeftHandMiddle4" type="JOINT">
                              <matrix sid="matrix">1.000000 0.000000 0.000000 0.000000 -0.000000 1.000000 0.000000 2.285000 -0.000000 0.000000 1.000000 0.000000 0.000000 0.000000 0.000000 1.000000</matrix>
                            </node>
                          </node>
                        </node>
                      </node>
                      <node id="mixamorig_LeftHandRing1" name="mixamorig_LeftHandRing1" sid="mixamorig_LeftHandRing1" type="JOINT">
                        <matrix sid="matrix">0.998709 0.050585 -0.004650 2.247300 -0.050776 0.991316 -0.121299 10.605600 -0.001526 0.121379 0.992605 -0.268300 0.000000 0.000000 0.000000 1.000000</matrix>
                        <node id="mixamorig_LeftHandRing2" name="mixamorig_LeftHandRing2" sid="mixamorig_LeftHandRing2" type="JOINT">
                          <matrix sid="matrix">1.000000 0.000119 0.000000 0.000000 -0.000119 0.999999 -0.001159 3.000100 -0.000000 0.001159 0.999999 -0.000000 0.000000 0.000000 0.000000 1.000000</matrix>
                          <node id="mixamorig_LeftHandRing3" name="mixamorig_LeftHandRing3" sid="mixamorig_LeftHandRing3" type="JOINT">
                            <matrix sid="matrix">1.000000 -0.000070 -0.000000 0.000000 0.000070 1.000000 0.000679 2.200000 0.000000 -0.000679 1.000000 0.000000 0.000000 0.000000 0.000000 1.000000</matrix>
                            <node id="mixamorig_LeftHandRing4" name="mixamorig_LeftHandRing4" sid="mixamorig_LeftHandRing4" type="JOINT">
                              <matrix sid="matrix">1.000000 0.000000 0.000000 0.000000 0.000000 1.000000 0.000000 2.186100 0.000000 -0.000000 1.000000 0.000000 0.000000 0.000000 0.000000 1.000000</matrix>
                            </node>
                          </node>
                        </node>
                      </node>
                      <node id="mixamorig_LeftHandPinky1" name="mixamorig_LeftHandPinky1" sid="mixamorig_LeftHandPinky1" type="JOINT">
                        <matrix sid="matrix">0.998846 0.047888 -0.003585 4.027900 -0.048014 0.994570 -0.092329 9.628200 -0.000856 0.092394 0.995722 0.341700 0.000000 0.000000 0.000000 1.000000</matrix>
                        <node id="mixamorig_LeftHandPinky2" name="mixamorig_LeftHandPinky2" sid="mixamorig_LeftHandPinky2" type="JOINT">
                          <matrix sid="matrix">1.000000 0.000000 0.000000 -0.000000 -0.000000 1.000000 -0.000000 2.900500 -0.000000 0.000000 1.000000 0.000000 0.000000 0.000000 0.000000 1.000000</matrix>
                          <node id="mixamorig_LeftHandPinky3" name="mixamorig_LeftHandPinky3" sid="mixamorig_LeftHandPinky3" type="JOINT">
                            <matrix sid="matrix">1.000000 0.000000 -0.000000 0.000000 -0.000000 1.000000 -0.000000 1.297700 0.000000 0.000000 1.000000 0.000000 0.000000 0.000000 0.000000 1.000000</matrix>
                            <node id="mixamorig_LeftHandPinky4" name="mixamorig_LeftHandPinky4" sid="mixamorig_LeftHandPinky4" type="JOINT">
                              <matrix sid="matrix">1.000000 0.000000 0.000000 0.000000 -0.000000 1.000000 -0.000000 2.013000 -0.000000 0.000000 1.000000 -0.000000 0.000000 0.000000 0.000000 1.000000</matrix>
                            </node>
                          </node>
                        </node>
                      </node>
                    </node>
                  </node>
                </node>
              </node>
              <node id="mixamorig_RightShoulder" name="mixamorig_RightShoulder" sid="mixamorig_RightShoulder" type="JOINT">
                <matrix sid="matrix">-0.005506 -0.987500 0.157522 -6.339200 -0.009735 -0.157464 -0.987477 14.952700 0.999937 -0.006971 -0.008746 -4.642900 0.000000 0.000000 0.000000 1.000000</matrix>
                <node id="mixamorig_RightArm" name="mixamorig_RightArm" sid="mixamorig_RightArm" type="JOINT">
                  <matrix sid="matrix">0.852963 -0.493755 0.169293 -0.000000 0.245352 0.092991 -0.964964 9.143600 0.460713 0.864615 0.200461 0.000000 0.000000 0.000000 0.000000 1.000000</matrix>
                  <node id="mixamorig_RightForeArm" name="mixamorig_RightForeArm" sid="mixamorig_RightForeArm" type="JOINT">
                    <matrix sid="matrix">0.747729 0.664004 -0.000000 0.000000 -0.664004 0.747729 0.000000 24.573900 0.000000 -0.000000 1.000000 0.000000 0.000000 0.000000 0.000000 1.000000</matrix>
                    <node id="mixamorig_RightHand" name="mixamorig_RightHand" sid="mixamorig_RightHand" type="JOINT">
                      <matrix sid="matrix">0.617702 0.518101 -0.591621 -0.000000 0.579969 0.207955 0.787649 23.096600 0.531112 -0.829654 -0.172028 0.000000 0.000000 0.000000 0.000000 1.000000</matrix>
                      <node id="mixamorig_RightHandThumb1" name="mixamorig_RightHandThumb1" sid="mixamorig_RightHandThumb1" type="JOINT">
                        <matrix sid="matrix">0.773579 0.632265 -0.042632 2.005500 -0.632339 0.774575 0.013440 3.660400 0.041519 0.016561 0.999000 1.517800 0.000000 0.000000 0.000000 1.000000</matrix>
                        <node id="mixamorig_RightHandThumb2" name="mixamorig_RightHandThumb2" sid="mixamorig_RightHandThumb2" type="JOINT">
                          <matrix sid="matrix">0.961330 -0.275384 0.002665 0.000000 0.275384 0.961147 -0.018980 3.295500 0.002665 0.018980 0.999816 -0.000000 0.000000 0.000000 0.000000 1.000000</matrix>
                          <node id="mixamorig_RightHandThumb3" name="mixamorig_RightHandThumb3" sid="mixamorig_RightHandThumb3" type="JOINT">
                            <matrix sid="matrix">0.992143 -0.124074 -0.016068 0.000000 0.124074 0.959284 0.253731 3.556400 -0.016068 -0.253731 0.967141 0.000000 0.000000 0.000000 0.000000 1.000000</matrix>
                            <node id="mixamorig_RightHandThumb4" name="mixamorig_RightHandThumb4" sid="mixamorig_RightHandThumb4" type="JOINT">
                              <matrix sid="matrix">1.000000 -0.000000 -0.000000 0.000000 0.000000 1.000000 -0.000000 3.329100 -0.000000 -0.000000 1.000000 -0.000000 0.000000 0.000000 0.000000 1.000000</matrix>
                            </node>
                          </node>
                        </node>
                      </node>
                      <node id="mixamorig_RightHandIndex1" name="mixamorig_RightHandIndex1" sid="mixamorig_RightHandIndex1" type="JOINT">
                        <matrix sid="matrix">0.998756 -0.049653 0.004696 2.326600 0.049853 0.991156 -0.122981 11.104400 0.001452 0.123062 0.992398 0.228500 0.000000 0.000000 0.000000 1.000000</matrix>
                        <node id="mixamorig_RightHandIndex2" name="mixamorig_RightHandIndex2" sid="mixamorig_RightHandIndex2" type="JOINT">
                          <matrix sid="matrix">1.000000 0.000000 0.000000 0.000000 -0.000000 1.000000 0.000000 2.600000 0.000000 -0.000000 1.000000 0.000000 0.000000 0.000000 0.000000 1.000000</matrix>
                          <node id="mixamorig_RightHandIndex3" name="mixamorig_RightHandIndex3" sid="mixamorig_RightHandIndex3" type="JOINT">
                            <matrix sid="matrix">1.000000 0.000000 -0.000000 0.000000 -0.000000 1.000000 0.000000 2.000100 0.000000 -0.000000 1.000000 0.000000 0.000000 0.000000 0.000000 1.000000</matrix>
                            <node id="mixamorig_RightHandIndex4" name="mixamorig_RightHandIndex4" sid="mixamorig_RightHandIndex4" type="JOINT">
                              <matrix sid="matrix">1.000000 -0.000000 0.000000 -0.000000 -0.000000 1.000000 -0.000000 2.455500 0.000000 -0.000000 1.000000 0.000000 0.000000 0.000000 0.000000 1.000000</matrix>
                            </node>
                          </node>
                        </node>
                      </node>
                      <node id="mixamorig_RightHandMiddle1" name="mixamorig_RightHandMiddle1" sid="mixamorig_RightHandMiddle1" type="JOINT">
                        <matrix sid="matrix">0.998765 -0.049465 0.004574 0.000000 0.049655 0.991464 -0.120553 11.447500 0.001428 0.120631 0.992696 -0.001500 0.000000 0.000000 0.000000 1.000000</matrix>
                        <node id="mixamorig_RightHandMiddle2" name="mixamorig_RightHandMiddle2" sid="mixamorig_RightHandMiddle2" type="JOINT">
                          <matrix sid="matrix">1.000000 -0.000084 0.000000 0.000000 0.000084 0.999999 -0.001033 2.900000 -0.000000 0.001033 0.999999 0.000000 0.000000 0.000000 0.000000 1.000000</matrix>
                          <node id="mixamorig_RightHandMiddle3" name="mixamorig_RightHandMiddle3" sid="mixamorig_RightHandMiddle3" type="JOINT">
                            <matrix sid="matrix">1.000000 0.000051 -0.000000 0.000000 -0.000051 1.000000 0.000624 2.000000 0.000000 -0.000624 1.000000 0.000000 0.000000 0.000000 0.000000 1.000000</matrix>
                            <node id="mixamorig_RightHandMiddle4" name="mixamorig_RightHandMiddle4" sid="mixamorig_RightHandMiddle4" type="JOINT">
                              <matrix sid="matrix">1.000000 0.000000 0.000000 0.000000 -0.000000 1.000000 0.000000 2.285000 0.000000 0.000000 1.000000 0.000000 0.000000 0.000000 0.000000 1.000000</matrix>
                            </node>
                          </node>
                        </node>
                      </node>
                      <node id="mixamorig_RightHandRing1" name="mixamorig_RightHandRing1" sid="mixamorig_RightHandRing1" type="JOINT">
                        <matrix sid="matrix">0.998782 -0.049152 0.004374 -2.247300 0.049327 0.991962 -0.116528 10.605500 0.001389 0.116602 0.993178 -0.269500 0.000000 0.000000 0.000000 1.000000</matrix>
                        <node id="mixamorig_RightHandRing2" name="mixamorig_RightHandRing2" sid="mixamorig_RightHandRing2" type="JOINT">
                          <matrix sid="matrix">1.000000 0.000000 0.000000 -0.000000 -0.000000 1.000000 0.000000 3.000100 -0.000000 -0.000000 1.000000 0.000000 0.000000 0.000000 0.000000 1.000000</matrix>
                          <node id="mixamorig_RightHandRing3" name="mixamorig_RightHandRing3" sid="mixamorig_RightHandRing3" type="JOINT">
                            <matrix sid="matrix">1.000000 0.000000 0.000000 0.000000 -0.000000 1.000000 -0.000000 2.200000 0.000000 0.000000 1.000000 0.000000 0.000000 0.000000 0.000000 1.000000</matrix>
                            <node id="mixamorig_RightHandRing4" name="mixamorig_RightHandRing4" sid="mixamorig_RightHandRing4" type="JOINT">
                              <matrix sid="matrix">1.000000 0.000000 -0.000000 0.000000 0.000000 1.000000 -0.000000 2.186200 0.000000 0.000000 1.000000 0.000000 0.000000 0.000000 0.000000 1.000000</matrix>
                            </node>
                          </node>
                        </node>
                      </node>
                      <node id="mixamorig_RightHandPinky1" name="mixamorig_RightHandPinky1" sid="mixamorig_RightHandPinky1" type="JOINT">
                        <matrix sid="matrix">0.998942 -0.045932 0.002412 -4.027800 0.045983 0.996085 -0.075496 9.628100 0.001065 0.075527 0.997143 0.340600 0.000000 0.000000 0.000000 1.000000</matrix>
                        <node id="mixamorig_RightHandPinky2" name="mixamorig_RightHandPinky2" sid="mixamorig_RightHandPinky2" type="JOINT">
                          <matrix sid="matrix">1.000000 -0.000070 -0.000000 0.000000 0.000070 1.000000 -0.000864 2.900600 0.000000 0.000864 1.000000 0.000000 0.000000 0.000000 0.000000 1.000000</matrix>
                          <node id="mixamorig_RightHandPinky3" name="mixamorig_RightHandPinky3" sid="mixamorig_RightHandPinky3" type="JOINT">
                            <matrix sid="matrix">1.000000 0.000040 0.000000 0.000000 -0.000040 1.000000 0.000491 1.297600 -0.000000 -0.000491 1.000000 0.000000 0.000000 0.000000 0.000000 1.000000</matrix>
                            <node id="mixamorig_RightHandPinky4" name="mixamorig_RightHandPinky4" sid="mixamorig_RightHandPinky4" type="JOINT">
                              <matrix sid="matrix">1.000000 0.000000 0.000000 0.000000 0.000000 1.000000 0.000000 2.013000 0.000000 0.000000 1.000000 0.000000 0.000000 0.000000 0.000000 1.000000</matrix>
                            </node>
                          </node>
                        </node>
                      </node>
                    </node>
                  </node>
                </node>
              </node>
            </node>
          </node>
        </node>
        <node id="mixamorig_LeftUpLeg" name="mixamorig_LeftUpLeg" sid="mixamorig_LeftUpLeg" type="JOINT">
          <matrix sid="matrix">-0.582591 0.812760 -0.002805 9.688800 -0.336065 -0.237748 0.911338 -5.685200 0.740032 0.531880 0.411650 -1.688600 0.000000 0.000000 0.000000 1.000000</matrix>
          <node id="mixamorig_LeftLeg" name="mixamorig_LeftLeg" sid="mixamorig_LeftLeg" type="JOINT">
            <matrix sid="matrix">0.997667 -0.061102 0.030451 -0.000000 0.035811 0.848142 0.528557 43.167999 -0.058123 -0.526233 0.848352 -0.000000 0.000000 0.000000 0.000000 1.000000</matrix>
            <node id="mixamorig_LeftFoot" name="mixamorig_LeftFoot" sid="mixamorig_LeftFoot" type="JOINT">
              <matrix sid="matrix">0.996094 -0.084996 -0.023942 0.000000 0.083187 0.994180 -0.068453 40.817699 0.029621 0.066194 0.997367 0.000000 0.000000 0.000000 0.000000 1.000000</matrix>
              <node id="mixamorig_LeftToeBase" name="mixamorig_LeftToeBase" sid="mixamorig_LeftToeBase" type="JOINT">
                <matrix sid="matrix">0.999471 0.011819 -0.030290 0.000000 -0.032248 0.479243 -0.877089 18.000000 0.004150 0.877603 0.479371 0.000000 0.000000 0.000000 0.000000 1.000000</matrix>
                <node id="mixamorig_LeftToe_End" name="mixamorig_LeftToe_End" sid="mixamorig_LeftToe_End" type="JOINT">
                  <matrix sid="matrix">1.000000 -0.000000 0.000000 -0.000000 0.000000 1.000000 0.000000 13.768200 0.000000 0.000000 1.000000 0.000000 0.000000 0.000000 0.000000 1.000000</matrix>
                </node>
              </node>
            </node>
          </node>
        </node>
        <node id="mixamorig_RightUpLeg" name="mixamorig_RightUpLeg" sid="mixamorig_RightUpLeg" type="JOINT">
          <matrix sid="matrix">-0.687066 -0.726184 -0.024423 -9.688800 0.449358 -0.451085 0.771103 -5.685100 -0.570980 0.518824 0.636242 -1.688600 0.000000 0.000000 0.000000 1.000000</matrix>
          <node id="mixamorig_RightLeg" name="mixamorig_RightLeg" sid="mixamorig_RightLeg" type="JOINT">
            <matrix sid="matrix">0.980930 0.067928 0.182102 -0.000000 -0.129588 0.926867 0.352313 43.167999 -0.144853 -0.369193 0.917995 -0.000000 0.000000 0.000000 0.000000 1.000000</matrix>
            <node id="mixamorig_RightFoot" name="mixamorig_RightFoot" sid="mixamorig_RightFoot" type="JOINT">
              <matrix sid="matrix">0.920484 0.046992 0.387944 0.000000 0.257127 0.674735 -0.691823 40.817699 -0.294269 0.736563 0.609000 -0.000000 0.000000 0.000000 0.000000 1.000000</matrix>
              <node id="mixamorig_RightToeBase" name="mixamorig_RightToeBase" sid="mixamorig_RightToeBase" type="JOINT">
                <matrix sid="matrix">0.999547 -0.013652 0.026804 -0.000000 0.029949 0.535008 -0.844316 18.000000 -0.002814 0.844737 0.535175 0.000000 0.000000 0.000000 0.000000 1.000000</matrix>
                <node id="mixamorig_RightToe_End" name="mixamorig_RightToe_End" sid="mixamorig_RightToe_End" type="JOINT">
                  <matrix sid="matrix">1.000000 0.000000 -0.000000 0.000000 0.000000 1.000000 0.000000 13.768200 -0.000000 -0.000000 1.000000 0.000000 0.000000 0.000000 0.000000 1.000000</matrix>
                </node>
              </node>
            </node>
          </node>
        </node>
      </node>
    </visual_scene>
  </library_visual_scenes>
  <scene>
    <instance_visual_scene url="#RootNode"/>
  </scene>
</COLLADA>
