# Blender v3.5.1 OBJ File: ''
# www.blender.org
mtllib A.mtl
o Mesh_0272.rip
v 0.044569 0.002864 -0.052083
v 0.056886 0.024470 -0.041092
v 0.043592 0.026602 -0.051134
v 0.057222 0.035701 -0.042629
v 0.046440 0.035286 -0.050263
v 0.041380 0.025465 -0.069996
v 0.046232 0.036511 -0.063978
v 0.041686 0.005778 -0.073230
v 0.065540 0.036213 -0.044310
v 0.073619 0.023114 -0.036830
v 0.061028 0.014318 -0.042957
v 0.074059 0.037503 -0.053102
v 0.066019 0.002945 -0.046704
v 0.078347 0.003516 -0.034022
v 0.083634 0.013531 -0.035620
v 0.090599 0.010795 -0.032490
v 0.094752 0.001607 -0.029892
v 0.111251 0.010662 -0.038145
v 0.115702 0.001335 -0.036344
v 0.093831 0.019492 -0.045800
v 0.097332 0.003216 -0.068348
v 0.097885 0.014524 -0.061779
v 0.104458 0.011787 -0.057093
v 0.109599 0.003157 -0.057994
v 0.079514 0.004158 -0.075696
v 0.088509 0.024458 -0.065306
v 0.074476 0.025752 -0.074254
v 0.093831 0.019492 -0.045800
v 0.111251 0.010662 -0.038145
v 0.115702 0.001335 -0.036344
v 0.074059 0.037503 -0.053102
v 0.073377 0.037748 -0.069051
v 0.062776 0.037798 -0.075769
v 0.057491 0.025155 -0.081588
v 0.052931 0.037804 -0.075181
v 0.041380 0.025465 -0.069996
v 0.041686 0.005778 -0.073230
v 0.060309 0.004360 -0.084435
v 0.060309 0.004360 -0.084435
v 0.046232 0.036511 -0.063978
v 0.054014 0.043089 -0.039504
v 0.049941 0.043118 -0.045296
v 0.056105 0.039826 -0.042098
v 0.050148 0.065344 -0.030917
v 0.042631 0.041965 -0.049255
v 0.055455 0.038085 -0.039834
v 0.046440 0.035286 -0.050263
v 0.040901 0.044710 -0.064306
v 0.044673 0.040633 -0.063816
v 0.057222 0.035701 -0.042629
v 0.035646 0.064570 -0.043456
v 0.030488 0.086287 -0.036321
v 0.047759 0.087695 -0.021899
v 0.032264 0.086396 -0.060879
v 0.035823 0.064947 -0.062968
v 0.048818 0.049971 -0.075904
v 0.047060 0.068231 -0.075673
v 0.042688 0.047002 -0.049870
v 0.045684 0.092130 -0.074132
v 0.065421 0.070301 -0.075297
v 0.067125 0.095283 -0.073772
v 0.081744 0.069689 -0.062786
v 0.083195 0.094129 -0.060146
v 0.076123 0.052600 -0.064774
v 0.063719 0.045318 -0.076823
v 0.077127 0.045745 -0.067216
v 0.048466 0.043254 -0.077436
v 0.052931 0.037804 -0.075181
v 0.062776 0.037798 -0.075769
v 0.073377 0.037748 -0.069051
v 0.076191 0.044690 -0.058746
v 0.074059 0.037503 -0.053102
v 0.076696 0.044807 -0.044520
v 0.082528 0.067781 -0.051638
v 0.076408 0.065526 -0.043335
v 0.065540 0.036213 -0.044310
v 0.069480 0.043790 -0.043697
v 0.064201 0.052706 -0.038546
v 0.066817 0.042834 -0.038645
v 0.050148 0.065344 -0.030917
v 0.056105 0.039826 -0.042098
v 0.054014 0.043089 -0.039504
v 0.065129 0.066701 -0.029534
v 0.047759 0.087695 -0.021899
v 0.064218 0.089616 -0.019561
v 0.080386 0.090124 -0.035327
v 0.055455 0.038085 -0.039834
v 0.057222 0.035701 -0.042629
v 0.043425 0.037946 -0.064876
v 0.046232 0.036511 -0.063978
v -0.084056 0.005139 0.010523
v -0.082947 0.028889 0.010423
v -0.082499 0.026663 0.027064
v -0.084635 0.037320 0.027385
v -0.083947 0.036649 0.014216
v -0.096985 0.027693 -0.002362
v -0.094504 0.038115 0.005509
v -0.099601 0.007990 -0.004113
v -0.091082 0.038167 0.032835
v -0.088759 0.025151 0.043143
v -0.086327 0.016459 0.029287
v -0.103188 0.039925 0.034011
v -0.092168 0.005019 0.031095
v -0.089036 0.005516 0.048505
v -0.093511 0.015468 0.051933
v -0.094993 0.012672 0.059403
v -0.095209 0.003453 0.064236
v -0.111611 0.012299 0.072902
v -0.112646 0.002933 0.077514
v -0.107780 0.021278 0.054335
v -0.127995 0.004865 0.043959
v -0.126715 0.004723 0.059959
v -0.123075 0.013410 0.056355
v -0.123084 0.016196 0.048299
v -0.123607 0.005962 0.025199
v -0.120592 0.026212 0.038682
v -0.119713 0.027613 0.022070
v -0.107780 0.021278 0.054335
v -0.111611 0.012299 0.072902
v -0.112646 0.002933 0.077514
v -0.103188 0.039925 0.034011
v -0.115237 0.040436 0.023560
v -0.113927 0.040219 0.011097
v -0.115786 0.027162 0.003989
v -0.107371 0.039854 0.003763
v -0.096985 0.027693 -0.002362
v -0.099601 0.007990 -0.004113
v -0.119537 0.006326 0.004498
v -0.119537 0.006326 0.004498
v -0.094504 0.038115 0.005509
v -0.080000 0.044262 0.027009
v -0.083368 0.041386 0.026776
v -0.081893 0.044228 0.020185
v -0.069740 0.066056 0.028940
v -0.080383 0.042797 0.012054
v -0.081261 0.039583 0.027702
v -0.083947 0.036649 0.014216
v -0.090765 0.045836 0.001097
v -0.093254 0.042167 0.004325
v -0.084635 0.037320 0.027385
v -0.070281 0.064848 0.009799
v -0.060352 0.086075 0.009824
v -0.060076 0.088011 0.032285
v -0.080435 0.086912 -0.004398
v -0.085441 0.065739 -0.002460
v -0.104454 0.051801 -0.000279
v -0.102192 0.069932 -0.001927
v -0.080627 0.047845 0.011587
v -0.098860 0.093679 -0.002585
v -0.113418 0.072948 0.012441
v -0.111992 0.097938 0.014126
v -0.114125 0.072867 0.033003
v -0.111706 0.097274 0.035213
v -0.113008 0.055565 0.027810
v -0.105770 0.045117 -0.001362
v -0.114845 0.047958 0.010756
v -0.115894 0.048837 0.027199
v -0.107371 0.039854 0.003763
v -0.113927 0.040219 0.011097
v -0.115237 0.040436 0.023560
v -0.108817 0.047517 0.031880
v -0.103188 0.039925 0.034011
v -0.098146 0.047293 0.041298
v -0.106113 0.070716 0.040732
v -0.095947 0.067931 0.041332
v -0.091082 0.038167 0.032835
v -0.092994 0.045879 0.036274
v -0.085201 0.054371 0.035253
v -0.087459 0.044654 0.037447
v -0.069740 0.066056 0.028940
v -0.083368 0.041386 0.026776
v -0.080000 0.044262 0.027009
v -0.078087 0.068157 0.041355
v -0.060076 0.088011 0.032285
v -0.068591 0.090727 0.046433
v -0.090975 0.092487 0.048897
v -0.081261 0.039583 0.027702
v -0.084635 0.037320 0.027385
v -0.093413 0.039460 0.002734
v -0.094504 0.038115 0.005509
v -0.010426 0.341139 -0.025134
v -0.040654 0.339860 -0.001568
v -0.011054 0.345113 -0.026046
v -0.039848 0.332283 -0.003122
v -0.041669 0.331936 0.022950
v -0.040107 0.334740 0.023067
v -0.010515 0.334386 -0.025560
v 0.026372 0.334521 -0.028210
v 0.026373 0.341315 -0.029284
v 0.044787 0.339931 -0.007902
v 0.047264 0.345902 -0.006950
v 0.040229 0.343273 0.019162
v 0.041803 0.348870 0.020616
v 0.039899 0.355328 0.020026
v 0.044376 0.349944 -0.005770
v 0.028529 0.350967 0.034593
v 0.026994 0.353883 0.033035
v 0.026093 0.346311 -0.025053
v 0.044992 0.334863 -0.009882
v 0.041718 0.339387 0.020396
v 0.040615 0.333519 0.017091
v 0.028835 0.337646 0.030563
v 0.029709 0.341896 0.034260
v 0.013236 0.340931 0.039995
v 0.013914 0.343609 0.041584
v 0.012833 0.351378 0.041935
v 0.027668 0.346778 0.032533
v 0.043559 0.353002 -0.004354
v 0.026937 0.352146 -0.026169
v 0.026391 0.355579 -0.022979
v -0.010263 0.348161 -0.024129
v -0.011054 0.345113 -0.026046
v 0.026531 0.358087 -0.022579
v 0.043011 0.356819 -0.003704
v -0.011230 0.352896 -0.026836
v -0.010764 0.358283 -0.022767
v -0.011230 0.352896 -0.026836
v -0.040382 0.354992 0.000698
v -0.039362 0.356914 0.001151
v -0.038880 0.350883 0.000551
v -0.040446 0.352484 0.025592
v -0.041033 0.347529 0.024644
v -0.038983 0.346022 -0.000089
v -0.010263 0.348161 -0.024129
v -0.022623 0.354250 0.041993
v -0.021487 0.347068 0.042006
v -0.022321 0.342712 0.043865
v -0.020442 0.337515 0.041174
v -0.040426 0.340271 0.024293
v -0.002382 0.335866 0.042362
v -0.002736 0.332883 0.041744
v 0.013917 0.335750 0.039139
v -0.020482 0.331455 0.040239
v -0.042308 0.338206 0.024080
v -0.002884 0.343058 0.044041
v -0.039738 0.355346 0.026096
v -0.040353 0.343935 -0.000593
v -0.039386 0.342112 -0.000646
v 0.014522 0.339034 0.041261
v 0.013236 0.340931 0.039995
v 0.013914 0.343609 0.041584
v -0.003174 0.346332 0.043926
v 0.012833 0.351378 0.041935
v -0.003945 0.353019 0.044898
v -0.039362 0.356914 0.001151
v -0.037868 0.357342 0.001470
v -0.023511 0.358077 -0.011169
v -0.039378 0.356107 0.020831
v -0.039738 0.355346 0.026096
v -0.031122 0.355362 0.031755
v -0.010764 0.358283 -0.022767
v -0.006874 0.358669 -0.021775
v -0.022623 0.354250 0.041993
v -0.017406 0.354832 0.038884
v -0.003945 0.353019 0.044898
v -0.001453 0.353326 0.041021
v 0.019138 0.353728 0.033066
v 0.012833 0.351378 0.041935
v 0.026531 0.358087 -0.022579
v -0.006874 0.358669 -0.021775
v 0.018955 0.358516 -0.021519
v 0.032049 0.358004 -0.014625
v 0.043011 0.356819 -0.003704
v 0.041450 0.357117 -0.001591
v 0.041450 0.357117 -0.001591
v 0.039200 0.356138 0.013847
v 0.039899 0.355328 0.020026
v 0.032277 0.355538 0.023762
v 0.026994 0.353883 0.033035
v 0.027174 0.354589 0.028374
v 0.019138 0.353728 0.033066
v 0.029102 0.336104 0.032192
v 0.028048 0.334064 0.030132
v 0.013917 0.335750 0.039139
v 0.014522 0.339034 0.041261
v 0.006789 0.348807 0.044071
v 0.006548 0.349269 0.040436
v 0.007121 0.345283 0.039375
v 0.007493 0.344720 0.042893
v 0.013492 0.353038 0.041774
v 0.012668 0.351867 0.038258
v 0.019303 0.353682 0.039198
v 0.017997 0.352462 0.035852
v 0.008420 0.347668 0.047105
v 0.009276 0.343950 0.045895
v 0.012932 0.344136 0.047444
v 0.015754 0.344462 0.047784
v 0.012519 0.340015 0.045719
v 0.024316 0.346938 0.034852
v 0.023158 0.349423 0.038708
v 0.026105 0.346273 0.037976
v 0.024271 0.347822 0.041682
v 0.026159 0.345298 0.041496
v 0.024825 0.338797 0.033280
v 0.026900 0.337720 0.036132
v 0.021400 0.344644 0.042972
v 0.026980 0.337566 0.039746
v 0.009687 0.334494 0.041991
v 0.011215 0.334617 0.045545
v 0.022099 0.340523 0.045516
v 0.014696 0.340301 0.045076
v 0.022099 0.340523 0.045516
v 0.012435 0.336830 0.047754
v 0.007906 0.337154 0.045300
v 0.010548 0.339004 0.047942
v 0.012519 0.340015 0.045719
v 0.014696 0.340301 0.045076
v 0.009276 0.343950 0.045895
v 0.006165 0.337272 0.042166
v 0.009171 0.336079 0.038111
v 0.006001 0.338654 0.038676
v 0.006146 0.341264 0.042834
v 0.007854 0.340762 0.045929
v 0.010548 0.339004 0.047942
v 0.005947 0.342301 0.039291
v 0.015754 0.344462 0.047784
v 0.012932 0.344136 0.047444
v 0.021026 0.346232 0.044858
v 0.019315 0.346697 0.044318
v 0.012519 0.340015 0.045719
v 0.021107 0.350222 0.042593
v 0.019834 0.351972 0.042741
v 0.015754 0.344462 0.047784
v 0.014486 0.351398 0.045062
v 0.014486 0.351398 0.045062
v 0.015754 0.344462 0.047784
v -0.098579 0.038924 -0.002663
v -0.111534 0.040286 0.001626
v -0.109715 0.042854 0.003669
v -0.098305 0.041654 -0.000109
v -0.108393 0.040152 0.005898
v -0.098529 0.039115 0.002632
v -0.116696 0.043866 0.013468
v -0.119461 0.041434 0.012753
v -0.114427 0.041026 0.014369
v -0.116580 0.044301 0.025545
v -0.119330 0.041929 0.026467
v -0.114328 0.041403 0.024811
v -0.109414 0.043994 0.035288
v -0.111193 0.041581 0.037530
v -0.108133 0.041139 0.033234
v -0.097934 0.043063 0.038974
v -0.098158 0.040524 0.041715
v -0.098208 0.040333 0.036420
v -0.086525 0.041863 0.035196
v -0.085202 0.039161 0.037426
v -0.088345 0.039295 0.033154
v -0.079544 0.040852 0.025398
v -0.077277 0.038013 0.026299
v -0.082310 0.038422 0.024682
v -0.098529 0.039115 0.002632
v -0.108393 0.040152 0.005898
v -0.110212 0.037585 0.003855
v -0.098803 0.036385 0.000078
v -0.111534 0.040286 0.001626
v -0.098579 0.038924 -0.002663
v -0.117193 0.038596 0.013654
v -0.114427 0.041026 0.014369
v -0.119461 0.041434 0.012753
v -0.117078 0.039032 0.025732
v -0.114328 0.041403 0.024811
v -0.119330 0.041929 0.026467
v -0.109912 0.038726 0.035475
v -0.108133 0.041139 0.033234
v -0.111193 0.041581 0.037530
v -0.098432 0.037794 0.039161
v -0.098208 0.040333 0.036420
v -0.098158 0.040524 0.041715
v -0.087023 0.036594 0.035383
v -0.088345 0.039295 0.033154
v -0.085202 0.039161 0.037426
v -0.080043 0.035583 0.025584
v -0.082310 0.038422 0.024682
v -0.077277 0.038013 0.026299
v -0.077277 0.038013 0.026299
v -0.077407 0.037519 0.012585
v -0.079659 0.040416 0.013320
v -0.079544 0.040852 0.025398
v -0.082409 0.038045 0.014241
v -0.082310 0.038422 0.024682
v -0.086825 0.040722 0.003578
v -0.085544 0.037866 0.001522
v -0.088605 0.038310 0.005819
v -0.082310 0.038422 0.024682
v -0.082409 0.038045 0.014241
v -0.080157 0.035147 0.013506
v -0.080043 0.035583 0.025584
v -0.077407 0.037519 0.012585
v -0.077277 0.038013 0.026299
v -0.087324 0.035453 0.003765
v -0.088605 0.038310 0.005819
v -0.085544 0.037866 0.001522
v -0.103574 0.040561 0.040610
v -0.105172 0.035027 0.049179
v -0.102828 0.037500 0.050051
v -0.102454 0.041473 0.041755
v -0.100285 0.035628 0.048525
v -0.101266 0.040071 0.041711
v -0.098692 0.033925 0.056922
v -0.100312 0.030827 0.057253
v -0.096871 0.032679 0.054194
v -0.102386 0.039159 0.040566
v -0.098492 0.029580 0.054525
v -0.101266 0.040071 0.041711
v -0.100285 0.035628 0.048525
v -0.102629 0.033154 0.047653
v -0.102386 0.039159 0.040566
v -0.105172 0.035027 0.049179
v -0.103574 0.040561 0.040610
v -0.098492 0.029580 0.054525
v -0.096871 0.032679 0.054194
v -0.100312 0.030827 0.057253
v -0.119918 0.032392 0.052561
v -0.110740 0.034998 0.048650
v -0.112599 0.037949 0.048275
v -0.120410 0.035730 0.051606
v -0.114258 0.036554 0.045503
v -0.120705 0.034724 0.048251
v -0.108399 0.041806 0.040651
v -0.107086 0.040572 0.040285
v -0.109646 0.040725 0.039827
v -0.120211 0.031385 0.049207
v -0.108332 0.039491 0.039462
v -0.120705 0.034724 0.048251
v -0.114258 0.036554 0.045503
v -0.112399 0.033603 0.045877
v -0.120211 0.031385 0.049207
v -0.110740 0.034998 0.048650
v -0.119918 0.032392 0.052561
v -0.108332 0.039491 0.039462
v -0.109646 0.040725 0.039827
v -0.107086 0.040572 0.040285
v 0.042386 0.037311 -0.072269
v 0.044319 0.040009 -0.070522
v 0.054425 0.040720 -0.077138
v 0.053861 0.038120 -0.079782
v 0.055252 0.038027 -0.074662
v 0.046515 0.037412 -0.068942
v 0.066492 0.041302 -0.076537
v 0.067563 0.038781 -0.079099
v 0.065685 0.038530 -0.074142
v 0.075910 0.041532 -0.068948
v 0.078257 0.039041 -0.070482
v 0.073827 0.038729 -0.067582
v 0.079083 0.041321 -0.057270
v 0.081860 0.038802 -0.057222
v 0.076570 0.038547 -0.057485
v 0.074798 0.040751 -0.045963
v 0.076994 0.038155 -0.044383
v 0.072865 0.038055 -0.047710
v 0.064692 0.040040 -0.039346
v 0.065519 0.037347 -0.036870
v 0.064128 0.037439 -0.041990
v 0.052625 0.039458 -0.039947
v 0.051818 0.036687 -0.037553
v 0.053696 0.036936 -0.042509
v 0.046515 0.037412 -0.068942
v 0.044582 0.034715 -0.070690
v 0.054689 0.035427 -0.077306
v 0.055252 0.038027 -0.074662
v 0.053861 0.038120 -0.079782
v 0.042386 0.037311 -0.072269
v 0.066755 0.036008 -0.076705
v 0.065685 0.038530 -0.074142
v 0.067563 0.038781 -0.079099
v 0.076174 0.036238 -0.069115
v 0.073827 0.038729 -0.067582
v 0.078257 0.039041 -0.070482
v 0.079346 0.036028 -0.057438
v 0.076570 0.038547 -0.057485
v 0.081860 0.038802 -0.057222
v 0.075062 0.035458 -0.046131
v 0.072865 0.038055 -0.047710
v 0.076994 0.038155 -0.044383
v 0.064955 0.034746 -0.039514
v 0.064128 0.037439 -0.041990
v 0.065519 0.037347 -0.036870
v 0.052889 0.034165 -0.040115
v 0.053696 0.036936 -0.042509
v 0.051818 0.036687 -0.037553
v 0.051818 0.036687 -0.037553
v 0.052625 0.039458 -0.039947
v 0.043207 0.039229 -0.047536
v 0.041123 0.036426 -0.046170
v 0.045554 0.036738 -0.049070
v 0.053696 0.036936 -0.042509
v 0.040034 0.039439 -0.059215
v 0.037521 0.036665 -0.059430
v 0.042811 0.036920 -0.059167
v 0.053696 0.036936 -0.042509
v 0.052889 0.034165 -0.040115
v 0.043470 0.033935 -0.047704
v 0.045554 0.036738 -0.049070
v 0.041123 0.036426 -0.046170
v 0.051818 0.036687 -0.037553
v 0.040298 0.034145 -0.059383
v 0.042811 0.036920 -0.059167
v 0.037521 0.036665 -0.059430
v 0.079499 0.038010 -0.049315
v 0.079733 0.038944 -0.047744
v 0.086701 0.035071 -0.043272
v 0.087387 0.032552 -0.045633
v 0.083897 0.033266 -0.042157
v 0.078908 0.037586 -0.046812
v 0.089570 0.031508 -0.035758
v 0.090756 0.028367 -0.036805
v 0.086264 0.030326 -0.035956
v 0.078674 0.036652 -0.048383
v 0.087450 0.027184 -0.037001
v 0.078908 0.037586 -0.046812
v 0.078674 0.036652 -0.048383
v 0.084582 0.030747 -0.044516
v 0.083897 0.033266 -0.042157
v 0.087387 0.032552 -0.045633
v 0.079499 0.038010 -0.049315
v 0.087450 0.027184 -0.037001
v 0.086264 0.030326 -0.035956
v 0.090756 0.028367 -0.036805
v 0.099015 0.029567 -0.055252
v 0.098625 0.032910 -0.056270
v 0.091258 0.035330 -0.052120
v 0.090361 0.032411 -0.050377
v 0.090036 0.033927 -0.055106
v 0.096116 0.031930 -0.058531
v 0.082578 0.039075 -0.053096
v 0.081429 0.037897 -0.052270
v 0.082669 0.037963 -0.054562
v 0.096506 0.028586 -0.057513
v 0.081519 0.036783 -0.053736
v 0.096116 0.031930 -0.058531
v 0.096506 0.028586 -0.057513
v 0.089139 0.031006 -0.053363
v 0.090036 0.033927 -0.055106
v 0.090361 0.032411 -0.050377
v 0.099015 0.029567 -0.055252
v 0.081519 0.036783 -0.053736
v 0.082669 0.037963 -0.054562
v 0.081429 0.037897 -0.052270
v 0.008876 0.397530 0.052246
v 0.015736 0.377487 0.040294
v -0.003700 0.400880 0.052874
v 0.016178 0.390112 0.047443
v 0.000866 0.408073 0.055756
v -0.008517 0.409506 0.055360
v -0.007039 0.420627 0.055611
v -0.018001 0.426591 0.052466
v -0.015397 0.434833 0.050059
v -0.022094 0.433124 0.049596
v -0.030398 0.447212 0.039891
v -0.034741 0.447477 0.037334
v -0.037139 0.457829 0.024239
v -0.035131 0.462068 0.020373
v -0.042328 0.459997 0.008712
v -0.041626 0.467857 0.000881
v -0.045263 0.462643 -0.013339
v -0.042067 0.447540 -0.017252
v -0.043221 0.451018 -0.022946
v -0.024021 0.443412 -0.037412
v -0.021895 0.440526 -0.032987
v 0.024818 0.398099 0.045592
v 0.015736 0.377487 0.040294
v 0.016178 0.390112 0.047443
v 0.038006 0.402297 0.032258
v 0.032957 0.409010 0.041581
v 0.041828 0.410774 0.029182
v 0.038376 0.421815 0.034189
v 0.042903 0.420558 0.023435
v 0.043397 0.426942 0.018996
v 0.038597 0.435996 0.022664
v 0.033424 0.448192 -0.003571
v 0.034763 0.447537 0.006634
v 0.028113 0.457589 -0.013924
v 0.026034 0.462819 -0.010135
v 0.019166 0.460242 -0.026816
v 0.015372 0.468656 -0.027731
v 0.007333 0.464024 -0.039511
v 0.003183 0.449372 -0.039467
v -0.002272 0.452947 -0.042950
v -0.024021 0.443412 -0.037412
v -0.021895 0.440526 -0.032987
v -0.030922 0.518832 0.012082
v -0.031976 0.513417 0.019409
v -0.035670 0.518528 0.022782
v -0.033931 0.525620 0.016152
v -0.029234 0.533142 0.006418
v -0.026966 0.523339 0.005446
v -0.031581 0.509638 0.023621
v -0.034248 0.512357 0.026522
v -0.029717 0.504564 0.028767
v -0.026932 0.515535 0.024631
v -0.031952 0.519674 0.027030
v -0.028134 0.510797 0.027176
v -0.032032 0.513025 0.029284
v -0.029717 0.504564 0.028767
v -0.023064 0.521242 0.020349
v -0.028627 0.527407 0.023058
v -0.017952 0.525728 0.016659
v -0.021582 0.534042 0.016944
v -0.023064 0.521242 0.020349
v -0.026932 0.515535 0.024631
v -0.031976 0.513417 0.019409
v -0.030922 0.518832 0.012082
v -0.028134 0.510797 0.027176
v -0.031581 0.509638 0.023621
v -0.029717 0.504564 0.028767
v -0.017952 0.525728 0.016659
v -0.026966 0.523339 0.005446
v -0.028627 0.527407 0.023058
v -0.021582 0.534042 0.016944
v -0.026392 0.535971 0.012233
v -0.032579 0.528480 0.020197
v -0.029234 0.533142 0.006418
v -0.033931 0.525620 0.016152
v -0.035587 0.520689 0.025475
v -0.035670 0.518528 0.022782
v -0.034876 0.513727 0.028366
v -0.034248 0.512357 0.026522
v -0.029717 0.504564 0.028767
v -0.031952 0.519674 0.027030
v -0.032032 0.513025 0.029284
v -0.011986 0.519928 0.030182
v -0.010986 0.526563 0.035052
v -0.011311 0.530670 0.025035
v -0.014473 0.524196 0.019108
v -0.006520 0.532993 0.037845
v -0.009773 0.522460 0.040598
v -0.005976 0.528160 0.044242
v -0.006177 0.537434 0.028988
v -0.008246 0.516701 0.045623
v -0.010200 0.516631 0.035634
v -0.008137 0.511966 0.040823
v -0.007268 0.511096 0.048473
v -0.006565 0.507644 0.044075
v -0.004634 0.513961 0.051858
v -0.005033 0.521074 0.049506
v -0.005136 0.503283 0.046364
v -0.006433 0.505450 0.050360
v -0.004597 0.499670 0.050757
v -0.003923 0.498544 0.048681
v -0.003538 0.500491 0.052306
v -0.004392 0.507032 0.053342
v -0.002872 0.493849 0.049917
v 0.007027 0.511582 0.041880
v -0.008137 0.511966 0.040823
v -0.010200 0.516631 0.035634
v 0.008747 0.517149 0.038438
v 0.005129 0.507160 0.045263
v -0.006565 0.507644 0.044075
v 0.003087 0.502701 0.047681
v -0.005136 0.503283 0.046364
v -0.003923 0.498544 0.048681
v 0.000347 0.498242 0.049365
v -0.011986 0.519928 0.030182
v 0.010736 0.521301 0.034813
v 0.014161 0.525968 0.024525
v -0.014473 0.524196 0.019108
v -0.002872 0.493849 0.049917
v 0.001218 0.506142 0.053785
v 0.003087 0.502701 0.047681
v 0.005129 0.507160 0.045263
v 0.002858 0.512589 0.052233
v 0.000347 0.498242 0.049365
v -0.000624 0.500029 0.052536
v 0.007027 0.511582 0.041880
v 0.004344 0.519110 0.049789
v 0.008747 0.517149 0.038438
v 0.005201 0.525462 0.045377
v 0.010736 0.521301 0.034813
v 0.005275 0.530017 0.039893
v 0.002592 0.538202 0.030288
v 0.014161 0.525968 0.024525
v -0.002872 0.493849 0.049917
v -0.002872 0.493849 0.049917
v -0.000624 0.500029 0.052536
v -0.002065 0.500606 0.052983
v -0.002611 0.500195 0.052209
v -0.003538 0.500491 0.052306
v 0.001218 0.506142 0.053785
v -0.001558 0.507254 0.054647
v -0.002607 0.506461 0.053155
v -0.004392 0.507032 0.053342
v 0.002858 0.512589 0.052233
v -0.001558 0.507254 0.054647
v -0.000858 0.513942 0.053128
v -0.000315 0.520777 0.050726
v 0.004344 0.519110 0.049789
v -0.002297 0.520087 0.049214
v -0.002378 0.513269 0.051654
v -0.005033 0.521074 0.049506
v -0.004634 0.513961 0.051858
v -0.004392 0.507032 0.053342
v -0.002607 0.506461 0.053155
v 0.004344 0.519110 0.049789
v 0.005201 0.525462 0.045377
v -0.000640 0.527613 0.045804
v -0.000315 0.520777 0.050726
v -0.002945 0.526952 0.044248
v -0.002297 0.520087 0.049214
v -0.005976 0.528160 0.044242
v -0.005033 0.521074 0.049506
v 0.005275 0.530017 0.039893
v -0.000581 0.532342 0.039840
v -0.003214 0.531838 0.038264
v -0.006520 0.532993 0.037845
v -0.003214 0.531838 0.038264
v -0.006177 0.537434 0.028988
v -0.003391 0.537164 0.029179
v -0.000581 0.532342 0.039840
v -0.001004 0.538963 0.030503
v 0.005275 0.530017 0.039893
v 0.002592 0.538202 0.030288
v 0.030461 0.570526 0.036812
v 0.020876 0.562270 0.034509
v 0.028837 0.556767 0.030977
v 0.037112 0.565380 0.034335
v 0.028615 0.576392 0.038369
v 0.016072 0.569457 0.035523
v 0.006254 0.560090 0.032747
v 0.013666 0.552754 0.033018
v 0.036895 0.556087 0.025031
v 0.022599 0.547401 0.028518
v 0.031247 0.547166 0.021273
v 0.017478 0.538328 0.026796
v 0.026853 0.538775 0.018800
v 0.011252 0.523191 0.024760
v 0.021826 0.522841 0.015447
v 0.044229 0.564668 0.029767
v 0.007490 0.543266 0.031735
v -0.000655 0.529237 0.030664
v -0.011466 0.532470 0.028903
v -0.001599 0.549787 0.030965
v 0.028615 0.576392 0.038369
v 0.028394 0.582049 0.035710
v 0.013016 0.576260 0.031898
v 0.016072 0.569457 0.035523
v 0.031408 0.585861 0.030767
v 0.016574 0.581144 0.024300
v 0.033730 0.585391 0.029530
v 0.019939 0.581101 0.022613
v 0.000472 0.567248 0.028054
v 0.006254 0.560090 0.032747
v 0.008365 0.572912 0.016031
v 0.004442 0.572716 0.018393
v 0.044229 0.564668 0.029767
v 0.036895 0.556087 0.025031
v 0.040549 0.566429 0.015146
v 0.047065 0.572934 0.022563
v 0.031247 0.547166 0.021273
v 0.035008 0.557404 0.008596
v 0.025862 0.567192 0.005418
v 0.034957 0.575815 0.013308
v 0.044922 0.581076 0.022293
v 0.003398 0.563207 0.003321
v -0.001279 0.562083 0.010833
v 0.008365 0.572912 0.016031
v 0.013959 0.574043 0.009179
v 0.017772 0.556421 -0.000429
v 0.025862 0.567192 0.005418
v 0.043254 0.585048 0.040050
v 0.055906 0.585020 0.044223
v 0.057661 0.586405 0.043080
v 0.046884 0.587905 0.037771
v 0.028394 0.582049 0.035710
v 0.042250 0.581139 0.042229
v 0.028615 0.576392 0.038369
v 0.031408 0.585861 0.030767
v 0.047915 0.586947 0.036974
v 0.033730 0.585391 0.029530
v 0.058158 0.585913 0.042680
v 0.067535 0.582724 0.048253
v 0.055416 0.583073 0.045313
v 0.013959 0.574043 0.009179
v 0.025863 0.581901 0.017347
v 0.034957 0.575815 0.013308
v 0.025862 0.567192 0.005418
v 0.008365 0.572912 0.016031
v 0.019939 0.581101 0.022613
v 0.038655 0.585698 0.026230
v 0.044922 0.581076 0.022293
v 0.033730 0.585391 0.029530
v 0.050242 0.586873 0.035201
v 0.054546 0.584020 0.032153
v 0.044922 0.581076 0.022293
v 0.038655 0.585698 0.026230
v 0.047915 0.586947 0.036974
v 0.059297 0.585858 0.041792
v 0.058158 0.585913 0.042680
v 0.033730 0.585391 0.029530
v 0.061422 0.584413 0.040267
v 0.067535 0.582724 0.048253
v 0.042948 0.577080 0.040216
v 0.047325 0.573086 0.039225
v 0.057599 0.578317 0.044125
v 0.055786 0.581059 0.044308
v 0.030461 0.570526 0.036812
v 0.042250 0.581139 0.042229
v 0.028615 0.576392 0.038369
v 0.037112 0.565380 0.034335
v 0.067535 0.582724 0.048253
v 0.055416 0.583073 0.045313
v 0.052536 0.573037 0.036462
v 0.060451 0.578945 0.042423
v 0.044229 0.564668 0.029767
v 0.067535 0.582724 0.048253
v 0.061585 0.581337 0.040134
v 0.061422 0.584413 0.040267
v 0.060451 0.578945 0.042423
v 0.054815 0.577827 0.031884
v 0.054546 0.584020 0.032153
v 0.047065 0.572934 0.022563
v 0.044229 0.564668 0.029767
v 0.052536 0.573037 0.036462
v 0.044922 0.581076 0.022293
v -0.008059 0.541460 -0.003356
v -0.011964 0.540768 0.004062
v -0.001279 0.562083 0.010833
v 0.003398 0.563207 0.003321
v 0.008823 0.537251 -0.007413
v 0.017772 0.556421 -0.000429
v 0.029477 0.546770 0.002695
v 0.026853 0.538775 0.018800
v 0.021826 0.522841 0.015447
v 0.023053 0.529863 -0.004653
v 0.008823 0.537251 -0.007413
v 0.017772 0.556421 -0.000429
v 0.035008 0.557404 0.008596
v 0.031247 0.547166 0.021273
v 0.020232 0.529427 0.039805
v 0.022228 0.518994 0.047844
v 0.025444 0.514712 0.042419
v 0.024476 0.522217 0.035700
v 0.023930 0.510013 0.035190
v 0.023853 0.514735 0.029894
v 0.022333 0.525915 0.028747
v 0.017678 0.533114 0.033221
v 0.011768 0.534084 0.020883
v 0.018525 0.526983 0.019760
v 0.022414 0.518421 0.022443
v 0.020550 0.519464 0.016831
v 0.020214 0.502558 0.048200
v 0.021813 0.501581 0.044979
v 0.024163 0.508256 0.044047
v 0.021616 0.510914 0.048458
v 0.025444 0.514712 0.042419
v 0.022710 0.505021 0.037314
v 0.023930 0.510013 0.035190
v 0.022228 0.518994 0.047844
v 0.020312 0.499830 0.038815
v 0.020214 0.502558 0.048200
v 0.017338 0.496669 0.044255
v 0.018244 0.496169 0.042606
v 0.021813 0.501581 0.044979
v 0.017502 0.495293 0.039521
v 0.020312 0.499830 0.038815
v 0.013496 0.490571 0.039648
v 0.008358 0.520283 0.040080
v 0.013422 0.511496 0.032017
v 0.015218 0.508259 0.036167
v 0.010997 0.513988 0.044063
v 0.005554 0.526246 0.034788
v 0.010276 0.513993 0.024668
v 0.010051 0.513990 0.024139
v 0.002458 0.532016 0.027754
v 0.020312 0.499830 0.038815
v 0.017502 0.495293 0.039521
v 0.014993 0.495299 0.039754
v 0.015695 0.499799 0.039132
v 0.013496 0.490571 0.039648
v 0.015838 0.504169 0.038094
v 0.022710 0.505021 0.037314
v 0.023930 0.510013 0.035190
v 0.015218 0.508259 0.036167
v 0.015695 0.499799 0.039132
v 0.013408 0.501570 0.044809
v 0.013685 0.496205 0.042653
v 0.015182 0.496695 0.044280
v 0.016240 0.502572 0.048124
v 0.016088 0.496059 0.043824
v 0.017885 0.501318 0.047275
v 0.017338 0.496669 0.044255
v 0.020214 0.502558 0.048200
v 0.013496 0.490571 0.039648
v 0.010997 0.513988 0.044063
v 0.012381 0.507960 0.045011
v 0.016388 0.509953 0.048379
v 0.016041 0.516999 0.047571
v 0.018666 0.509186 0.047528
v 0.018793 0.516749 0.046821
v 0.021616 0.510914 0.048458
v 0.022228 0.518994 0.047844
v 0.013408 0.501570 0.044809
v 0.016240 0.502572 0.048124
v 0.017885 0.501318 0.047275
v 0.020214 0.502558 0.048200
v 0.008358 0.520283 0.040080
v 0.010997 0.513988 0.044063
v 0.016041 0.516999 0.047571
v 0.013663 0.525341 0.041618
v 0.018793 0.516749 0.046821
v 0.016592 0.526134 0.039834
v 0.022228 0.518994 0.047844
v 0.020232 0.529427 0.039805
v 0.010944 0.530108 0.035423
v 0.005554 0.526246 0.034788
v 0.002458 0.532016 0.027754
v 0.006543 0.533558 0.025938
v 0.013948 0.530330 0.033396
v 0.008814 0.532574 0.022523
v 0.017678 0.533114 0.033221
v 0.011768 0.534084 0.020883
v 0.015218 0.508259 0.036167
v 0.013422 0.511496 0.032017
v 0.023853 0.514735 0.029894
v 0.023930 0.510013 0.035190
v 0.010276 0.513993 0.024668
v 0.022414 0.518421 0.022443
v 0.020550 0.519464 0.016831
v 0.010051 0.513990 0.024139
v 0.015218 0.508259 0.036167
v 0.015838 0.504169 0.038094
v 0.012381 0.507960 0.045011
v 0.010997 0.513988 0.044063
v 0.015695 0.499799 0.039132
v 0.013408 0.501570 0.044809
v 0.015695 0.499799 0.039132
v 0.014993 0.495299 0.039754
v 0.013685 0.496205 0.042653
v 0.013408 0.501570 0.044809
v 0.013496 0.490571 0.039648
v -0.026646 0.510051 0.041670
v -0.024740 0.498269 0.037038
v -0.020838 0.508113 0.039101
v -0.025280 0.518181 0.041935
v -0.018094 0.513331 0.038375
v -0.016701 0.517439 0.025371
v -0.018362 0.515030 0.027659
v -0.029989 0.516948 0.021361
v -0.029632 0.519908 0.018519
v -0.010873 0.521127 0.017902
v -0.026980 0.524332 0.011616
v -0.021288 0.509209 0.031945
v -0.029712 0.511083 0.026507
v -0.022318 0.506327 0.033586
v -0.028856 0.506891 0.029865
v -0.024740 0.498269 0.037038
v -0.010217 0.524079 0.030789
v -0.014678 0.518874 0.035841
v -0.018362 0.515030 0.027659
v -0.016701 0.517439 0.025371
v -0.005806 0.528820 0.026369
v -0.010873 0.521127 0.017902
v -0.022991 0.525149 0.039926
v -0.014678 0.518874 0.035841
v -0.010217 0.524079 0.030789
v -0.018501 0.533921 0.034713
v -0.012198 0.539226 0.024887
v -0.005806 0.528820 0.026369
v -0.025280 0.518181 0.041935
v -0.018094 0.513331 0.038375
v -0.027405 0.530851 0.025878
v -0.029944 0.524429 0.031436
v -0.022991 0.525149 0.039926
v -0.018501 0.533921 0.034713
v -0.021864 0.537037 0.016593
v -0.012198 0.539226 0.024887
v -0.030806 0.517794 0.034964
v -0.025280 0.518181 0.041935
v -0.028856 0.506891 0.029865
v -0.030247 0.509799 0.037206
v -0.030806 0.517794 0.034964
v -0.029712 0.511083 0.026507
v -0.024740 0.498269 0.037038
v -0.029944 0.524429 0.031436
v -0.029989 0.516948 0.021361
v -0.030247 0.509799 0.037206
v -0.024740 0.498269 0.037038
v -0.026646 0.510051 0.041670
v -0.030806 0.517794 0.034964
v -0.025280 0.518181 0.041935
v -0.027405 0.530851 0.025878
v -0.029632 0.519908 0.018519
v -0.029989 0.516948 0.021361
v -0.029944 0.524429 0.031436
v -0.026980 0.524332 0.011616
v -0.021864 0.537037 0.016593
v -0.021288 0.509209 0.031945
v -0.018094 0.513331 0.038375
v -0.020838 0.508113 0.039101
v -0.022318 0.506327 0.033586
v -0.024740 0.498269 0.037038
v -0.018362 0.515030 0.027659
v -0.014678 0.518874 0.035841
v 0.034595 0.489079 0.012144
v 0.028859 0.484572 0.002638
v 0.042416 0.485428 0.000729
v 0.045287 0.487700 0.005471
v 0.046126 0.492346 0.007282
v 0.036173 0.496872 0.015351
v 0.022932 0.491208 0.017088
v 0.012744 0.485493 0.005935
v 0.022932 0.491208 0.017088
v 0.020975 0.500248 0.019080
v 0.055780 0.485133 -0.001177
v 0.055780 0.485133 -0.001177
v 0.042416 0.485428 0.000729
v 0.044303 0.489509 -0.002564
v 0.028859 0.484572 0.002638
v 0.032697 0.492718 -0.003930
v 0.014514 0.494011 -0.005379
v 0.012744 0.485493 0.005935
v 0.032697 0.492718 -0.003930
v 0.014514 0.494011 -0.005379
v 0.018239 0.500298 0.006643
v 0.034894 0.497969 0.005496
v 0.020975 0.500248 0.019080
v 0.036173 0.496872 0.015351
v 0.045522 0.493138 0.002207
v 0.046126 0.492346 0.007282
v 0.044303 0.489509 -0.002564
v 0.055780 0.485133 -0.001177
v -0.011025 0.505528 -0.036521
v -0.024617 0.506244 -0.058296
v -0.028998 0.511056 -0.056298
v -0.019175 0.515530 -0.030853
v -0.039345 0.504304 -0.079566
v -0.011025 0.505528 -0.036521
v -0.020179 0.491314 -0.022587
v -0.030248 0.500480 -0.055746
v -0.024617 0.506244 -0.058296
v -0.039345 0.504304 -0.079566
v -0.039345 0.504304 -0.079566
v -0.030248 0.500480 -0.055746
v -0.036244 0.503011 -0.053508
v -0.020179 0.491314 -0.022587
v -0.031034 0.497887 -0.018530
v -0.039345 0.504304 -0.079566
v -0.036244 0.503011 -0.053508
v -0.035123 0.508584 -0.054158
v -0.027605 0.508258 -0.023947
v -0.028998 0.511056 -0.056298
v -0.019175 0.515530 -0.030853
v -0.031034 0.497887 -0.018530
v -0.002482 0.492562 -0.023514
v -0.020433 0.489387 -0.039347
v -0.024779 0.488061 -0.036276
v -0.013793 0.489861 -0.021820
v -0.029114 0.481878 -0.053329
v -0.029114 0.481878 -0.053329
v -0.021353 0.483986 -0.038003
v -0.024779 0.488061 -0.036276
v -0.005614 0.481756 -0.022242
v -0.013793 0.489861 -0.021820
v 0.017782 0.483853 -0.019621
v 0.005827 0.480155 -0.019250
v 0.014761 0.480542 -0.037996
v 0.020139 0.482654 -0.035588
v 0.024089 0.477850 -0.052355
v 0.017782 0.483853 -0.019621
v 0.020139 0.482654 -0.035588
v 0.018253 0.484784 -0.040127
v 0.009802 0.490027 -0.022743
v 0.024089 0.477850 -0.052355
v 0.024089 0.477850 -0.052355
v 0.014761 0.480542 -0.037996
v 0.014959 0.482875 -0.038508
v 0.007306 0.485108 -0.022476
v 0.018253 0.484784 -0.040127
v 0.009802 0.490027 -0.022743
v 0.005827 0.480155 -0.019250
v -0.002482 0.492562 -0.023514
v -0.003322 0.486961 -0.024162
v -0.019620 0.486713 -0.037549
v -0.020433 0.489387 -0.039347
v -0.029114 0.481878 -0.053329
v -0.005614 0.481756 -0.022242
v -0.021353 0.483986 -0.038003
v -0.024918 0.534332 -0.012384
v -0.042941 0.532885 -0.017337
v -0.028551 0.533198 -0.004923
v -0.022158 0.529028 -0.018823
v -0.042941 0.532885 -0.017337
v -0.024918 0.534332 -0.012384
v -0.042941 0.532885 -0.017337
v -0.026354 0.528323 -0.008766
v -0.028551 0.533198 -0.004923
v -0.022158 0.529028 -0.018823
v -0.026354 0.528323 -0.008766
v -0.042941 0.532885 -0.017337
v 0.019267 0.485453 0.006447
v 0.016614 0.482070 0.000145
v 0.032931 0.482136 -0.001256
v 0.034257 0.483827 0.001894
v 0.043218 0.480524 -0.001928
v 0.019267 0.485453 0.006447
v 0.034257 0.483827 0.001894
v 0.035308 0.484818 -0.001033
v 0.019554 0.488211 0.000639
v 0.043218 0.480524 -0.001928
v 0.043218 0.480524 -0.001928
v 0.032931 0.482136 -0.001256
v 0.035308 0.484818 -0.001033
v 0.016614 0.482070 0.000145
v 0.019554 0.488211 0.000639
v -0.025527 0.497677 -0.007415
v -0.039825 0.499206 -0.021044
v -0.042573 0.495575 -0.017277
v -0.027844 0.491298 -0.001526
v -0.048187 0.495498 -0.030597
v -0.048187 0.495498 -0.030597
v -0.039918 0.493480 -0.022109
v -0.042573 0.495575 -0.017277
v -0.025963 0.489626 -0.009761
v -0.027844 0.491298 -0.001526
v -0.025527 0.497677 -0.007415
v -0.025963 0.489626 -0.009761
v -0.039918 0.493480 -0.022109
v -0.039825 0.499206 -0.021044
v -0.048187 0.495498 -0.030597
v -0.022256 0.512836 -0.003423
v -0.045255 0.514210 -0.010077
v -0.048662 0.516198 -0.001482
v -0.030932 0.515986 0.014041
v -0.063645 0.513397 -0.012182
v -0.063645 0.513397 -0.012182
v -0.048936 0.507087 -0.004863
v -0.048662 0.516198 -0.001482
v -0.030110 0.498197 0.006183
v -0.030932 0.515986 0.014041
v -0.022256 0.512836 -0.003423
v -0.030110 0.498197 0.006183
v -0.048936 0.507087 -0.004863
v -0.045255 0.514210 -0.010077
v -0.063645 0.513397 -0.012182
v -0.027336 0.510346 -0.077399
v -0.018266 0.509495 -0.053748
v -0.023796 0.512826 -0.051872
v -0.017379 0.513309 -0.028299
v -0.021937 0.517518 -0.052325
v -0.016040 0.521326 -0.025508
v -0.011331 0.506651 -0.033421
v -0.016040 0.521326 -0.025508
v -0.006566 0.514578 -0.028964
v -0.017407 0.514340 -0.054029
v -0.021937 0.517518 -0.052325
v -0.027336 0.510346 -0.077399
v -0.006566 0.514578 -0.028964
v -0.011331 0.506651 -0.033421
v -0.018266 0.509495 -0.053748
v -0.017407 0.514340 -0.054029
v -0.027336 0.510346 -0.077399
v -0.001437 0.505037 -0.032740
v 0.000631 0.497566 -0.033205
v -0.014544 0.499265 -0.057455
v -0.016768 0.502944 -0.057226
v -0.028773 0.498281 -0.075452
v -0.000253 0.490442 -0.031773
v -0.015272 0.495934 -0.055787
v -0.001437 0.505037 -0.032740
v -0.016768 0.502944 -0.057226
v -0.022242 0.504788 -0.055379
v -0.013401 0.508164 -0.030071
v -0.028773 0.498281 -0.075452
v -0.028773 0.498281 -0.075452
v -0.026514 0.497977 -0.053064
v -0.022242 0.504788 -0.055379
v -0.022741 0.494527 -0.026325
v -0.013401 0.508164 -0.030071
v -0.000253 0.490442 -0.031773
v -0.011187 0.488690 -0.028413
v -0.020738 0.495058 -0.054106
v -0.015272 0.495934 -0.055787
v -0.028773 0.498281 -0.075452
v -0.028773 0.498281 -0.075452
v -0.020738 0.495058 -0.054106
v -0.026514 0.497977 -0.053064
v -0.011187 0.488690 -0.028413
v -0.022741 0.494527 -0.026325
v 0.043511 0.491358 -0.059368
v 0.027532 0.489786 -0.046193
v 0.027233 0.494178 -0.047045
v 0.011079 0.496571 -0.030529
v 0.030884 0.496811 -0.043949
v 0.016732 0.502657 -0.026760
v 0.009377 0.488727 -0.030349
v 0.043511 0.491358 -0.059368
v 0.031173 0.487284 -0.043163
v 0.027532 0.489786 -0.046193
v 0.014913 0.483131 -0.021304
v 0.009377 0.488727 -0.030349
v 0.024822 0.500359 -0.021017
v 0.035855 0.495773 -0.041431
v 0.030884 0.496811 -0.043949
v 0.016732 0.502657 -0.026760
v 0.043511 0.491358 -0.059368
v 0.024822 0.500359 -0.021017
v 0.026408 0.484696 -0.014385
v 0.036920 0.488067 -0.039704
v 0.035855 0.495773 -0.041431
v 0.043511 0.491358 -0.059368
v 0.026408 0.484696 -0.014385
v 0.014913 0.483131 -0.021304
v 0.031173 0.487284 -0.043163
v 0.036920 0.488067 -0.039704
v 0.043511 0.491358 -0.059368
v 0.034111 0.505687 -0.016903
v 0.037334 0.493396 -0.011571
v 0.048125 0.492770 -0.032191
v 0.047022 0.500246 -0.035445
v 0.058997 0.489868 -0.053871
v 0.027686 0.494975 0.002802
v 0.023810 0.509759 -0.003611
v 0.034111 0.505687 -0.016903
v 0.047022 0.500246 -0.035445
v 0.041876 0.497017 -0.039388
v 0.023902 0.500131 -0.024376
v 0.058997 0.489868 -0.053871
v 0.023810 0.509759 -0.003611
v 0.011531 0.503075 -0.012599
v 0.058997 0.489868 -0.053871
v 0.040947 0.491245 -0.038876
v 0.041876 0.497017 -0.039388
v 0.025049 0.490950 -0.023520
v 0.023902 0.500131 -0.024376
v 0.011531 0.503075 -0.012599
v 0.012910 0.492034 -0.011570
v 0.058997 0.489868 -0.053871
v 0.044713 0.487839 -0.034538
v 0.040947 0.491245 -0.038876
v 0.031862 0.483891 -0.017432
v 0.025049 0.490950 -0.023520
v 0.012910 0.492034 -0.011570
v 0.021104 0.483543 -0.004247
v 0.037334 0.493396 -0.011571
v 0.031862 0.483891 -0.017432
v 0.044713 0.487839 -0.034538
v 0.048125 0.492770 -0.032191
v 0.058997 0.489868 -0.053871
v 0.021104 0.483543 -0.004247
v 0.027686 0.494975 0.002802
v -0.010655 0.516491 0.038026
v -0.009058 0.511281 0.042483
v -0.009789 0.517469 0.038473
v -0.009964 0.510408 0.041978
v -0.012251 0.519855 0.032876
v -0.011543 0.521002 0.033241
v -0.009604 0.503149 0.044727
v -0.010300 0.502752 0.043864
v -0.011471 0.496407 0.043507
v -0.010990 0.494407 0.044004
v 0.025396 0.544953 0.021004
v 0.026782 0.544157 0.021046
v 0.033843 0.550418 0.024526
v 0.032537 0.551260 0.024433
v 0.021926 0.538810 0.018694
v 0.023425 0.538216 0.018659
v 0.042236 0.557338 0.028738
v 0.043523 0.556512 0.028908
v 0.050278 0.561169 0.032540
v 0.050810 0.560636 0.032734
v 0.050810 0.560636 0.032734
v 0.050447 0.561035 0.032118
v 0.025594 0.544722 0.019928
v 0.032765 0.551002 0.023373
v 0.033843 0.550418 0.024526
v 0.026782 0.544157 0.021046
v 0.022107 0.538631 0.017600
v 0.023425 0.538216 0.018659
v 0.042504 0.557033 0.027698
v 0.043523 0.556512 0.028908
v 0.050447 0.561035 0.032118
v 0.050810 0.560636 0.032734
v 0.032765 0.551002 0.023373
v 0.032537 0.551260 0.024433
v 0.042236 0.557338 0.028738
v 0.042504 0.557033 0.027698
v 0.025594 0.544722 0.019928
v 0.025396 0.544953 0.021004
v 0.022107 0.538631 0.017600
v 0.021926 0.538810 0.018694
v 0.050447 0.561035 0.032118
v 0.050278 0.561169 0.032540
v 0.009240 0.545814 0.059475
v -0.002861 0.547197 0.041292
v -0.001363 0.536041 0.043489
v 0.008434 0.537842 0.058751
v 0.014747 0.552389 0.058992
v 0.003541 0.554027 0.038718
v 0.022575 0.554903 0.057334
v 0.013199 0.557325 0.037683
v -0.003697 0.550767 0.025171
v -0.013501 0.542673 0.026894
v -0.016761 0.537349 0.014886
v -0.004247 0.546545 0.009825
v 0.006966 0.554138 0.024592
v 0.006926 0.550374 0.010447
v -0.010390 0.531598 0.032475
v -0.013501 0.542673 0.026894
v -0.001363 0.536041 0.043489
v -0.002861 0.547197 0.041292
v -0.012008 0.526320 0.026308
v 0.019903 0.534964 0.072857
v 0.027335 0.532897 0.071180
v 0.030677 0.531935 0.083956
v 0.008434 0.537842 0.058751
v 0.023249 0.533749 0.056374
v 0.023249 0.533749 0.056374
v 0.008434 0.537842 0.058751
v -0.001363 0.536041 0.043489
v 0.017995 0.531705 0.041711
v -0.010390 0.531598 0.032475
v 0.014439 0.527954 0.033719
v -0.012008 0.526320 0.026308
v 0.012712 0.522655 0.029449
v 0.008434 0.537842 0.058751
v 0.019903 0.534964 0.072857
v 0.020193 0.540208 0.073425
v 0.009240 0.545814 0.059475
v 0.030677 0.531935 0.083956
v 0.024257 0.544471 0.072855
v 0.014747 0.552389 0.058992
v 0.028825 0.546327 0.071621
v 0.022575 0.554903 0.057334
v 0.021967 0.532154 0.018331
v 0.022094 0.538790 0.029138
v 0.014439 0.527954 0.033719
v 0.012712 0.522655 0.029449
v 0.025726 0.542606 0.039050
v 0.017995 0.531705 0.041711
v 0.029500 0.542769 0.056343
v 0.023249 0.533749 0.056374
v 0.017136 0.543387 0.015254
v 0.022094 0.538790 0.029138
v 0.016070 0.549113 0.027886
v 0.006926 0.550374 0.010447
v 0.006966 0.554138 0.024592
v 0.013199 0.557325 0.037683
v 0.022849 0.552206 0.037863
v 0.025726 0.542606 0.039050
v 0.027335 0.532897 0.071180
v 0.031202 0.538301 0.070259
v 0.030677 0.531935 0.083956
v 0.023249 0.533749 0.056374
v 0.029500 0.542769 0.056343
v 0.029245 0.550281 0.056006
v 0.031197 0.543344 0.070446
v 0.022575 0.554903 0.057334
v 0.028825 0.546327 0.071621
v 0.013199 0.557325 0.037683
v 0.022575 0.554903 0.057334
v 0.029245 0.550281 0.056006
v 0.022849 0.552206 0.037863
v 0.029500 0.542769 0.056343
v 0.025726 0.542606 0.039050
v 0.030687 0.551437 0.015807
v 0.039419 0.543683 0.000012
v 0.016860 0.534714 -0.008228
v 0.013237 0.545225 0.009161
v 0.058051 0.545437 0.010156
v 0.048485 0.554211 0.024162
v 0.046827 0.549318 0.029071
v 0.029117 0.547156 0.020743
v 0.015073 0.541568 0.014742
v 0.065763 0.551825 0.032271
v 0.072003 0.543187 0.021186
v 0.083223 0.540572 0.033012
v 0.081161 0.544584 0.041137
v 0.094059 0.532157 0.049666
v 0.024863 0.546589 0.027616
v 0.045193 0.548290 0.035477
v 0.063951 0.547366 0.037015
v 0.061932 0.546444 0.041918
v 0.078690 0.542872 0.043739
v 0.077161 0.542581 0.046160
v 0.073659 0.538148 0.048967
v 0.059479 0.539631 0.045703
v 0.043501 0.539669 0.041583
v 0.007298 0.539025 0.020428
v 0.013076 0.532522 0.029417
v 0.024555 0.537259 0.035173
v 0.083223 0.540572 0.033012
v 0.094059 0.532157 0.049666
v 0.082873 0.534961 0.032555
v 0.071455 0.534716 0.021617
v 0.072003 0.543187 0.021186
v 0.057495 0.532809 0.010344
v 0.058051 0.545437 0.010156
v 0.078884 0.532048 0.036971
v 0.067747 0.530313 0.027192
v 0.041689 0.528755 0.000617
v 0.053297 0.525705 0.015705
v 0.039661 0.520758 0.006346
v 0.024075 0.522695 -0.007975
v 0.029270 0.516410 0.000482
v 0.024555 0.537259 0.035173
v 0.026792 0.530423 0.033387
v 0.043831 0.534100 0.039333
v 0.043501 0.539669 0.041583
v 0.013076 0.532522 0.029417
v 0.016539 0.525850 0.028456
v 0.027695 0.525481 0.033643
v 0.043875 0.530650 0.039982
v 0.059534 0.536259 0.044149
v 0.059164 0.533985 0.045205
v 0.073707 0.536154 0.048188
v 0.073618 0.535335 0.049471
v 0.030609 0.517836 0.028030
v 0.044019 0.523444 0.033983
v 0.060051 0.528841 0.040936
v 0.020433 0.512468 0.022614
v 0.017385 0.521300 0.028581
v 0.074291 0.531843 0.046038
v 0.094059 0.532157 0.049666
v 0.073659 0.538148 0.048967
v 0.059479 0.539631 0.045703
v 0.044019 0.523444 0.033983
v 0.030609 0.517836 0.028030
v 0.039661 0.520758 0.006346
v 0.053297 0.525705 0.015705
v 0.060051 0.528841 0.040936
v 0.067747 0.530313 0.027192
v 0.074291 0.531843 0.046038
v 0.078884 0.532048 0.036971
v 0.094059 0.532157 0.049666
v 0.029270 0.516410 0.000482
v 0.020433 0.512468 0.022614
v 0.028572 0.505315 0.018925
v 0.029822 0.494218 0.002195
v 0.042237 0.498734 0.002920
v 0.041950 0.506099 0.015272
v 0.054535 0.501698 0.003808
v 0.055013 0.506017 0.010555
v 0.065842 0.502849 0.004221
v 0.066248 0.505216 0.007422
v 0.075567 0.504143 0.004407
v 0.075567 0.504143 0.004407
v 0.065842 0.502849 0.004221
v 0.066731 0.504725 -0.000250
v 0.054535 0.501698 0.003808
v 0.057972 0.505800 -0.005840
v 0.046012 0.507046 -0.011521
v 0.042237 0.498734 0.002920
v 0.029822 0.494218 0.002195
v 0.033831 0.507265 -0.015985
v 0.029953 0.523442 0.016226
v 0.029211 0.514749 0.018035
v 0.043044 0.513124 0.014581
v 0.044951 0.520320 0.012857
v 0.055974 0.510614 0.011097
v 0.057694 0.515235 0.010789
v 0.066435 0.507377 0.007430
v 0.067196 0.509517 0.007669
v 0.075567 0.504143 0.004407
v 0.067196 0.509517 0.007669
v 0.068773 0.510280 0.001558
v 0.059813 0.516181 -0.000850
v 0.057694 0.515235 0.010789
v 0.048231 0.521959 -0.003018
v 0.044951 0.520320 0.012857
v 0.035841 0.526584 -0.005298
v 0.029953 0.523442 0.016226
v 0.075567 0.504143 0.004407
v 0.066731 0.504725 -0.000250
v 0.068784 0.507864 -0.001846
v 0.059904 0.511340 -0.005845
v 0.068773 0.510280 0.001558
v 0.059813 0.516181 -0.000850
v 0.048101 0.514878 -0.009778
v 0.048231 0.521959 -0.003018
v 0.035818 0.517168 -0.012974
v 0.035841 0.526584 -0.005298
v 0.057972 0.505800 -0.005840
v 0.046012 0.507046 -0.011521
v 0.033831 0.507265 -0.015985
v -0.017508 0.515195 -0.029306
v -0.039310 0.518800 -0.036556
v -0.043072 0.522305 -0.028582
v -0.024705 0.518587 -0.018544
v -0.046944 0.521153 -0.020335
v -0.053587 0.522092 -0.035026
v -0.055524 0.521516 -0.030902
v -0.032854 0.517622 -0.005276
v -0.064435 0.520107 -0.041370
v -0.051707 0.520339 -0.039013
v -0.064435 0.520107 -0.041370
v -0.054791 0.514086 -0.032732
v -0.056366 0.516688 -0.029358
v -0.045480 0.506294 -0.023997
v -0.048628 0.511497 -0.017246
v -0.030513 0.499634 0.007117
v -0.022262 0.490458 -0.005278
v -0.017508 0.515195 -0.029306
v -0.022024 0.500636 -0.022474
v -0.040856 0.509947 -0.032921
v -0.039310 0.518800 -0.036556
v -0.052480 0.515913 -0.037195
v -0.051707 0.520339 -0.039013
v -0.064435 0.520107 -0.041370
v -0.032854 0.517622 -0.005276
v -0.046944 0.521153 -0.020335
v -0.048732 0.516548 -0.017958
v -0.032618 0.508830 0.001769
v -0.056417 0.519213 -0.029713
v -0.055524 0.521516 -0.030902
v -0.048628 0.511497 -0.017246
v -0.030513 0.499634 0.007117
v -0.056366 0.516688 -0.029358
v -0.064435 0.520107 -0.041370
v -0.040856 0.509947 -0.032921
v -0.022024 0.500636 -0.022474
v -0.022262 0.490458 -0.005278
v -0.045480 0.506294 -0.023997
v -0.054791 0.514086 -0.032732
v -0.052480 0.515913 -0.037195
v -0.064435 0.520107 -0.041370
v -0.011466 0.532470 0.028903
v -0.001599 0.549787 0.030965
v -0.007197 0.556353 0.025207
v -0.017455 0.536243 0.020976
v -0.005349 0.561891 0.014361
v -0.016741 0.540831 0.009535
v -0.017455 0.536243 0.020976
v -0.007197 0.556353 0.025207
v -0.001279 0.562083 0.010833
v -0.011964 0.540768 0.004062
v 0.006254 0.560090 0.032747
v 0.000472 0.567248 0.028054
v -0.001599 0.549787 0.030965
v 0.017772 0.556421 -0.000429
v 0.025862 0.567192 0.005418
v 0.035008 0.557404 0.008596
v 0.029477 0.546770 0.002695
v 0.043044 0.513124 0.014581
v 0.029211 0.514749 0.018035
v 0.028572 0.505315 0.018925
v 0.041950 0.506099 0.015272
v 0.055974 0.510614 0.011097
v 0.055013 0.506017 0.010555
v 0.066435 0.507377 0.007430
v 0.066248 0.505216 0.007422
v 0.075567 0.504143 0.004407
v 0.013666 0.552754 0.033018
v 0.006254 0.560090 0.032747
v -0.001599 0.549787 0.030965
v 0.007490 0.543266 0.031735
v 0.000472 0.567248 0.028054
v 0.004442 0.572716 0.018393
v -0.005349 0.561891 0.014361
v -0.007197 0.556353 0.025207
v -0.001279 0.562083 0.010833
v 0.008365 0.572912 0.016031
v -0.029307 0.538936 -0.006537
v -0.030348 0.537778 -0.006176
v -0.039323 0.543847 -0.007809
v -0.038355 0.545032 -0.008098
v -0.023812 0.534344 -0.005357
v -0.024964 0.533327 -0.004863
v -0.049449 0.551112 -0.009964
v -0.050425 0.549942 -0.009755
v -0.058917 0.555402 -0.011539
v -0.059296 0.554723 -0.011566
v -0.059296 0.554723 -0.011566
v -0.058922 0.555268 -0.011084
v -0.029137 0.538766 -0.005444
v -0.038209 0.544824 -0.007013
v -0.039323 0.543847 -0.007809
v -0.030348 0.537778 -0.006176
v -0.023597 0.534224 -0.004261
v -0.024964 0.533327 -0.004863
v -0.049329 0.550848 -0.008886
v -0.050425 0.549942 -0.009755
v -0.058922 0.555268 -0.011084
v -0.059296 0.554723 -0.011566
v -0.038209 0.544824 -0.007013
v -0.038355 0.545032 -0.008098
v -0.049449 0.551112 -0.009964
v -0.049329 0.550848 -0.008886
v -0.029137 0.538766 -0.005444
v -0.029307 0.538936 -0.006537
v -0.023597 0.534224 -0.004261
v -0.023812 0.534344 -0.005357
v -0.058922 0.555268 -0.011084
v -0.058917 0.555402 -0.011539
v -0.073266 0.543910 -0.012543
v -0.057634 0.538245 -0.004835
v -0.057346 0.541172 -0.006729
v -0.057084 0.542153 -0.009652
v -0.045444 0.532798 0.000875
v -0.044342 0.537403 -0.002208
v -0.044342 0.537403 -0.002208
v -0.043481 0.539302 -0.006929
v -0.045444 0.532798 0.000875
v -0.032341 0.525419 0.007347
v -0.029916 0.531509 0.002630
v -0.044342 0.537403 -0.002208
v -0.027605 0.534835 -0.003734
v -0.043481 0.539302 -0.006929
v -0.027605 0.534835 -0.003734
v -0.028987 0.530582 -0.017382
v -0.044102 0.537154 -0.016054
v -0.043481 0.539302 -0.006929
v -0.031860 0.521417 -0.022998
v -0.045620 0.530759 -0.019676
v -0.057495 0.541143 -0.014947
v -0.057084 0.542153 -0.009652
v -0.073266 0.543910 -0.012543
v -0.058006 0.537253 -0.017078
v -0.031860 0.521417 -0.022998
v -0.031935 0.512167 -0.017670
v -0.047617 0.525591 -0.015871
v -0.045620 0.530759 -0.019676
v -0.031076 0.505670 -0.006527
v -0.047879 0.522906 -0.008840
v -0.059188 0.534118 -0.014798
v -0.058006 0.537253 -0.017078
v -0.073266 0.543910 -0.012543
v -0.058911 0.532387 -0.010582
v -0.073266 0.543910 -0.012543
v -0.058911 0.532387 -0.010582
v -0.058980 0.533569 -0.005110
v -0.057634 0.538245 -0.004835
v -0.047879 0.522906 -0.008840
v -0.048410 0.525107 0.000661
v -0.031076 0.505670 -0.006527
v -0.034002 0.510661 0.010254
v -0.032341 0.525419 0.007347
v -0.045444 0.532798 0.000875
v -0.057634 0.538245 -0.004835
v -0.058980 0.533569 -0.005110
v 0.028048 0.334064 0.030132
v 0.013917 0.335750 0.039139
v 0.013119 0.337684 0.037207
v 0.027022 0.335939 0.028012
v 0.040615 0.333519 0.017091
v 0.028048 0.334064 0.030132
v 0.027022 0.335939 0.028012
v 0.038462 0.335881 0.015292
v 0.026372 0.334521 -0.028210
v 0.044992 0.334863 -0.009882
v 0.042616 0.337078 -0.008771
v 0.025017 0.336754 -0.026092
v -0.010515 0.334386 -0.025560
v 0.001129 0.336649 -0.023723
v -0.009846 0.336627 -0.023588
v 0.044992 0.334863 -0.009882
v 0.041513 0.336670 0.000770
v 0.042616 0.337078 -0.008771
v 0.040615 0.333519 0.017091
v 0.038462 0.335881 0.015292
v 0.041513 0.336670 0.000770
v 0.044992 0.334863 -0.009882
v 0.040615 0.333519 0.017091
v 0.041513 0.336670 0.000770
v 0.026372 0.334521 -0.028210
v 0.025017 0.336754 -0.026092
v 0.001129 0.336649 -0.023723
v -0.010515 0.334386 -0.025560
v 0.026372 0.334521 -0.028210
v 0.001129 0.336649 -0.023723
v -0.002736 0.332883 0.041744
v -0.003257 0.335386 0.039494
v 0.013119 0.337684 0.037207
v 0.013917 0.335750 0.039139
v -0.020482 0.331455 0.040239
v -0.020204 0.333900 0.037519
v -0.003257 0.335386 0.039494
v -0.002736 0.332883 0.041744
v -0.039848 0.332283 -0.003122
v -0.037570 0.334640 -0.002381
v -0.039290 0.334312 0.022260
v -0.041669 0.331936 0.022950
v -0.010515 0.334386 -0.025560
v -0.009846 0.336627 -0.023588
v -0.018140 0.335998 -0.016422
v -0.041669 0.331936 0.022950
v -0.039290 0.334312 0.022260
v -0.032133 0.334181 0.028672
v -0.020482 0.331455 0.040239
v -0.032133 0.334181 0.028672
v -0.020204 0.333900 0.037519
v -0.041669 0.331936 0.022950
v -0.032133 0.334181 0.028672
v -0.020482 0.331455 0.040239
v -0.039848 0.332283 -0.003122
v -0.018140 0.335998 -0.016422
v -0.037570 0.334640 -0.002381
v -0.010515 0.334386 -0.025560
v -0.018140 0.335998 -0.016422
v -0.039848 0.332283 -0.003122
v 0.026317 0.275893 0.045137
v 0.031897 0.255230 0.043217
v 0.037039 0.258421 0.044145
v 0.030792 0.278346 0.045808
v 0.041967 0.263436 0.036300
v 0.034850 0.282040 0.038294
v 0.022481 0.293899 0.045953
v 0.030792 0.278346 0.045808
v 0.026586 0.296292 0.045880
v 0.019753 0.311576 0.046022
v 0.022892 0.313437 0.045553
v 0.017552 0.327915 0.044831
v 0.019598 0.329072 0.044402
v 0.016809 0.343027 0.040077
v 0.018093 0.343460 0.040147
v 0.010940 0.349998 0.039284
v 0.034850 0.282040 0.038294
v 0.029607 0.299676 0.039508
v 0.029607 0.299676 0.039508
v 0.024730 0.316261 0.040511
v 0.020138 0.330781 0.040775
v 0.026395 0.317170 0.042495
v 0.021415 0.331271 0.042700
v 0.020001 0.344589 0.037999
v 0.020518 0.345220 0.039236
v 0.030349 0.320435 0.039115
v 0.024480 0.334182 0.039535
v 0.021373 0.345300 0.038177
v 0.023450 0.346225 0.038544
v 0.031857 0.321309 0.039566
v 0.026387 0.335564 0.039623
v 0.021373 0.345300 0.038177
v 0.024480 0.334182 0.039535
v 0.020518 0.345220 0.039236
v 0.021415 0.331271 0.042700
v 0.030349 0.320435 0.039115
v 0.036194 0.305241 0.038026
v 0.035011 0.304407 0.037848
v 0.026395 0.317170 0.042495
v 0.032391 0.301781 0.041354
v 0.029607 0.299676 0.039508
v 0.035011 0.304407 0.037848
v 0.045465 0.288932 0.034245
v 0.043156 0.287347 0.035804
v 0.032391 0.301781 0.041354
v 0.039904 0.285001 0.038948
v 0.029607 0.299676 0.039508
v 0.034850 0.282040 0.038294
v 0.043156 0.287347 0.035804
v 0.055164 0.278785 0.030634
v 0.048461 0.269873 0.036197
v 0.039904 0.285001 0.038948
v 0.034850 0.282040 0.038294
v 0.041967 0.263436 0.036300
v 0.025741 0.276241 0.043786
v 0.030215 0.278694 0.044457
v 0.036463 0.258768 0.042794
v 0.031321 0.255577 0.041866
v 0.041390 0.263782 0.034949
v 0.034273 0.282387 0.036942
v 0.021892 0.294271 0.044614
v 0.030215 0.278694 0.044457
v 0.025997 0.296665 0.044541
v 0.019152 0.311974 0.044695
v 0.022290 0.313835 0.044227
v 0.016951 0.328312 0.043504
v 0.018997 0.329469 0.043074
v 0.016470 0.343444 0.038699
v 0.017745 0.343865 0.038775
v 0.010942 0.350085 0.038216
v 0.034273 0.282387 0.036942
v 0.029018 0.300048 0.038168
v 0.029018 0.300048 0.038168
v 0.024510 0.316758 0.038693
v 0.019918 0.331278 0.038957
v 0.025794 0.317567 0.041169
v 0.020814 0.331668 0.041374
v 0.018974 0.344216 0.037101
v 0.020202 0.345653 0.037827
v 0.029749 0.320831 0.037788
v 0.023880 0.334579 0.038208
v 0.021013 0.345687 0.036822
v 0.023152 0.346689 0.037139
v 0.031255 0.321706 0.038239
v 0.025786 0.335961 0.038296
v 0.021013 0.345687 0.036822
v 0.023880 0.334579 0.038208
v 0.020202 0.345653 0.037827
v 0.020814 0.331668 0.041374
v 0.029749 0.320831 0.037788
v 0.035605 0.305613 0.036688
v 0.034423 0.304778 0.036509
v 0.025794 0.317567 0.041169
v 0.031803 0.302153 0.040016
v 0.029018 0.300048 0.038168
v 0.034423 0.304778 0.036509
v 0.044888 0.289279 0.032893
v 0.042579 0.287694 0.034454
v 0.031803 0.302153 0.040016
v 0.039327 0.285349 0.037597
v 0.029018 0.300048 0.038168
v 0.034273 0.282387 0.036942
v 0.042579 0.287694 0.034454
v 0.054588 0.279132 0.029283
v 0.047884 0.270221 0.034846
v 0.039327 0.285349 0.037597
v 0.034273 0.282387 0.036942
v 0.041390 0.263782 0.034949
v 0.026317 0.275893 0.045137
v 0.025741 0.276241 0.043786
v 0.031321 0.255577 0.041866
v 0.031897 0.255230 0.043217
v 0.037039 0.258421 0.044145
v 0.031897 0.255230 0.043217
v 0.031321 0.255577 0.041866
v 0.036463 0.258768 0.042794
v 0.041967 0.263436 0.036300
v 0.041390 0.263782 0.034949
v 0.022481 0.293899 0.045953
v 0.021892 0.294271 0.044614
v 0.025741 0.276241 0.043786
v 0.026317 0.275893 0.045137
v 0.019753 0.311576 0.046022
v 0.019152 0.311974 0.044695
v 0.021892 0.294271 0.044614
v 0.022481 0.293899 0.045953
v 0.017552 0.327915 0.044831
v 0.019152 0.311974 0.044695
v 0.016951 0.328312 0.043504
v 0.016809 0.343027 0.040077
v 0.016951 0.328312 0.043504
v 0.016470 0.343444 0.038699
v 0.010940 0.349998 0.039284
v 0.016470 0.343444 0.038699
v 0.010942 0.350085 0.038216
v 0.023450 0.346225 0.038544
v 0.010942 0.350085 0.038216
v 0.023152 0.346689 0.037139
v 0.026387 0.335564 0.039623
v 0.023152 0.346689 0.037139
v 0.025786 0.335961 0.038296
v 0.031857 0.321309 0.039566
v 0.025786 0.335961 0.038296
v 0.031255 0.321706 0.038239
v 0.055164 0.278785 0.030634
v 0.054588 0.279132 0.029283
v 0.044888 0.289279 0.032893
v 0.045465 0.288932 0.034245
v 0.044888 0.289279 0.032893
v 0.035605 0.305613 0.036688
v 0.036194 0.305241 0.038026
v 0.035605 0.305613 0.036688
v 0.031255 0.321706 0.038239
v 0.031857 0.321309 0.039566
v 0.048461 0.269873 0.036197
v 0.041967 0.263436 0.036300
v 0.041390 0.263782 0.034949
v 0.047884 0.270221 0.034846
v 0.055164 0.278785 0.030634
v 0.048461 0.269873 0.036197
v 0.047884 0.270221 0.034846
v 0.054588 0.279132 0.029283
v 0.005589 0.281616 0.051741
v 0.002810 0.283524 0.054427
v -0.001655 0.266671 0.057037
v 0.001474 0.263998 0.053972
v -0.008999 0.270506 0.053994
v -0.003802 0.286319 0.051393
v 0.007747 0.297299 0.050882
v 0.002810 0.283524 0.054427
v 0.004839 0.299034 0.052978
v 0.008472 0.312530 0.049685
v 0.006015 0.313817 0.051027
v 0.007945 0.326413 0.048344
v 0.006275 0.327172 0.049146
v 0.011005 0.339340 0.042717
v 0.010256 0.339644 0.043464
v 0.012087 0.346194 0.039129
v -0.003802 0.286319 0.051393
v -0.000603 0.301571 0.050351
v -0.000603 0.301571 0.050351
v 0.002004 0.315890 0.048696
v 0.003921 0.328465 0.047078
v 0.001847 0.316568 0.050890
v 0.004016 0.328793 0.049027
v 0.008548 0.339869 0.043082
v 0.008890 0.340395 0.044155
v -0.002746 0.318884 0.050754
v 0.000126 0.330857 0.048600
v 0.006961 0.341135 0.044028
v 0.005751 0.341938 0.045401
v -0.003579 0.319503 0.051847
v -0.001208 0.331829 0.049682
v 0.006961 0.341135 0.044028
v 0.000126 0.330857 0.048600
v 0.008890 0.340395 0.044155
v 0.004016 0.328793 0.049027
v -0.002746 0.318884 0.050754
v -0.006064 0.305776 0.052850
v -0.005319 0.305153 0.052110
v 0.001847 0.316568 0.050890
v -0.001643 0.303178 0.053050
v -0.000603 0.301571 0.050351
v -0.005319 0.305153 0.052110
v -0.013238 0.291627 0.053965
v -0.010845 0.290415 0.053863
v -0.001643 0.303178 0.053050
v -0.006999 0.288630 0.054357
v -0.000603 0.301571 0.050351
v -0.003802 0.286319 0.051393
v -0.010845 0.290415 0.053863
v -0.021195 0.283021 0.056192
v -0.013648 0.275844 0.056928
v -0.006999 0.288630 0.054357
v -0.003802 0.286319 0.051393
v -0.008999 0.270506 0.053994
v 0.005292 0.281901 0.050546
v 0.001191 0.264237 0.052763
v -0.001937 0.266909 0.055827
v 0.002514 0.283807 0.053232
v -0.009281 0.270745 0.052785
v -0.004099 0.286602 0.050197
v 0.007436 0.297627 0.049701
v 0.002514 0.283807 0.053232
v 0.004529 0.299362 0.051797
v 0.008159 0.312872 0.048508
v 0.005702 0.314161 0.049851
v 0.007631 0.326771 0.047173
v 0.005961 0.327531 0.047975
v 0.010406 0.339699 0.041664
v 0.009657 0.340001 0.042411
v 0.011487 0.346193 0.038459
v -0.004099 0.286602 0.050197
v -0.000915 0.301900 0.049170
v -0.000915 0.301900 0.049170
v 0.001180 0.316273 0.047392
v 0.003095 0.328860 0.045778
v 0.001534 0.316911 0.049713
v 0.003701 0.329152 0.047856
v 0.007949 0.340227 0.042029
v 0.008291 0.340752 0.043102
v -0.003059 0.319226 0.049578
v -0.000188 0.331215 0.047429
v 0.006362 0.341494 0.042974
v 0.005152 0.342296 0.044347
v -0.003893 0.319847 0.050670
v -0.001523 0.332187 0.048511
v 0.006362 0.341494 0.042974
v -0.000188 0.331215 0.047429
v 0.008291 0.340752 0.043102
v 0.003701 0.329152 0.047856
v -0.003059 0.319226 0.049578
v -0.006375 0.306104 0.051669
v -0.005630 0.305480 0.050929
v 0.001534 0.316911 0.049713
v -0.001953 0.303507 0.051869
v -0.000915 0.301900 0.049170
v -0.005630 0.305480 0.050929
v -0.013535 0.291911 0.052770
v -0.011142 0.290698 0.052668
v -0.001953 0.303507 0.051869
v -0.007295 0.288914 0.053161
v -0.000915 0.301900 0.049170
v -0.004099 0.286602 0.050197
v -0.011142 0.290698 0.052668
v -0.021477 0.283260 0.054983
v -0.013931 0.276082 0.055719
v -0.007295 0.288914 0.053161
v -0.004099 0.286602 0.050197
v -0.009281 0.270745 0.052785
v 0.005589 0.281616 0.051741
v 0.001474 0.263998 0.053972
v 0.001191 0.264237 0.052763
v 0.005292 0.281901 0.050546
v -0.001655 0.266671 0.057037
v -0.001937 0.266909 0.055827
v 0.001191 0.264237 0.052763
v 0.001474 0.263998 0.053972
v -0.008999 0.270506 0.053994
v -0.009281 0.270745 0.052785
v 0.007747 0.297299 0.050882
v 0.005589 0.281616 0.051741
v 0.005292 0.281901 0.050546
v 0.007436 0.297627 0.049701
v 0.008472 0.312530 0.049685
v 0.007747 0.297299 0.050882
v 0.007436 0.297627 0.049701
v 0.008159 0.312872 0.048508
v 0.007945 0.326413 0.048344
v 0.008159 0.312872 0.048508
v 0.007631 0.326771 0.047173
v 0.011005 0.339340 0.042717
v 0.007631 0.326771 0.047173
v 0.010406 0.339699 0.041664
v 0.012087 0.346194 0.039129
v 0.010406 0.339699 0.041664
v 0.011487 0.346193 0.038459
v 0.005751 0.341938 0.045401
v 0.011487 0.346193 0.038459
v 0.005152 0.342296 0.044347
v -0.001208 0.331829 0.049682
v 0.005152 0.342296 0.044347
v -0.001523 0.332187 0.048511
v -0.003579 0.319503 0.051847
v -0.001523 0.332187 0.048511
v -0.003893 0.319847 0.050670
v -0.021195 0.283021 0.056192
v -0.013238 0.291627 0.053965
v -0.013535 0.291911 0.052770
v -0.021477 0.283260 0.054983
v -0.006064 0.305776 0.052850
v -0.006375 0.306104 0.051669
v -0.013535 0.291911 0.052770
v -0.003579 0.319503 0.051847
v -0.003893 0.319847 0.050670
v -0.006375 0.306104 0.051669
v -0.013648 0.275844 0.056928
v -0.013931 0.276082 0.055719
v -0.009281 0.270745 0.052785
v -0.008999 0.270506 0.053994
v -0.021195 0.283021 0.056192
v -0.021477 0.283260 0.054983
v -0.013931 0.276082 0.055719
v -0.013648 0.275844 0.056928
v -0.054291 0.375853 0.004860
v -0.052351 0.376006 -0.005084
v -0.037868 0.357342 0.001470
v -0.051353 0.375051 0.012253
v -0.052351 0.376006 -0.005084
v -0.062278 0.394136 0.002420
v -0.060969 0.395162 -0.005451
v -0.056775 0.388533 0.021596
v -0.062278 0.394136 0.002420
v -0.051353 0.375051 0.012253
v -0.052351 0.376006 -0.005084
v -0.033858 0.367583 -0.011491
v -0.023511 0.358077 -0.011169
v -0.068721 0.409102 -0.001211
v -0.062278 0.394136 0.002420
v -0.060969 0.395162 -0.005451
v -0.025327 0.368448 -0.021047
v -0.019829 0.358209 -0.013516
v -0.033858 0.367583 -0.011491
v -0.037247 0.376776 -0.013022
v -0.027651 0.377974 -0.023026
v -0.045829 0.376550 -0.011477
v -0.052351 0.376006 -0.005084
v 0.048421 0.371558 0.016262
v 0.052739 0.371704 0.005118
v 0.052631 0.381941 0.012313
v 0.048421 0.371558 0.016262
v 0.032277 0.355538 0.023762
v 0.052739 0.371704 0.005118
v 0.052739 0.371704 0.005118
v 0.039200 0.356138 0.013847
v 0.027174 0.354589 0.028374
v 0.032394 0.360148 0.030238
v 0.019138 0.353728 0.033066
v 0.018014 0.360452 0.039084
v 0.039124 0.361908 0.024205
v 0.046182 0.380388 0.029048
v 0.048421 0.371558 0.016262
v 0.018014 0.360452 0.039084
v 0.032376 0.371462 0.035941
v 0.046182 0.380388 0.029048
v 0.046182 0.380388 0.029048
v 0.047905 0.372966 0.018964
v 0.052631 0.381941 0.012313
v 0.018014 0.360452 0.039084
v 0.009140 0.357709 0.038787
v -0.001453 0.353326 0.041021
v -0.018761 0.360586 0.046141
v -0.000051 0.361529 0.047187
v -0.017406 0.354832 0.038884
v -0.018761 0.360586 0.046141
v -0.034869 0.368368 0.042764
v -0.018761 0.360586 0.046141
v -0.031122 0.355362 0.031755
v -0.034869 0.368368 0.042764
v -0.000051 0.361529 0.047187
v 0.009140 0.357709 0.038787
v -0.049549 0.368503 0.025352
v -0.039665 0.368960 0.032738
v -0.039665 0.368960 0.032738
v -0.034869 0.368368 0.042764
v -0.049549 0.368503 0.025352
v -0.035246 0.355735 0.026298
v -0.039378 0.356107 0.020831
v -0.049549 0.368503 0.025352
v -0.037868 0.357342 0.001470
v -0.051353 0.375051 0.012253
v -0.049549 0.368503 0.025352
v 0.037936 0.386583 -0.031381
v 0.038429 0.380161 -0.027046
v 0.030903 0.385112 -0.042038
v 0.034455 0.401299 -0.041166
v 0.038820 0.394390 -0.034280
v 0.042147 0.387539 -0.029359
v 0.046745 0.389159 -0.024271
v 0.048170 0.374747 -0.020708
v 0.032684 0.402168 -0.043934
v 0.038820 0.394390 -0.034280
v 0.034455 0.401299 -0.041166
v 0.028775 0.408906 -0.053122
v 0.028775 0.408906 -0.053122
v 0.020856 0.410872 -0.054002
v 0.027799 0.432748 -0.057444
v 0.020856 0.410872 -0.054002
v 0.013734 0.426376 -0.053848
v 0.009242 0.435928 -0.051354
v 0.009242 0.435928 -0.051354
v 0.034412 0.452806 -0.051777
v 0.009242 0.435928 -0.051354
v 0.023864 0.458560 -0.044026
v 0.009242 0.435928 -0.051354
v 0.020708 0.457741 -0.041970
v 0.005889 0.444608 -0.045858
v 0.013780 0.462178 -0.041995
v 0.007333 0.464024 -0.039511
v -0.002272 0.452947 -0.042950
v -0.003091 0.441490 -0.045575
v 0.009242 0.435928 -0.051354
v -0.024021 0.443412 -0.037412
v -0.024412 0.434654 -0.037894
v -0.038888 0.438062 -0.027483
v -0.043221 0.451018 -0.022946
v -0.050708 0.441709 -0.018619
v -0.050708 0.441709 -0.018619
v -0.045263 0.462643 -0.013339
v -0.002020 0.432053 -0.048059
v -0.003091 0.441490 -0.045575
v 0.009242 0.435928 -0.051354
v -0.024412 0.434654 -0.037894
v -0.024304 0.427051 -0.039266
v -0.050708 0.441709 -0.018619
v -0.051096 0.463120 -0.009680
v -0.050708 0.441709 -0.018619
v -0.054395 0.458600 -0.005866
v -0.003091 0.441490 -0.045575
v -0.024412 0.434654 -0.037894
v 0.030903 0.385112 -0.042038
v 0.028385 0.367999 -0.028708
v 0.014418 0.379421 -0.037386
v 0.016744 0.367705 -0.030568
v 0.018955 0.358516 -0.021519
v 0.032049 0.358004 -0.014625
v 0.028385 0.367999 -0.028708
v 0.034950 0.373935 -0.030326
v 0.030903 0.385112 -0.042038
v 0.048170 0.374747 -0.020708
v 0.038429 0.380161 -0.027046
v 0.034950 0.373935 -0.030326
v 0.030903 0.385112 -0.042038
v 0.004946 0.368746 -0.031976
v -0.006874 0.358669 -0.021775
v 0.016744 0.367705 -0.030568
v 0.006728 0.374700 -0.034217
v 0.014418 0.379421 -0.037386
v -0.025327 0.368448 -0.021047
v -0.010696 0.370182 -0.030025
v -0.019829 0.358209 -0.013516
v -0.012529 0.378863 -0.031756
v 0.006728 0.374700 -0.034217
v -0.010696 0.370182 -0.030025
v 0.004946 0.368746 -0.031976
v 0.028775 0.408906 -0.053122
v 0.034455 0.401299 -0.041166
v 0.020856 0.410872 -0.054002
v 0.034455 0.401299 -0.041166
v 0.030903 0.385112 -0.042038
v 0.026678 0.400143 -0.048559
v 0.020856 0.410872 -0.054002
v -0.068213 0.456315 -0.003562
v -0.058314 0.432255 -0.016047
v -0.071182 0.434199 -0.007013
v -0.069174 0.409219 -0.005865
v -0.068721 0.409102 -0.001211
v -0.058314 0.432255 -0.016047
v -0.054809 0.413198 -0.019440
v -0.069174 0.409219 -0.005865
v -0.057983 0.460849 -0.004821
v -0.058314 0.432255 -0.016047
v -0.069174 0.409219 -0.005865
v -0.060969 0.395162 -0.005451
v -0.068721 0.409102 -0.001211
v -0.046445 0.396298 -0.020323
v -0.037247 0.376776 -0.013022
v -0.045829 0.376550 -0.011477
v -0.060969 0.395162 -0.005451
v -0.050708 0.441709 -0.018619
v -0.058314 0.432255 -0.016047
v -0.057983 0.460849 -0.004821
v -0.054395 0.458600 -0.005866
v -0.041626 0.467857 0.000881
v -0.051096 0.463120 -0.009680
v -0.042535 0.464724 0.021931
v -0.035131 0.462068 0.020373
v -0.054395 0.458600 -0.005866
v -0.048982 0.458796 0.021882
v -0.043855 0.444950 0.041351
v -0.045263 0.462643 -0.013339
v -0.030398 0.447212 0.039891
v -0.035281 0.446085 0.042487
v -0.015397 0.434833 0.050059
v -0.020415 0.433757 0.052187
v -0.012147 0.419415 0.058636
v -0.007039 0.420627 0.055611
v 0.000866 0.408073 0.055756
v -0.002067 0.404978 0.057070
v -0.018459 0.419773 0.057566
v -0.043855 0.444950 0.041351
v 0.008876 0.397530 0.052246
v 0.006956 0.393455 0.052949
v -0.006613 0.396860 0.059515
v 0.007114 0.385410 0.054757
v 0.017005 0.385804 0.047823
v 0.016591 0.380530 0.049647
v 0.032772 0.387006 0.039413
v 0.026822 0.394147 0.044598
v 0.036208 0.406240 0.040693
v 0.042279 0.401212 0.032379
v 0.032957 0.409010 0.041581
v 0.042988 0.420459 0.032502
v 0.038376 0.421815 0.034189
v 0.038597 0.435996 0.022664
v 0.042298 0.434353 0.019886
v 0.047590 0.419365 0.021860
v 0.042279 0.401212 0.032379
v 0.024818 0.398099 0.045592
v 0.016178 0.390112 0.047443
v 0.015210 0.367789 0.042644
v 0.042298 0.434353 0.019886
v 0.046971 0.433069 0.009911
v 0.039995 0.446309 0.005120
v 0.045668 0.444874 -0.001642
v 0.034763 0.447537 0.006634
v 0.032452 0.465154 -0.014339
v 0.026034 0.462819 -0.010135
v 0.015372 0.468656 -0.027731
v 0.023081 0.465403 -0.028270
v 0.045668 0.444874 -0.001642
v 0.013780 0.462178 -0.041995
v 0.007333 0.464024 -0.039511
v 0.045668 0.444874 -0.001642
v 0.037100 0.458775 -0.018226
v 0.028906 0.460004 -0.030210
v 0.023081 0.465403 -0.028270
v 0.020708 0.457741 -0.041970
v 0.032416 0.460635 -0.031386
v 0.028906 0.460004 -0.030210
v 0.040907 0.459214 -0.018472
v 0.045668 0.444874 -0.001642
v 0.023864 0.458560 -0.044026
v 0.045668 0.444874 -0.001642
v 0.057269 0.446179 -0.010571
v 0.034412 0.452806 -0.051777
v 0.043066 0.455270 -0.039336
v 0.050601 0.452912 -0.025326
v 0.057269 0.446179 -0.010571
v 0.032416 0.460635 -0.031386
v 0.001660 0.412728 -0.049611
v 0.026678 0.400143 -0.048559
v 0.008661 0.397235 -0.045997
v 0.020856 0.410872 -0.054002
v 0.008661 0.397235 -0.045997
v 0.026678 0.400143 -0.048559
v 0.030903 0.385112 -0.042038
v 0.030903 0.385112 -0.042038
v 0.014418 0.379421 -0.037386
v 0.008661 0.397235 -0.045997
v -0.046445 0.396298 -0.020323
v -0.060969 0.395162 -0.005451
v -0.069174 0.409219 -0.005865
v -0.016492 0.393076 -0.036622
v -0.032485 0.395229 -0.029808
v -0.039115 0.411066 -0.029146
v -0.021976 0.410864 -0.039081
v -0.002020 0.432053 -0.048059
v 0.001660 0.412728 -0.049611
v -0.021976 0.410864 -0.039081
v -0.024304 0.427051 -0.039266
v -0.041799 0.429585 -0.027247
v -0.039115 0.411066 -0.029146
v -0.054809 0.413198 -0.019440
v -0.058314 0.432255 -0.016047
v -0.024304 0.427051 -0.039266
v -0.021976 0.410864 -0.039081
v -0.041799 0.429585 -0.027247
v -0.058314 0.432255 -0.016047
v -0.050708 0.441709 -0.018619
v -0.038888 0.438062 -0.027483
v -0.024412 0.434654 -0.037894
v -0.024304 0.427051 -0.039266
v 0.059252 0.419009 0.007142
v 0.055478 0.395378 -0.007403
v 0.062023 0.418128 -0.000777
v 0.052827 0.387169 -0.003452
v 0.046745 0.389159 -0.024271
v 0.055478 0.395378 -0.007403
v 0.048170 0.374747 -0.020708
v 0.052631 0.381941 0.012313
v 0.052739 0.371704 0.005118
v 0.055421 0.395986 0.009772
v 0.055478 0.395378 -0.007403
v 0.052739 0.371704 0.005118
v 0.048170 0.374747 -0.020708
v 0.055421 0.395986 0.009772
v 0.052631 0.381941 0.012313
v 0.041450 0.357117 -0.001591
v 0.032049 0.358004 -0.014625
v 0.052739 0.371704 0.005118
v -0.017683 0.367179 0.051712
v -0.034869 0.368368 0.042764
v -0.018761 0.360586 0.046141
v -0.046109 0.395184 0.047662
v -0.056775 0.388533 0.021596
v -0.046277 0.382684 0.037718
v -0.051353 0.375051 0.012253
v -0.050629 0.374652 0.026522
v -0.046277 0.382684 0.037718
v -0.046277 0.382684 0.037718
v -0.034952 0.379113 0.047401
v -0.036504 0.391850 0.054409
v -0.034952 0.379113 0.047401
v -0.018769 0.383097 0.055962
v -0.018769 0.383097 0.055962
v -0.034694 0.418299 0.061233
v -0.046109 0.395184 0.047662
v -0.046277 0.382684 0.037718
v -0.046109 0.395184 0.047662
v -0.034694 0.418299 0.061233
v -0.034952 0.379113 0.047401
v -0.017683 0.367179 0.051712
v -0.018769 0.383097 0.055962
v 0.062023 0.418128 -0.000777
v 0.061380 0.433378 -0.006453
v 0.059830 0.433029 0.000850
v 0.059252 0.419009 0.007142
v 0.057269 0.446179 -0.010571
v -0.043657 0.418280 0.057260
v -0.046109 0.395184 0.047662
v -0.034694 0.418299 0.061233
v -0.043855 0.444950 0.041351
v -0.054498 0.447551 0.042341
v -0.046208 0.434386 0.054692
v -0.030568 0.432903 0.052737
v -0.034694 0.418299 0.061233
v -0.025109 0.419249 0.055686
v -0.018459 0.419773 0.057566
v -0.054498 0.447551 0.042341
v -0.052807 0.434324 0.049104
v -0.046208 0.434386 0.054692
v -0.043657 0.418280 0.057260
v -0.034694 0.418299 0.061233
v 0.045668 0.444874 -0.001642
v 0.046971 0.433069 0.009911
v 0.056462 0.433286 0.005499
v 0.057269 0.446179 -0.010571
v 0.055020 0.419250 0.015467
v 0.059830 0.433029 0.000850
v 0.059252 0.419009 0.007142
v 0.042279 0.401212 0.032379
v 0.055020 0.419250 0.015467
v -0.025109 0.419249 0.055686
v -0.018187 0.403162 0.059739
v -0.018459 0.419773 0.057566
v -0.034694 0.418299 0.061233
v -0.018769 0.383097 0.055962
v -0.043855 0.444950 0.041351
v -0.030568 0.432903 0.052737
v -0.020415 0.433757 0.052187
v -0.018459 0.419773 0.057566
v -0.050629 0.374652 0.026522
v -0.051353 0.375051 0.012253
v -0.049549 0.368503 0.025352
v 0.055421 0.395986 0.009772
v 0.055478 0.395378 -0.007403
v 0.059252 0.419009 0.007142
v 0.048421 0.371558 0.016262
v 0.047905 0.372966 0.018964
v 0.052631 0.381941 0.012313
v -0.046277 0.382684 0.037718
v -0.050629 0.374652 0.026522
v -0.039665 0.368960 0.032738
v -0.049549 0.368503 0.025352
v -0.046277 0.382684 0.037718
v -0.039665 0.368960 0.032738
v -0.034952 0.379113 0.047401
v -0.039665 0.368960 0.032738
v -0.034869 0.368368 0.042764
v -0.034952 0.379113 0.047401
v 0.055421 0.395986 0.009772
v 0.046182 0.380388 0.029048
v 0.052631 0.381941 0.012313
v 0.042279 0.401212 0.032379
v 0.046182 0.380388 0.029048
v 0.053683 0.398102 0.022105
v 0.055421 0.395986 0.009772
v 0.042279 0.401212 0.032379
v 0.053683 0.398102 0.022105
v 0.055020 0.419250 0.015467
v 0.059252 0.419009 0.007142
v 0.055421 0.395986 0.009772
v 0.015210 0.367789 0.042644
v 0.032376 0.371462 0.035941
v 0.032772 0.387006 0.039413
v 0.018014 0.360452 0.039084
v 0.032772 0.387006 0.039413
v 0.046182 0.380388 0.029048
v 0.042279 0.401212 0.032379
v 0.032376 0.371462 0.035941
v 0.046182 0.380388 0.029048
v 0.008661 0.397235 -0.045997
v 0.014418 0.379421 -0.037386
v -0.016492 0.393076 -0.036622
v -0.016492 0.393076 -0.036622
v -0.012529 0.378863 -0.031756
v -0.051777 0.459489 0.024583
v -0.043855 0.444950 0.041351
v -0.054395 0.458600 -0.005866
v -0.054498 0.447551 0.042341
v -0.043855 0.444950 0.041351
v -0.061857 0.455927 0.026187
v -0.054498 0.447551 0.042341
v -0.065677 0.458501 0.011299
v -0.057983 0.460849 -0.004821
v -0.068213 0.456315 -0.003562
v -0.054395 0.458600 -0.005866
v -0.073031 0.457487 0.012804
v -0.081832 0.453256 0.000047
v -0.080393 0.457384 0.012555
v -0.068745 0.455028 0.026421
v -0.076409 0.454795 0.029081
v -0.068745 0.455028 0.026421
v -0.072681 0.450728 0.039024
v -0.064944 0.449048 0.041036
v -0.068745 0.455028 0.026421
v -0.065400 0.440865 0.049724
v -0.059881 0.446988 0.039625
v -0.068745 0.455028 0.026421
v -0.054498 0.447551 0.042341
v -0.018459 0.419773 0.057566
v -0.018187 0.403162 0.059739
v -0.018769 0.383097 0.055962
v -0.018769 0.383097 0.055962
v -0.008054 0.370952 0.052356
v 0.001082 0.368606 0.047677
v -0.018769 0.383097 0.055962
v -0.017683 0.367179 0.051712
v -0.068721 0.409102 -0.001211
v -0.056775 0.388533 0.021596
v -0.075013 0.404652 0.004788
v -0.061445 0.390871 0.025629
v -0.068721 0.409102 -0.001211
v -0.080026 0.417538 0.002515
v -0.071182 0.434199 -0.007013
v -0.068721 0.409102 -0.001211
v -0.079839 0.431216 -0.007299
v -0.081401 0.446450 -0.006109
v -0.068213 0.456315 -0.003562
v -0.081832 0.453256 0.000047
v -0.061445 0.390871 0.025629
v -0.056775 0.388533 0.021596
v -0.051669 0.397454 0.047413
v -0.046109 0.395184 0.047662
v -0.046109 0.395184 0.047662
v -0.050891 0.418440 0.058741
v -0.050891 0.418440 0.058741
v -0.046109 0.395184 0.047662
v -0.043657 0.418280 0.057260
v -0.054498 0.447551 0.042341
v -0.059881 0.446988 0.039625
v -0.052807 0.434324 0.049104
v -0.065400 0.440865 0.049724
v -0.043657 0.418280 0.057260
v -0.059881 0.446988 0.039625
v -0.064944 0.449048 0.041036
v -0.050891 0.418440 0.058741
v -0.043657 0.418280 0.057260
v -0.065400 0.440865 0.049724
v 0.028775 0.408906 -0.053122
v 0.036349 0.404405 -0.054497
v 0.032684 0.402168 -0.043934
v 0.046745 0.389159 -0.024271
v 0.046133 0.390600 -0.031703
v 0.028775 0.408906 -0.053122
v 0.037170 0.417310 -0.059827
v 0.027799 0.432748 -0.057444
v 0.028775 0.408906 -0.053122
v 0.036555 0.427857 -0.062553
v 0.041943 0.441593 -0.061486
v 0.034412 0.452806 -0.051777
v 0.046895 0.448372 -0.057760
v 0.049557 0.453406 -0.042753
v 0.054717 0.452676 -0.047970
v 0.046895 0.448372 -0.057760
v 0.034412 0.452806 -0.051777
v 0.043066 0.455270 -0.039336
v 0.056760 0.451346 -0.030477
v 0.050601 0.452912 -0.025326
v 0.063074 0.450530 -0.033089
v 0.062603 0.446676 -0.019130
v 0.066992 0.446852 -0.023059
v 0.068951 0.438483 -0.013028
v 0.058854 0.444444 -0.014918
v 0.057269 0.446179 -0.010571
v 0.058854 0.444444 -0.014918
v 0.068951 0.438483 -0.013028
v 0.046133 0.390600 -0.031703
v 0.058663 0.397176 -0.011377
v 0.046745 0.389159 -0.024271
v 0.055478 0.395378 -0.007403
v 0.067450 0.418178 -0.004248
v 0.055478 0.395378 -0.007403
v 0.067450 0.418178 -0.004248
v 0.062023 0.418128 -0.000777
v 0.055478 0.395378 -0.007403
v 0.068951 0.438483 -0.013028
v 0.061380 0.433378 -0.006453
v 0.062023 0.418128 -0.000777
v 0.058854 0.444444 -0.014918
v 0.057269 0.446179 -0.010571
v 0.067450 0.418178 -0.004248
v 0.068951 0.438483 -0.013028
v 0.062023 0.418128 -0.000777
v -0.008054 0.370952 0.052356
v -0.000051 0.361529 0.047187
v 0.001082 0.368606 0.047677
v -0.017683 0.367179 0.051712
v -0.000051 0.361529 0.047187
v 0.015210 0.367789 0.042644
v 0.015210 0.367789 0.042644
v -0.000051 0.361529 0.047187
v 0.018014 0.360452 0.039084
v 0.009140 0.357709 0.038787
v -0.034952 0.379113 0.047401
v -0.034869 0.368368 0.042764
v -0.017683 0.367179 0.051712
v -0.021976 0.410864 -0.039081
v 0.008661 0.397235 -0.045997
v -0.016492 0.393076 -0.036622
v -0.046445 0.396298 -0.020323
v -0.054809 0.413198 -0.019440
v -0.039115 0.411066 -0.029146
v -0.032485 0.395229 -0.029808
v -0.012529 0.378863 -0.031756
v -0.010696 0.370182 -0.030025
v -0.025327 0.368448 -0.021047
v -0.027651 0.377974 -0.023026
v -0.016492 0.393076 -0.036622
v -0.032485 0.395229 -0.029808
v -0.046445 0.396298 -0.020323
v -0.037247 0.376776 -0.013022
v 0.001660 0.412728 -0.049611
v 0.013734 0.426376 -0.053848
v 0.020856 0.410872 -0.054002
v 0.001660 0.412728 -0.049611
v -0.002020 0.432053 -0.048059
v 0.009242 0.435928 -0.051354
v 0.013734 0.426376 -0.053848
v -0.069174 0.409219 -0.005865
v -0.054809 0.413198 -0.019440
v -0.046445 0.396298 -0.020323
v -0.060969 0.395162 -0.005451
v -0.045829 0.376550 -0.011477
v -0.052351 0.376006 -0.005084
v -0.017683 0.367179 0.051712
v -0.018761 0.360586 0.046141
v -0.000051 0.361529 0.047187
v -0.021976 0.410864 -0.039081
v 0.001660 0.412728 -0.049611
v 0.008661 0.397235 -0.045997
v 0.022402 0.096484 -0.031695
v 0.039161 0.098015 -0.014553
v 0.031991 0.110888 -0.009205
v 0.015119 0.108639 -0.028810
v 0.030488 0.086287 -0.036321
v 0.047759 0.087695 -0.021899
v 0.010870 0.124044 -0.024830
v 0.029799 0.132964 -0.006926
v 0.013720 0.139121 -0.023205
v 0.027137 0.147169 -0.002829
v 0.016433 0.147279 -0.016108
v 0.010559 0.147046 -0.031817
v 0.011377 0.128932 -0.037513
v 0.011250 0.134158 -0.047267
v 0.017321 0.144630 -0.054965
v 0.015080 0.165657 -0.021631
v 0.021760 0.164278 -0.045141
v 0.015500 0.181643 -0.018463
v 0.011850 0.110476 -0.045836
v 0.019370 0.160238 -0.010077
v 0.029098 0.159754 -0.000459
v 0.029705 0.183308 0.001441
v 0.023335 0.210454 0.005911
v 0.016512 0.112161 -0.054706
v 0.022354 0.098381 -0.062805
v 0.024763 0.102567 -0.064211
v 0.023976 0.119626 -0.069036
v 0.034724 0.097598 -0.068934
v 0.045684 0.092130 -0.074132
v 0.032264 0.086396 -0.060879
v 0.019436 0.096390 -0.049067
v 0.037666 0.101395 -0.069991
v 0.037547 0.099096 -0.073170
v 0.045184 0.123941 -0.077409
v 0.033617 0.145952 -0.069003
v 0.044898 0.106898 -0.081206
v 0.060064 0.126324 -0.082010
v 0.061346 0.110853 -0.082107
v 0.055150 0.150664 -0.073510
v 0.069840 0.137918 -0.076028
v 0.054811 0.163725 -0.065472
v 0.063811 0.153547 -0.068016
v 0.035627 0.164166 -0.058871
v 0.053263 0.184631 -0.059481
v 0.035362 0.182313 -0.053703
v 0.077971 0.162083 -0.060538
v 0.074511 0.183822 -0.053663
v 0.050434 0.210385 -0.054520
v 0.068811 0.210559 -0.047848
v 0.085856 0.181456 -0.041246
v 0.030042 0.206976 -0.050974
v 0.047139 0.236058 -0.050057
v 0.064796 0.236317 -0.042149
v 0.044841 0.254414 -0.044661
v 0.024534 0.249906 -0.041696
v 0.027160 0.233658 -0.044908
v 0.062631 0.254853 -0.037869
v 0.042487 0.283483 -0.038891
v 0.027282 0.275751 -0.038483
v 0.008177 0.257364 -0.026500
v 0.004936 0.268376 -0.035042
v -0.008092 0.261927 -0.022048
v -0.012754 0.280925 -0.029069
v 0.000892 0.285791 -0.038776
v 0.001358 0.309616 -0.040408
v 0.022343 0.313695 -0.040953
v -0.011557 0.306832 -0.032232
v 0.020927 0.291953 -0.043588
v 0.001588 0.326783 -0.031493
v 0.022719 0.327351 -0.033991
v 0.003051 0.249612 -0.009545
v 0.010328 0.246635 -0.028596
v 0.034177 0.297252 -0.040144
v 0.045899 0.301858 -0.033667
v 0.044133 0.317357 -0.030215
v 0.015101 0.249921 0.008916
v 0.005551 0.250169 -0.000131
v 0.007824 0.229025 -0.010936
v 0.012942 0.230614 -0.032074
v 0.040994 0.327322 -0.023320
v 0.053076 0.316117 -0.014998
v 0.049858 0.326905 -0.012438
v 0.025017 0.336754 -0.026092
v 0.037055 0.336757 -0.013699
v 0.053510 0.315203 0.000926
v 0.058446 0.302479 -0.007319
v 0.053611 0.303368 -0.022700
v 0.063411 0.286829 -0.013932
v 0.054362 0.286352 -0.028629
v 0.068573 0.268068 -0.019403
v 0.070948 0.263327 0.000301
v 0.056318 0.272736 -0.030054
v 0.064109 0.280353 0.005568
v 0.057024 0.290095 0.010967
v 0.046610 0.275164 0.021206
v 0.042691 0.286877 0.027726
v 0.024264 0.259347 0.032572
v 0.053950 0.268977 0.018469
v 0.041387 0.258130 0.030270
v 0.024518 0.285840 0.038921
v 0.032393 0.307556 0.030794
v 0.016290 0.307061 0.039504
v 0.015547 0.324794 0.040669
v 0.030069 0.325325 0.030601
v 0.027022 0.335939 0.028012
v 0.038462 0.335881 0.015292
v 0.044321 0.326247 0.015973
v 0.049727 0.308839 0.014127
v 0.049470 0.326736 0.000506
v 0.041513 0.336670 0.000770
v 0.042616 0.337078 -0.008771
v 0.013119 0.337684 0.037207
v 0.080228 0.173016 -0.003190
v 0.081401 0.151134 -0.009102
v 0.090411 0.156910 -0.030054
v 0.088948 0.178052 -0.022756
v 0.064787 0.169557 0.009015
v 0.067396 0.145624 -0.000062
v 0.059974 0.195195 0.015183
v 0.047286 0.157901 0.000760
v 0.083958 0.205387 -0.016267
v 0.074699 0.200650 0.003647
v 0.088430 0.159670 -0.047929
v 0.080721 0.208736 -0.035448
v 0.080379 0.135501 -0.015435
v 0.068841 0.130131 -0.002895
v 0.051863 0.141640 0.004110
v 0.040217 0.151715 0.003754
v 0.029098 0.159754 -0.000459
v 0.027137 0.147169 -0.002829
v 0.030970 0.169622 -0.001351
v 0.071573 0.227270 0.010488
v 0.079400 0.232761 -0.008697
v 0.076391 0.235316 -0.028960
v 0.074741 0.250537 -0.003215
v 0.073240 0.252785 -0.024658
v 0.066639 0.245797 0.014673
v 0.060254 0.261139 0.017300
v 0.048147 0.238451 0.024084
v 0.069793 0.115450 -0.004706
v 0.082296 0.118592 -0.019754
v 0.080204 0.101213 -0.029867
v 0.091892 0.123314 -0.039946
v 0.062611 0.101482 -0.015563
v 0.070087 0.096696 -0.025946
v 0.050146 0.112606 -0.009541
v 0.063426 0.095662 -0.015102
v 0.051680 0.124617 -0.001388
v 0.029799 0.132964 -0.006926
v 0.038407 0.135581 -0.001498
v 0.031991 0.110888 -0.009205
v 0.090891 0.139838 -0.035271
v 0.088453 0.141531 -0.053953
v 0.089044 0.123623 -0.059484
v 0.087236 0.108977 -0.060525
v 0.077734 0.125640 -0.074159
v 0.074903 0.110366 -0.075207
v 0.079862 0.138493 -0.066061
v 0.067125 0.095283 -0.073772
v 0.083195 0.094129 -0.060146
v 0.090365 0.107102 -0.044780
v 0.080386 0.090124 -0.035327
v 0.064218 0.089616 -0.019561
v 0.047759 0.087695 -0.021899
v 0.048396 0.100766 -0.009655
v 0.039161 0.098015 -0.014553
v 0.029705 0.183308 0.001441
v 0.046762 0.169760 0.007047
v 0.042738 0.188263 0.013832
v 0.036012 0.214717 0.019325
v 0.054677 0.219792 0.020556
v 0.032352 0.234626 0.020390
v 0.023335 0.210454 0.005911
v 0.019491 0.232020 0.009663
v 0.027564 0.252185 0.020117
v 0.035258 0.256680 0.026892
v 0.013764 0.254189 0.014615
v 0.005551 0.250169 -0.000131
v 0.015101 0.249921 0.008916
v 0.019543 0.255416 0.024764
v 0.001130 0.336649 -0.023723
v -0.009846 0.336627 -0.023588
v -0.011263 0.326311 -0.028943
v 0.022759 0.181805 -0.039383
v 0.017108 0.205270 -0.035543
v 0.012651 0.205503 -0.014380
v 0.019491 0.232020 0.009663
v 0.030970 0.169622 -0.001351
v -0.051119 0.095712 0.006273
v -0.043634 0.107391 0.002188
v -0.039059 0.110012 0.027610
v -0.048412 0.097673 0.030061
v -0.060352 0.086075 0.009824
v -0.060076 0.088011 0.032285
v -0.037052 0.122446 0.001064
v -0.034738 0.131877 0.026834
v -0.036801 0.137604 0.003935
v -0.029134 0.145813 0.027040
v -0.032605 0.145706 0.010341
v -0.041105 0.145327 -0.003941
v -0.046907 0.127679 -0.006714
v -0.054173 0.132858 -0.012800
v -0.063403 0.143821 -0.013304
v -0.035186 0.163613 0.005564
v -0.057680 0.163068 -0.004054
v -0.032547 0.177994 0.006952
v -0.029225 0.158298 0.016385
v -0.027926 0.158284 0.029988
v -0.025669 0.181386 0.030321
v -0.016744 0.207726 0.025708
v -0.064325 0.111649 -0.013261
v -0.054613 0.109495 -0.011189
v -0.075009 0.098407 -0.013561
v -0.077398 0.102748 -0.012693
v -0.079720 0.119862 -0.016775
v -0.087617 0.098430 -0.007881
v -0.098860 0.093679 -0.002585
v -0.080435 0.086912 -0.004398
v -0.062660 0.095913 -0.007044
v -0.090094 0.102403 -0.006370
v -0.092595 0.100183 -0.008426
v -0.099385 0.125495 -0.005815
v -0.084484 0.146385 -0.009648
v -0.103040 0.108563 -0.008038
v -0.112233 0.128769 0.002697
v -0.113941 0.113394 0.003996
v -0.101324 0.152418 0.003985
v -0.113187 0.140700 0.013766
v -0.094279 0.165002 0.008676
v -0.102395 0.155668 0.014067
v -0.077060 0.164087 -0.001999
v -0.087886 0.184416 0.010543
v -0.072389 0.180363 0.000417
v -0.105130 0.164785 0.029749
v -0.096559 0.185818 0.030754
v -0.080848 0.209753 0.009188
v -0.087008 0.211881 0.027621
v -0.094014 0.184722 0.047503
v -0.065617 0.204317 -0.004172
v -0.073900 0.235003 0.007170
v -0.078644 0.237155 0.025804
v -0.067244 0.253088 0.007144
v -0.052582 0.246559 -0.006417
v -0.057615 0.230630 -0.004959
v -0.072932 0.255418 0.025172
v -0.058784 0.280721 0.006515
v -0.050615 0.273462 -0.006310
v -0.031163 0.255997 -0.016891
v -0.030148 0.267075 -0.025428
v -0.008092 0.261927 -0.022048
v -0.012754 0.280925 -0.029069
v -0.026027 0.283203 -0.028951
v -0.026764 0.308439 -0.029488
v -0.042858 0.310967 -0.015634
v -0.011557 0.306832 -0.032232
v -0.044083 0.288534 -0.018237
v -0.022512 0.325852 -0.022226
v -0.039619 0.324606 -0.009830
v -0.013450 0.248418 -0.012551
v -0.033700 0.241999 -0.009031
v -0.051304 0.293545 -0.006435
v -0.055414 0.298081 0.006677
v -0.051910 0.313338 0.007080
v -0.003902 0.248547 0.007140
v 0.005551 0.250169 -0.000131
v -0.019293 0.224423 0.001543
v -0.038923 0.226292 -0.007768
v -0.046252 0.323955 0.010228
v -0.048142 0.311882 0.024306
v -0.045509 0.323222 0.024233
v -0.037570 0.334640 -0.002381
v -0.038373 0.334209 0.014877
v -0.037664 0.311388 0.036332
v -0.045009 0.300596 0.035344
v -0.053176 0.300748 0.021125
v -0.053603 0.286747 0.036486
v -0.057732 0.284705 0.021369
v -0.060595 0.268600 0.039558
v -0.047594 0.264690 0.054007
v -0.062047 0.272445 0.022617
v -0.039417 0.281047 0.050579
v -0.031671 0.289969 0.047848
v -0.020096 0.276672 0.051545
v -0.007965 0.286228 0.048419
v 0.024264 0.259347 0.032572
v -0.024852 0.270190 0.054001
v -0.001011 0.256710 0.044325
v 0.024518 0.285840 0.038921
v -0.001456 0.306140 0.043937
v 0.016290 0.307061 0.039504
v 0.015547 0.324794 0.040669
v -0.001971 0.324087 0.042921
v -0.003257 0.335386 0.039494
v -0.020204 0.333900 0.037519
v -0.022365 0.323671 0.041616
v -0.025041 0.306148 0.043464
v -0.036553 0.323415 0.033585
v -0.032133 0.334181 0.028672
v -0.039290 0.334312 0.022260
v 0.013119 0.337684 0.037207
v -0.061246 0.176009 0.067499
v -0.081666 0.181780 0.061694
v -0.089621 0.159926 0.058800
v -0.068022 0.153233 0.065288
v -0.042280 0.171244 0.063418
v -0.052491 0.146684 0.060390
v -0.033041 0.196399 0.061309
v -0.038535 0.157597 0.044884
v -0.071966 0.208638 0.059508
v -0.050898 0.203202 0.065109
v -0.102076 0.162847 0.045882
v -0.084787 0.211424 0.044762
v -0.073201 0.137273 0.060432
v -0.056496 0.130985 0.059612
v -0.039687 0.141639 0.051180
v -0.032093 0.150926 0.041557
v -0.027926 0.158284 0.029988
v -0.029134 0.145813 0.027040
v -0.029373 0.167918 0.030639
v -0.042143 0.229438 0.064620
v -0.061710 0.235485 0.058293
v -0.075564 0.237493 0.043119
v -0.054448 0.253085 0.056684
v -0.069284 0.254595 0.041826
v -0.035683 0.247797 0.062449
v -0.028632 0.262356 0.057597
v -0.016930 0.238637 0.055024
v -0.059277 0.116426 0.059550
v -0.044760 0.124545 0.047449
v -0.050723 0.112685 0.041376
v -0.034738 0.131877 0.026834
v -0.035857 0.134799 0.036866
v -0.063855 0.102387 0.047446
v -0.086055 0.103407 0.051957
v -0.076862 0.098268 0.046741
v -0.064325 0.096607 0.048507
v -0.039059 0.110012 0.027610
v -0.078647 0.120605 0.059577
v -0.100064 0.126342 0.054054
v -0.094942 0.142664 0.055853
v -0.107734 0.144710 0.042068
v -0.113331 0.127007 0.039442
v -0.113769 0.112317 0.037737
v -0.117395 0.128809 0.021343
v -0.117224 0.113438 0.018858
v -0.111827 0.141529 0.028190
v -0.103690 0.110202 0.050194
v -0.111992 0.097938 0.014126
v -0.111706 0.097274 0.035213
v -0.090975 0.092487 0.048897
v -0.068591 0.090727 0.046433
v -0.060076 0.088011 0.032285
v -0.050330 0.100776 0.040236
v -0.048412 0.097673 0.030061
v -0.025669 0.181386 0.030321
v -0.023793 0.187725 0.047663
v -0.032634 0.169566 0.048124
v -0.013869 0.213413 0.043547
v -0.024199 0.220384 0.058392
v -0.009674 0.232854 0.039631
v -0.016744 0.207726 0.025708
v -0.010238 0.228826 0.023177
v -0.000757 0.250548 0.023490
v 0.000472 0.255097 0.036109
v 0.013764 0.254189 0.014615
v 0.005551 0.250169 -0.000131
v -0.003902 0.248547 0.007140
v 0.019543 0.255416 0.024764
v -0.018140 0.335998 -0.016422
v -0.009846 0.336627 -0.023588
v -0.011263 0.326311 -0.028943
v -0.053405 0.178692 -0.000431
v -0.045614 0.201469 -0.004482
v -0.026274 0.201481 0.005200
v -0.010238 0.228826 0.023177
v -0.029373 0.167918 0.030639
v -0.023103 0.462270 -0.030899
v -0.021129 0.447608 -0.027804
v 0.001101 0.451643 -0.031801
v -0.000995 0.465554 -0.033420
v 0.017835 0.463767 -0.022562
v -0.036362 0.451589 -0.011210
v -0.035485 0.464088 -0.013083
v -0.036758 0.464075 0.006945
v 0.030602 0.448665 -0.001235
v 0.033424 0.448192 -0.003571
v 0.028113 0.457589 -0.013924
v 0.033839 0.446022 0.005387
v 0.033794 0.441188 0.013287
v 0.036296 0.438140 0.009627
v 0.032875 0.437524 0.019487
v 0.035576 0.431687 0.021015
v 0.030447 0.430156 0.029583
v 0.043397 0.426942 0.018996
v 0.030447 0.430156 0.029583
v 0.042903 0.420558 0.023435
v 0.025514 0.457200 -0.009757
v 0.017835 0.463767 -0.022562
v 0.019166 0.460242 -0.026816
v 0.029892 0.414434 0.038354
v 0.015848 0.424731 0.042741
v 0.017514 0.411985 0.047155
v 0.026695 0.433014 0.028321
v 0.030447 0.430156 0.029583
v 0.016522 0.430832 0.035800
v 0.015848 0.424731 0.042741
v 0.014331 0.430564 0.036864
v 0.012500 0.428572 0.034666
v 0.011249 0.430822 0.038659
v -0.002291 0.429474 0.049155
v -0.000575 0.432961 0.043105
v -0.009700 0.435914 0.048685
v -0.011937 0.437377 0.043649
v -0.018240 0.441012 0.041106
v -0.034741 0.447477 0.037334
v -0.022094 0.433124 0.049596
v -0.002291 0.429474 0.049155
v -0.018001 0.426591 0.052466
v 0.001075 0.414230 0.052709
v -0.027953 0.445851 0.036919
v -0.030316 0.448672 0.030088
v -0.037139 0.457829 0.024239
v -0.032218 0.457293 0.020868
v -0.036758 0.464075 0.006945
v -0.042328 0.459997 0.008712
v 0.001075 0.414230 0.052709
v 0.015848 0.424731 0.042741
v -0.008517 0.409506 0.055360
v 0.001075 0.414230 0.052709
v 0.004390 0.402989 0.051477
v 0.001075 0.414230 0.052709
v -0.003700 0.400880 0.052874
v 0.018624 0.402175 0.046947
v 0.017514 0.411985 0.047155
v 0.015736 0.377487 0.040294
v 0.004390 0.402989 0.051477
v 0.018624 0.402175 0.046947
v 0.029194 0.403830 0.039514
v 0.038006 0.402297 0.032258
v 0.029194 0.403830 0.039514
v 0.041828 0.410774 0.029182
v 0.029892 0.414434 0.038354
v 0.029892 0.414434 0.038354
v 0.029194 0.403830 0.039514
v 0.018624 0.402175 0.046947
v 0.017514 0.411985 0.047155
v 0.019166 0.460242 -0.026816
v -0.000995 0.465554 -0.033420
v 0.017835 0.463767 -0.022562
v 0.003183 0.449372 -0.039467
v -0.023103 0.462270 -0.030899
v -0.021895 0.440526 -0.032987
v -0.042067 0.447540 -0.017252
v -0.035485 0.464088 -0.013083
v -0.042328 0.459997 0.008712
v -0.036758 0.464075 0.006945
v 0.015848 0.424731 0.042741
v 0.001075 0.414230 0.052709
v 0.017514 0.411985 0.047155
v 0.027804 0.506362 0.025766
v 0.018269 0.503025 0.031272
v 0.023427 0.499542 0.029888
v 0.020108 0.510107 0.029715
v 0.011587 0.492018 0.035397
v 0.025056 0.498868 0.024806
v 0.030075 0.515652 0.021198
v 0.023671 0.521181 0.026294
v 0.025547 0.529881 0.020854
v 0.032771 0.523866 0.010616
v 0.026608 0.536095 0.013041
v 0.034113 0.527233 -0.000467
v 0.027514 0.537250 0.000814
v 0.012647 0.537782 0.025853
v 0.014055 0.543100 0.013900
v 0.014576 0.544075 0.000331
v 0.027424 0.534615 -0.010268
v 0.015375 0.540041 -0.012223
v 0.004217 0.546644 -0.001077
v 0.005431 0.542008 -0.013169
v 0.005919 0.535355 -0.022484
v 0.015765 0.534010 -0.020743
v 0.015305 0.525181 -0.026913
v 0.005665 0.526886 -0.028753
v 0.014055 0.543100 0.013900
v 0.027834 0.530018 -0.016694
v 0.026784 0.521815 -0.022235
v 0.034291 0.518874 -0.015220
v 0.034397 0.525274 -0.008361
v 0.026595 0.512252 -0.024897
v 0.015305 0.525181 -0.026913
v 0.014497 0.513865 -0.030252
v 0.005665 0.526886 -0.028753
v 0.004354 0.514624 -0.031795
v 0.002964 0.502144 -0.034530
v 0.013901 0.500882 -0.031791
v 0.025864 0.500580 -0.025370
v 0.035191 0.512015 -0.015450
v 0.034302 0.503034 -0.014592
v 0.035446 0.521212 -0.002507
v 0.035020 0.515525 0.004845
v 0.033451 0.507463 0.010705
v 0.029963 0.499508 0.014698
v 0.020123 0.490648 0.015172
v 0.035702 0.508156 -0.005720
v 0.034270 0.499528 -0.001238
v 0.030216 0.492425 0.005039
v 0.034302 0.503034 -0.014592
v 0.032917 0.492681 -0.011997
v 0.028271 0.485306 -0.004310
v 0.035191 0.512015 -0.015450
v 0.036014 0.514740 -0.009756
v 0.017625 0.486380 0.009758
v 0.028271 0.485306 -0.004310
v 0.015520 0.481266 0.004250
v 0.020123 0.490648 0.015172
v 0.012762 0.487160 0.028427
v 0.032917 0.492681 -0.011997
v 0.028271 0.485306 -0.004310
v 0.020228 0.480017 -0.012601
v 0.024789 0.487795 -0.021412
v 0.008962 0.478702 -0.018290
v 0.013238 0.486289 -0.027053
v 0.000158 0.487085 -0.030609
v -0.002534 0.478454 -0.021433
v 0.013901 0.500882 -0.031791
v 0.025864 0.500580 -0.025370
v 0.034302 0.503034 -0.014592
v 0.032917 0.492681 -0.011997
v 0.015520 0.481266 0.004250
v 0.010695 0.475839 -0.000832
v 0.004667 0.475374 -0.010150
v -0.004828 0.475505 -0.015038
v 0.019265 0.499097 0.024398
v 0.025056 0.498868 0.024806
v 0.011587 0.492018 0.035397
v 0.018269 0.503025 0.031272
v 0.019265 0.499097 0.024398
v 0.011587 0.492018 0.035397
v 0.025056 0.498868 0.024806
v 0.019265 0.499097 0.024398
v 0.012762 0.487160 0.028427
v 0.019265 0.499097 0.024398
v 0.020123 0.490648 0.015172
v 0.012762 0.487160 0.028427
v 0.012647 0.537782 0.025853
v 0.010315 0.528536 0.032811
v 0.016524 0.525593 0.029914
v 0.013454 0.515020 0.032520
v 0.020108 0.510107 0.029715
v 0.007837 0.517650 0.034221
v 0.001659 0.546192 0.014875
v 0.014055 0.543100 0.013900
v -0.000947 0.540908 0.026618
v 0.012647 0.537782 0.025853
v 0.002785 0.530438 0.033700
v 0.010315 0.528536 0.032811
v 0.002009 0.518211 0.034983
v 0.007837 0.517650 0.034221
v -0.002663 0.517817 0.035115
v -0.003298 0.532035 0.033389
v -0.005660 0.517546 0.035001
v 0.000158 0.487085 -0.030609
v 0.002964 0.502144 -0.034530
v 0.013901 0.500882 -0.031791
v 0.013238 0.486289 -0.027053
v -0.036557 0.515736 0.015707
v -0.035695 0.508153 0.020647
v -0.030430 0.510118 0.023661
v -0.029669 0.517358 0.021935
v -0.028632 0.497876 0.029111
v -0.035850 0.507739 0.015288
v -0.034677 0.525083 0.011079
v -0.028814 0.528827 0.018091
v -0.026476 0.537459 0.012724
v -0.031685 0.533255 0.000542
v -0.023377 0.543376 0.005229
v -0.028659 0.536375 -0.010277
v -0.020228 0.544204 -0.006648
v -0.013996 0.541662 0.021689
v -0.010227 0.546637 0.010105
v -0.006374 0.547127 -0.002943
v -0.017567 0.541168 -0.017300
v -0.004474 0.542931 -0.015326
v 0.004217 0.546644 -0.001077
v 0.005431 0.542008 -0.013169
v 0.005919 0.535355 -0.022484
v -0.003962 0.536884 -0.023826
v -0.004159 0.528016 -0.029956
v 0.005665 0.526886 -0.028753
v -0.010227 0.546637 0.010105
v -0.017301 0.536591 -0.023749
v -0.016973 0.528188 -0.029074
v -0.026740 0.527763 -0.024757
v -0.027104 0.534232 -0.017972
v -0.018668 0.518845 -0.031972
v -0.004159 0.528016 -0.029956
v -0.005576 0.516788 -0.033390
v 0.005665 0.526886 -0.028753
v 0.004354 0.514624 -0.031795
v 0.002964 0.502144 -0.034530
v -0.008189 0.504100 -0.035244
v -0.021112 0.507422 -0.032711
v -0.029404 0.521423 -0.025546
v -0.031352 0.512596 -0.024853
v -0.030943 0.530882 -0.012882
v -0.034336 0.525627 -0.005994
v -0.036902 0.517711 -0.000290
v -0.037128 0.509280 0.004212
v -0.030758 0.498059 0.007219
v -0.033854 0.518288 -0.016591
v -0.036290 0.509806 -0.012265
v -0.036445 0.502134 -0.005379
v -0.031352 0.512596 -0.024853
v -0.033747 0.502391 -0.022415
v -0.033858 0.494355 -0.014020
v -0.029404 0.521423 -0.025546
v -0.031098 0.524516 -0.020244
v -0.028048 0.493033 0.002620
v -0.033858 0.494355 -0.014020
v -0.025905 0.487300 -0.002225
v -0.030758 0.498059 0.007219
v -0.028973 0.493239 0.021904
v -0.033747 0.502391 -0.022415
v -0.024876 0.495029 -0.029174
v -0.025513 0.486680 -0.019750
v -0.033858 0.494355 -0.014020
v -0.013896 0.482031 -0.021863
v -0.013065 0.490121 -0.031164
v 0.000158 0.487085 -0.030609
v -0.002534 0.478454 -0.021433
v -0.008189 0.504100 -0.035244
v -0.021112 0.507422 -0.032711
v -0.031352 0.512596 -0.024853
v -0.033747 0.502391 -0.022415
v -0.025905 0.487300 -0.002225
v -0.022366 0.480352 -0.004543
v -0.014827 0.478036 -0.012338
v -0.004828 0.475505 -0.015038
v -0.030379 0.506328 0.016639
v -0.028632 0.497876 0.029111
v -0.035850 0.507739 0.015288
v -0.030430 0.510118 0.023661
v -0.028632 0.497876 0.029111
v -0.030379 0.506328 0.016639
v -0.035850 0.507739 0.015288
v -0.028973 0.493239 0.021904
v -0.030379 0.506328 0.016639
v -0.030379 0.506328 0.016639
v -0.028973 0.493239 0.021904
v -0.030758 0.498059 0.007219
v -0.013996 0.541662 0.021689
v -0.022143 0.531225 0.023871
v -0.016524 0.532446 0.028616
v -0.023067 0.520339 0.026813
v -0.029669 0.517358 0.021935
v -0.017716 0.521372 0.030228
v -0.010227 0.546637 0.010105
v 0.001659 0.546192 0.014875
v -0.000947 0.540908 0.026618
v -0.013996 0.541662 0.021689
v -0.009386 0.532210 0.031798
v -0.016524 0.532446 0.028616
v -0.012468 0.520321 0.032720
v -0.017716 0.521372 0.030228
v -0.008353 0.518646 0.034226
v -0.003298 0.532035 0.033389
v -0.005660 0.517546 0.035001
v 0.000158 0.487085 -0.030609
v -0.013065 0.490121 -0.031164
v -0.008189 0.504100 -0.035244
v 0.002964 0.502144 -0.034530
v -0.034156 0.503708 0.009794
v -0.036778 0.503721 0.006798
v -0.037791 0.502157 0.005562
v -0.038434 0.498023 0.003956
v -0.033346 0.493043 0.007484
v -0.034777 0.487935 0.006779
v -0.030416 0.490567 0.010159
v -0.030314 0.483406 0.011004
v -0.031074 0.498357 0.013340
v -0.029166 0.491863 0.014008
v -0.028645 0.488668 0.014123
v -0.028391 0.485527 0.014003
v -0.028086 0.481999 0.013268
v -0.027487 0.482551 0.009558
v -0.028665 0.482890 0.008561
v -0.038434 0.498023 0.003956
v -0.037791 0.502157 0.005562
v -0.035503 0.501876 0.003807
v -0.036401 0.497700 0.002202
v -0.036778 0.503721 0.006798
v -0.034850 0.503436 0.004965
v -0.033065 0.487694 0.005017
v -0.034777 0.487935 0.006779
v -0.030314 0.483406 0.011004
v -0.028665 0.482890 0.008561
v -0.034156 0.503708 0.009794
v -0.032565 0.503483 0.007876
v -0.031074 0.498357 0.013340
v -0.035503 0.501876 0.003807
v -0.031840 0.498316 0.008324
v -0.036401 0.497700 0.002202
v -0.033065 0.487694 0.005017
v -0.032565 0.503483 0.007876
v -0.034850 0.503436 0.004965
v -0.028665 0.482890 0.008561
v -0.027487 0.482551 0.009558
v -0.021489 0.447651 -0.027839
v -0.036362 0.451589 -0.011210
v -0.028377 0.464660 -0.013104
v -0.015850 0.462236 -0.022752
v -0.036755 0.464026 0.006949
v -0.030552 0.469168 -0.002597
v -0.006602 0.474161 -0.016734
v -0.017634 0.475604 -0.014327
v -0.030552 0.469168 -0.002597
v -0.031895 0.462778 0.003914
v -0.032218 0.457293 0.020868
v -0.030316 0.448672 0.030088
v -0.031895 0.462778 0.003914
v -0.028009 0.455957 0.012448
v -0.023797 0.450569 0.016934
v -0.013038 0.444301 0.032317
v -0.023797 0.450569 0.016934
v -0.027953 0.445851 0.036919
v -0.030552 0.469168 -0.002597
v -0.017634 0.475604 -0.014327
v -0.026181 0.476515 -0.002756
v -0.017634 0.475604 -0.014327
v -0.013589 0.483543 -0.010900
v -0.003544 0.480982 -0.012615
v -0.006602 0.474161 -0.016734
v -0.017634 0.475604 -0.014327
v -0.022761 0.488203 -0.005266
v -0.026181 0.476515 -0.002756
v -0.026181 0.476515 -0.002756
v -0.025685 0.493850 0.002414
v -0.027009 0.476963 0.000773
v -0.028963 0.471624 0.000983
v -0.025232 0.477062 0.003365
v -0.025878 0.471263 0.004448
v -0.026950 0.477274 0.006137
v -0.027222 0.477248 0.008897
v -0.024902 0.481671 0.008524
v -0.030758 0.498059 0.007219
v -0.024728 0.478849 0.010149
v -0.024961 0.476925 0.010659
v -0.022532 0.470582 0.012230
v -0.024961 0.476925 0.010659
v -0.025730 0.470961 0.012127
v -0.023021 0.463600 0.015618
v -0.027222 0.477248 0.008897
v -0.027515 0.471236 0.009612
v -0.027102 0.471341 0.006514
v -0.026950 0.477274 0.006137
v -0.025878 0.471263 0.004448
v -0.017215 0.470359 0.016034
v -0.022532 0.470582 0.012230
v -0.019264 0.464767 0.014044
v -0.011823 0.453947 0.017233
v -0.023021 0.463600 0.015618
v -0.011823 0.453947 0.017233
v -0.003043 0.455002 0.016859
v -0.012098 0.468233 0.018479
v -0.010479 0.467560 0.019252
v -0.013038 0.444301 0.032317
v -0.003266 0.442639 0.027921
v -0.023797 0.450569 0.016934
v 0.004700 0.440452 0.026337
v 0.007500 0.437419 0.025362
v 0.005523 0.442038 0.021603
v 0.001202 0.443793 0.025624
v -0.011823 0.453947 0.017233
v -0.003043 0.455002 0.016859
v -0.028009 0.455957 0.012448
v -0.023797 0.450569 0.016934
v -0.024904 0.463062 0.008819
v -0.031895 0.462778 0.003914
v -0.025878 0.471263 0.004448
v -0.027102 0.471341 0.006514
v -0.027515 0.471236 0.009612
v -0.025320 0.463324 0.012905
v -0.025730 0.470961 0.012127
v -0.023021 0.463600 0.015618
v -0.031895 0.462778 0.003914
v -0.028963 0.471624 0.000983
v -0.030552 0.469168 -0.002597
v -0.025878 0.471263 0.004448
v -0.026181 0.476515 -0.002756
v -0.023021 0.463600 0.015618
v -0.017598 0.454184 0.020146
v -0.011823 0.453947 0.017233
v -0.023797 0.450569 0.016934
v -0.003266 0.442639 0.027921
v 0.001202 0.443793 0.025624
v 0.004700 0.440452 0.026337
v 0.001202 0.443793 0.025624
v 0.009356 0.431625 0.028875
v 0.008661 0.436510 0.027541
v 0.006401 0.440623 0.030273
v 0.007212 0.434759 0.032550
v 0.007500 0.437419 0.025362
v 0.004700 0.440452 0.026337
v 0.007212 0.434759 0.032550
v 0.011249 0.430822 0.038659
v 0.012500 0.428572 0.034666
v -0.000568 0.437872 0.036006
v -0.000576 0.432961 0.043103
v 0.007212 0.434759 0.032550
v -0.010533 0.440465 0.038955
v -0.011937 0.437377 0.043649
v -0.000568 0.437872 0.036006
v -0.018240 0.441012 0.041106
v -0.010533 0.440465 0.038955
v -0.010533 0.440465 0.038955
v -0.011017 0.443676 0.036120
v -0.027953 0.445851 0.036919
v -0.013038 0.444301 0.032317
v 0.006401 0.440623 0.030273
v -0.001411 0.442801 0.032906
v -0.000568 0.437872 0.036006
v 0.007212 0.434759 0.032550
v 0.004700 0.440452 0.026337
v -0.003266 0.442639 0.027921
v -0.011017 0.443676 0.036120
v -0.001411 0.442801 0.032906
v -0.013038 0.444301 0.032317
v -0.010533 0.440465 0.038955
v -0.000568 0.437872 0.036006
v -0.009646 0.493648 0.038239
v -0.009451 0.495485 0.038700
v -0.010621 0.495652 0.038439
v -0.010583 0.493547 0.038069
v -0.009770 0.492165 0.037648
v -0.010602 0.491962 0.037403
v -0.008259 0.495307 0.038808
v -0.008769 0.493282 0.038352
v -0.008993 0.491728 0.037655
v -0.010602 0.491962 0.037403
v -0.010190 0.489636 0.037975
v -0.010901 0.489740 0.037864
v -0.008993 0.491728 0.037655
v -0.010190 0.489636 0.037975
v -0.009478 0.489532 0.038086
v -0.010621 0.495652 0.038439
v -0.009451 0.495485 0.038700
v -0.008846 0.499721 0.038776
v -0.011159 0.500135 0.038367
v -0.012086 0.494973 0.038813
v -0.013938 0.499162 0.038350
v -0.008259 0.495307 0.038808
v -0.006497 0.499456 0.039095
v -0.007223 0.494264 0.039572
v -0.004227 0.497747 0.039868
v -0.010672 0.487469 0.039045
v -0.010190 0.489636 0.037975
v -0.010901 0.489740 0.037864
v -0.011384 0.487565 0.038741
v -0.011162 0.485581 0.040420
v -0.011862 0.485492 0.040068
v -0.030758 0.498059 0.007219
v -0.024728 0.478849 0.010149
v -0.026458 0.478985 0.010216
v -0.027487 0.482551 0.009558
v -0.024549 0.475801 0.011463
v -0.017215 0.470359 0.016034
v -0.031840 0.498316 0.008324
v -0.032565 0.503483 0.007876
v -0.028086 0.481999 0.013268
v -0.026989 0.479192 0.013497
v -0.027193 0.479996 0.016529
v -0.024973 0.475692 0.014043
v -0.026989 0.479192 0.013497
v -0.025216 0.475640 0.017118
v -0.027193 0.479996 0.016529
v -0.025147 0.475552 0.020769
v -0.026898 0.479080 0.020847
v -0.025007 0.475629 0.024566
v -0.026669 0.478704 0.024680
v -0.027790 0.484078 0.017857
v -0.027582 0.482599 0.021610
v -0.027507 0.485740 0.022980
v -0.027800 0.488461 0.019640
v -0.026898 0.479080 0.020847
v -0.028391 0.485527 0.014003
v -0.028645 0.488668 0.014123
v -0.028743 0.492959 0.019158
v -0.029166 0.491863 0.014008
v -0.029279 0.497965 0.019704
v -0.031074 0.498357 0.013340
v -0.031768 0.505251 0.011122
v -0.032565 0.503483 0.007876
v -0.030379 0.506328 0.016639
v -0.029742 0.503004 0.022262
v -0.030430 0.510118 0.023661
v -0.028758 0.506435 0.026334
v -0.029279 0.497965 0.019704
v -0.024168 0.516650 0.027050
v -0.029669 0.517358 0.021935
v -0.025181 0.511752 0.028208
v -0.025755 0.508207 0.029909
v -0.028758 0.506435 0.026334
v -0.027858 0.503382 0.028670
v -0.025416 0.504765 0.031552
v -0.028428 0.500650 0.025591
v -0.029742 0.503004 0.022262
v -0.024168 0.516650 0.027050
v -0.023067 0.520339 0.026813
v -0.017716 0.521372 0.030228
v -0.019480 0.516374 0.031309
v -0.025181 0.511752 0.028208
v -0.020500 0.511393 0.032288
v -0.019480 0.516374 0.031309
v -0.025755 0.508207 0.029909
v -0.021330 0.506565 0.033773
v -0.020500 0.511393 0.032288
v -0.010299 0.514859 0.035817
v -0.006488 0.513930 0.036928
v -0.005660 0.517546 0.035001
v -0.008388 0.518668 0.034473
v -0.014507 0.515651 0.034153
v -0.012468 0.520321 0.032720
v -0.019480 0.516374 0.031309
v -0.017716 0.521372 0.030228
v -0.022126 0.472433 0.021103
v -0.025147 0.475552 0.020769
v -0.025216 0.475640 0.017118
v -0.021630 0.472492 0.017619
v -0.024973 0.475692 0.014043
v -0.017215 0.470359 0.016034
v -0.025007 0.475629 0.024566
v -0.022376 0.472734 0.024995
v -0.018702 0.469843 0.021665
v -0.019464 0.469998 0.025705
v -0.017002 0.467692 0.026564
v -0.016098 0.468170 0.022030
v -0.013368 0.466969 0.022455
v -0.014570 0.465778 0.027751
v -0.015129 0.468756 0.018664
v -0.012317 0.468035 0.019155
v -0.012098 0.468233 0.018479
v -0.010546 0.467468 0.019600
v -0.010479 0.467560 0.019252
v -0.019464 0.469998 0.025705
v -0.018702 0.469843 0.021665
v -0.017782 0.469810 0.018256
v -0.022126 0.472433 0.021103
v -0.021630 0.472492 0.017619
v -0.011598 0.480246 0.038237
v -0.011588 0.480822 0.038708
v -0.012634 0.481299 0.038280
v -0.012708 0.480643 0.037764
v -0.012834 0.479882 0.037690
v -0.013923 0.480275 0.036892
v -0.013780 0.481392 0.036990
v -0.011684 0.479642 0.038222
v -0.011598 0.480246 0.038237
v -0.010408 0.479528 0.038068
v -0.010333 0.480298 0.038136
v -0.010372 0.480970 0.038634
v -0.011588 0.480822 0.038708
v -0.009066 0.479567 0.037651
v -0.008915 0.480683 0.037750
v -0.013131 0.482604 0.039581
v -0.013376 0.482081 0.037763
v -0.012634 0.481299 0.038280
v -0.012569 0.482008 0.040049
v -0.012571 0.482823 0.041940
v -0.012569 0.482008 0.040049
v -0.011751 0.481701 0.040568
v -0.011588 0.480822 0.038708
v -0.012634 0.481299 0.038280
v -0.011917 0.482795 0.042649
v -0.014382 0.492066 0.037061
v -0.013318 0.493428 0.038141
v -0.015785 0.495945 0.037654
v -0.016803 0.494613 0.036668
v -0.017222 0.493679 0.035114
v -0.014673 0.491145 0.035892
v -0.015003 0.466141 0.030678
v -0.014570 0.465778 0.027751
v -0.012254 0.464978 0.028198
v -0.012725 0.465299 0.031512
v -0.012670 0.466951 0.032702
v -0.014475 0.467551 0.032062
v -0.014475 0.467551 0.032062
v -0.017198 0.468087 0.029605
v -0.016601 0.469357 0.031418
v -0.018798 0.471639 0.030862
v -0.019576 0.470509 0.028717
v -0.014570 0.465778 0.027751
v -0.011168 0.466618 0.022780
v -0.013368 0.466969 0.022455
v -0.010546 0.467468 0.019600
v -0.012317 0.468035 0.019155
v -0.017198 0.468087 0.029605
v -0.014570 0.465778 0.027751
v -0.017002 0.467692 0.026564
v -0.019576 0.470509 0.028717
v -0.019464 0.469998 0.025705
v -0.025007 0.475629 0.024566
v -0.022376 0.472734 0.024995
v -0.022006 0.473184 0.028181
v -0.024273 0.475925 0.027984
v -0.022651 0.476447 0.030693
v -0.020942 0.474009 0.030648
v -0.024138 0.483579 0.031478
v -0.023953 0.485765 0.031567
v -0.025831 0.486073 0.029546
v -0.026040 0.483792 0.029046
v -0.021496 0.483704 0.033099
v -0.021403 0.485755 0.033144
v -0.026705 0.486721 0.027336
v -0.026989 0.484340 0.026181
v -0.021433 0.481508 0.032994
v -0.024140 0.481317 0.031298
v -0.021203 0.479292 0.032803
v -0.023763 0.478877 0.030979
v -0.022651 0.476447 0.030693
v -0.020474 0.477240 0.032630
v -0.028272 0.493907 0.023347
v -0.028743 0.492959 0.019158
v -0.027800 0.488461 0.019640
v -0.027779 0.490922 0.023761
v -0.027593 0.494222 0.026427
v -0.027300 0.492052 0.026661
v -0.026693 0.490018 0.027606
v -0.027190 0.488114 0.025178
v -0.027507 0.485740 0.022980
v -0.027779 0.490922 0.023761
v -0.027190 0.488114 0.025178
v -0.026989 0.484340 0.026181
v -0.026705 0.486721 0.027336
v -0.027582 0.482599 0.021610
v -0.027205 0.481714 0.025188
v -0.026669 0.478704 0.024680
v -0.026898 0.479080 0.020847
v -0.026137 0.481301 0.028610
v -0.026040 0.483792 0.029046
v -0.024138 0.483579 0.031478
v -0.024140 0.481317 0.031298
v -0.023763 0.478877 0.030979
v -0.025690 0.478693 0.028184
v -0.026451 0.494156 0.028395
v -0.027593 0.494222 0.026427
v -0.027300 0.492052 0.026661
v -0.026227 0.492282 0.028725
v -0.026693 0.490018 0.027606
v -0.026021 0.491134 0.029022
v -0.023681 0.488316 0.031449
v -0.023489 0.490237 0.031458
v -0.025660 0.490243 0.029446
v -0.025401 0.488494 0.029793
v -0.021317 0.488079 0.033095
v -0.020907 0.490117 0.033305
v -0.026119 0.488920 0.028761
v -0.026693 0.490018 0.027606
v -0.026021 0.491134 0.029022
v -0.018137 0.489664 0.034451
v -0.021317 0.488079 0.033095
v -0.018380 0.487874 0.034349
v -0.015427 0.489017 0.035314
v -0.015848 0.487836 0.035297
v -0.013318 0.493428 0.038141
v -0.012704 0.491584 0.036837
v -0.011718 0.492749 0.038054
v -0.012086 0.494973 0.038813
v -0.012704 0.491584 0.036837
v -0.013318 0.493428 0.038141
v -0.014382 0.492066 0.037061
v -0.013576 0.491003 0.035891
v -0.011718 0.492749 0.038054
v -0.010583 0.493547 0.038069
v -0.010621 0.495652 0.038439
v -0.012086 0.494973 0.038813
v -0.015782 0.510433 0.035286
v -0.020500 0.511393 0.032288
v -0.021330 0.506565 0.033773
v -0.017003 0.503567 0.036315
v -0.012086 0.494973 0.038813
v -0.013938 0.499162 0.038350
v -0.015785 0.495945 0.037654
v -0.013318 0.493428 0.038141
v -0.013773 0.470284 0.033271
v -0.013365 0.472320 0.034185
v -0.014931 0.473143 0.033834
v -0.015660 0.471351 0.032757
v -0.016442 0.474855 0.033743
v -0.017594 0.473195 0.032477
v -0.017565 0.476541 0.033822
v -0.019274 0.475262 0.032462
v -0.018222 0.478143 0.033947
v -0.020474 0.477240 0.032630
v -0.016144 0.477533 0.034821
v -0.016450 0.478824 0.034958
v -0.018222 0.478143 0.033947
v -0.017565 0.476541 0.033822
v -0.015498 0.476234 0.034798
v -0.016442 0.474855 0.033743
v -0.014438 0.474911 0.034864
v -0.014931 0.473143 0.033834
v -0.013221 0.474378 0.035154
v -0.014438 0.474911 0.034864
v -0.014931 0.473143 0.033834
v -0.013365 0.472320 0.034185
v -0.012066 0.474186 0.035584
v -0.012198 0.472136 0.034517
v -0.010983 0.471973 0.034557
v -0.010831 0.474030 0.035527
v -0.009220 0.472310 0.034727
v -0.009483 0.474189 0.035639
v -0.021403 0.485755 0.033144
v -0.021496 0.483704 0.033099
v -0.018632 0.483836 0.034256
v -0.018601 0.485877 0.034307
v -0.016321 0.484156 0.035231
v -0.016127 0.486105 0.035245
v -0.018380 0.487874 0.034349
v -0.021317 0.488079 0.033095
v -0.015848 0.487836 0.035297
v -0.014026 0.488341 0.035839
v -0.014362 0.489297 0.035630
v -0.015427 0.489017 0.035314
v -0.015848 0.487836 0.035297
v -0.014104 0.486541 0.036002
v -0.016127 0.486105 0.035245
v -0.014478 0.484452 0.036080
v -0.016321 0.484156 0.035231
v -0.013835 0.489928 0.035698
v -0.012704 0.489169 0.036357
v -0.014622 0.482383 0.036240
v -0.013709 0.483179 0.037262
v -0.013301 0.484856 0.036963
v -0.012041 0.487419 0.037676
v -0.011755 0.489724 0.037122
v -0.012704 0.489169 0.036357
v -0.012888 0.487170 0.036638
v -0.011384 0.487565 0.038741
v -0.010901 0.489740 0.037864
v -0.012566 0.485188 0.038512
v -0.013301 0.484856 0.036963
v -0.011862 0.485492 0.040068
v -0.011755 0.489724 0.037122
v -0.011547 0.491397 0.037017
v -0.010901 0.489740 0.037864
v -0.010602 0.491962 0.037403
v -0.012562 0.490553 0.036414
v -0.013087 0.483508 0.039253
v -0.012522 0.483652 0.041882
v -0.011862 0.485492 0.040068
v -0.012566 0.485188 0.038512
v -0.013301 0.484856 0.036963
v -0.013709 0.483179 0.037262
v -0.011790 0.483593 0.042588
v -0.012571 0.482823 0.041940
v -0.011917 0.482795 0.042649
v -0.011162 0.485581 0.040420
v -0.011862 0.485492 0.040068
v -0.013131 0.482604 0.039581
v -0.013087 0.483508 0.039253
v -0.013709 0.483179 0.037262
v -0.013376 0.482081 0.037763
v -0.013206 0.475843 0.035998
v -0.013221 0.474378 0.035154
v -0.012066 0.474186 0.035584
v -0.011987 0.475640 0.036432
v -0.010688 0.475476 0.036391
v -0.011987 0.475640 0.036432
v -0.010831 0.474030 0.035527
v -0.015498 0.476234 0.034798
v -0.014851 0.477068 0.035668
v -0.015058 0.478092 0.035682
v -0.016144 0.477533 0.034821
v -0.013012 0.478218 0.037072
v -0.013158 0.477121 0.036875
v -0.011952 0.476994 0.037473
v -0.011802 0.478145 0.037585
v -0.014125 0.478203 0.036389
v -0.014177 0.477229 0.036234
v -0.014851 0.477068 0.035668
v -0.015058 0.478092 0.035682
v -0.014261 0.476271 0.035695
v -0.013206 0.475843 0.035998
v -0.011987 0.475640 0.036432
v -0.014261 0.476271 0.035695
v -0.010525 0.477856 0.037460
v -0.011802 0.478145 0.037585
v -0.010638 0.476754 0.037269
v -0.009308 0.477501 0.037141
v -0.009486 0.476545 0.036967
v -0.008747 0.476178 0.036623
v -0.008277 0.477105 0.036742
v -0.009515 0.475580 0.036437
v -0.010688 0.475476 0.036391
v -0.011987 0.475640 0.036432
v -0.009515 0.475580 0.036437
v -0.025308 0.502337 0.031837
v -0.025416 0.504765 0.031552
v -0.027858 0.503382 0.028670
v -0.026751 0.501197 0.029895
v -0.025624 0.499563 0.030249
v -0.025088 0.500511 0.031261
v -0.028428 0.500650 0.025591
v -0.026751 0.501197 0.029895
v -0.027380 0.499247 0.027757
v -0.025624 0.499563 0.030249
v -0.026185 0.498213 0.029071
v -0.027691 0.496829 0.026609
v -0.027380 0.499247 0.027757
v -0.028428 0.500650 0.025591
v -0.028603 0.497436 0.023834
v -0.027593 0.494222 0.026427
v -0.028272 0.493907 0.023347
v -0.028743 0.492959 0.019158
v -0.029279 0.497965 0.019704
v -0.022749 0.500436 0.033770
v -0.025308 0.502337 0.031837
v -0.025088 0.500511 0.031261
v -0.022883 0.498684 0.032889
v -0.019577 0.497621 0.035592
v -0.018877 0.499359 0.036165
v -0.022188 0.502769 0.034073
v -0.019654 0.495984 0.034456
v -0.025416 0.504765 0.031552
v -0.013773 0.470284 0.033271
v -0.015660 0.471351 0.032757
v -0.016601 0.469357 0.031418
v -0.014475 0.467551 0.032062
v -0.017594 0.473195 0.032477
v -0.018798 0.471639 0.030862
v -0.020942 0.474009 0.030648
v -0.022006 0.473184 0.028181
v -0.019576 0.470509 0.028717
v -0.019274 0.475262 0.032462
v -0.020474 0.477240 0.032630
v -0.022651 0.476447 0.030693
v -0.022006 0.473184 0.028181
v -0.022376 0.472734 0.024995
v -0.019464 0.469998 0.025705
v -0.019576 0.470509 0.028717
v -0.013835 0.489928 0.035698
v -0.012562 0.490553 0.036414
v -0.012704 0.491584 0.036837
v -0.013576 0.491003 0.035891
v -0.014673 0.491145 0.035892
v -0.014382 0.492066 0.037061
v -0.015010 0.490086 0.035618
v -0.014362 0.489297 0.035630
v -0.015427 0.489017 0.035314
v -0.012704 0.489169 0.036357
v -0.014026 0.488341 0.035839
v -0.014104 0.486541 0.036002
v -0.012888 0.487170 0.036638
v -0.013301 0.484856 0.036963
v -0.014478 0.484452 0.036080
v -0.011802 0.478145 0.037585
v -0.011760 0.478931 0.038047
v -0.012947 0.479054 0.037483
v -0.013012 0.478218 0.037072
v -0.012834 0.479882 0.037690
v -0.011684 0.479642 0.038222
v -0.010408 0.479528 0.038068
v -0.010473 0.478693 0.037869
v -0.011802 0.478145 0.037585
v -0.010525 0.477856 0.037460
v -0.012670 0.466951 0.032702
v -0.012388 0.469981 0.033725
v -0.013773 0.470284 0.033271
v -0.014475 0.467551 0.032062
v -0.013365 0.472320 0.034185
v -0.012198 0.472136 0.034517
v -0.010983 0.471973 0.034557
v -0.012388 0.469981 0.033725
v -0.010905 0.469865 0.033719
v -0.012670 0.466951 0.032702
v -0.010663 0.466996 0.032658
v -0.016510 0.482206 0.035164
v -0.016321 0.484156 0.035231
v -0.018632 0.483836 0.034256
v -0.018643 0.481834 0.034179
v -0.021496 0.483704 0.033099
v -0.021433 0.481508 0.032994
v -0.018566 0.479911 0.034058
v -0.021203 0.479292 0.032803
v -0.020474 0.477240 0.032630
v -0.018222 0.478143 0.033947
v -0.016549 0.480416 0.035060
v -0.016450 0.478824 0.034958
v -0.016450 0.478824 0.034958
v -0.015138 0.479189 0.035872
v -0.015060 0.480550 0.036010
v -0.016549 0.480416 0.035060
v -0.016510 0.482206 0.035164
v -0.014622 0.482383 0.036240
v -0.013780 0.481392 0.036990
v -0.013923 0.480275 0.036892
v -0.016321 0.484156 0.035231
v -0.014478 0.484452 0.036080
v -0.013376 0.482081 0.037763
v -0.013709 0.483179 0.037262
v -0.012634 0.481299 0.038280
v -0.012708 0.480643 0.037764
v -0.015138 0.479189 0.035872
v -0.014014 0.479157 0.036680
v -0.015058 0.478092 0.035682
v -0.016144 0.477533 0.034821
v -0.015782 0.510433 0.035286
v -0.014507 0.515651 0.034153
v -0.019480 0.516374 0.031309
v -0.020500 0.511393 0.032288
v -0.011229 0.509450 0.037017
v -0.010299 0.514859 0.035817
v -0.006488 0.513930 0.036928
v -0.007419 0.508617 0.037937
v -0.014261 0.476271 0.035695
v -0.014438 0.474911 0.034864
v -0.013221 0.474378 0.035154
v -0.013206 0.475843 0.035998
v -0.014851 0.477068 0.035668
v -0.015498 0.476234 0.034798
v -0.026693 0.490018 0.027606
v -0.027190 0.488114 0.025178
v -0.026705 0.486721 0.027336
v -0.026119 0.488920 0.028761
v -0.025831 0.486073 0.029546
v -0.025401 0.488494 0.029793
v -0.023953 0.485765 0.031567
v -0.023681 0.488316 0.031449
v -0.021317 0.488079 0.033095
v -0.021403 0.485755 0.033144
v -0.021330 0.506565 0.033773
v -0.022188 0.502769 0.034073
v -0.018877 0.499359 0.036165
v -0.017003 0.503567 0.036315
v -0.025416 0.504765 0.031552
v -0.025755 0.508207 0.029909
v -0.013938 0.499162 0.038350
v -0.015785 0.495945 0.037654
v -0.019577 0.497621 0.035592
v -0.016803 0.494613 0.036668
v -0.015785 0.495945 0.037654
v -0.018877 0.499359 0.036165
v -0.019654 0.495984 0.034456
v -0.017222 0.493679 0.035114
v -0.025690 0.478693 0.028184
v -0.026669 0.478704 0.024680
v -0.025007 0.475629 0.024566
v -0.024273 0.475925 0.027984
v -0.023763 0.478877 0.030979
v -0.022651 0.476447 0.030693
v -0.015138 0.479189 0.035872
v -0.015058 0.478092 0.035682
v -0.014125 0.478203 0.036389
v -0.014014 0.479157 0.036680
v -0.013012 0.478218 0.037072
v -0.012947 0.479054 0.037483
v -0.013923 0.480275 0.036892
v -0.012834 0.479882 0.037690
v -0.026185 0.498213 0.029071
v -0.027380 0.499247 0.027757
v -0.027691 0.496829 0.026609
v -0.026471 0.496350 0.028402
v -0.027593 0.494222 0.026427
v -0.026451 0.494156 0.028395
v -0.011718 0.492749 0.038054
v -0.011547 0.491397 0.037017
v -0.010602 0.491962 0.037403
v -0.010583 0.493547 0.038069
v -0.012704 0.491584 0.036837
v -0.012562 0.490553 0.036414
v -0.011603 0.504395 0.037763
v -0.008144 0.504068 0.038337
v -0.007419 0.508617 0.037937
v -0.011229 0.509450 0.037017
v -0.008846 0.499721 0.038776
v -0.011159 0.500135 0.038367
v -0.013938 0.499162 0.038350
v -0.017003 0.503567 0.036315
v -0.015782 0.510433 0.035286
v -0.004724 0.503393 0.038839
v -0.007419 0.508617 0.037937
v -0.003435 0.508315 0.038235
v -0.006497 0.499456 0.039095
v -0.004227 0.497747 0.039868
v 0.000406 0.501031 0.039036
v 0.001513 0.507913 0.037989
v 0.024029 0.495233 0.018888
v 0.028095 0.488333 0.014353
v 0.028179 0.492547 0.015872
v 0.027321 0.494384 0.016816
v 0.021009 0.485126 0.015979
v 0.021102 0.479796 0.015512
v 0.016845 0.483683 0.017545
v 0.014505 0.476877 0.018009
v 0.018666 0.491112 0.021113
v 0.014915 0.485442 0.020897
v 0.013516 0.482528 0.020712
v 0.012444 0.479579 0.020385
v 0.011402 0.476247 0.019440
v 0.012119 0.476783 0.015748
v 0.013586 0.476736 0.015163
v 0.028095 0.488333 0.014353
v 0.026673 0.488512 0.012060
v 0.026537 0.492839 0.013503
v 0.028179 0.492547 0.015872
v 0.027321 0.494384 0.016816
v 0.026030 0.494568 0.014480
v 0.020000 0.479965 0.013310
v 0.021102 0.479796 0.015512
v 0.014505 0.476877 0.018009
v 0.013586 0.476736 0.015163
v 0.024029 0.495233 0.018888
v 0.023088 0.495377 0.016574
v 0.018666 0.491112 0.021113
v 0.026537 0.492839 0.013503
v 0.026673 0.488512 0.012060
v 0.020853 0.490641 0.016560
v 0.020000 0.479965 0.013310
v 0.023088 0.495377 0.016574
v 0.026030 0.494568 0.014480
v 0.013586 0.476736 0.015163
v 0.012119 0.476783 0.015748
v 0.001101 0.451643 -0.031801
v -0.021489 0.447651 -0.027839
v -0.015850 0.462236 -0.022752
v 0.000853 0.463633 -0.023845
v 0.017835 0.463767 -0.022562
v 0.013662 0.465562 -0.009179
v 0.004337 0.473003 -0.013773
v -0.006602 0.474161 -0.016734
v 0.013662 0.465562 -0.009179
v 0.015936 0.458886 -0.003252
v 0.025514 0.457200 -0.009757
v 0.030602 0.448665 -0.001235
v 0.015936 0.458886 -0.003252
v 0.015342 0.453129 0.002660
v 0.012942 0.448170 0.008653
v 0.023889 0.444483 0.012282
v 0.033839 0.446022 0.005387
v 0.012942 0.448170 0.008653
v 0.013662 0.465562 -0.009179
v 0.004337 0.473003 -0.013773
v 0.012305 0.471960 -0.001786
v 0.004337 0.473003 -0.013773
v -0.006602 0.474161 -0.016734
v -0.003544 0.480982 -0.012615
v 0.005826 0.480714 -0.007866
v 0.012305 0.471960 -0.001786
v 0.004337 0.473003 -0.013773
v 0.013811 0.482877 0.000450
v 0.012305 0.471960 -0.001786
v 0.015757 0.487814 0.008891
v 0.013052 0.472222 0.001784
v 0.013670 0.466808 0.000957
v 0.011230 0.472747 0.004285
v 0.010591 0.467143 0.004426
v 0.012819 0.472567 0.007139
v 0.012944 0.472495 0.009910
v 0.009824 0.476613 0.013951
v 0.020123 0.490648 0.015172
v 0.008392 0.474025 0.015326
v 0.010590 0.472718 0.011555
v 0.007196 0.467223 0.012211
v 0.010590 0.472718 0.011555
v 0.010398 0.466880 0.012105
v 0.010610 0.460774 0.011006
v 0.012944 0.472495 0.009910
v 0.012194 0.466750 0.009587
v 0.011807 0.466944 0.006490
v 0.012819 0.472567 0.007139
v 0.010591 0.467143 0.004426
v -0.002589 0.468228 0.018320
v 0.007196 0.467223 0.012211
v 0.005609 0.462457 0.011664
v 0.004047 0.453044 0.013034
v 0.010610 0.460774 0.011006
v 0.004047 0.453044 0.013034
v -0.003043 0.455002 0.016859
v -0.008582 0.467720 0.019028
v -0.010479 0.467560 0.019252
v 0.023889 0.444483 0.012282
v 0.012942 0.448170 0.008653
v 0.015413 0.442675 0.017796
v 0.009743 0.440462 0.023603
v 0.005523 0.442038 0.021603
v 0.007500 0.437419 0.025362
v 0.011045 0.443811 0.020289
v 0.004047 0.453044 0.013034
v -0.003043 0.455002 0.016859
v 0.015342 0.453129 0.002660
v 0.010750 0.460160 0.003478
v 0.012942 0.448170 0.008653
v 0.015936 0.458886 -0.003252
v 0.010591 0.467143 0.004426
v 0.011807 0.466944 0.006490
v 0.012194 0.466750 0.009587
v 0.012330 0.460257 0.007281
v 0.010398 0.466880 0.012105
v 0.010610 0.460774 0.011006
v 0.015936 0.458886 -0.003252
v 0.013662 0.465562 -0.009179
v 0.013670 0.466808 0.000957
v 0.010591 0.467143 0.004426
v 0.012305 0.471960 -0.001786
v 0.010610 0.460774 0.011006
v 0.004047 0.453044 0.013034
v 0.010042 0.452535 0.013179
v 0.012942 0.448170 0.008653
v 0.015413 0.442675 0.017796
v 0.011045 0.443811 0.020289
v 0.011045 0.443811 0.020289
v 0.009743 0.440462 0.023603
v 0.009356 0.431625 0.028875
v 0.013595 0.434771 0.029090
v 0.012113 0.440635 0.027176
v 0.008661 0.436510 0.027541
v 0.007500 0.437419 0.025362
v 0.009743 0.440462 0.023603
v 0.012500 0.428572 0.034666
v 0.016522 0.430832 0.035800
v 0.013595 0.434771 0.029090
v 0.020728 0.437913 0.024463
v 0.026695 0.433014 0.028321
v 0.013595 0.434771 0.029090
v 0.027809 0.440686 0.018234
v 0.020728 0.437913 0.024463
v 0.032875 0.437524 0.019487
v 0.033794 0.441188 0.013287
v 0.027809 0.440686 0.018234
v 0.033839 0.446022 0.005387
v 0.025888 0.443870 0.016120
v 0.023889 0.444483 0.012282
v 0.027809 0.440686 0.018234
v 0.012113 0.440635 0.027176
v 0.013595 0.434771 0.029090
v 0.020728 0.437913 0.024463
v 0.018577 0.442840 0.022071
v 0.009743 0.440462 0.023603
v 0.015413 0.442675 0.017796
v 0.025888 0.443870 0.016120
v 0.023889 0.444483 0.012282
v 0.018577 0.442840 0.022071
v 0.027809 0.440686 0.018234
v 0.020728 0.437913 0.024463
v -0.010672 0.487469 0.039045
v -0.009906 0.487349 0.038972
v -0.009478 0.489532 0.038086
v -0.010190 0.489636 0.037975
v -0.011162 0.485581 0.040420
v -0.010443 0.485286 0.040290
v 0.020123 0.490648 0.015172
v 0.012119 0.476783 0.015748
v 0.009990 0.473676 0.015912
v 0.008392 0.474025 0.015326
v 0.006987 0.471208 0.016392
v -0.002589 0.468228 0.018320
v 0.020853 0.490641 0.016560
v 0.023088 0.495377 0.016574
v 0.011402 0.476247 0.019440
v 0.009550 0.473870 0.019208
v 0.009055 0.474716 0.022195
v 0.006573 0.471097 0.018973
v 0.009550 0.473870 0.019208
v 0.005862 0.471113 0.021974
v 0.009055 0.474716 0.022195
v 0.004681 0.471208 0.025431
v 0.007239 0.474107 0.026182
v 0.003441 0.471486 0.029012
v 0.005779 0.473978 0.029752
v 0.010339 0.478524 0.023817
v 0.008615 0.477326 0.027267
v 0.009013 0.480420 0.028688
v 0.011037 0.482804 0.025710
v 0.007239 0.474107 0.026182
v 0.012444 0.479579 0.020385
v 0.013516 0.482528 0.020712
v 0.013296 0.486836 0.025727
v 0.014915 0.485442 0.020897
v 0.015015 0.491513 0.026626
v 0.018666 0.491112 0.021113
v 0.016077 0.496329 0.029423
v 0.015015 0.491513 0.026626
v 0.019265 0.499097 0.024398
v 0.021883 0.497437 0.019506
v 0.023088 0.495377 0.016574
v 0.018269 0.503025 0.031272
v 0.014918 0.500072 0.033160
v 0.013361 0.511184 0.032915
v 0.012574 0.506253 0.034108
v 0.020108 0.510107 0.029715
v 0.011601 0.502765 0.035747
v 0.014918 0.500072 0.033160
v 0.012546 0.497496 0.034985
v 0.009842 0.499630 0.037062
v 0.013227 0.494583 0.032101
v 0.016077 0.496329 0.029423
v 0.013454 0.515020 0.032520
v 0.013361 0.511184 0.032915
v 0.007837 0.517650 0.034221
v 0.007731 0.512411 0.035561
v 0.007731 0.512411 0.035561
v 0.006982 0.507390 0.036584
v 0.012574 0.506253 0.034108
v 0.006982 0.507390 0.036584
v 0.005951 0.502592 0.038037
v 0.011601 0.502765 0.035747
v -0.002418 0.513711 0.037049
v -0.002699 0.517840 0.035362
v -0.005660 0.517546 0.035001
v -0.006488 0.513930 0.036928
v 0.002141 0.513226 0.036754
v 0.002009 0.518211 0.034983
v 0.007731 0.512411 0.035561
v 0.007837 0.517650 0.034221
v 0.000955 0.469071 0.024710
v 0.001562 0.469114 0.021243
v 0.005862 0.471113 0.021974
v 0.004681 0.471208 0.025431
v 0.006573 0.471097 0.018973
v -0.002589 0.468228 0.018320
v 0.003441 0.471486 0.029012
v 0.000105 0.469460 0.028507
v -0.003059 0.467564 0.024110
v -0.003528 0.467678 0.028195
v -0.006674 0.466188 0.028178
v -0.009782 0.465081 0.028500
v -0.008964 0.466327 0.023142
v -0.006011 0.466701 0.023607
v -0.005726 0.467387 0.020133
v -0.008640 0.467499 0.019730
v -0.008582 0.467720 0.019028
v -0.010546 0.467468 0.019600
v -0.010479 0.467560 0.019252
v -0.003528 0.467678 0.028195
v -0.003059 0.467564 0.024110
v -0.002889 0.467640 0.020584
v 0.000955 0.469071 0.024710
v 0.001562 0.469114 0.021243
v -0.009944 0.482140 0.040080
v -0.010762 0.481745 0.040331
v -0.010372 0.480970 0.038634
v -0.009322 0.481491 0.038396
v -0.011099 0.482608 0.042169
v -0.011917 0.482795 0.042649
v -0.011751 0.481701 0.040568
v -0.010762 0.481745 0.040331
v -0.011588 0.480822 0.038708
v -0.010372 0.480970 0.038634
v -0.005413 0.490760 0.038463
v -0.002377 0.492512 0.038923
v -0.003228 0.494116 0.039617
v -0.006328 0.492411 0.039233
v -0.001789 0.491431 0.037527
v -0.005055 0.489743 0.037395
v -0.010161 0.465436 0.031435
v -0.012725 0.465299 0.031512
v -0.012254 0.464978 0.028198
v -0.009782 0.465081 0.028500
v -0.012670 0.466951 0.032702
v -0.010663 0.466996 0.032658
v -0.010663 0.466996 0.032658
v -0.007295 0.466644 0.031153
v -0.008026 0.468109 0.032758
v -0.005221 0.469661 0.032985
v -0.004183 0.468267 0.031122
v -0.009782 0.465081 0.028500
v -0.011168 0.466618 0.022780
v -0.008964 0.466327 0.023142
v -0.010546 0.467468 0.019600
v -0.008640 0.467499 0.019730
v -0.007295 0.466644 0.031153
v -0.009782 0.465081 0.028500
v -0.006674 0.466188 0.028178
v -0.004183 0.468267 0.031122
v -0.003528 0.467678 0.028195
v 0.003441 0.471486 0.029012
v 0.001831 0.472123 0.032064
v -0.001061 0.470133 0.031454
v 0.000105 0.469460 0.028507
v -0.000313 0.473193 0.034184
v -0.002539 0.471329 0.033524
v 0.002797 0.479657 0.035688
v 0.005317 0.479225 0.033946
v 0.005614 0.481493 0.034460
v 0.003209 0.481808 0.035812
v -0.000064 0.480583 0.036448
v 0.000407 0.482578 0.036553
v 0.007253 0.481775 0.032642
v 0.007193 0.479361 0.031523
v -0.000704 0.478488 0.036234
v 0.002221 0.477477 0.035418
v -0.001474 0.476418 0.035886
v 0.001292 0.475228 0.034895
v -0.000313 0.473193 0.034184
v -0.002659 0.474646 0.035414
v 0.011877 0.488059 0.029623
v 0.010472 0.485350 0.029739
v 0.011037 0.482804 0.025710
v 0.013296 0.486836 0.025727
v 0.010424 0.488685 0.032369
v 0.009482 0.486695 0.032410
v 0.008080 0.484953 0.033040
v 0.008728 0.482883 0.030791
v 0.009013 0.480420 0.028688
v 0.010472 0.485350 0.029739
v 0.008728 0.482883 0.030791
v 0.007193 0.479361 0.031523
v 0.007253 0.481775 0.032642
v 0.008615 0.477326 0.027267
v 0.006956 0.476738 0.030527
v 0.005779 0.473978 0.029752
v 0.007239 0.474107 0.026182
v 0.004843 0.476788 0.033452
v 0.005317 0.479225 0.033946
v 0.002797 0.479657 0.035688
v 0.002221 0.477477 0.035418
v 0.001292 0.475228 0.034895
v 0.003836 0.474392 0.032798
v 0.008776 0.489024 0.033900
v 0.007950 0.487304 0.034066
v 0.009482 0.486695 0.032410
v 0.010424 0.488685 0.032369
v 0.008080 0.484953 0.033040
v 0.007354 0.486273 0.034239
v 0.003707 0.484327 0.035729
v 0.005822 0.483946 0.034673
v 0.006649 0.485537 0.034495
v 0.004064 0.486225 0.035763
v 0.000992 0.484830 0.036581
v 0.001123 0.486908 0.036748
v 0.006904 0.484110 0.033922
v 0.008080 0.484953 0.033040
v 0.007354 0.486273 0.034239
v -0.001874 0.487295 0.036992
v 0.000992 0.484830 0.036581
v -0.002121 0.485506 0.036889
v -0.004787 0.487467 0.036977
v -0.004727 0.486215 0.037036
v -0.006328 0.492411 0.039233
v -0.007223 0.494264 0.039572
v -0.007951 0.492201 0.038643
v -0.007011 0.490755 0.037726
v -0.007011 0.490755 0.037726
v -0.006096 0.489913 0.037060
v -0.005413 0.490760 0.038463
v -0.006328 0.492411 0.039233
v -0.007951 0.492201 0.038643
v -0.007223 0.494264 0.039572
v -0.008259 0.495307 0.038808
v -0.008769 0.493282 0.038352
v 0.001513 0.507913 0.037989
v 0.000406 0.501031 0.039036
v 0.005951 0.502592 0.038037
v 0.006982 0.507390 0.036584
v -0.007223 0.494264 0.039572
v -0.006328 0.492411 0.039233
v -0.003228 0.494116 0.039617
v -0.004227 0.497747 0.039868
v -0.010905 0.469865 0.033719
v -0.008730 0.470342 0.033840
v -0.009220 0.472310 0.034727
v -0.010983 0.471973 0.034557
v -0.007336 0.473528 0.035165
v -0.006369 0.471560 0.034231
v -0.005864 0.474837 0.035650
v -0.004255 0.473075 0.034810
v -0.004856 0.476197 0.036036
v -0.002659 0.474646 0.035414
v -0.007185 0.476228 0.036221
v -0.005864 0.474837 0.035650
v -0.004856 0.476197 0.036036
v -0.006586 0.477387 0.036499
v -0.008128 0.475161 0.035949
v -0.007336 0.473528 0.035165
v -0.009483 0.474189 0.035639
v -0.009220 0.472310 0.034727
v 0.000407 0.482578 0.036553
v -0.002463 0.483526 0.036829
v -0.002988 0.481557 0.036702
v -0.000064 0.480583 0.036448
v -0.005301 0.482551 0.036954
v -0.004937 0.484475 0.036994
v -0.002121 0.485506 0.036889
v 0.000992 0.484830 0.036581
v -0.004727 0.486215 0.037036
v -0.006409 0.487232 0.037028
v -0.004727 0.486215 0.037036
v -0.004787 0.487467 0.036977
v -0.005775 0.488047 0.036972
v -0.006889 0.485490 0.037129
v -0.004937 0.484475 0.036994
v -0.007153 0.483385 0.037225
v -0.005301 0.482551 0.036954
v -0.006099 0.488801 0.036907
v -0.007542 0.488417 0.037164
v -0.008379 0.484139 0.037732
v -0.008563 0.482429 0.038066
v -0.007645 0.481367 0.037330
v -0.009028 0.486980 0.038147
v -0.008014 0.486460 0.037400
v -0.007542 0.488417 0.037164
v -0.008481 0.489248 0.037634
v -0.009906 0.487349 0.038972
v -0.009478 0.489532 0.038086
v -0.009421 0.484730 0.039004
v -0.008379 0.484139 0.037732
v -0.010443 0.485286 0.040290
v -0.007302 0.489787 0.037235
v -0.008174 0.490905 0.037544
v -0.008481 0.489248 0.037634
v -0.009478 0.489532 0.038086
v -0.008993 0.491728 0.037655
v -0.009635 0.483005 0.039793
v -0.009421 0.484730 0.039004
v -0.010443 0.485286 0.040290
v -0.010895 0.483415 0.042136
v -0.008379 0.484139 0.037732
v -0.008563 0.482429 0.038066
v -0.011790 0.483593 0.042588
v -0.011099 0.482608 0.042169
v -0.011917 0.482795 0.042649
v -0.011162 0.485581 0.040420
v -0.010443 0.485286 0.040290
v -0.009944 0.482140 0.040080
v -0.009635 0.483005 0.039793
v -0.008563 0.482429 0.038066
v -0.009322 0.481491 0.038396
v -0.008128 0.475161 0.035949
v -0.007185 0.476228 0.036221
v -0.008277 0.477105 0.036742
v -0.008747 0.476178 0.036623
v 0.008982 0.497343 0.037196
v 0.010562 0.495762 0.035726
v 0.012546 0.497496 0.034985
v 0.009842 0.499630 0.037062
v 0.008973 0.494524 0.035655
v 0.008445 0.495627 0.036502
v 0.013227 0.494583 0.032101
v 0.010562 0.495762 0.035726
v 0.011232 0.493624 0.033792
v 0.008973 0.494524 0.035655
v 0.009460 0.493021 0.034642
v 0.011186 0.491167 0.032685
v 0.013017 0.491373 0.030339
v 0.013227 0.494583 0.032101
v 0.011232 0.493624 0.033792
v 0.010424 0.488685 0.032369
v 0.011877 0.488059 0.029623
v 0.013296 0.486836 0.025727
v 0.015015 0.491513 0.026626
v 0.005540 0.496316 0.038192
v 0.005437 0.494559 0.037314
v 0.008445 0.495627 0.036502
v 0.008982 0.497343 0.037196
v 0.001315 0.494578 0.038857
v 0.000989 0.496464 0.039269
v 0.005587 0.498723 0.038415
v 0.001269 0.492937 0.037726
v 0.009842 0.499630 0.037062
v -0.010905 0.469865 0.033719
v -0.010663 0.466996 0.032658
v -0.008026 0.468109 0.032758
v -0.008730 0.470342 0.033840
v -0.006369 0.471560 0.034231
v -0.005221 0.469661 0.032985
v -0.002539 0.471329 0.033524
v -0.001061 0.470133 0.031454
v -0.004183 0.468267 0.031122
v -0.004255 0.473075 0.034810
v -0.002659 0.474646 0.035414
v -0.000313 0.473193 0.034184
v -0.001061 0.470133 0.031454
v -0.004183 0.468267 0.031122
v -0.003528 0.467678 0.028195
v 0.000105 0.469460 0.028507
v -0.006099 0.488801 0.036907
v -0.006096 0.489913 0.037060
v -0.007011 0.490755 0.037726
v -0.007302 0.489787 0.037235
v -0.005055 0.489743 0.037395
v -0.005413 0.490760 0.038463
v -0.004960 0.488622 0.037189
v -0.005775 0.488047 0.036972
v -0.004787 0.487467 0.036977
v -0.007542 0.488417 0.037164
v -0.008014 0.486460 0.037400
v -0.006889 0.485490 0.037129
v -0.008379 0.484139 0.037732
v -0.007153 0.483385 0.037225
v -0.006409 0.487232 0.037028
v -0.005651 0.480624 0.036861
v -0.003514 0.479629 0.036544
v -0.002988 0.481557 0.036702
v -0.005301 0.482551 0.036954
v -0.000064 0.480583 0.036448
v -0.000704 0.478488 0.036234
v -0.004083 0.477800 0.036322
v -0.001474 0.476418 0.035886
v -0.002659 0.474646 0.035414
v -0.004856 0.476197 0.036036
v -0.006082 0.478892 0.036695
v -0.006586 0.477387 0.036499
v -0.006586 0.477387 0.036499
v -0.006082 0.478892 0.036695
v -0.007688 0.479477 0.037162
v -0.007954 0.478143 0.036994
v -0.005651 0.480624 0.036861
v -0.007645 0.481367 0.037330
v -0.008915 0.480683 0.037750
v -0.009066 0.479567 0.037651
v -0.005301 0.482551 0.036954
v -0.007153 0.483385 0.037225
v -0.009322 0.481491 0.038396
v -0.008563 0.482429 0.038066
v -0.010372 0.480970 0.038634
v -0.010333 0.480298 0.038136
v -0.007954 0.478143 0.036994
v -0.009233 0.478460 0.037427
v -0.008277 0.477105 0.036742
v -0.007185 0.476228 0.036221
v 0.001513 0.507913 0.037989
v 0.006982 0.507390 0.036584
v 0.007731 0.512411 0.035561
v 0.002141 0.513226 0.036754
v -0.003435 0.508315 0.038235
v -0.002418 0.513711 0.037049
v -0.006488 0.513930 0.036928
v -0.007419 0.508617 0.037937
v -0.009515 0.475580 0.036437
v -0.010688 0.475476 0.036391
v -0.010831 0.474030 0.035527
v -0.009483 0.474189 0.035639
v -0.008747 0.476178 0.036623
v -0.008128 0.475161 0.035949
v 0.008080 0.484953 0.033040
v 0.006904 0.484110 0.033922
v 0.007253 0.481775 0.032642
v 0.008728 0.482883 0.030791
v 0.005614 0.481493 0.034460
v 0.005822 0.483946 0.034673
v 0.003209 0.481808 0.035812
v 0.003707 0.484327 0.035729
v 0.000992 0.484830 0.036581
v 0.000407 0.482578 0.036553
v 0.005951 0.502592 0.038037
v 0.000406 0.501031 0.039036
v 0.000989 0.496464 0.039269
v 0.005587 0.498723 0.038415
v 0.009842 0.499630 0.037062
v 0.011601 0.502765 0.035747
v -0.004227 0.497747 0.039868
v -0.003228 0.494116 0.039617
v 0.001315 0.494578 0.038857
v 0.000989 0.496464 0.039269
v -0.003228 0.494116 0.039617
v -0.002377 0.492512 0.038923
v 0.001269 0.492937 0.037726
v -0.001789 0.491431 0.037527
v 0.003836 0.474392 0.032798
v 0.001831 0.472123 0.032064
v 0.003441 0.471486 0.029012
v 0.005779 0.473978 0.029752
v 0.001292 0.475228 0.034895
v -0.000313 0.473193 0.034184
v -0.007954 0.478143 0.036994
v -0.009233 0.478460 0.037427
v -0.009308 0.477501 0.037141
v -0.008277 0.477105 0.036742
v -0.010525 0.477856 0.037460
v -0.010473 0.478693 0.037869
v -0.009066 0.479567 0.037651
v -0.010408 0.479528 0.038068
v 0.009460 0.493021 0.034642
v 0.009403 0.491124 0.034008
v 0.011186 0.491167 0.032685
v 0.011232 0.493624 0.033792
v 0.010424 0.488685 0.032369
v 0.008776 0.489024 0.033900
v -0.007951 0.492201 0.038643
v -0.008769 0.493282 0.038352
v -0.008993 0.491728 0.037655
v -0.008174 0.490905 0.037544
v -0.007011 0.490755 0.037726
v -0.007302 0.489787 0.037235
v -0.015010 0.490086 0.035618
v -0.014673 0.491145 0.035892
v -0.017683 0.492276 0.034858
v -0.017948 0.490975 0.034627
v -0.020800 0.491540 0.033409
v -0.020478 0.492946 0.033750
v -0.017223 0.493679 0.035115
v -0.020066 0.494465 0.034103
v -0.018137 0.489664 0.034451
v -0.020907 0.490116 0.033305
v -0.015427 0.489017 0.035314
v -0.019654 0.495984 0.034456
v -0.025038 0.493786 0.030175
v -0.026451 0.494155 0.028394
v -0.026227 0.492282 0.028725
v -0.025187 0.492160 0.029948
v -0.026021 0.491134 0.029022
v -0.025660 0.490243 0.029446
v -0.026471 0.496350 0.028402
v -0.026451 0.494155 0.028394
v -0.025038 0.493786 0.030175
v -0.024873 0.495886 0.030505
v -0.026185 0.498213 0.029071
v -0.024802 0.497725 0.030833
v -0.022896 0.495294 0.032231
v -0.022741 0.497115 0.032510
v -0.020066 0.494465 0.034103
v -0.023089 0.493481 0.032002
v -0.020478 0.492946 0.033750
v -0.019654 0.495984 0.034456
v -0.020800 0.491540 0.033409
v -0.023089 0.493481 0.032002
v -0.023250 0.491841 0.031762
v -0.025038 0.493786 0.030175
v -0.025187 0.492160 0.029948
v -0.023489 0.490237 0.031458
v -0.020907 0.490116 0.033305
v -0.025660 0.490243 0.029446
v -0.024802 0.497725 0.030833
v -0.025625 0.499562 0.030247
v -0.026185 0.498213 0.029071
v -0.025088 0.500511 0.031261
v -0.022883 0.498684 0.032889
v -0.022741 0.497115 0.032510
v -0.019654 0.495984 0.034456
v -0.004960 0.488622 0.037189
v -0.001735 0.488613 0.037161
v -0.001684 0.489945 0.037359
v -0.005055 0.489743 0.037395
v 0.001389 0.488307 0.036877
v 0.001386 0.489760 0.037168
v -0.001789 0.491431 0.037527
v 0.001327 0.491348 0.037447
v -0.001874 0.487295 0.036992
v 0.001123 0.486908 0.036748
v -0.004787 0.487467 0.036977
v 0.001269 0.492937 0.037726
v 0.006851 0.489142 0.035158
v 0.006602 0.487530 0.034916
v 0.007950 0.487304 0.034066
v 0.008776 0.489024 0.033900
v 0.007354 0.486273 0.034239
v 0.006649 0.485537 0.034495
v 0.009403 0.491124 0.034008
v 0.007186 0.491216 0.035516
v 0.006851 0.489142 0.035158
v 0.008776 0.489024 0.033900
v 0.009460 0.493021 0.034642
v 0.007536 0.493015 0.035887
v 0.004701 0.491274 0.036544
v 0.004983 0.493077 0.036843
v 0.001327 0.491348 0.037447
v 0.004440 0.489471 0.036305
v 0.001386 0.489760 0.037168
v 0.001269 0.492937 0.037726
v 0.001389 0.488307 0.036877
v 0.004440 0.489471 0.036305
v 0.004203 0.487843 0.036052
v 0.006851 0.489142 0.035158
v 0.006602 0.487530 0.034916
v 0.004064 0.486225 0.035763
v 0.001123 0.486908 0.036748
v 0.006649 0.485537 0.034495
v 0.007536 0.493015 0.035887
v 0.009460 0.493021 0.034642
v 0.008973 0.494522 0.035654
v 0.008445 0.495627 0.036502
v 0.005437 0.494559 0.037314
v 0.004983 0.493077 0.036843
v 0.001269 0.492937 0.037726
v 0.109599 0.003157 -0.057994
v 0.115702 0.001335 -0.036344
v 0.094752 0.001607 -0.029892
v 0.078347 0.003516 -0.034022
v 0.097332 0.003216 -0.068348
v 0.066019 0.002945 -0.046704
v 0.079514 0.004158 -0.075696
v 0.044569 0.002864 -0.052083
v 0.060309 0.004360 -0.084435
v 0.041686 0.005778 -0.073230
v -0.126715 0.004723 0.059959
v -0.095209 0.003453 0.064236
v -0.112646 0.002933 0.077514
v -0.089036 0.005516 0.048505
v -0.127995 0.004865 0.043959
v -0.092168 0.005019 0.031095
v -0.123607 0.005962 0.025199
v -0.084056 0.005139 0.010523
v -0.119537 0.006326 0.004498
v -0.099601 0.007990 -0.004113
v -0.061445 0.390871 0.025629
v -0.051669 0.397454 0.047413
v -0.052391 0.399585 0.045930
v -0.062022 0.391834 0.025972
v -0.050891 0.418440 0.058741
v -0.053033 0.420117 0.054784
v -0.065400 0.440865 0.049724
v -0.067050 0.441544 0.045788
v -0.050891 0.418440 0.058741
v -0.072681 0.450728 0.039024
v -0.065400 0.440865 0.049724
v -0.062022 0.391834 0.025972
v -0.074780 0.405627 0.007488
v -0.075013 0.404652 0.004788
v -0.061445 0.390871 0.025629
v -0.080026 0.417538 0.002515
v -0.082523 0.426708 0.002512
v -0.082523 0.426708 0.002512
v -0.079839 0.431216 -0.007299
v -0.082523 0.426708 0.002512
v -0.080647 0.445627 -0.003420
v -0.081401 0.446450 -0.006109
v -0.081832 0.453256 0.000047
v -0.080393 0.457384 0.012555
v -0.081832 0.453256 0.000047
v -0.078596 0.454898 0.011789
v -0.076409 0.454795 0.029081
v -0.072681 0.450728 0.039024
v -0.074528 0.453131 0.028462
v -0.067050 0.441544 0.045788
v -0.067894 0.438574 0.041064
v -0.056015 0.421084 0.049886
v -0.053033 0.420117 0.054784
v -0.055516 0.405068 0.042838
v -0.052391 0.399585 0.045930
v -0.063236 0.398364 0.026821
v -0.062022 0.391834 0.025972
v -0.074125 0.447969 0.026469
v -0.078596 0.454898 0.011789
v -0.076409 0.454795 0.029081
v -0.077386 0.449386 0.013097
v -0.080647 0.445627 -0.003420
v -0.081832 0.453256 0.000047
v -0.079031 0.441952 0.000901
v -0.082523 0.426708 0.002512
v -0.078569 0.424653 0.006233
v -0.076409 0.454795 0.029081
v -0.074528 0.453131 0.028462
v -0.072681 0.450728 0.039024
v -0.062022 0.391834 0.025972
v -0.063236 0.398364 0.026821
v -0.073698 0.410457 0.010124
v -0.074780 0.405627 0.007488
v -0.078569 0.424653 0.006233
v -0.082523 0.426708 0.002512
v 0.046133 0.390600 -0.031703
v 0.046733 0.391565 -0.031981
v 0.057821 0.399307 -0.012788
v 0.058663 0.397176 -0.011377
v 0.067450 0.418178 -0.004248
v 0.065358 0.419856 -0.008223
v 0.068951 0.438483 -0.013028
v 0.067450 0.418178 -0.004248
v 0.067226 0.439046 -0.016995
v 0.066992 0.446852 -0.023059
v 0.068951 0.438483 -0.013028
v 0.046733 0.391565 -0.031981
v 0.046133 0.390600 -0.031703
v 0.036349 0.404405 -0.054497
v 0.038447 0.405383 -0.052787
v 0.037170 0.417310 -0.059827
v 0.040753 0.425516 -0.060279
v 0.040753 0.425516 -0.060279
v 0.036555 0.427857 -0.062553
v 0.041943 0.441593 -0.061486
v 0.043202 0.440853 -0.058967
v 0.046895 0.448372 -0.057760
v 0.040753 0.425516 -0.060279
v 0.054717 0.452676 -0.047970
v 0.052741 0.450349 -0.047133
v 0.046895 0.448372 -0.057760
v 0.063074 0.450530 -0.033089
v 0.066992 0.446852 -0.023059
v 0.067226 0.439046 -0.016995
v 0.061188 0.449029 -0.032141
v 0.064206 0.436024 -0.020726
v 0.062959 0.420829 -0.013424
v 0.065358 0.419856 -0.008223
v 0.056964 0.404798 -0.017067
v 0.057821 0.399307 -0.012788
v 0.048065 0.398102 -0.032465
v 0.046733 0.391565 -0.031981
v 0.059220 0.443909 -0.032974
v 0.052741 0.450349 -0.047133
v 0.063074 0.450530 -0.033089
v 0.052447 0.444969 -0.044997
v 0.043202 0.440853 -0.058967
v 0.046895 0.448372 -0.057760
v 0.044797 0.437354 -0.054486
v 0.040753 0.425516 -0.060279
v 0.041961 0.423256 -0.055166
v 0.063074 0.450530 -0.033089
v 0.066992 0.446852 -0.023059
v 0.061188 0.449029 -0.032141
v 0.046733 0.391565 -0.031981
v 0.038447 0.405383 -0.052787
v 0.040907 0.409754 -0.049743
v 0.048065 0.398102 -0.032465
v 0.041961 0.423256 -0.055166
v 0.040753 0.425516 -0.060279
v 0.057396 0.397054 -0.014529
v 0.056321 0.394193 -0.016781
v 0.069355 0.408949 -0.012487
v 0.071341 0.404255 -0.012423
v 0.057821 0.399307 -0.012788
v 0.069707 0.416313 -0.009915
v 0.046528 0.390423 -0.035215
v 0.057396 0.397054 -0.014529
v 0.046207 0.390881 -0.034229
v 0.046733 0.391565 -0.031981
v 0.057821 0.399307 -0.012788
v 0.056964 0.404798 -0.017067
v 0.048065 0.398102 -0.032465
v 0.039584 0.399958 -0.054886
v 0.046528 0.390423 -0.035215
v 0.046207 0.390881 -0.034229
v 0.038627 0.402897 -0.054589
v 0.038447 0.405383 -0.052787
v 0.046733 0.391565 -0.031981
v 0.048065 0.398102 -0.032465
v 0.040907 0.409754 -0.049743
v 0.038627 0.402897 -0.054589
v 0.044657 0.418013 -0.063441
v 0.045755 0.414252 -0.067113
v 0.038447 0.405383 -0.052787
v 0.042570 0.421457 -0.063029
v 0.040753 0.425516 -0.060279
v 0.040907 0.409754 -0.049743
v 0.041961 0.423256 -0.055166
v 0.044657 0.418013 -0.063441
v 0.060833 0.426142 -0.069858
v 0.056338 0.431964 -0.064715
v 0.042570 0.421457 -0.063029
v 0.049906 0.436547 -0.064774
v 0.040753 0.425516 -0.060279
v 0.077492 0.425527 -0.019715
v 0.076780 0.440505 -0.035641
v 0.068124 0.444134 -0.034833
v 0.073526 0.431619 -0.017917
v 0.067226 0.439046 -0.016995
v 0.061188 0.449028 -0.032141
v 0.059220 0.443909 -0.032974
v 0.064206 0.436024 -0.020726
v 0.077645 0.435797 -0.038225
v 0.070093 0.438919 -0.054439
v 0.068234 0.444160 -0.052834
v 0.076780 0.440505 -0.035641
v 0.084200 0.428521 -0.042343
v 0.076829 0.431552 -0.058805
v 0.068124 0.444134 -0.034833
v 0.076780 0.440505 -0.035641
v 0.068234 0.444160 -0.052834
v 0.060065 0.447360 -0.050424
v 0.052741 0.450349 -0.047133
v 0.061188 0.449028 -0.032141
v 0.052447 0.444969 -0.044997
v 0.059220 0.443909 -0.032974
v 0.068234 0.444160 -0.052834
v 0.043202 0.440853 -0.058967
v 0.060065 0.447360 -0.050424
v 0.049906 0.436547 -0.064774
v 0.040753 0.425516 -0.060279
v 0.052741 0.450349 -0.047133
v 0.041961 0.423256 -0.055166
v 0.044797 0.437354 -0.054486
v 0.052447 0.444969 -0.044997
v 0.060833 0.426142 -0.069858
v 0.056338 0.431964 -0.064715
v 0.070093 0.438919 -0.054439
v 0.076829 0.431552 -0.058805
v 0.049906 0.436547 -0.064774
v 0.068234 0.444160 -0.052834
v 0.077492 0.425527 -0.019715
v 0.069707 0.416313 -0.009915
v 0.069355 0.408949 -0.012487
v 0.084193 0.419246 -0.025251
v 0.071341 0.404255 -0.012423
v 0.077492 0.425527 -0.019715
v 0.073526 0.431619 -0.017917
v 0.069707 0.416313 -0.009915
v 0.067226 0.439046 -0.016995
v 0.065252 0.419859 -0.008254
v 0.064206 0.436024 -0.020726
v 0.062959 0.420829 -0.013424
v 0.057821 0.399307 -0.012788
v 0.069707 0.416313 -0.009915
v 0.065252 0.419859 -0.008254
v 0.062959 0.420829 -0.013424
v 0.056964 0.404798 -0.017067
v 0.076780 0.440505 -0.035641
v 0.077492 0.425527 -0.019715
v 0.077645 0.435797 -0.038225
v 0.084200 0.428521 -0.042343
v 0.084193 0.419246 -0.025251
v -0.054357 0.398057 0.043427
v -0.062598 0.411338 0.051697
v -0.056680 0.396158 0.039631
v -0.063656 0.406628 0.053270
v -0.052391 0.399585 0.045930
v -0.058114 0.417268 0.056191
v -0.065067 0.391802 0.020743
v -0.054357 0.398057 0.043427
v -0.063792 0.391857 0.022839
v -0.062022 0.391834 0.025972
v -0.052391 0.399585 0.045930
v -0.055516 0.405068 0.042838
v -0.063236 0.398364 0.026821
v -0.077032 0.401613 0.003737
v -0.076286 0.404565 0.003209
v -0.063792 0.391857 0.022839
v -0.065067 0.391802 0.020743
v -0.074780 0.405627 0.007488
v -0.062022 0.391834 0.025972
v -0.063236 0.398364 0.026821
v -0.073698 0.410457 0.010124
v -0.090714 0.415802 0.001100
v -0.087221 0.419593 0.002465
v -0.076286 0.404565 0.003209
v -0.074780 0.405627 0.007488
v -0.085731 0.422323 0.003226
v -0.082523 0.426708 0.002512
v -0.073698 0.410457 0.010124
v -0.078569 0.424653 0.006233
v -0.087221 0.419593 0.002465
v -0.102705 0.431490 0.001330
v -0.095605 0.437075 0.001804
v -0.085731 0.422323 0.003226
v -0.090446 0.441726 -0.002877
v -0.082523 0.426708 0.002512
v -0.078724 0.429983 0.048486
v -0.081852 0.448802 0.031249
v -0.088882 0.445369 0.036794
v -0.074668 0.435815 0.047033
v -0.067050 0.441544 0.045788
v -0.074528 0.453131 0.028462
v -0.074125 0.447969 0.026469
v -0.067894 0.438574 0.041064
v -0.091537 0.440794 0.035537
v -0.088882 0.445369 0.036794
v -0.094896 0.449284 0.018625
v -0.097595 0.444147 0.018774
v -0.099374 0.433798 0.037228
v -0.105771 0.437063 0.020422
v -0.081852 0.448802 0.031249
v -0.086708 0.452408 0.014478
v -0.094896 0.449284 0.018625
v -0.088882 0.445369 0.036794
v -0.078596 0.454898 0.011789
v -0.074528 0.453131 0.028462
v -0.077386 0.449386 0.013097
v -0.074125 0.447969 0.026469
v -0.094896 0.449284 0.018625
v -0.086708 0.452408 0.014478
v -0.080647 0.445627 -0.003420
v -0.090446 0.441726 -0.002877
v -0.082523 0.426708 0.002512
v -0.078596 0.454898 0.011789
v -0.078569 0.424653 0.006233
v -0.079031 0.441952 0.000901
v -0.077386 0.449386 0.013097
v -0.102705 0.431490 0.001330
v -0.105771 0.437063 0.020422
v -0.097595 0.444147 0.018774
v -0.095605 0.437075 0.001804
v -0.090446 0.441726 -0.002877
v -0.094896 0.449284 0.018625
v -0.078724 0.429983 0.048486
v -0.062598 0.411338 0.051697
v -0.058114 0.417268 0.056191
v -0.087674 0.424061 0.049258
v -0.063656 0.406628 0.053270
v -0.078724 0.429983 0.048486
v -0.058114 0.417268 0.056191
v -0.074668 0.435815 0.047033
v -0.067050 0.441544 0.045788
v -0.053000 0.420119 0.054679
v -0.067894 0.438574 0.041064
v -0.056015 0.421084 0.049886
v -0.052391 0.399585 0.045930
v -0.053000 0.420119 0.054679
v -0.058114 0.417268 0.056191
v -0.056015 0.421084 0.049886
v -0.055516 0.405068 0.042838
v -0.088882 0.445369 0.036794
v -0.091537 0.440794 0.035537
v -0.078724 0.429983 0.048486
v -0.099374 0.433798 0.037228
v -0.087674 0.424061 0.049258
v 0.071824 0.304550 -0.088765
v 0.068424 0.306067 -0.076006
v 0.092529 0.309804 -0.088527
v 0.082048 0.306325 -0.091462
v 0.081837 0.311173 -0.059971
v 0.096833 0.311971 -0.077309
v 0.093137 0.313525 -0.064011
v 0.072027 0.307976 -0.063045
v 0.091330 0.293285 -0.055282
v 0.075061 0.287313 -0.069542
v 0.083129 0.282638 -0.087646
v 0.100076 0.291461 -0.061680
v 0.076029 0.283077 -0.082152
v 0.094127 0.283273 -0.087286
v 0.100226 0.287797 -0.075510
v 0.081295 0.292005 -0.056444
v 0.094127 0.283273 -0.087286
v 0.083129 0.282638 -0.087646
v 0.082802 0.288923 -0.089134
v 0.094356 0.288732 -0.088061
v 0.094356 0.288732 -0.088061
v 0.100226 0.287797 -0.075510
v 0.083129 0.282638 -0.087646
v 0.076029 0.283077 -0.082152
v 0.076509 0.286772 -0.084506
v 0.098096 0.297114 -0.063044
v 0.089924 0.295895 -0.057064
v 0.091330 0.293285 -0.055282
v 0.100076 0.291461 -0.061680
v 0.089924 0.295895 -0.057064
v 0.080085 0.293994 -0.058190
v 0.081295 0.292005 -0.056444
v 0.075061 0.287313 -0.069542
v 0.074567 0.289728 -0.071085
v 0.078484 0.295490 -0.058232
v 0.088103 0.299040 -0.056414
v 0.099233 0.302020 -0.063104
v 0.095807 0.306891 -0.063610
v 0.085535 0.303081 -0.058900
v 0.101018 0.303292 -0.076334
v 0.097371 0.308971 -0.077037
v 0.099459 0.296906 -0.076489
v 0.098096 0.297114 -0.063044
v 0.098096 0.297114 -0.063044
v 0.078484 0.295490 -0.058232
v 0.085535 0.303081 -0.058900
v 0.076790 0.298998 -0.061332
v 0.094240 0.303286 -0.090289
v 0.093130 0.306867 -0.088437
v 0.096833 0.311971 -0.077309
v 0.092529 0.309804 -0.088527
v 0.099459 0.296906 -0.076489
v 0.093696 0.298617 -0.088798
v 0.094517 0.293875 -0.091518
v 0.101489 0.291759 -0.076422
v 0.084333 0.304510 -0.060091
v 0.083280 0.308182 -0.058814
v 0.072847 0.301661 -0.061324
v 0.100226 0.287797 -0.075510
v 0.094356 0.288732 -0.088061
v 0.082304 0.303094 -0.091126
v 0.094240 0.303286 -0.090289
v 0.082613 0.300443 -0.090858
v 0.073255 0.300509 -0.088107
v 0.093696 0.298617 -0.088798
v 0.083469 0.295161 -0.093195
v 0.094517 0.293875 -0.091518
v 0.082802 0.288923 -0.089134
v 0.094356 0.288732 -0.088061
v 0.072438 0.296876 -0.088295
v 0.083469 0.295161 -0.093195
v 0.082802 0.288923 -0.089134
v 0.075718 0.290791 -0.084997
v 0.076509 0.286772 -0.084506
v 0.083129 0.282638 -0.087646
v 0.076029 0.283077 -0.082152
v 0.074567 0.289728 -0.071085
v 0.075061 0.287313 -0.069542
v 0.071853 0.293084 -0.072603
v 0.075718 0.290791 -0.084997
v 0.072073 0.295719 -0.073477
v 0.072438 0.296876 -0.088295
v 0.069306 0.302141 -0.074989
v 0.073255 0.300509 -0.088107
v 0.074381 0.291620 -0.071646
v 0.074567 0.289728 -0.071085
v 0.099459 0.296906 -0.076489
v 0.098096 0.297114 -0.063044
v 0.101489 0.291759 -0.076422
v 0.100226 0.287797 -0.075510
v 0.071824 0.304550 -0.088765
v 0.082048 0.306325 -0.091462
v 0.082304 0.303094 -0.091126
v 0.073255 0.300509 -0.088107
v 0.092529 0.309804 -0.088527
v 0.093130 0.306867 -0.088437
v 0.073255 0.300509 -0.088107
v 0.069772 0.304369 -0.075563
v 0.069306 0.302141 -0.074989
v 0.068424 0.306067 -0.076006
v 0.095664 0.310439 -0.063221
v 0.093137 0.313525 -0.064011
v 0.090914 0.309605 -0.061960
v 0.083280 0.308182 -0.058814
v 0.081837 0.311173 -0.059971
v 0.083280 0.308182 -0.058814
v 0.072027 0.307976 -0.063045
v 0.071976 0.304651 -0.061700
v 0.072847 0.301661 -0.061324
v 0.097371 0.308971 -0.077037
v 0.096833 0.311971 -0.077309
v 0.095664 0.310439 -0.063221
v 0.072847 0.301661 -0.061324
v 0.071976 0.304651 -0.061700
v 0.069306 0.302141 -0.074989
v 0.072027 0.307976 -0.063045
v 0.069772 0.304369 -0.075563
v 0.068424 0.306067 -0.076006
v 0.072073 0.295719 -0.073477
v 0.076790 0.298998 -0.061332
v 0.072847 0.301661 -0.061324
v 0.069306 0.302141 -0.074989
v 0.071853 0.293084 -0.072603
v 0.074381 0.291620 -0.071646
v 0.084333 0.304510 -0.060091
v 0.090914 0.309605 -0.061960
v 0.083280 0.308182 -0.058814
v 0.095664 0.310439 -0.063221
v 0.095664 0.310439 -0.063221
v 0.060902 0.423945 -0.067662
v 0.060833 0.426142 -0.069858
v 0.076829 0.431552 -0.058805
v 0.074053 0.427801 -0.057753
v 0.041746 0.402570 -0.052645
v 0.047270 0.393167 -0.036040
v 0.046528 0.390423 -0.035215
v 0.039584 0.399958 -0.054886
v 0.046528 0.390423 -0.035215
v 0.047270 0.393167 -0.036040
v 0.056527 0.396919 -0.019281
v 0.056321 0.394193 -0.016781
v 0.056527 0.396919 -0.019281
v 0.063302 0.402017 -0.017165
v 0.071341 0.404255 -0.012423
v 0.070333 0.405725 -0.017226
v 0.063302 0.402017 -0.017165
v 0.084193 0.419246 -0.025251
v 0.084193 0.419246 -0.025251
v 0.081299 0.417064 -0.026866
v 0.081890 0.425302 -0.042528
v 0.084200 0.428521 -0.042343
v 0.084200 0.428521 -0.042343
v 0.081890 0.425302 -0.042528
v 0.074053 0.427801 -0.057753
v 0.076829 0.431552 -0.058805
v 0.084193 0.419246 -0.025251
v 0.070333 0.405725 -0.017226
v 0.081299 0.417064 -0.026866
v 0.041746 0.402570 -0.052645
v 0.039584 0.399958 -0.054886
v 0.045755 0.414252 -0.067113
v 0.046492 0.414252 -0.064284
v 0.060833 0.426142 -0.069858
v 0.060902 0.423945 -0.067662
v 0.046492 0.414252 -0.064284
v 0.045755 0.414252 -0.067113
v 0.060902 0.423945 -0.067662
v 0.074053 0.427801 -0.057753
v 0.072781 0.428858 -0.053866
v 0.058406 0.424331 -0.062392
v 0.047270 0.393167 -0.036040
v 0.041746 0.402570 -0.052645
v 0.042564 0.405012 -0.048252
v 0.046328 0.399846 -0.036631
v 0.056527 0.396919 -0.019281
v 0.047270 0.393167 -0.036040
v 0.046328 0.399846 -0.036631
v 0.054748 0.400522 -0.022545
v 0.063302 0.402017 -0.017165
v 0.056527 0.396919 -0.019281
v 0.054748 0.400522 -0.022545
v 0.060343 0.405425 -0.021021
v 0.081890 0.425302 -0.042528
v 0.081299 0.417064 -0.026866
v 0.077519 0.419217 -0.028198
v 0.078756 0.426953 -0.042260
v 0.070333 0.405725 -0.017226
v 0.063302 0.402017 -0.017165
v 0.060343 0.405425 -0.021021
v 0.066417 0.409087 -0.020054
v 0.074053 0.427801 -0.057753
v 0.081890 0.425302 -0.042528
v 0.078756 0.426953 -0.042260
v 0.072781 0.428858 -0.053866
v 0.081299 0.417064 -0.026866
v 0.070333 0.405725 -0.017226
v 0.066417 0.409087 -0.020054
v 0.077519 0.419217 -0.028198
v 0.041746 0.402570 -0.052645
v 0.046492 0.414252 -0.064284
v 0.047289 0.416056 -0.059466
v 0.042564 0.405012 -0.048252
v 0.046492 0.414252 -0.064284
v 0.060902 0.423945 -0.067662
v 0.058406 0.424331 -0.062392
v 0.047289 0.416056 -0.059466
v 0.061180 0.417903 -0.069474
v 0.071275 0.416868 -0.065975
v 0.067233 0.407334 -0.070459
v 0.078720 0.412795 -0.059414
v 0.076079 0.401941 -0.063117
v 0.071275 0.416868 -0.065975
v 0.067233 0.407334 -0.070459
v 0.074053 0.427801 -0.057753
v 0.076062 0.423455 -0.058255
v 0.060902 0.423945 -0.067662
v 0.071275 0.416868 -0.065975
v 0.061180 0.417903 -0.069474
v 0.058406 0.424331 -0.062392
v 0.072781 0.428858 -0.053866
v 0.079315 0.395579 -0.053164
v 0.083020 0.406487 -0.046920
v 0.078419 0.391603 -0.044447
v 0.081240 0.402014 -0.035226
v 0.082836 0.420220 -0.043094
v 0.082836 0.420220 -0.043094
v 0.081890 0.425302 -0.042528
v 0.081299 0.417064 -0.026866
v 0.081240 0.402014 -0.035226
v 0.078756 0.426953 -0.042260
v 0.077519 0.419217 -0.028198
v 0.083020 0.406487 -0.046920
v 0.078720 0.412795 -0.059414
v 0.076062 0.423455 -0.058255
v 0.082836 0.420220 -0.043094
v 0.081890 0.425302 -0.042528
v 0.082836 0.420220 -0.043094
v 0.076062 0.423455 -0.058255
v 0.074053 0.427801 -0.057753
v 0.072781 0.428858 -0.053866
v 0.078756 0.426953 -0.042260
v 0.083020 0.406487 -0.046920
v 0.079315 0.395579 -0.053164
v 0.076079 0.401941 -0.063117
v 0.078720 0.412795 -0.059414
v 0.059743 0.399504 -0.020953
v 0.047270 0.393167 -0.036040
v 0.046454 0.392520 -0.043333
v 0.056527 0.396919 -0.019281
v 0.054748 0.400522 -0.022545
v 0.046328 0.399846 -0.036631
v 0.063302 0.402017 -0.017165
v 0.056527 0.396919 -0.019281
v 0.059743 0.399504 -0.020953
v 0.060343 0.405425 -0.021021
v 0.054748 0.400522 -0.022545
v 0.067606 0.399857 -0.021759
v 0.063302 0.402017 -0.017165
v 0.070333 0.405725 -0.017227
v 0.063209 0.394607 -0.026723
v 0.073914 0.400804 -0.024254
v 0.069738 0.389343 -0.032745
v 0.066417 0.409087 -0.020054
v 0.060343 0.405425 -0.021021
v 0.073914 0.400804 -0.024254
v 0.070333 0.405725 -0.017227
v 0.067606 0.399857 -0.021759
v 0.078419 0.391603 -0.044447
v 0.081240 0.402014 -0.035226
v 0.069738 0.389343 -0.032745
v 0.073914 0.400804 -0.024254
v 0.081240 0.402014 -0.035226
v 0.081299 0.417064 -0.026866
v 0.073914 0.400804 -0.024254
v 0.070333 0.405725 -0.017227
v 0.077519 0.419217 -0.028198
v 0.066417 0.409087 -0.020054
v 0.073686 0.356376 -0.055675
v 0.077826 0.361239 -0.059931
v 0.080337 0.377238 -0.052353
v 0.072382 0.367144 -0.044864
v 0.060384 0.353676 -0.057326
v 0.073686 0.356376 -0.055675
v 0.072382 0.367144 -0.044864
v 0.057234 0.362587 -0.046189
v 0.072382 0.367144 -0.044864
v 0.080337 0.377238 -0.052353
v 0.078419 0.391603 -0.044447
v 0.070225 0.376715 -0.037771
v 0.069738 0.389343 -0.032745
v 0.079894 0.366784 -0.066439
v 0.077826 0.361239 -0.059931
v 0.075650 0.359249 -0.062131
v 0.073686 0.356376 -0.055675
v 0.072498 0.354433 -0.060516
v 0.061167 0.349130 -0.063063
v 0.072498 0.354433 -0.060516
v 0.060384 0.353676 -0.057326
v 0.073686 0.356376 -0.055675
v 0.076182 0.377820 -0.076682
v 0.080217 0.373456 -0.077316
v 0.078234 0.374882 -0.081886
v 0.089895 0.363308 -0.080127
v 0.082423 0.359970 -0.089270
v 0.085083 0.366267 -0.072206
v 0.060991 0.371412 -0.087473
v 0.058222 0.378306 -0.083769
v 0.067948 0.370759 -0.089219
v 0.066424 0.367789 -0.089375
v 0.061931 0.365437 -0.091933
v 0.066404 0.401042 -0.076743
v 0.069158 0.380415 -0.085548
v 0.062895 0.380392 -0.086806
v 0.058321 0.398713 -0.079406
v 0.058222 0.378306 -0.083769
v 0.067948 0.370759 -0.089219
v 0.078234 0.374882 -0.081886
v 0.076182 0.377820 -0.076682
v 0.075220 0.395507 -0.069493
v 0.056097 0.335818 -0.069996
v 0.054915 0.336590 -0.081190
v 0.058745 0.324301 -0.081795
v 0.060767 0.324938 -0.070865
v 0.053992 0.355204 -0.077332
v 0.058745 0.324301 -0.081795
v 0.072625 0.304456 -0.071340
v 0.071642 0.303125 -0.082025
v 0.066662 0.327449 -0.092361
v 0.075601 0.303809 -0.087119
v 0.083896 0.306077 -0.089533
v 0.074611 0.331284 -0.094952
v 0.058745 0.324301 -0.081795
v 0.058745 0.324301 -0.081795
v 0.058574 0.342455 -0.089549
v 0.062938 0.347007 -0.090954
v 0.066409 0.349785 -0.094694
v 0.074611 0.331284 -0.094952
v 0.080881 0.334762 -0.093080
v 0.091227 0.309023 -0.083059
v 0.087778 0.338131 -0.089918
v 0.087778 0.338131 -0.089918
v 0.094492 0.341414 -0.080188
v 0.094927 0.310864 -0.075418
v 0.093885 0.311451 -0.068011
v 0.094492 0.341414 -0.080188
v 0.091057 0.339201 -0.065449
v 0.091057 0.339201 -0.065449
v 0.083240 0.308933 -0.061194
v 0.077991 0.332177 -0.058454
v 0.077991 0.332177 -0.058454
v 0.067576 0.327905 -0.060915
v 0.076414 0.306555 -0.063478
v 0.067576 0.327905 -0.060915
v 0.072625 0.304456 -0.071340
v 0.060767 0.324938 -0.070865
v 0.067576 0.327905 -0.060915
v 0.056097 0.335818 -0.069996
v 0.062352 0.339246 -0.061973
v 0.056137 0.352660 -0.068546
v 0.061167 0.349130 -0.063063
v 0.069813 0.346171 -0.060740
v 0.075194 0.342960 -0.060402
v 0.072498 0.354433 -0.060516
v 0.075898 0.349958 -0.062053
v 0.077678 0.344955 -0.059319
v 0.056137 0.352660 -0.068546
v 0.053992 0.355204 -0.077332
v 0.067576 0.327905 -0.060915
v 0.075194 0.342960 -0.060402
v 0.077991 0.332177 -0.058454
v 0.077678 0.344955 -0.059319
v 0.061167 0.349130 -0.063063
v 0.052935 0.357301 -0.065383
v 0.056137 0.352660 -0.068546
v 0.060384 0.353676 -0.057326
v 0.042553 0.370514 -0.071806
v 0.046683 0.374929 -0.082207
v 0.052731 0.362387 -0.082658
v 0.049405 0.362480 -0.075202
v 0.058648 0.363339 -0.087073
v 0.042553 0.370514 -0.071806
v 0.049405 0.362480 -0.075202
v 0.045865 0.366230 -0.063637
v 0.052935 0.357301 -0.065383
v 0.038459 0.387622 -0.062278
v 0.042553 0.370514 -0.071806
v 0.045865 0.366230 -0.063637
v 0.043430 0.381606 -0.052331
v 0.046683 0.374929 -0.082207
v 0.058222 0.378306 -0.083769
v 0.058648 0.363339 -0.087073
v 0.060991 0.371412 -0.087473
v 0.061931 0.365437 -0.091933
v 0.046683 0.374929 -0.082207
v 0.043061 0.392374 -0.073072
v 0.051405 0.394373 -0.075818
v 0.058222 0.378306 -0.083769
v 0.058321 0.398713 -0.079406
v 0.039241 0.399406 -0.056570
v 0.043600 0.403301 -0.065261
v 0.043061 0.392374 -0.073072
v 0.038459 0.387622 -0.062278
v 0.043550 0.406666 -0.054042
v 0.045186 0.406785 -0.062128
v 0.043430 0.381606 -0.052331
v 0.039241 0.399406 -0.056570
v 0.038459 0.387622 -0.062278
v 0.046454 0.392520 -0.043333
v 0.041746 0.402570 -0.052645
v 0.043550 0.406666 -0.054042
v 0.058321 0.398713 -0.079406
v 0.051405 0.394373 -0.075818
v 0.052237 0.406085 -0.065655
v 0.056670 0.409158 -0.070589
v 0.066404 0.401042 -0.076743
v 0.067233 0.407334 -0.070459
v 0.043061 0.392374 -0.073072
v 0.043600 0.403301 -0.065261
v 0.052237 0.406085 -0.065655
v 0.051405 0.394373 -0.075818
v 0.045186 0.406785 -0.062128
v 0.046492 0.414252 -0.064284
v 0.043550 0.406666 -0.054042
v 0.041746 0.402570 -0.052645
v 0.045186 0.406785 -0.062128
v 0.042564 0.405012 -0.048252
v 0.047289 0.416056 -0.059466
v 0.046492 0.414252 -0.064284
v 0.052237 0.406085 -0.065655
v 0.045186 0.406785 -0.062128
v 0.067233 0.407334 -0.070459
v 0.056670 0.409158 -0.070589
v 0.061180 0.417903 -0.069474
v 0.046492 0.414252 -0.064284
v 0.052237 0.406085 -0.065655
v 0.047270 0.393167 -0.036040
v 0.041746 0.402570 -0.052645
v 0.046454 0.392520 -0.043333
v 0.046328 0.399846 -0.036631
v 0.042564 0.405012 -0.048252
v 0.078414 0.357559 -0.065153
v 0.087823 0.355405 -0.065180
v 0.085083 0.366267 -0.072206
v 0.080683 0.365775 -0.069200
v 0.075650 0.359249 -0.062131
v 0.079894 0.366784 -0.066439
v 0.089895 0.363308 -0.080127
v 0.085083 0.366267 -0.072206
v 0.087823 0.355405 -0.065180
v 0.093651 0.352368 -0.080576
v 0.089726 0.347213 -0.064753
v 0.094492 0.341414 -0.080188
v 0.091057 0.339201 -0.065449
v 0.076630 0.352558 -0.093491
v 0.082423 0.359970 -0.089270
v 0.085515 0.348759 -0.090879
v 0.078891 0.343712 -0.094461
v 0.071330 0.349584 -0.094866
v 0.073050 0.340478 -0.095787
v 0.080881 0.334762 -0.093080
v 0.087778 0.338131 -0.089918
v 0.074611 0.331284 -0.094952
v 0.077678 0.344955 -0.059319
v 0.087823 0.355405 -0.065180
v 0.078414 0.357559 -0.065153
v 0.075898 0.349958 -0.062053
v 0.072498 0.354433 -0.060516
v 0.075650 0.359249 -0.062131
v 0.087823 0.355405 -0.065180
v 0.077678 0.344955 -0.059319
v 0.089726 0.347213 -0.064753
v 0.077991 0.332177 -0.058454
v 0.091057 0.339201 -0.065449
v 0.082423 0.359970 -0.089270
v 0.089895 0.363308 -0.080127
v 0.093651 0.352368 -0.080576
v 0.085515 0.348759 -0.090879
v 0.087778 0.338131 -0.089918
v 0.094492 0.341414 -0.080188
v 0.060505 0.354965 -0.089379
v 0.064039 0.357465 -0.095307
v 0.066409 0.349785 -0.094694
v 0.062938 0.347007 -0.090954
v 0.058574 0.342455 -0.089549
v 0.056999 0.354095 -0.085630
v 0.053992 0.355204 -0.077332
v 0.052935 0.357301 -0.065383
v 0.053992 0.355204 -0.077332
v 0.056137 0.352660 -0.068546
v 0.076182 0.377820 -0.076682
v 0.075220 0.395507 -0.069493
v 0.080060 0.385780 -0.060003
v 0.079894 0.366784 -0.066439
v 0.079315 0.395579 -0.053164
v 0.078419 0.391603 -0.044447
v 0.080337 0.377238 -0.052353
v 0.080060 0.385780 -0.060003
v 0.075220 0.395507 -0.069493
v 0.076079 0.401941 -0.063117
v 0.082423 0.359970 -0.089270
v 0.076630 0.352558 -0.093491
v 0.074310 0.360184 -0.092275
v 0.067948 0.370759 -0.089219
v 0.078234 0.374882 -0.081886
v 0.069738 0.389343 -0.032745
v 0.063209 0.394607 -0.026723
v 0.061161 0.388451 -0.030368
v 0.056818 0.389272 -0.028383
v 0.059743 0.399504 -0.020953
v 0.055738 0.373370 -0.037494
v 0.070225 0.376715 -0.037771
v 0.072382 0.367144 -0.044864
v 0.057234 0.362587 -0.046189
v 0.056818 0.389272 -0.028383
v 0.059743 0.399504 -0.020953
v 0.046454 0.392520 -0.043333
v 0.043430 0.381606 -0.052331
v 0.055738 0.373370 -0.037494
v 0.057234 0.362587 -0.046189
v 0.045865 0.366230 -0.063637
v 0.060902 0.423945 -0.067662
v 0.061180 0.417903 -0.069474
v 0.046492 0.414252 -0.064284
v 0.047289 0.416056 -0.059466
v 0.058406 0.424331 -0.062392
v 0.076062 0.423455 -0.058255
v 0.078720 0.412795 -0.059414
v 0.071275 0.416868 -0.065975
v 0.064039 0.357465 -0.095307
v 0.069834 0.359942 -0.092459
v 0.066409 0.349785 -0.094694
v 0.071330 0.349584 -0.094866
v 0.061931 0.365437 -0.091933
v 0.066424 0.367789 -0.089375
v 0.076630 0.352558 -0.093491
v 0.074310 0.360184 -0.092275
v 0.067948 0.370759 -0.089219
v 0.071330 0.349584 -0.094866
v 0.073050 0.340478 -0.095787
v 0.066409 0.349785 -0.094694
v 0.074611 0.331284 -0.094952
v 0.058648 0.363339 -0.087073
v 0.060505 0.354965 -0.089379
v 0.056999 0.354095 -0.085630
v 0.052731 0.362387 -0.082658
v 0.049405 0.362480 -0.075202
v 0.053992 0.355204 -0.077332
v 0.052935 0.357301 -0.065383
v 0.049405 0.362480 -0.075202
v 0.053992 0.355204 -0.077332
v 0.080217 0.373456 -0.077316
v 0.080683 0.365775 -0.069200
v 0.085083 0.366267 -0.072206
v 0.079894 0.366784 -0.066439
v 0.076182 0.377820 -0.076682
v 0.080337 0.377238 -0.052353
v 0.077826 0.361239 -0.059931
v 0.079894 0.366784 -0.066439
v 0.080060 0.385780 -0.060003
v 0.064039 0.357465 -0.095307
v 0.060505 0.354965 -0.089379
v 0.058648 0.363339 -0.087073
v 0.061931 0.365437 -0.091933
v 0.046683 0.374929 -0.082207
v 0.042553 0.370514 -0.071806
v 0.038459 0.387622 -0.062278
v 0.043061 0.392374 -0.073072
v 0.045865 0.366230 -0.063637
v 0.052935 0.357301 -0.065383
v 0.057234 0.362587 -0.046189
v 0.060384 0.353676 -0.057326
v 0.076079 0.401941 -0.063117
v 0.075220 0.395507 -0.069493
v 0.066404 0.401042 -0.076743
v 0.067233 0.407334 -0.070459
v -0.119676 0.307023 0.001532
v -0.128581 0.308573 0.007303
v -0.133572 0.312401 0.016842
v -0.108014 0.309830 0.007254
v -0.105280 0.316650 0.027481
v -0.128200 0.315744 0.027283
v -0.115940 0.318641 0.033134
v -0.100856 0.313091 0.018334
v -0.106277 0.297790 0.039150
v -0.116834 0.295794 0.041587
v -0.125385 0.286672 0.011763
v -0.106402 0.291703 0.017499
v -0.116564 0.287252 0.009981
v -0.132309 0.287231 0.020326
v -0.127374 0.291918 0.032703
v -0.100581 0.296565 0.030791
v -0.132309 0.287231 0.020326
v -0.133049 0.292101 0.019997
v -0.126266 0.292214 0.010586
v -0.125385 0.286672 0.011763
v -0.133049 0.292101 0.019997
v -0.127374 0.291918 0.032703
v -0.125385 0.286672 0.011763
v -0.118286 0.289810 0.009144
v -0.116564 0.287252 0.009981
v -0.117171 0.302269 0.038799
v -0.116834 0.295794 0.041587
v -0.106277 0.297790 0.039150
v -0.107035 0.301108 0.036780
v -0.100581 0.296565 0.030791
v -0.101320 0.299128 0.028699
v -0.107035 0.301108 0.036780
v -0.106402 0.291703 0.017499
v -0.107235 0.294086 0.016221
v -0.100509 0.300974 0.027325
v -0.105719 0.304715 0.035540
v -0.118278 0.307162 0.039327
v -0.116918 0.312101 0.035885
v -0.106330 0.308735 0.031550
v -0.129600 0.307239 0.031698
v -0.128132 0.312790 0.028085
v -0.128153 0.300912 0.030994
v -0.117171 0.302269 0.038799
v -0.117171 0.302269 0.038799
v -0.100509 0.300974 0.027325
v -0.106330 0.308735 0.031550
v -0.102066 0.304369 0.023688
v -0.135540 0.305747 0.017444
v -0.133686 0.309492 0.017565
v -0.128200 0.315744 0.027283
v -0.133572 0.312401 0.016842
v -0.128153 0.300912 0.030994
v -0.133723 0.301255 0.018356
v -0.135983 0.296575 0.017574
v -0.129087 0.295829 0.032911
v -0.106531 0.310026 0.029761
v -0.105150 0.313803 0.029543
v -0.099649 0.306994 0.020541
v -0.127374 0.291918 0.032703
v -0.133049 0.292101 0.019997
v -0.128261 0.305395 0.007952
v -0.135540 0.305747 0.017444
v -0.128070 0.302788 0.008553
v -0.119834 0.303080 0.003335
v -0.133723 0.301255 0.018356
v -0.129993 0.297299 0.008045
v -0.135983 0.296575 0.017574
v -0.126266 0.292214 0.010586
v -0.133049 0.292101 0.019997
v -0.119167 0.299443 0.002862
v -0.129993 0.297299 0.008045
v -0.126266 0.292214 0.010586
v -0.118482 0.293974 0.007920
v -0.118286 0.289810 0.009144
v -0.125385 0.286672 0.011763
v -0.116564 0.287252 0.009981
v -0.107235 0.294086 0.016221
v -0.106402 0.291703 0.017499
v -0.106783 0.297290 0.013011
v -0.118482 0.293974 0.007920
v -0.107776 0.299822 0.012409
v -0.119167 0.299443 0.002862
v -0.107548 0.306036 0.008872
v -0.119834 0.303080 0.003335
v -0.107629 0.295945 0.015643
v -0.107235 0.294086 0.016221
v -0.128153 0.300912 0.030994
v -0.129087 0.295829 0.032911
v -0.117171 0.302269 0.038799
v -0.127374 0.291918 0.032703
v -0.119676 0.307023 0.001532
v -0.119834 0.303080 0.003335
v -0.128261 0.305395 0.007952
v -0.128581 0.308573 0.007303
v -0.133572 0.312401 0.016842
v -0.133686 0.309492 0.017565
v -0.108014 0.309830 0.007254
v -0.108448 0.308196 0.008681
v -0.119834 0.303080 0.003335
v -0.107548 0.306036 0.008872
v -0.116794 0.315670 0.035774
v -0.112651 0.314941 0.033100
v -0.115940 0.318641 0.033134
v -0.105150 0.313803 0.029543
v -0.105280 0.316650 0.027481
v -0.105150 0.313803 0.029543
v -0.100856 0.313091 0.018334
v -0.099573 0.309924 0.019423
v -0.099649 0.306994 0.020541
v -0.128132 0.312790 0.028085
v -0.116794 0.315670 0.035774
v -0.128200 0.315744 0.027283
v -0.099649 0.306994 0.020541
v -0.107548 0.306036 0.008872
v -0.099573 0.309924 0.019423
v -0.100856 0.313091 0.018334
v -0.108448 0.308196 0.008681
v -0.108014 0.309830 0.007254
v -0.107776 0.299822 0.012409
v -0.099649 0.306994 0.020541
v -0.102066 0.304369 0.023688
v -0.107548 0.306036 0.008872
v -0.106783 0.297290 0.013011
v -0.107629 0.295945 0.015643
v -0.106531 0.310026 0.029761
v -0.105150 0.313803 0.029543
v -0.112651 0.314941 0.033100
v -0.116794 0.315670 0.035774
v -0.116794 0.315670 0.035774
v -0.101297 0.429237 0.002920
v -0.103262 0.433205 0.019194
v -0.105771 0.437063 0.020422
v -0.102705 0.431490 0.001330
v -0.076553 0.404160 0.006860
v -0.077032 0.401613 0.003737
v -0.065067 0.391802 0.020743
v -0.066227 0.394533 0.020914
v -0.065067 0.391802 0.020743
v -0.056680 0.396158 0.039631
v -0.059183 0.399103 0.037857
v -0.066227 0.394533 0.020914
v -0.063656 0.406628 0.053270
v -0.062278 0.404423 0.044022
v -0.059183 0.399103 0.037857
v -0.066822 0.408068 0.049485
v -0.062278 0.404423 0.044022
v -0.087674 0.424061 0.049258
v -0.087674 0.424061 0.049258
v -0.099374 0.433798 0.037228
v -0.098043 0.430519 0.035457
v -0.086901 0.421840 0.046071
v -0.099374 0.433798 0.037228
v -0.105771 0.437063 0.020422
v -0.103262 0.433205 0.019194
v -0.098043 0.430519 0.035457
v -0.087674 0.424061 0.049258
v -0.086901 0.421840 0.046071
v -0.066822 0.408068 0.049485
v -0.076553 0.404160 0.006860
v -0.088904 0.415814 0.003399
v -0.090714 0.415802 0.001100
v -0.077032 0.401613 0.003737
v -0.102705 0.431490 0.001330
v -0.090714 0.415802 0.001100
v -0.088904 0.415814 0.003399
v -0.101297 0.429237 0.002920
v -0.101297 0.429237 0.002920
v -0.095798 0.429404 0.004891
v -0.099568 0.434115 0.021051
v -0.103262 0.433205 0.019194
v -0.066227 0.394533 0.020914
v -0.066644 0.401988 0.019130
v -0.073540 0.406549 0.010172
v -0.076553 0.404160 0.006860
v -0.059183 0.399103 0.037857
v -0.060757 0.402698 0.034455
v -0.066644 0.401988 0.019130
v -0.066227 0.394533 0.020914
v -0.062278 0.404423 0.044022
v -0.063540 0.407828 0.039313
v -0.060757 0.402698 0.034455
v -0.059183 0.399103 0.037857
v -0.098043 0.430519 0.035457
v -0.095590 0.432067 0.033448
v -0.085109 0.423916 0.042480
v -0.086901 0.421840 0.046071
v -0.066822 0.408068 0.049485
v -0.066680 0.411443 0.044672
v -0.063540 0.407828 0.039313
v -0.062278 0.404423 0.044022
v -0.103262 0.433205 0.019194
v -0.099568 0.434115 0.021051
v -0.095590 0.432067 0.033448
v -0.098043 0.430519 0.035457
v -0.086901 0.421840 0.046071
v -0.085109 0.423916 0.042480
v -0.066680 0.411443 0.044672
v -0.066822 0.408068 0.049485
v -0.076553 0.404160 0.006860
v -0.073540 0.406549 0.010172
v -0.085591 0.417642 0.006959
v -0.088904 0.415814 0.003399
v -0.088904 0.415814 0.003399
v -0.085591 0.417642 0.006959
v -0.095798 0.429404 0.004891
v -0.101297 0.429237 0.002920
v -0.103180 0.422516 0.002230
v -0.108028 0.411440 0.006180
v -0.107623 0.421549 0.011885
v -0.108078 0.417501 0.021763
v -0.107623 0.421549 0.011885
v -0.108721 0.406044 0.017626
v -0.108028 0.411440 0.006180
v -0.103262 0.433205 0.019194
v -0.101297 0.429237 0.002920
v -0.105222 0.428937 0.020233
v -0.107623 0.421549 0.011885
v -0.103180 0.422516 0.002230
v -0.095798 0.429404 0.004891
v -0.099568 0.434115 0.021051
v -0.103665 0.399722 0.026806
v -0.096692 0.395801 0.032146
v -0.102124 0.411149 0.033506
v -0.092532 0.406582 0.040348
v -0.099341 0.425487 0.035699
v -0.099341 0.425487 0.035699
v -0.086901 0.421840 0.046071
v -0.098043 0.430519 0.035457
v -0.092532 0.406582 0.040348
v -0.095590 0.432067 0.033448
v -0.085109 0.423916 0.042480
v -0.102124 0.411149 0.033506
v -0.099341 0.425487 0.035699
v -0.105222 0.428937 0.020233
v -0.108078 0.417501 0.021763
v -0.098043 0.430519 0.035457
v -0.103262 0.433205 0.019194
v -0.105222 0.428937 0.020233
v -0.099341 0.425487 0.035699
v -0.099568 0.434115 0.021051
v -0.095590 0.432067 0.033448
v -0.102124 0.411149 0.033506
v -0.108078 0.417501 0.021763
v -0.108721 0.406044 0.017626
v -0.103665 0.399722 0.026806
v -0.062945 0.401912 0.038864
v -0.072552 0.395771 0.012409
v -0.066227 0.394533 0.020914
v -0.059183 0.399103 0.037857
v -0.060757 0.402698 0.034455
v -0.066644 0.401988 0.019130
v -0.062278 0.404423 0.044022
v -0.062945 0.401912 0.038864
v -0.059183 0.399103 0.037857
v -0.063540 0.407828 0.039313
v -0.060757 0.402698 0.034455
v -0.069289 0.402626 0.043553
v -0.062278 0.404423 0.044022
v -0.066822 0.408068 0.049485
v -0.070928 0.397836 0.035954
v -0.079591 0.405228 0.042729
v -0.082271 0.393662 0.033904
v -0.066680 0.411443 0.044672
v -0.063540 0.407828 0.039313
v -0.079591 0.405228 0.042729
v -0.069289 0.402626 0.043553
v -0.066822 0.408068 0.049485
v -0.096692 0.395801 0.032146
v -0.082271 0.393662 0.033904
v -0.092532 0.406582 0.040348
v -0.079591 0.405228 0.042729
v -0.092532 0.406582 0.040348
v -0.079591 0.405228 0.042729
v -0.086901 0.421840 0.046071
v -0.066822 0.408068 0.049485
v -0.085109 0.423916 0.042480
v -0.066680 0.411443 0.044672
v -0.100492 0.360690 0.020983
v -0.092041 0.371409 0.027398
v -0.103177 0.381228 0.028066
v -0.106573 0.365347 0.021072
v -0.092504 0.358363 0.010078
v -0.082563 0.367009 0.015452
v -0.092041 0.371409 0.027398
v -0.100492 0.360690 0.020983
v -0.092041 0.371409 0.027398
v -0.085546 0.380859 0.030875
v -0.096692 0.395801 0.032146
v -0.103177 0.381228 0.028066
v -0.082271 0.393662 0.033904
v -0.112918 0.370623 0.018113
v -0.106530 0.363710 0.017936
v -0.106573 0.365347 0.021072
v -0.100492 0.360690 0.020983
v -0.102931 0.359138 0.016880
v -0.096781 0.353881 0.007125
v -0.092504 0.358363 0.010078
v -0.102931 0.359138 0.016880
v -0.100492 0.360690 0.020983
v -0.118106 0.381341 0.008481
v -0.123548 0.377981 0.006164
v -0.121460 0.376825 0.010722
v -0.129522 0.366526 0.016412
v -0.131098 0.362461 0.004994
v -0.120632 0.370086 0.017905
v -0.115885 0.374257 -0.010170
v -0.120765 0.370542 -0.007301
v -0.121817 0.373495 -0.006173
v -0.110897 0.382043 -0.009354
v -0.119508 0.368073 -0.012242
v -0.111798 0.404749 0.001460
v -0.108166 0.402500 -0.006260
v -0.116492 0.383845 -0.008125
v -0.119847 0.383822 -0.002695
v -0.110897 0.382043 -0.009354
v -0.121817 0.373495 -0.006173
v -0.123548 0.377981 0.006164
v -0.118106 0.381341 0.008481
v -0.112442 0.399182 0.012840
v -0.097564 0.339966 -0.000218
v -0.100500 0.329083 0.003509
v -0.107278 0.327308 -0.005143
v -0.105199 0.339569 -0.008516
v -0.103051 0.358535 -0.008027
v -0.107278 0.327308 -0.005143
v -0.107188 0.308736 0.013589
v -0.114418 0.306301 0.005928
v -0.120634 0.329394 -0.006375
v -0.107278 0.327308 -0.005143
v -0.120890 0.306479 0.005503
v -0.128343 0.308537 0.009975
v -0.128105 0.332992 -0.002392
v -0.107278 0.327308 -0.005143
v -0.114291 0.344560 -0.011691
v -0.118560 0.348969 -0.009672
v -0.123850 0.351368 -0.009727
v -0.128105 0.332992 -0.002392
v -0.131108 0.336681 0.003288
v -0.128570 0.312183 0.019514
v -0.133553 0.340402 0.010295
v -0.125447 0.314825 0.027176
v -0.130967 0.344717 0.021487
v -0.133553 0.340402 0.010295
v -0.119269 0.316169 0.031219
v -0.130967 0.344717 0.021487
v -0.117527 0.344018 0.028753
v -0.117527 0.344018 0.028753
v -0.106957 0.314304 0.027894
v -0.103150 0.337674 0.024059
v -0.103976 0.311662 0.021446
v -0.097789 0.333107 0.014939
v -0.103150 0.337674 0.024059
v -0.097789 0.333107 0.014939
v -0.107188 0.308736 0.013589
v -0.100500 0.329083 0.003509
v -0.097789 0.333107 0.014939
v -0.097564 0.339966 -0.000218
v -0.095960 0.344244 0.009497
v -0.097764 0.356846 -0.000475
v -0.096781 0.353881 0.007125
v -0.100480 0.351305 0.015399
v -0.103548 0.348180 0.019893
v -0.102931 0.359138 0.016880
v -0.105762 0.354975 0.018825
v -0.104530 0.350292 0.022322
v -0.097764 0.356846 -0.000475
v -0.103051 0.358535 -0.008027
v -0.097789 0.333107 0.014939
v -0.103548 0.348180 0.019893
v -0.103150 0.337674 0.024059
v -0.104530 0.350292 0.022322
v -0.096781 0.353881 0.007125
v -0.097764 0.356846 -0.000475
v -0.093557 0.361498 -0.000870
v -0.092504 0.358363 0.010078
v -0.091307 0.374623 -0.012604
v -0.106362 0.365598 -0.012751
v -0.101798 0.378849 -0.016704
v -0.098648 0.366129 -0.010238
v -0.113632 0.366277 -0.011356
v -0.091307 0.374623 -0.012604
v -0.087537 0.370395 -0.004608
v -0.098648 0.366129 -0.010238
v -0.093557 0.361498 -0.000870
v -0.081713 0.391452 -0.007836
v -0.077545 0.385488 0.002514
v -0.087537 0.370395 -0.004608
v -0.091307 0.374623 -0.012604
v -0.101798 0.378849 -0.016704
v -0.113632 0.366277 -0.011356
v -0.110897 0.382043 -0.009354
v -0.115885 0.374257 -0.010170
v -0.119508 0.368073 -0.012242
v -0.101798 0.378849 -0.016704
v -0.110897 0.382043 -0.009354
v -0.100737 0.398304 -0.008855
v -0.092909 0.396020 -0.011664
v -0.108166 0.402500 -0.006260
v -0.078080 0.402603 -0.001671
v -0.081713 0.391452 -0.007836
v -0.092909 0.396020 -0.011664
v -0.087620 0.406362 -0.004016
v -0.078932 0.408444 0.007160
v -0.086286 0.409416 0.000545
v -0.077545 0.385488 0.002514
v -0.081713 0.391452 -0.007836
v -0.078080 0.402603 -0.001671
v -0.072552 0.395771 0.012409
v -0.076553 0.404160 0.006860
v -0.078932 0.408444 0.007160
v -0.108166 0.402500 -0.006260
v -0.100904 0.413343 -0.001568
v -0.093622 0.409047 0.002289
v -0.100737 0.398304 -0.008855
v -0.111798 0.404749 0.001460
v -0.108028 0.411440 0.006180
v -0.092909 0.396020 -0.011664
v -0.100737 0.398304 -0.008855
v -0.093622 0.409047 0.002289
v -0.087620 0.406362 -0.004016
v -0.086286 0.409416 0.000545
v -0.088904 0.415814 0.003399
v -0.076553 0.404160 0.006860
v -0.078932 0.408444 0.007160
v -0.086286 0.409416 0.000545
v -0.073540 0.406549 0.010172
v -0.085591 0.417642 0.006959
v -0.088904 0.415814 0.003399
v -0.086286 0.409416 0.000545
v -0.093622 0.409047 0.002289
v -0.108028 0.411440 0.006180
v -0.103180 0.422516 0.002230
v -0.100904 0.413343 -0.001568
v -0.088904 0.415814 0.003399
v -0.093622 0.409047 0.002289
v -0.066227 0.394533 0.020914
v -0.072552 0.395771 0.012409
v -0.076553 0.404160 0.006860
v -0.066644 0.401988 0.019130
v -0.073540 0.406549 0.010172
v -0.110502 0.361875 0.018048
v -0.115449 0.369669 0.016736
v -0.120632 0.370086 0.017905
v -0.116380 0.360142 0.025321
v -0.106530 0.363710 0.017936
v -0.112918 0.370623 0.018113
v -0.129522 0.366526 0.016412
v -0.116380 0.360142 0.025321
v -0.120632 0.370086 0.017905
v -0.131506 0.355566 0.019800
v -0.116716 0.352050 0.027627
v -0.130967 0.344717 0.021487
v -0.117527 0.344018 0.028753
v -0.129914 0.354314 -0.001471
v -0.131481 0.345428 0.000235
v -0.133556 0.350860 0.007189
v -0.131098 0.362461 0.004994
v -0.127218 0.351180 -0.006134
v -0.128374 0.342038 -0.004783
v -0.131108 0.336681 0.003288
v -0.133553 0.340402 0.010295
v -0.128105 0.332992 -0.002392
v -0.104530 0.350292 0.022322
v -0.110502 0.361875 0.018048
v -0.116380 0.360142 0.025321
v -0.105762 0.354975 0.018825
v -0.102931 0.359138 0.016880
v -0.106530 0.363710 0.017936
v -0.116380 0.360142 0.025321
v -0.116716 0.352050 0.027627
v -0.104530 0.350292 0.022322
v -0.103150 0.337674 0.024059
v -0.117527 0.344018 0.028753
v -0.131098 0.362461 0.004994
v -0.133556 0.350860 0.007189
v -0.131506 0.355566 0.019800
v -0.129522 0.366526 0.016412
v -0.133553 0.340402 0.010295
v -0.130967 0.344717 0.021487
v -0.116255 0.357434 -0.011119
v -0.123850 0.351368 -0.009727
v -0.123148 0.359446 -0.012538
v -0.118560 0.348969 -0.009672
v -0.114291 0.344560 -0.011691
v -0.111090 0.356863 -0.011205
v -0.103051 0.358535 -0.008027
v -0.093557 0.361498 -0.000870
v -0.097764 0.356846 -0.000475
v -0.103051 0.358535 -0.008027
v -0.118106 0.381341 0.008481
v -0.112918 0.370623 0.018113
v -0.108653 0.389506 0.022846
v -0.112442 0.399182 0.012840
v -0.103665 0.399722 0.026806
v -0.108653 0.389506 0.022846
v -0.103177 0.381228 0.028066
v -0.096692 0.395801 0.032146
v -0.112442 0.399182 0.012840
v -0.108721 0.406044 0.017626
v -0.131098 0.362461 0.004994
v -0.127922 0.362412 -0.003039
v -0.129914 0.354314 -0.001471
v -0.121817 0.373495 -0.006173
v -0.123548 0.377981 0.006164
v -0.082271 0.393662 0.033904
v -0.074660 0.392819 0.029332
v -0.070928 0.397836 0.035954
v -0.067875 0.392557 0.030007
v -0.062945 0.401912 0.038864
v -0.075369 0.377722 0.020496
v -0.085546 0.380859 0.030875
v -0.092041 0.371409 0.027398
v -0.082563 0.367009 0.015452
v -0.067875 0.392557 0.030007
v -0.072552 0.395771 0.012409
v -0.062945 0.401912 0.038864
v -0.077545 0.385488 0.002514
v -0.075369 0.377722 0.020496
v -0.082563 0.367009 0.015452
v -0.087537 0.370395 -0.004608
v -0.101297 0.429237 0.002920
v -0.088904 0.415814 0.003399
v -0.103180 0.422516 0.002230
v -0.085591 0.417642 0.006959
v -0.095798 0.429404 0.004891
v -0.105222 0.428937 0.020233
v -0.107623 0.421549 0.011885
v -0.108078 0.417501 0.021763
v -0.123148 0.359446 -0.012538
v -0.123850 0.351368 -0.009727
v -0.125059 0.362146 -0.006479
v -0.127218 0.351180 -0.006134
v -0.119508 0.368073 -0.012242
v -0.120765 0.370542 -0.007301
v -0.129914 0.354314 -0.001471
v -0.127922 0.362412 -0.003039
v -0.121817 0.373495 -0.006173
v -0.127218 0.351180 -0.006134
v -0.123850 0.351368 -0.009727
v -0.128374 0.342038 -0.004783
v -0.128105 0.332992 -0.002392
v -0.113632 0.366277 -0.011356
v -0.106362 0.365598 -0.012751
v -0.111090 0.356863 -0.011205
v -0.116255 0.357434 -0.011119
v -0.098648 0.366129 -0.010238
v -0.103051 0.358535 -0.008027
v -0.093557 0.361498 -0.000870
v -0.103051 0.358535 -0.008027
v -0.098648 0.366129 -0.010238
v -0.121460 0.376825 0.010722
v -0.120632 0.370086 0.017905
v -0.115449 0.369669 0.016736
v -0.112918 0.370623 0.018113
v -0.118106 0.381341 0.008481
v -0.103177 0.381228 0.028066
v -0.108653 0.389506 0.022846
v -0.112918 0.370623 0.018113
v -0.106573 0.365347 0.021072
v -0.123148 0.359446 -0.012538
v -0.119508 0.368073 -0.012242
v -0.113632 0.366277 -0.011356
v -0.116255 0.357434 -0.011119
v -0.101798 0.378849 -0.016704
v -0.092909 0.396020 -0.011664
v -0.081713 0.391452 -0.007836
v -0.091307 0.374623 -0.012604
v -0.087537 0.370395 -0.004608
v -0.082563 0.367009 0.015452
v -0.093557 0.361498 -0.000870
v -0.092504 0.358363 0.010078
v -0.108721 0.406044 0.017626
v -0.108028 0.411440 0.006180
v -0.111798 0.404749 0.001460
v -0.112442 0.399182 0.012840
v -0.126637 0.298048 0.030971
v -0.120054 0.299655 0.036415
v -0.119798 0.306374 0.034013
v -0.127164 0.304726 0.028916
v -0.125863 0.291567 0.032242
v -0.120215 0.293332 0.038067
v -0.119438 0.285162 0.040371
v -0.125031 0.283125 0.034479
v -0.120709 0.275953 0.042829
v -0.126018 0.273656 0.035426
v -0.125156 0.266703 0.036926
v -0.120060 0.270144 0.044532
v -0.114441 0.272606 0.048839
v -0.118020 0.266257 0.048248
v -0.114032 0.266608 0.050204
v -0.117761 0.259944 0.050652
v -0.114840 0.260311 0.052911
v -0.108592 0.264406 0.046957
v -0.117484 0.258238 0.046970
v -0.119231 0.264025 0.043621
v -0.115123 0.262139 0.042145
v -0.117829 0.254233 0.048731
v -0.118050 0.255340 0.052691
v -0.115149 0.255880 0.055032
v -0.111478 0.254324 0.051605
v -0.110205 0.258263 0.049450
v -0.117229 0.250821 0.049925
v -0.116755 0.251219 0.053525
v -0.114130 0.252186 0.055586
v -0.114434 0.248086 0.053262
v -0.114777 0.247809 0.049667
v -0.111806 0.248925 0.055486
v -0.108823 0.250595 0.051376
v -0.114899 0.255836 0.042856
v -0.119083 0.254566 0.041244
v -0.122442 0.261371 0.040057
v -0.118489 0.253808 0.036740
v -0.122492 0.260435 0.034962
v -0.118766 0.259338 0.033495
v -0.117461 0.247676 0.038010
v -0.117537 0.247244 0.042797
v -0.114145 0.250084 0.044358
v -0.113172 0.243960 0.041948
v -0.113926 0.244533 0.037811
v -0.111105 0.247213 0.043773
v -0.108241 0.242967 0.040267
v -0.108985 0.243383 0.036384
v -0.106128 0.245942 0.042190
v -0.117594 0.253993 0.033518
v -0.121644 0.252656 0.031846
v -0.125401 0.259359 0.031634
v -0.128260 0.264719 0.029308
v -0.120859 0.252866 0.027820
v -0.125339 0.259072 0.027052
v -0.122165 0.259053 0.025597
v -0.118689 0.248708 0.027867
v -0.119487 0.248170 0.032107
v -0.115538 0.250051 0.033495
v -0.115111 0.244360 0.030910
v -0.115793 0.245525 0.027450
v -0.113091 0.247258 0.032507
v -0.111129 0.244019 0.029237
v -0.112013 0.245051 0.025891
v -0.109220 0.246713 0.030978
v -0.120520 0.255505 0.024846
v -0.123187 0.254858 0.020838
v -0.127160 0.258561 0.021940
v -0.118379 0.257562 0.022948
v -0.124438 0.260158 0.018820
v -0.120967 0.256396 0.017972
v -0.120748 0.252234 0.019981
v -0.118099 0.253125 0.023581
v -0.117236 0.250727 0.018766
v -0.115205 0.251503 0.022020
v -0.114636 0.250880 0.017608
v -0.112781 0.251656 0.020771
v -0.115414 0.254432 0.021852
v -0.112350 0.254474 0.020211
v -0.118102 0.253824 0.017223
v -0.114683 0.254056 0.015832
v -0.125873 0.263708 0.018489
v -0.129870 0.263499 0.022358
v -0.130176 0.269615 0.021622
v -0.129185 0.271336 0.028264
v -0.126064 0.269358 0.017085
v -0.129772 0.279644 0.019289
v -0.128790 0.281425 0.027375
v -0.128963 0.288562 0.019205
v -0.129262 0.289866 0.025387
v -0.130423 0.293761 0.017527
v -0.130034 0.295989 0.025043
v -0.125156 0.278749 0.014612
v -0.124118 0.287885 0.014660
v -0.131036 0.302449 0.022308
v -0.130620 0.299555 0.015056
v -0.123792 0.292261 0.013204
v -0.124988 0.298080 0.010511
v -0.124118 0.287885 0.014660
v -0.123792 0.292261 0.013204
v -0.118544 0.291744 0.013221
v -0.118917 0.287682 0.013598
v -0.114181 0.292994 0.016239
v -0.113892 0.288822 0.018192
v -0.110004 0.290431 0.023820
v -0.110166 0.294450 0.021518
v -0.119799 0.278917 0.014634
v -0.125156 0.278749 0.014612
v -0.107951 0.281333 0.027625
v -0.114178 0.280127 0.021023
v -0.101941 0.293193 0.029261
v -0.097763 0.285468 0.033545
v -0.116492 0.270508 0.024205
v -0.121577 0.269800 0.018143
v -0.117527 0.263998 0.023950
v -0.111517 0.266920 0.034984
v -0.110009 0.274383 0.033304
v -0.105346 0.277370 0.036181
v -0.106723 0.276752 0.044740
v -0.108376 0.271439 0.045500
v -0.108592 0.264406 0.046957
v -0.111889 0.261166 0.039992
v -0.110205 0.258263 0.049450
v -0.112816 0.256314 0.045609
v -0.117484 0.258238 0.046970
v -0.115123 0.262139 0.042145
v -0.114899 0.255836 0.042856
v -0.110973 0.255700 0.040231
v -0.111534 0.255625 0.036525
v -0.111494 0.250863 0.038118
v -0.110781 0.250908 0.041723
v -0.114128 0.253906 0.034633
v -0.113575 0.248686 0.035995
v -0.106357 0.248913 0.036769
v -0.105001 0.248748 0.039964
v -0.106128 0.245942 0.042190
v -0.111105 0.247213 0.043773
v -0.107525 0.246542 0.034654
v -0.108985 0.243383 0.036384
v -0.113926 0.244533 0.037811
v -0.113324 0.259178 0.035241
v -0.115815 0.258867 0.031966
v -0.118489 0.253808 0.036740
v -0.118766 0.259338 0.033495
v -0.117594 0.253993 0.033518
v -0.113960 0.254983 0.030632
v -0.114162 0.255488 0.027366
v -0.112496 0.250574 0.027982
v -0.112168 0.250271 0.030820
v -0.116453 0.254002 0.025887
v -0.114519 0.249214 0.026309
v -0.108051 0.249595 0.029122
v -0.109122 0.249681 0.026786
v -0.109220 0.246713 0.030978
v -0.113091 0.247258 0.032507
v -0.110221 0.248256 0.025042
v -0.112013 0.245051 0.025891
v -0.115793 0.245525 0.027450
v -0.116670 0.257937 0.027111
v -0.119618 0.258909 0.024594
v -0.120859 0.252866 0.027820
v -0.122165 0.259053 0.025597
v -0.121403 0.259920 0.020718
v -0.118325 0.258458 0.019441
v -0.120967 0.256396 0.017972
v -0.118102 0.253824 0.017223
v -0.116062 0.255785 0.019000
v -0.118379 0.257562 0.022948
v -0.115414 0.254432 0.021852
v -0.113620 0.255694 0.017972
v -0.112350 0.254474 0.020211
v -0.114683 0.254056 0.015832
v -0.124438 0.260158 0.018820
v -0.121161 0.264180 0.019155
v -0.125873 0.263708 0.018489
v -0.126064 0.269358 0.017085
v -0.109817 0.254524 0.019022
v -0.110670 0.255835 0.016540
v -0.106440 0.253824 0.017279
v -0.107064 0.254414 0.015094
v -0.105351 0.252070 0.016580
v -0.106208 0.251731 0.014103
v -0.108164 0.253177 0.013443
v -0.111989 0.253794 0.014661
v -0.095639 0.281301 0.040218
v -0.097763 0.285468 0.033545
v -0.101092 0.290746 0.041181
v -0.097679 0.285659 0.045139
v -0.094270 0.281731 0.048268
v -0.092609 0.277540 0.044502
v -0.102151 0.283017 0.048019
v -0.110277 0.288335 0.044088
v -0.107644 0.281595 0.046414
v -0.098040 0.279716 0.050683
v -0.101915 0.276219 0.045999
v -0.098265 0.274444 0.047781
v -0.091337 0.279221 0.050585
v -0.095417 0.277144 0.052841
v -0.089644 0.275428 0.051443
v -0.093389 0.273818 0.053461
v -0.086989 0.270525 0.052273
v -0.087992 0.268865 0.047217
v -0.085704 0.266351 0.050627
v -0.085360 0.267193 0.052731
v -0.086598 0.265558 0.054108
v -0.087382 0.264652 0.052127
v -0.090683 0.273966 0.045973
v -0.091136 0.268680 0.054322
v -0.095856 0.271861 0.049848
v -0.092798 0.266697 0.051032
v -0.090313 0.264818 0.052787
v -0.089087 0.265790 0.054646
v -0.106723 0.276752 0.044740
v -0.103181 0.278235 0.039908
v -0.101915 0.276219 0.045999
v -0.097763 0.285468 0.033545
v -0.095639 0.281301 0.040218
v -0.092609 0.277540 0.044502
v -0.098265 0.274444 0.047781
v -0.090683 0.273966 0.045973
v -0.095856 0.271861 0.049848
v -0.087992 0.268865 0.047217
v -0.092798 0.266697 0.051032
v -0.087382 0.264652 0.052127
v -0.085704 0.266351 0.050627
v -0.090313 0.264818 0.052787
v -0.108376 0.271439 0.045500
v -0.106723 0.276752 0.044740
v -0.114822 0.278199 0.047124
v -0.113891 0.295949 0.039608
v -0.114249 0.300744 0.036508
v -0.114101 0.306483 0.033618
v -0.106794 0.296531 0.037128
v -0.108810 0.300626 0.033282
v -0.105834 0.297417 0.027691
v -0.101941 0.293193 0.029261
v -0.106599 0.303283 0.025313
v -0.109783 0.305385 0.030252
v -0.114060 0.252073 0.047865
v -0.117829 0.254233 0.048731
v -0.111478 0.254324 0.051605
v -0.108823 0.250595 0.051376
v -0.111562 0.249177 0.047531
v -0.114777 0.247809 0.049667
v -0.117229 0.250821 0.049925
v -0.108600 0.245553 0.047117
v -0.105759 0.245776 0.052490
v -0.106208 0.241191 0.047316
v -0.108514 0.240091 0.048579
v -0.111159 0.243487 0.048967
v -0.103901 0.241684 0.051920
v -0.107120 0.238958 0.048628
v -0.105597 0.238127 0.051326
v -0.112863 0.245755 0.049293
v -0.107858 0.239705 0.051656
v -0.108514 0.240091 0.048579
v -0.107120 0.238958 0.048628
v -0.105597 0.238127 0.051326
v -0.105954 0.241035 0.054037
v -0.110576 0.243584 0.052405
v -0.111159 0.243487 0.048967
v -0.108504 0.244453 0.054983
v -0.110124 0.246607 0.055506
v -0.105759 0.245776 0.052490
v -0.112543 0.245801 0.053030
v -0.103901 0.241684 0.051920
v -0.112863 0.245755 0.049293
v -0.096331 0.241856 0.032433
v -0.094453 0.242177 0.034566
v -0.096768 0.241479 0.035891
v -0.098384 0.241752 0.032790
v -0.094145 0.243694 0.036900
v -0.095934 0.243996 0.038102
v -0.101491 0.241821 0.037825
v -0.102951 0.242222 0.034431
v -0.100119 0.244514 0.039980
v -0.102908 0.245156 0.041044
v -0.104743 0.241998 0.039106
v -0.105795 0.242713 0.035332
v -0.095991 0.245653 0.033826
v -0.095328 0.246160 0.036609
v -0.094145 0.243694 0.036900
v -0.094453 0.242177 0.034566
v -0.096331 0.241856 0.032433
v -0.097583 0.244206 0.031906
v -0.101437 0.247697 0.035282
v -0.100622 0.247655 0.038578
v -0.103150 0.245447 0.033381
v -0.095934 0.243996 0.038102
v -0.100119 0.244514 0.039980
v -0.098384 0.241752 0.032790
v -0.102951 0.242222 0.034431
v -0.105795 0.242713 0.035332
v -0.102908 0.245156 0.041044
v -0.101764 0.242821 0.024921
v -0.103328 0.243733 0.022935
v -0.101583 0.243787 0.022663
v -0.099897 0.243890 0.024189
v -0.101035 0.245053 0.027238
v -0.099776 0.245006 0.026245
v -0.106095 0.243256 0.026726
v -0.107158 0.244281 0.024030
v -0.104537 0.245514 0.028821
v -0.106717 0.246151 0.029856
v -0.108567 0.243288 0.027988
v -0.109455 0.244741 0.024886
v -0.099776 0.245006 0.026245
v -0.099897 0.243890 0.024189
v -0.101152 0.247345 0.023908
v -0.100507 0.247474 0.026175
v -0.101583 0.243787 0.022663
v -0.102674 0.246217 0.022483
v -0.105145 0.249204 0.025119
v -0.104440 0.248756 0.027808
v -0.106863 0.247561 0.023411
v -0.101035 0.245053 0.027238
v -0.104537 0.245514 0.028821
v -0.103328 0.243733 0.022935
v -0.107158 0.244281 0.024030
v -0.106717 0.246151 0.029856
v -0.109455 0.244741 0.024886
v -0.105351 0.252070 0.016580
v -0.106531 0.251897 0.017380
v -0.107501 0.251119 0.014550
v -0.106208 0.251731 0.014103
v -0.111139 0.251117 0.015977
v -0.109668 0.251880 0.018924
v -0.106440 0.253824 0.017279
v -0.109817 0.254524 0.019022
v -0.108164 0.253177 0.013443
v -0.111989 0.253794 0.014661
v -0.111224 0.251940 0.019814
v -0.112890 0.250888 0.016711
v -0.119386 0.297279 0.010888
v -0.124988 0.298080 0.010511
v -0.114419 0.299026 0.012910
v -0.109746 0.301609 0.019146
v -0.105834 0.297417 0.027691
v -0.106599 0.303283 0.025313
v -0.117461 0.247676 0.038010
v -0.114145 0.250084 0.044358
v -0.118689 0.248708 0.027867
v -0.115538 0.250051 0.033495
v -0.103181 0.278235 0.039908
v -0.102151 0.283017 0.048019
v -0.106723 0.276752 0.044740
v -0.101915 0.276219 0.045999
v 0.098358 0.293913 -0.075922
v 0.097305 0.300817 -0.076602
v 0.096272 0.301544 -0.067583
v 0.098186 0.295384 -0.067403
v 0.098960 0.287553 -0.074539
v 0.099743 0.289762 -0.066590
v 0.101339 0.281984 -0.063978
v 0.100462 0.279363 -0.071884
v 0.104371 0.272942 -0.062756
v 0.102164 0.269960 -0.071386
v 0.103070 0.262916 -0.069239
v 0.105930 0.266857 -0.060747
v 0.105282 0.270171 -0.053920
v 0.106775 0.262571 -0.055984
v 0.105732 0.264032 -0.052040
v 0.105722 0.256232 -0.052772
v 0.105368 0.257391 -0.049265
v 0.099763 0.262554 -0.050061
v 0.102530 0.255190 -0.055069
v 0.103629 0.260300 -0.059642
v 0.100403 0.259620 -0.057876
v 0.102513 0.251128 -0.053305
v 0.105619 0.251593 -0.050655
v 0.105400 0.252906 -0.047134
v 0.100319 0.253289 -0.047176
v 0.099279 0.257629 -0.048542
v 0.101609 0.248021 -0.051444
v 0.103689 0.248078 -0.048454
v 0.103662 0.249770 -0.045425
v 0.100598 0.246333 -0.046668
v 0.098498 0.246480 -0.049616
v 0.100609 0.247918 -0.043499
v 0.096872 0.251354 -0.045174
v 0.097912 0.254433 -0.055518
v 0.099158 0.251778 -0.059138
v 0.102857 0.257258 -0.064015
v 0.095418 0.251508 -0.061814
v 0.098980 0.256174 -0.067289
v 0.096313 0.256156 -0.066045
v 0.093707 0.245885 -0.058678
v 0.096764 0.245211 -0.055082
v 0.096742 0.249041 -0.052527
v 0.092081 0.244290 -0.052089
v 0.090131 0.244750 -0.055831
v 0.093408 0.247972 -0.050393
v 0.087485 0.246127 -0.050183
v 0.085624 0.246434 -0.053682
v 0.088724 0.249586 -0.048307
v 0.092834 0.252621 -0.063742
v 0.093774 0.249728 -0.067166
v 0.098659 0.254430 -0.071606
v 0.099315 0.260199 -0.076321
v 0.090641 0.250564 -0.069688
v 0.095430 0.254197 -0.074789
v 0.092607 0.254889 -0.073659
v 0.087725 0.247841 -0.067221
v 0.090885 0.246692 -0.064466
v 0.090024 0.250044 -0.061453
v 0.085652 0.245413 -0.061522
v 0.084340 0.246365 -0.064864
v 0.086743 0.248776 -0.059935
v 0.081964 0.247345 -0.060324
v 0.080791 0.248069 -0.063662
v 0.083126 0.250465 -0.058637
v 0.090410 0.251679 -0.072412
v 0.089048 0.250601 -0.076948
v 0.092840 0.253764 -0.079675
v 0.087775 0.254017 -0.072301
v 0.088866 0.255575 -0.079844
v 0.085583 0.252428 -0.077350
v 0.086580 0.248365 -0.075372
v 0.087668 0.249678 -0.071147
v 0.082246 0.247908 -0.073057
v 0.083714 0.249068 -0.069619
v 0.080409 0.250016 -0.072510
v 0.081906 0.251081 -0.069243
v 0.085143 0.251094 -0.070537
v 0.083181 0.253493 -0.070241
v 0.083289 0.249994 -0.075474
v 0.081417 0.252641 -0.074818
v 0.089466 0.258815 -0.081379
v 0.094962 0.258706 -0.081947
v 0.094364 0.264814 -0.083085
v 0.098771 0.267037 -0.078217
v 0.088261 0.264354 -0.082795
v 0.091951 0.274656 -0.084951
v 0.097470 0.277044 -0.079175
v 0.091054 0.283757 -0.085087
v 0.095941 0.285398 -0.081432
v 0.090676 0.289762 -0.087578
v 0.096097 0.291944 -0.082366
v 0.085441 0.273566 -0.084319
v 0.084484 0.282929 -0.084254
v 0.094892 0.299320 -0.084070
v 0.089159 0.296939 -0.088824
v 0.083102 0.288176 -0.085419
v 0.082016 0.295391 -0.087757
v 0.084484 0.282929 -0.084254
v 0.080339 0.282780 -0.080946
v 0.079709 0.287573 -0.081464
v 0.083102 0.288176 -0.085419
v 0.079145 0.288733 -0.076198
v 0.080599 0.284283 -0.074227
v 0.082367 0.286288 -0.067740
v 0.080520 0.290096 -0.069721
v 0.082026 0.273895 -0.080199
v 0.085441 0.273566 -0.084319
v 0.083964 0.278830 -0.063417
v 0.083296 0.275731 -0.071900
v 0.081275 0.289522 -0.058241
v 0.082148 0.282962 -0.051691
v 0.087569 0.266300 -0.070989
v 0.086189 0.265006 -0.078705
v 0.088270 0.259760 -0.071498
v 0.092823 0.263984 -0.060204
v 0.090273 0.271011 -0.060486
v 0.089019 0.274835 -0.055923
v 0.096568 0.274246 -0.051517
v 0.098798 0.269223 -0.051386
v 0.099763 0.262554 -0.050061
v 0.096698 0.259030 -0.056837
v 0.099279 0.257629 -0.048542
v 0.097833 0.255311 -0.052772
v 0.102530 0.255190 -0.055069
v 0.100403 0.259620 -0.057876
v 0.097912 0.254433 -0.055518
v 0.093476 0.255890 -0.054793
v 0.091250 0.255787 -0.057809
v 0.091608 0.251375 -0.055929
v 0.093512 0.251469 -0.052786
v 0.091125 0.253319 -0.060484
v 0.090573 0.248630 -0.058158
v 0.086676 0.252470 -0.053382
v 0.087822 0.252752 -0.050114
v 0.088724 0.249586 -0.048307
v 0.093408 0.247972 -0.050393
v 0.084991 0.250030 -0.055014
v 0.085624 0.246434 -0.053682
v 0.090131 0.244750 -0.055831
v 0.094051 0.256583 -0.060802
v 0.093350 0.256113 -0.064910
v 0.095418 0.251508 -0.061814
v 0.096313 0.256156 -0.066045
v 0.092834 0.252621 -0.063742
v 0.088955 0.255353 -0.063840
v 0.087074 0.255952 -0.066496
v 0.084757 0.252248 -0.063819
v 0.086302 0.251923 -0.061427
v 0.086970 0.253703 -0.068638
v 0.084343 0.250237 -0.065933
v 0.082486 0.253691 -0.060154
v 0.081664 0.253423 -0.062575
v 0.083126 0.250465 -0.058637
v 0.086743 0.248776 -0.059935
v 0.080567 0.251801 -0.064141
v 0.080791 0.248069 -0.063662
v 0.084340 0.246365 -0.064864
v 0.090283 0.254755 -0.068619
v 0.090249 0.254858 -0.072367
v 0.090641 0.250564 -0.069688
v 0.092607 0.254889 -0.073659
v 0.088437 0.255482 -0.076288
v 0.085170 0.254878 -0.074662
v 0.085583 0.252428 -0.077350
v 0.083289 0.249994 -0.075474
v 0.084082 0.252154 -0.073245
v 0.087775 0.254017 -0.072301
v 0.085143 0.251094 -0.070537
v 0.083239 0.254021 -0.073041
v 0.083181 0.253493 -0.070241
v 0.081417 0.252641 -0.074818
v 0.088866 0.255575 -0.079844
v 0.086903 0.259488 -0.077354
v 0.089466 0.258815 -0.081379
v 0.088261 0.264354 -0.082795
v 0.081291 0.255492 -0.069727
v 0.081062 0.256418 -0.072501
v 0.078181 0.257649 -0.068942
v 0.077557 0.258150 -0.071148
v 0.076114 0.257293 -0.068352
v 0.074828 0.257047 -0.070649
v 0.076302 0.256916 -0.072689
v 0.079258 0.254522 -0.074108
v 0.085706 0.278909 -0.046446
v 0.091242 0.282357 -0.044246
v 0.090173 0.288341 -0.049377
v 0.082148 0.282962 -0.051691
v 0.091235 0.277517 -0.040583
v 0.086853 0.274035 -0.042369
v 0.095981 0.279689 -0.046632
v 0.098236 0.285972 -0.054666
v 0.098430 0.279152 -0.051148
v 0.095239 0.275475 -0.042556
v 0.093589 0.273470 -0.049072
v 0.092585 0.270973 -0.045549
v 0.090987 0.274340 -0.037666
v 0.095028 0.272180 -0.039928
v 0.090589 0.270561 -0.035926
v 0.094267 0.268792 -0.037937
v 0.089676 0.265736 -0.033161
v 0.085927 0.264137 -0.036727
v 0.087456 0.261639 -0.032906
v 0.089060 0.262452 -0.031487
v 0.090834 0.260752 -0.031745
v 0.089570 0.259856 -0.033465
v 0.086521 0.269168 -0.039752
v 0.093588 0.263715 -0.035488
v 0.092514 0.266820 -0.041939
v 0.091667 0.261740 -0.038639
v 0.091723 0.259913 -0.035566
v 0.092646 0.260890 -0.033543
v 0.096568 0.274246 -0.051517
v 0.093589 0.273470 -0.049072
v 0.090282 0.275989 -0.052363
v 0.082148 0.282962 -0.051691
v 0.085706 0.278909 -0.046446
v 0.086853 0.274035 -0.042369
v 0.092585 0.270973 -0.045549
v 0.086521 0.269168 -0.039752
v 0.092514 0.266820 -0.041939
v 0.085927 0.264137 -0.036727
v 0.091667 0.261740 -0.038639
v 0.089570 0.259856 -0.033465
v 0.087456 0.261639 -0.032906
v 0.091723 0.259913 -0.035566
v 0.103827 0.275666 -0.055654
v 0.096568 0.274246 -0.051517
v 0.098798 0.269223 -0.051386
v 0.096785 0.292594 -0.060906
v 0.094464 0.296373 -0.062954
v 0.092210 0.301261 -0.063576
v 0.090311 0.293188 -0.057096
v 0.088478 0.296179 -0.060956
v 0.082346 0.292955 -0.062401
v 0.081275 0.289522 -0.058241
v 0.080999 0.298133 -0.063762
v 0.086822 0.300097 -0.062678
v 0.098773 0.250716 -0.051259
v 0.102513 0.251128 -0.053305
v 0.100319 0.253289 -0.047176
v 0.096872 0.251354 -0.045174
v 0.095685 0.249456 -0.049566
v 0.098498 0.246480 -0.049616
v 0.101609 0.248021 -0.051444
v 0.091891 0.247665 -0.047452
v 0.093420 0.248326 -0.041601
v 0.088519 0.244874 -0.045076
v 0.090320 0.242675 -0.045300
v 0.093791 0.244413 -0.047202
v 0.090047 0.245650 -0.040195
v 0.088937 0.242300 -0.044217
v 0.089225 0.241847 -0.041055
v 0.096108 0.245592 -0.048383
v 0.091605 0.242165 -0.042448
v 0.089225 0.241847 -0.041055
v 0.088937 0.242300 -0.044217
v 0.090320 0.242675 -0.045300
v 0.092404 0.243833 -0.039682
v 0.095558 0.244240 -0.044200
v 0.093791 0.244413 -0.047202
v 0.096164 0.245547 -0.041098
v 0.098496 0.246634 -0.042055
v 0.093420 0.248326 -0.041601
v 0.098209 0.245210 -0.045298
v 0.090047 0.245650 -0.040195
v 0.096108 0.245592 -0.048383
v 0.074516 0.251986 -0.048798
v 0.075978 0.250809 -0.049708
v 0.076855 0.251140 -0.046328
v 0.074865 0.253042 -0.046164
v 0.076851 0.254292 -0.044635
v 0.078874 0.253526 -0.044861
v 0.081197 0.248833 -0.047740
v 0.080092 0.248718 -0.051285
v 0.082924 0.251651 -0.046046
v 0.085630 0.250672 -0.047061
v 0.084129 0.247201 -0.048733
v 0.082661 0.247596 -0.052414
v 0.076878 0.255279 -0.048600
v 0.074865 0.253042 -0.046164
v 0.076851 0.254292 -0.044635
v 0.078488 0.255813 -0.046239
v 0.074516 0.251986 -0.048798
v 0.075992 0.253391 -0.050591
v 0.082114 0.254094 -0.051274
v 0.083717 0.254193 -0.048281
v 0.080960 0.251457 -0.053097
v 0.078874 0.253526 -0.044861
v 0.082924 0.251651 -0.046046
v 0.075978 0.250809 -0.049708
v 0.080092 0.248718 -0.051285
v 0.082661 0.247596 -0.052414
v 0.085630 0.250672 -0.047061
v 0.072865 0.251589 -0.057682
v 0.071720 0.253534 -0.057425
v 0.071717 0.252710 -0.059548
v 0.072942 0.251732 -0.060364
v 0.074921 0.253650 -0.056130
v 0.073480 0.254355 -0.056118
v 0.076896 0.249542 -0.059015
v 0.076253 0.250109 -0.061967
v 0.078308 0.252078 -0.057145
v 0.080607 0.251390 -0.057838
v 0.079250 0.248169 -0.059538
v 0.078427 0.249227 -0.062814
v 0.073480 0.254355 -0.056118
v 0.074985 0.256080 -0.057301
v 0.073850 0.255842 -0.059355
v 0.071720 0.253534 -0.057425
v 0.071717 0.252710 -0.059548
v 0.073354 0.254223 -0.061015
v 0.077920 0.255237 -0.061337
v 0.079038 0.254976 -0.058764
v 0.077132 0.253104 -0.063182
v 0.074921 0.253650 -0.056130
v 0.078308 0.252078 -0.057145
v 0.072942 0.251732 -0.060364
v 0.076253 0.250109 -0.061967
v 0.080607 0.251390 -0.057838
v 0.078427 0.249227 -0.062814
v 0.076114 0.257293 -0.068352
v 0.074828 0.257047 -0.070649
v 0.075321 0.255648 -0.070865
v 0.077044 0.256199 -0.068360
v 0.077912 0.252891 -0.071839
v 0.079457 0.253740 -0.068955
v 0.078181 0.257649 -0.068942
v 0.081291 0.255492 -0.069727
v 0.076302 0.256916 -0.072689
v 0.079258 0.254522 -0.074108
v 0.080773 0.252540 -0.069174
v 0.079042 0.251393 -0.072206
v 0.078591 0.294154 -0.083409
v 0.082016 0.295391 -0.087757
v 0.076835 0.295380 -0.078191
v 0.078442 0.297149 -0.070337
v 0.082346 0.292955 -0.062401
v 0.080999 0.298133 -0.063762
v 0.093707 0.245885 -0.058678
v 0.096742 0.249041 -0.052527
v 0.087725 0.247841 -0.067221
v 0.090024 0.250044 -0.061453
v 0.090282 0.275989 -0.052363
v 0.095981 0.279689 -0.046632
v 0.093589 0.273470 -0.049072
v 0.096568 0.274246 -0.051517
v 0.009845 0.499592 0.037709
v 0.008396 0.495485 0.036809
v 0.009003 0.494893 0.036424
v 0.012522 0.497492 0.035470
v 0.013038 0.494530 0.033052
v 0.009452 0.494424 0.035881
v 0.004142 0.497881 0.039790
v 0.001024 0.495975 0.040143
v 0.001267 0.492927 0.038432
v 0.004214 0.494089 0.038363
v -0.000740 0.494406 0.039869
v -0.000464 0.491975 0.038172
v -0.002549 0.492934 0.039351
v -0.002027 0.490855 0.037561
v 0.006805 0.495023 0.037620
v 0.007399 0.498998 0.038790
v 0.008396 0.495485 0.036809
v 0.009845 0.499592 0.037709
v -0.003596 0.490043 0.037527
v -0.004112 0.491849 0.039060
v -0.005679 0.490971 0.038752
v -0.005120 0.489514 0.037473
v -0.005120 0.489514 0.037473
v -0.005679 0.490971 0.038752
v -0.007238 0.491482 0.038382
v -0.025643 0.504758 0.032103
v -0.028003 0.503391 0.029077
v -0.025799 0.499958 0.030926
v -0.025196 0.500375 0.031500
v -0.028576 0.500588 0.026489
v -0.026177 0.499610 0.030253
v -0.021537 0.501617 0.035718
v -0.022231 0.497937 0.034171
v -0.019886 0.496004 0.035067
v -0.019327 0.498935 0.036903
v -0.018072 0.496928 0.037100
v -0.018494 0.494597 0.035295
v -0.016677 0.494987 0.037085
v -0.017198 0.493060 0.035131
v -0.024115 0.499523 0.032728
v -0.023900 0.503553 0.033839
v -0.025196 0.500375 0.031500
v -0.025643 0.504758 0.032103
v -0.015981 0.491843 0.035532
v -0.015465 0.493500 0.037227
v -0.014188 0.492207 0.037363
v -0.014721 0.490909 0.035913
v -0.014721 0.490909 0.035913
v -0.012512 0.492247 0.037499
v -0.014188 0.492207 0.037363
vt 0.782400 0.808800
vt 0.806000 0.851600
vt 0.779500 0.851600
vt 0.796200 0.869500
vt 0.777200 0.870300
vt 0.765700 0.850900
vt 0.769200 0.870300
vt 0.762800 0.809600
vt 0.813100 0.870700
vt 0.825600 0.839200
vt 0.811200 0.833700
vt 0.823300 0.865600
vt 0.815200 0.808800
vt 0.840500 0.808800
vt 0.844000 0.830600
vt 0.855800 0.823000
vt 0.863000 0.809600
vt 0.874500 0.825100
vt 0.890000 0.809600
vt 0.854400 0.835300
vt 0.839900 0.808800
vt 0.844000 0.830600
vt 0.855800 0.823000
vt 0.863000 0.809600
vt 0.815200 0.808800
vt 0.825600 0.839200
vt 0.806000 0.851600
vt 0.854400 0.835300
vt 0.874500 0.825100
vt 0.890000 0.809600
vt 0.823300 0.865600
vt 0.813100 0.870700
vt 0.796200 0.870300
vt 0.779500 0.851600
vt 0.777200 0.870300
vt 0.765700 0.850900
vt 0.762800 0.809600
vt 0.782300 0.808900
vt 0.782400 0.808800
vt 0.769200 0.870300
vt 0.760500 0.791700
vt 0.764900 0.792700
vt 0.760100 0.796100
vt 0.761500 0.761000
vt 0.771500 0.792700
vt 0.759100 0.797500
vt 0.774100 0.801300
vt 0.792800 0.791400
vt 0.793600 0.797700
vt 0.761500 0.801300
vt 0.773600 0.761000
vt 0.774100 0.730800
vt 0.761500 0.730800
vt 0.793300 0.730800
vt 0.793100 0.761300
vt 0.809800 0.784400
vt 0.808700 0.761000
vt 0.772600 0.786600
vt 0.809100 0.730800
vt 0.824200 0.761000
vt 0.825000 0.730800
vt 0.839900 0.761000
vt 0.839200 0.730800
vt 0.839400 0.782800
vt 0.823300 0.791300
vt 0.838800 0.791200
vt 0.808100 0.792400
vt 0.808300 0.801300
vt 0.822500 0.801300
vt 0.838400 0.801300
vt 0.846700 0.792200
vt 0.855000 0.801300
vt 0.859700 0.790800
vt 0.848100 0.762100
vt 0.855700 0.764200
vt 0.876200 0.801900
vt 0.867100 0.793500
vt 0.871900 0.781500
vt 0.871300 0.793100
vt 0.885100 0.761500
vt 0.883900 0.796900
vt 0.883700 0.792000
vt 0.871800 0.761500
vt 0.885100 0.730800
vt 0.871800 0.730800
vt 0.854200 0.730800
vt 0.885600 0.797700
vt 0.886000 0.802200
vt 0.793800 0.798900
vt 0.793300 0.801300
vt 0.782400 0.808800
vt 0.779500 0.851600
vt 0.806000 0.851600
vt 0.796200 0.869500
vt 0.777200 0.870300
vt 0.765700 0.850900
vt 0.769200 0.870300
vt 0.762800 0.809600
vt 0.813100 0.870700
vt 0.825600 0.839200
vt 0.811200 0.833700
vt 0.823300 0.865600
vt 0.815200 0.808800
vt 0.840500 0.808800
vt 0.844000 0.830600
vt 0.855800 0.823000
vt 0.863000 0.809600
vt 0.874500 0.825100
vt 0.890000 0.809600
vt 0.854400 0.835300
vt 0.839900 0.808800
vt 0.863000 0.809600
vt 0.855800 0.823000
vt 0.844000 0.830600
vt 0.815200 0.808800
vt 0.825600 0.839200
vt 0.806000 0.851600
vt 0.854400 0.835300
vt 0.874500 0.825100
vt 0.890000 0.809600
vt 0.823300 0.865600
vt 0.813100 0.870700
vt 0.796200 0.870300
vt 0.779500 0.851600
vt 0.777200 0.870300
vt 0.765700 0.850900
vt 0.762800 0.809600
vt 0.782300 0.808900
vt 0.782400 0.808800
vt 0.769200 0.870300
vt 0.760500 0.791700
vt 0.760100 0.796100
vt 0.764900 0.792700
vt 0.761500 0.761000
vt 0.771500 0.792700
vt 0.759100 0.797500
vt 0.774100 0.801300
vt 0.792800 0.791400
vt 0.793600 0.797700
vt 0.761500 0.801300
vt 0.773600 0.761000
vt 0.774100 0.730800
vt 0.761500 0.730800
vt 0.793300 0.730800
vt 0.793100 0.761300
vt 0.809800 0.784400
vt 0.808700 0.761000
vt 0.772600 0.786600
vt 0.809100 0.730800
vt 0.824200 0.761000
vt 0.825000 0.730800
vt 0.839900 0.761000
vt 0.839200 0.730800
vt 0.839400 0.782800
vt 0.808100 0.792400
vt 0.823300 0.791300
vt 0.838800 0.791200
vt 0.808300 0.801300
vt 0.822500 0.801300
vt 0.838400 0.801300
vt 0.846700 0.792200
vt 0.855000 0.801300
vt 0.859700 0.790800
vt 0.848100 0.762100
vt 0.855700 0.764200
vt 0.876200 0.801900
vt 0.867100 0.793500
vt 0.871900 0.781500
vt 0.871300 0.793100
vt 0.885100 0.761500
vt 0.883900 0.796900
vt 0.883700 0.792000
vt 0.871800 0.761500
vt 0.885100 0.730800
vt 0.871800 0.730800
vt 0.854200 0.730800
vt 0.885600 0.797700
vt 0.886000 0.802200
vt 0.793800 0.798900
vt 0.793300 0.801300
vt 0.169400 0.620900
vt 0.127300 0.624100
vt 0.169400 0.607700
vt 0.127300 0.643000
vt 0.093100 0.643000
vt 0.093100 0.633700
vt 0.169400 0.643000
vt 0.210500 0.643000
vt 0.210500 0.621100
vt 0.250300 0.624500
vt 0.250300 0.604900
vt 0.285500 0.608000
vt 0.285500 0.589600
vt 0.285500 0.565800
vt 0.250300 0.590800
vt 0.314200 0.577600
vt 0.314200 0.565800
vt 0.210500 0.603600
vt 0.250300 0.643000
vt 0.285500 0.620000
vt 0.285500 0.643000
vt 0.314200 0.628500
vt 0.314200 0.610000
vt 0.330000 0.612800
vt 0.329000 0.604400
vt 0.329000 0.565800
vt 0.314200 0.591800
vt 0.250300 0.578900
vt 0.210500 0.588600
vt 0.210500 0.579200
vt 0.169400 0.598300
vt 0.169400 0.607700
vt 0.210500 0.565800
vt 0.250300 0.566000
vt 0.169400 0.583400
vt 0.169400 0.565800
vt 0.169400 0.583400
vt 0.127300 0.572400
vt 0.127300 0.565800
vt 0.127300 0.583900
vt 0.093100 0.576000
vt 0.093100 0.592000
vt 0.127300 0.599800
vt 0.169400 0.598300
vt 0.058700 0.565800
vt 0.058700 0.590400
vt 0.059000 0.604000
vt 0.058700 0.623000
vt 0.093100 0.615800
vt 0.023900 0.630200
vt 0.023900 0.643000
vt 0.010000 0.643000
vt 0.058700 0.643000
vt 0.093100 0.621800
vt 0.023900 0.604400
vt 0.093100 0.566300
vt 0.127300 0.607700
vt 0.127300 0.613100
vt 0.010400 0.620900
vt 0.011000 0.612700
vt 0.010000 0.604400
vt 0.023900 0.593300
vt 0.010000 0.565800
vt 0.023900 0.565800
vt 0.920800 0.814700
vt 0.918800 0.815400
vt 0.915500 0.812500
vt 0.920300 0.820400
vt 0.923300 0.822000
vt 0.918300 0.824100
vt 0.912000 0.810500
vt 0.911700 0.813900
vt 0.919700 0.829700
vt 0.914600 0.823800
vt 0.915800 0.831600
vt 0.914300 0.827500
vt 0.910300 0.825900
vt 0.912000 0.833500
vt 0.903100 0.814700
vt 0.911700 0.813900
vt 0.907200 0.815700
vt 0.902800 0.818100
vt 0.900200 0.822300
vt 0.904800 0.822400
vt 0.904800 0.822400
vt 0.905600 0.825600
vt 0.904200 0.829700
vt 0.909900 0.825800
vt 0.908100 0.831600
vt 0.908800 0.828100
vt 0.910300 0.825900
vt 0.314200 0.634400
vt 0.314200 0.643000
vt 0.329000 0.643000
vt 0.330000 0.620800
vt 0.281500 0.500900
vt 0.274900 0.495700
vt 0.294300 0.492500
vt 0.296600 0.497300
vt 0.277800 0.530000
vt 0.272000 0.530700
vt 0.275500 0.548400
vt 0.270200 0.552900
vt 0.288100 0.506100
vt 0.299700 0.502000
vt 0.302000 0.514900
vt 0.302500 0.522800
vt 0.310200 0.511100
vt 0.309700 0.553700
vt 0.294500 0.548600
vt 0.308200 0.548800
vt 0.298100 0.543900
vt 0.306700 0.543900
vt 0.349200 0.554600
vt 0.341000 0.549200
vt 0.304500 0.534200
vt 0.332700 0.543900
vt 0.325000 0.499400
vt 0.320600 0.502700
vt 0.318600 0.533500
vt 0.312000 0.516500
vt 0.318600 0.533500
vt 0.316000 0.508100
vt 0.318400 0.495300
vt 0.314300 0.503700
vt 0.310200 0.511100
vt 0.312000 0.516500
vt 0.299700 0.502000
vt 0.322400 0.491200
vt 0.329500 0.496100
vt 0.326500 0.487100
vt 0.309500 0.494300
vt 0.309000 0.498700
vt 0.314300 0.503700
vt 0.310400 0.489800
vt 0.302500 0.522800
vt 0.302000 0.514900
vt 0.300400 0.534600
vt 0.297500 0.531400
vt 0.310200 0.511100
vt 0.286700 0.543800
vt 0.280800 0.543800
vt 0.302500 0.522800
vt 0.283600 0.529200
vt 0.283600 0.529200
vt 0.302500 0.522800
vt 0.425100 0.790400
vt 0.425100 0.820700
vt 0.437500 0.820700
vt 0.437500 0.790400
vt 0.450500 0.820700
vt 0.450500 0.790400
vt 0.437500 0.852100
vt 0.425100 0.852100
vt 0.450500 0.852100
vt 0.437500 0.882400
vt 0.425100 0.882400
vt 0.450500 0.882400
vt 0.437500 0.910500
vt 0.425100 0.910500
vt 0.450500 0.910500
vt 0.437500 0.938400
vt 0.425100 0.938400
vt 0.450500 0.938400
vt 0.437500 0.963800
vt 0.425100 0.963800
vt 0.450500 0.963800
vt 0.437500 0.991900
vt 0.425100 0.991900
vt 0.450500 0.991900
vt 0.450500 0.790400
vt 0.450500 0.820700
vt 0.437500 0.820700
vt 0.437500 0.790400
vt 0.425100 0.820700
vt 0.425100 0.790400
vt 0.437500 0.852100
vt 0.450500 0.852100
vt 0.425100 0.852100
vt 0.437500 0.882400
vt 0.450500 0.882400
vt 0.425100 0.882400
vt 0.437500 0.910500
vt 0.450500 0.910500
vt 0.425100 0.910500
vt 0.437500 0.938400
vt 0.450500 0.938400
vt 0.425100 0.938400
vt 0.437500 0.963800
vt 0.450500 0.963800
vt 0.425100 0.963800
vt 0.437500 0.991900
vt 0.450500 0.991900
vt 0.425100 0.991900
vt 0.425100 0.705900
vt 0.425100 0.733800
vt 0.437500 0.733800
vt 0.437500 0.705900
vt 0.450500 0.733800
vt 0.450500 0.705900
vt 0.437500 0.763000
vt 0.425100 0.763000
vt 0.450500 0.763000
vt 0.450500 0.705900
vt 0.450500 0.733800
vt 0.437500 0.733800
vt 0.437500 0.705900
vt 0.425100 0.733800
vt 0.425100 0.705900
vt 0.437500 0.763000
vt 0.450500 0.763000
vt 0.425100 0.763000
vt 0.425100 0.882400
vt 0.425100 0.910500
vt 0.437500 0.910500
vt 0.437500 0.882400
vt 0.450500 0.910500
vt 0.450500 0.882400
vt 0.437500 0.938400
vt 0.425100 0.938400
vt 0.450500 0.938400
vt 0.437500 0.882400
vt 0.437500 0.938400
vt 0.450500 0.882400
vt 0.450500 0.910500
vt 0.437500 0.910500
vt 0.437500 0.882400
vt 0.425100 0.910500
vt 0.425100 0.882400
vt 0.437500 0.938400
vt 0.450500 0.938400
vt 0.425100 0.938400
vt 0.425100 0.882400
vt 0.425100 0.910500
vt 0.437500 0.910500
vt 0.437500 0.882400
vt 0.450500 0.910500
vt 0.450500 0.882400
vt 0.437500 0.938400
vt 0.425100 0.938400
vt 0.450500 0.938400
vt 0.437500 0.882400
vt 0.437500 0.938400
vt 0.450500 0.882400
vt 0.450500 0.910500
vt 0.437500 0.910500
vt 0.437500 0.882400
vt 0.425100 0.910500
vt 0.425100 0.882400
vt 0.437500 0.938400
vt 0.450500 0.938400
vt 0.425100 0.938400
vt 0.425100 0.790400
vt 0.437500 0.790400
vt 0.437500 0.820700
vt 0.425100 0.820700
vt 0.450500 0.820700
vt 0.450500 0.790400
vt 0.437500 0.852100
vt 0.425100 0.852100
vt 0.450500 0.852100
vt 0.437500 0.882400
vt 0.425100 0.882400
vt 0.450500 0.882400
vt 0.437500 0.910500
vt 0.425100 0.910500
vt 0.450500 0.910500
vt 0.437500 0.938400
vt 0.425100 0.938400
vt 0.450500 0.938400
vt 0.437500 0.963800
vt 0.425100 0.963800
vt 0.450500 0.963800
vt 0.437500 0.991900
vt 0.425100 0.991900
vt 0.450500 0.991900
vt 0.450500 0.790400
vt 0.437500 0.790400
vt 0.437500 0.820700
vt 0.450500 0.820700
vt 0.425100 0.820700
vt 0.425100 0.790400
vt 0.437500 0.852100
vt 0.450500 0.852100
vt 0.425100 0.852100
vt 0.437500 0.882400
vt 0.450500 0.882400
vt 0.425100 0.882400
vt 0.437500 0.910500
vt 0.450500 0.910500
vt 0.425100 0.910500
vt 0.437500 0.938400
vt 0.450500 0.938400
vt 0.425100 0.938400
vt 0.437500 0.963800
vt 0.450500 0.963800
vt 0.425100 0.963800
vt 0.437500 0.991900
vt 0.450500 0.991900
vt 0.425100 0.991900
vt 0.425100 0.705900
vt 0.437500 0.705900
vt 0.437500 0.733800
vt 0.425100 0.733800
vt 0.450500 0.733800
vt 0.450500 0.705900
vt 0.437500 0.763000
vt 0.425100 0.763000
vt 0.450500 0.763000
vt 0.450500 0.705900
vt 0.437500 0.705900
vt 0.437500 0.733800
vt 0.450500 0.733800
vt 0.425100 0.733800
vt 0.425100 0.705900
vt 0.437500 0.763000
vt 0.450500 0.763000
vt 0.425100 0.763000
vt 0.425100 0.882400
vt 0.437500 0.882400
vt 0.437500 0.910500
vt 0.425100 0.910500
vt 0.450500 0.910500
vt 0.450500 0.882400
vt 0.437500 0.938400
vt 0.425100 0.938400
vt 0.450500 0.938400
vt 0.437500 0.882400
vt 0.437500 0.938400
vt 0.450500 0.882400
vt 0.437500 0.882400
vt 0.437500 0.910500
vt 0.450500 0.910500
vt 0.425100 0.910500
vt 0.425100 0.882400
vt 0.437500 0.938400
vt 0.450500 0.938400
vt 0.425100 0.938400
vt 0.425100 0.882400
vt 0.437500 0.882400
vt 0.437500 0.910500
vt 0.425100 0.910500
vt 0.450500 0.910500
vt 0.450500 0.882400
vt 0.437500 0.938400
vt 0.425100 0.938400
vt 0.450500 0.938400
vt 0.437500 0.882400
vt 0.437500 0.938400
vt 0.450500 0.882400
vt 0.437500 0.882400
vt 0.437500 0.910500
vt 0.450500 0.910500
vt 0.425100 0.910500
vt 0.425100 0.882400
vt 0.437500 0.938400
vt 0.450500 0.938400
vt 0.425100 0.938400
vt 0.356300 0.647200
vt 0.345400 0.693400
vt 0.366500 0.693400
vt 0.345400 0.647200
vt 0.366500 0.647200
vt 0.374200 0.693400
vt 0.377700 0.647200
vt 0.388900 0.693400
vt 0.389900 0.647200
vt 0.394500 0.693400
vt 0.402400 0.647200
vt 0.407100 0.693400
vt 0.416500 0.693400
vt 0.416200 0.647200
vt 0.428400 0.693400
vt 0.430300 0.647200
vt 0.439500 0.647200
vt 0.445500 0.693400
vt 0.448300 0.647200
vt 0.467200 0.647200
vt 0.467200 0.693400
vt 0.356300 0.647200
vt 0.345400 0.693400
vt 0.345400 0.647200
vt 0.366500 0.693400
vt 0.366500 0.647200
vt 0.369400 0.693400
vt 0.377700 0.647200
vt 0.374200 0.693400
vt 0.388900 0.693400
vt 0.389900 0.647200
vt 0.394500 0.693400
vt 0.402300 0.647200
vt 0.416500 0.693400
vt 0.416200 0.647200
vt 0.428400 0.693400
vt 0.430300 0.647200
vt 0.439400 0.647200
vt 0.445500 0.693400
vt 0.448300 0.647200
vt 0.467200 0.647200
vt 0.467200 0.693400
vt 0.046600 0.533200
vt 0.078200 0.516000
vt 0.078200 0.491800
vt 0.046600 0.499300
vt 0.010200 0.502700
vt 0.010200 0.550400
vt 0.108600 0.496900
vt 0.108600 0.482800
vt 0.147000 0.468500
vt 0.078200 0.437500
vt 0.078200 0.468500
vt 0.108600 0.452000
vt 0.108600 0.468500
vt 0.147000 0.468500
vt 0.046600 0.424800
vt 0.046600 0.468500
vt 0.010200 0.415400
vt 0.010200 0.468500
vt 0.046600 0.424800
vt 0.078200 0.437500
vt 0.078200 0.415000
vt 0.046600 0.392200
vt 0.108600 0.452000
vt 0.108600 0.437100
vt 0.147000 0.468500
vt 0.010200 0.415400
vt 0.010200 0.377000
vt 0.046600 0.468500
vt 0.010200 0.468500
vt 0.010200 0.485600
vt 0.046600 0.483900
vt 0.010200 0.502700
vt 0.046600 0.499300
vt 0.078200 0.480100
vt 0.078200 0.491800
vt 0.108600 0.475600
vt 0.108600 0.482800
vt 0.147000 0.468500
vt 0.078200 0.468500
vt 0.108600 0.468500
vt 0.046600 0.499300
vt 0.046600 0.483900
vt 0.010200 0.485600
vt 0.010200 0.502700
vt 0.046600 0.468500
vt 0.062400 0.482000
vt 0.062400 0.468500
vt 0.010200 0.468500
vt 0.078200 0.480100
vt 0.062400 0.495500
vt 0.078200 0.491800
vt 0.093400 0.477900
vt 0.093400 0.487300
vt 0.093400 0.468500
vt 0.078200 0.468500
vt 0.108600 0.482800
vt 0.108600 0.475600
vt 0.127800 0.472100
vt 0.127800 0.475600
vt 0.127800 0.468500
vt 0.108600 0.468500
vt 0.147000 0.468500
vt 0.078200 0.516000
vt 0.078200 0.491800
vt 0.062400 0.495500
vt 0.062400 0.524600
vt 0.093400 0.506500
vt 0.093400 0.487300
vt 0.108600 0.496900
vt 0.108600 0.482800
vt 0.127800 0.475600
vt 0.127800 0.482700
vt 0.046600 0.499300
vt 0.046600 0.533200
vt 0.010200 0.550400
vt 0.010200 0.502700
vt 0.147000 0.468500
vt 0.108600 0.452000
vt 0.108600 0.437100
vt 0.093400 0.426000
vt 0.093400 0.444800
vt 0.127800 0.452800
vt 0.127800 0.460200
vt 0.078200 0.415000
vt 0.078200 0.437500
vt 0.062400 0.403600
vt 0.062400 0.431200
vt 0.046600 0.392200
vt 0.046600 0.424800
vt 0.010200 0.415400
vt 0.010200 0.377000
vt 0.147000 0.468500
vt 0.147000 0.468500
vt 0.127800 0.460200
vt 0.127800 0.464400
vt 0.127800 0.466400
vt 0.127800 0.468500
vt 0.108600 0.452000
vt 0.108600 0.460200
vt 0.108600 0.464400
vt 0.108600 0.468500
vt 0.093400 0.444800
vt 0.108600 0.460200
vt 0.093400 0.456600
vt 0.078200 0.453000
vt 0.078200 0.437500
vt 0.078200 0.460700
vt 0.093400 0.462500
vt 0.078200 0.468500
vt 0.093400 0.468500
vt 0.108600 0.468500
vt 0.108600 0.464400
vt 0.078200 0.437500
vt 0.062400 0.431200
vt 0.062400 0.449800
vt 0.078200 0.453000
vt 0.062400 0.459100
vt 0.078200 0.460700
vt 0.062400 0.468500
vt 0.078200 0.468500
vt 0.046600 0.424800
vt 0.046600 0.446700
vt 0.046600 0.457600
vt 0.046600 0.468500
vt 0.046600 0.457600
vt 0.010200 0.468500
vt 0.010200 0.455200
vt 0.046600 0.446700
vt 0.010200 0.441900
vt 0.046600 0.424800
vt 0.010200 0.415400
vt 0.402800 0.525400
vt 0.429000 0.537400
vt 0.429000 0.548400
vt 0.402800 0.534100
vt 0.402800 0.514000
vt 0.429000 0.521600
vt 0.453200 0.527500
vt 0.453200 0.546800
vt 0.429000 0.559400
vt 0.453200 0.559200
vt 0.453200 0.571600
vt 0.471000 0.565800
vt 0.471000 0.579500
vt 0.499500 0.576200
vt 0.499500 0.591000
vt 0.402800 0.542800
vt 0.471000 0.552200
vt 0.499500 0.561300
vt 0.499500 0.537100
vt 0.471000 0.531000
vt 0.402800 0.514000
vt 0.402800 0.502700
vt 0.429000 0.505800
vt 0.429000 0.521600
vt 0.402800 0.489600
vt 0.429000 0.488000
vt 0.402800 0.485600
vt 0.429000 0.482800
vt 0.453200 0.508200
vt 0.453200 0.527500
vt 0.453200 0.479800
vt 0.453200 0.486700
vt 0.402800 0.439900
vt 0.429000 0.421300
vt 0.429000 0.446100
vt 0.402800 0.459600
vt 0.453200 0.407400
vt 0.453200 0.434900
vt 0.453200 0.450000
vt 0.429000 0.458200
vt 0.402800 0.468100
vt 0.471000 0.462200
vt 0.471000 0.477200
vt 0.453200 0.479800
vt 0.453200 0.465100
vt 0.471000 0.445000
vt 0.453200 0.450000
vt 0.379000 0.499000
vt 0.364300 0.497400
vt 0.364300 0.493400
vt 0.379000 0.490900
vt 0.402800 0.502700
vt 0.379000 0.505300
vt 0.402800 0.514000
vt 0.402800 0.489600
vt 0.379000 0.488200
vt 0.402800 0.485600
vt 0.364300 0.492000
vt 0.349600 0.495900
vt 0.364300 0.500600
vt 0.453200 0.465100
vt 0.429000 0.470300
vt 0.429000 0.458200
vt 0.453200 0.450000
vt 0.453200 0.479800
vt 0.429000 0.482800
vt 0.402800 0.476600
vt 0.402800 0.468100
vt 0.402800 0.485600
vt 0.379000 0.482900
vt 0.379000 0.478200
vt 0.402800 0.468100
vt 0.402800 0.476600
vt 0.379000 0.488200
vt 0.364300 0.489400
vt 0.364300 0.492000
vt 0.402800 0.485600
vt 0.364300 0.487000
vt 0.349600 0.495900
vt 0.379000 0.511700
vt 0.379000 0.516700
vt 0.364300 0.506300
vt 0.364300 0.503800
vt 0.402800 0.525400
vt 0.379000 0.505300
vt 0.402800 0.514000
vt 0.402800 0.534100
vt 0.349600 0.495900
vt 0.364300 0.500600
vt 0.379000 0.521800
vt 0.364300 0.508800
vt 0.402800 0.542800
vt 0.349600 0.495900
vt 0.364300 0.484700
vt 0.364300 0.487000
vt 0.364300 0.479400
vt 0.379000 0.473500
vt 0.379000 0.478200
vt 0.402800 0.459600
vt 0.402800 0.439900
vt 0.379000 0.463000
vt 0.402800 0.468100
vt 0.499500 0.457900
vt 0.499500 0.472600
vt 0.471000 0.477200
vt 0.471000 0.462200
vt 0.499500 0.438300
vt 0.471000 0.445000
vt 0.471000 0.427900
vt 0.471000 0.398300
vt 0.499500 0.384700
vt 0.499500 0.418600
vt 0.499500 0.438300
vt 0.471000 0.445000
vt 0.453200 0.434900
vt 0.453200 0.407400
vt 0.054300 0.427900
vt 0.078200 0.437500
vt 0.078200 0.453000
vt 0.056100 0.448500
vt 0.078200 0.468500
vt 0.058600 0.468500
vt 0.035200 0.445200
vt 0.037700 0.422500
vt 0.010200 0.415400
vt 0.010200 0.441900
vt 0.031000 0.468500
vt 0.010200 0.468500
vt 0.108600 0.452000
vt 0.108600 0.460200
vt 0.093400 0.456600
vt 0.093400 0.444800
vt 0.078200 0.453000
vt 0.093400 0.468500
vt 0.078200 0.468500
vt 0.078200 0.437500
vt 0.108600 0.468500
vt 0.108600 0.452000
vt 0.127800 0.460200
vt 0.127800 0.464400
vt 0.108600 0.460200
vt 0.127800 0.468500
vt 0.108600 0.468500
vt 0.147000 0.468500
vt 0.057600 0.527200
vt 0.060400 0.496000
vt 0.078200 0.491800
vt 0.078200 0.516000
vt 0.035300 0.538500
vt 0.014400 0.502300
vt 0.010200 0.502700
vt 0.010200 0.550400
vt 0.108600 0.468500
vt 0.127800 0.468500
vt 0.127800 0.475600
vt 0.108600 0.482800
vt 0.147000 0.468500
vt 0.093400 0.487300
vt 0.093400 0.468500
vt 0.078200 0.468500
vt 0.078200 0.491800
vt 0.108600 0.482800
vt 0.108600 0.437100
vt 0.127800 0.452800
vt 0.127800 0.456500
vt 0.108600 0.444600
vt 0.127800 0.458400
vt 0.108600 0.448300
vt 0.127800 0.460200
vt 0.108600 0.452000
vt 0.147000 0.468500
vt 0.078200 0.415000
vt 0.093400 0.426000
vt 0.093400 0.435400
vt 0.078200 0.426200
vt 0.093400 0.440100
vt 0.078200 0.431900
vt 0.093400 0.444800
vt 0.078200 0.437500
vt 0.108600 0.437100
vt 0.108600 0.444600
vt 0.108600 0.448300
vt 0.108600 0.452000
vt 0.057600 0.400100
vt 0.078200 0.415000
vt 0.078200 0.426200
vt 0.055700 0.413600
vt 0.078200 0.431900
vt 0.055000 0.420700
vt 0.078200 0.437500
vt 0.054300 0.427900
vt 0.036200 0.405000
vt 0.035300 0.387500
vt 0.010200 0.377000
vt 0.010200 0.396200
vt 0.036900 0.413800
vt 0.010200 0.405800
vt 0.037700 0.422500
vt 0.010200 0.415400
vt 0.078200 0.491800
vt 0.060400 0.496000
vt 0.058600 0.468500
vt 0.078200 0.468500
vt 0.014400 0.502300
vt 0.031000 0.468500
vt 0.010200 0.468500
vt 0.010200 0.502700
vt 0.078200 0.491800
vt 0.093400 0.487300
vt 0.093400 0.506500
vt 0.078200 0.516000
vt 0.108600 0.482800
vt 0.108600 0.496900
vt 0.108600 0.482800
vt 0.127800 0.475600
vt 0.127800 0.482700
vt 0.108600 0.496900
vt 0.147000 0.468500
vt 0.379000 0.499000
vt 0.349600 0.495900
vt 0.379000 0.482900
vt 0.400100 0.502200
vt 0.394800 0.478700
vt 0.471000 0.427900
vt 0.441700 0.441100
vt 0.440200 0.415700
vt 0.471000 0.398300
vt 0.499500 0.418600
vt 0.499500 0.384700
vt 0.393900 0.464900
vt 0.397400 0.445100
vt 0.379000 0.473500
vt 0.379000 0.463000
vt 0.349600 0.495900
vt 0.471000 0.462200
vt 0.435500 0.469500
vt 0.441700 0.441100
vt 0.471000 0.427900
vt 0.499500 0.457900
vt 0.499500 0.418600
vt 0.426400 0.505500
vt 0.435500 0.469500
vt 0.471000 0.462200
vt 0.471000 0.509900
vt 0.499500 0.513000
vt 0.499500 0.457900
vt 0.400100 0.502200
vt 0.394800 0.478700
vt 0.471000 0.552200
vt 0.429200 0.536800
vt 0.426400 0.505500
vt 0.471000 0.509900
vt 0.499500 0.561300
vt 0.499500 0.513000
vt 0.400500 0.524100
vt 0.400100 0.502200
vt 0.379000 0.521800
vt 0.379000 0.511700
vt 0.400500 0.524100
vt 0.397400 0.538100
vt 0.349600 0.495900
vt 0.429200 0.536800
vt 0.440200 0.564300
vt 0.379000 0.511700
vt 0.349600 0.495900
vt 0.379000 0.499000
vt 0.400500 0.524100
vt 0.400100 0.502200
vt 0.471000 0.552200
vt 0.471000 0.579500
vt 0.440200 0.564300
vt 0.429200 0.536800
vt 0.499500 0.591000
vt 0.499500 0.561300
vt 0.393900 0.464900
vt 0.394800 0.478700
vt 0.379000 0.482900
vt 0.379000 0.473500
vt 0.349600 0.495900
vt 0.441700 0.441100
vt 0.435500 0.469500
vt 0.108600 0.482800
vt 0.108600 0.496900
vt 0.127800 0.482700
vt 0.127800 0.475600
vt 0.127800 0.468500
vt 0.108600 0.468500
vt 0.078100 0.492800
vt 0.078100 0.515900
vt 0.078100 0.492800
vt 0.078100 0.468500
vt 0.147000 0.468500
vt 0.147000 0.468500
vt 0.127800 0.452800
vt 0.127800 0.460200
vt 0.108600 0.437100
vt 0.108600 0.452000
vt 0.078100 0.437700
vt 0.078100 0.416500
vt 0.108600 0.452000
vt 0.078100 0.437700
vt 0.078100 0.453100
vt 0.108600 0.460200
vt 0.078100 0.468500
vt 0.108600 0.468500
vt 0.127800 0.464400
vt 0.127800 0.468500
vt 0.127800 0.460200
vt 0.147000 0.468500
vt 0.078100 0.492800
vt 0.108600 0.482800
vt 0.108600 0.468500
vt 0.078100 0.468500
vt 0.147000 0.468500
vt 0.078100 0.492800
vt 0.078100 0.515400
vt 0.108600 0.496900
vt 0.108600 0.482800
vt 0.147000 0.468500
vt 0.147000 0.468500
vt 0.108600 0.437100
vt 0.108600 0.452000
vt 0.078100 0.415900
vt 0.078100 0.437700
vt 0.147000 0.468500
vt 0.108600 0.452000
vt 0.108600 0.460200
vt 0.078100 0.453100
vt 0.108600 0.468500
vt 0.078100 0.468500
vt 0.078100 0.437700
vt 0.206800 0.498600
vt 0.236500 0.461300
vt 0.247700 0.467800
vt 0.230300 0.512200
vt 0.263100 0.424300
vt 0.263100 0.424300
vt 0.258500 0.474100
vt 0.247700 0.467800
vt 0.254300 0.526100
vt 0.230300 0.512200
vt 0.209300 0.500000
vt 0.183400 0.485000
vt 0.224200 0.454200
vt 0.237800 0.462100
vt 0.263100 0.424300
vt 0.209300 0.500000
vt 0.237800 0.462100
vt 0.248100 0.468100
vt 0.232000 0.513200
vt 0.263100 0.424300
vt 0.263100 0.424300
vt 0.260400 0.475200
vt 0.254300 0.471600
vt 0.243100 0.519600
vt 0.248100 0.468100
vt 0.232000 0.513200
vt 0.254300 0.526100
vt 0.206800 0.498600
vt 0.195100 0.491800
vt 0.230800 0.458000
vt 0.236500 0.461300
vt 0.263100 0.424300
vt 0.183400 0.485000
vt 0.225100 0.454700
vt 0.217400 0.503000
vt 0.263100 0.424100
vt 0.197900 0.491700
vt 0.236500 0.514100
vt 0.263100 0.424100
vt 0.217400 0.503000
vt 0.263100 0.424100
vt 0.184600 0.483900
vt 0.197900 0.491700
vt 0.236500 0.514100
vt 0.253800 0.524100
vt 0.263100 0.424100
vt 0.209300 0.500000
vt 0.183400 0.485000
vt 0.224200 0.454200
vt 0.237800 0.462100
vt 0.263100 0.424300
vt 0.209300 0.500000
vt 0.237800 0.462100
vt 0.248100 0.468100
vt 0.232000 0.513200
vt 0.263100 0.424300
vt 0.263100 0.424300
vt 0.260400 0.475200
vt 0.248100 0.468100
vt 0.254300 0.526100
vt 0.232000 0.513200
vt 0.206800 0.498600
vt 0.236500 0.461300
vt 0.247700 0.467800
vt 0.230300 0.512200
vt 0.263100 0.424300
vt 0.263100 0.424300
vt 0.258500 0.474100
vt 0.247700 0.467800
vt 0.254300 0.526100
vt 0.230300 0.512200
vt 0.206800 0.498600
vt 0.183400 0.485000
vt 0.225100 0.454700
vt 0.236500 0.461300
vt 0.263100 0.424300
vt 0.206800 0.498600
vt 0.236500 0.461300
vt 0.247700 0.467800
vt 0.230300 0.512200
vt 0.263100 0.424300
vt 0.263100 0.424300
vt 0.258500 0.474100
vt 0.247700 0.467800
vt 0.254300 0.526100
vt 0.230300 0.512200
vt 0.206800 0.498600
vt 0.183400 0.485000
vt 0.225100 0.454700
vt 0.236500 0.461300
vt 0.263100 0.424300
vt 0.264100 0.424300
vt 0.259300 0.476500
vt 0.250600 0.471400
vt 0.235300 0.515400
vt 0.241800 0.466300
vt 0.220400 0.506800
vt 0.250100 0.524100
vt 0.220400 0.506800
vt 0.196300 0.492800
vt 0.230300 0.459700
vt 0.241800 0.466300
vt 0.264100 0.424300
vt 0.196300 0.492800
vt 0.182400 0.484800
vt 0.220600 0.454100
vt 0.230300 0.459700
vt 0.264100 0.424300
vt 0.471000 0.509800
vt 0.471000 0.531300
vt 0.410700 0.516300
vt 0.410700 0.503100
vt 0.349600 0.495900
vt 0.471000 0.552700
vt 0.410700 0.529400
vt 0.471000 0.509800
vt 0.410700 0.503100
vt 0.410700 0.474000
vt 0.471000 0.462600
vt 0.349600 0.495900
vt 0.349600 0.495900
vt 0.410700 0.455900
vt 0.410700 0.474000
vt 0.471000 0.427600
vt 0.471000 0.462600
vt 0.471000 0.552700
vt 0.471000 0.579200
vt 0.410700 0.549900
vt 0.410700 0.529400
vt 0.349600 0.495900
vt 0.349600 0.495900
vt 0.410700 0.432200
vt 0.410700 0.455900
vt 0.471000 0.398800
vt 0.471000 0.427600
vt 0.349600 0.495900
vt 0.410700 0.455900
vt 0.410700 0.464900
vt 0.471000 0.445100
vt 0.410700 0.474000
vt 0.471000 0.462600
vt 0.471000 0.427600
vt 0.349600 0.495900
vt 0.410700 0.432200
vt 0.410700 0.455900
vt 0.471000 0.398800
vt 0.471000 0.427600
vt 0.471000 0.509800
vt 0.410700 0.503100
vt 0.410700 0.474000
vt 0.471000 0.462600
vt 0.349600 0.495900
vt 0.471000 0.509800
vt 0.471000 0.552700
vt 0.410700 0.529400
vt 0.410700 0.503100
vt 0.349600 0.495900
vt 0.471000 0.552700
vt 0.471000 0.579200
vt 0.410700 0.549900
vt 0.410700 0.529400
vt 0.349600 0.495900
vt 0.471000 0.462200
vt 0.471000 0.509900
vt 0.410700 0.503900
vt 0.410700 0.474500
vt 0.349600 0.495900
vt 0.499500 0.513000
vt 0.499500 0.457900
vt 0.471000 0.462200
vt 0.410700 0.474500
vt 0.410700 0.455000
vt 0.471000 0.427900
vt 0.349600 0.495900
vt 0.499500 0.457900
vt 0.499500 0.418600
vt 0.349600 0.495900
vt 0.410700 0.432200
vt 0.410700 0.455000
vt 0.471000 0.398300
vt 0.471000 0.427900
vt 0.499500 0.418600
vt 0.499500 0.384700
vt 0.349600 0.495900
vt 0.410700 0.529900
vt 0.410700 0.549900
vt 0.471000 0.552200
vt 0.471000 0.579500
vt 0.499500 0.591000
vt 0.499500 0.561300
vt 0.471000 0.509900
vt 0.471000 0.552200
vt 0.410700 0.529900
vt 0.410700 0.503900
vt 0.349600 0.495900
vt 0.499500 0.561300
vt 0.499500 0.513000
vt 0.589500 0.361200
vt 0.583800 0.383800
vt 0.583800 0.361200
vt 0.589500 0.383800
vt 0.589500 0.344200
vt 0.583800 0.344200
vt 0.583800 0.408300
vt 0.589500 0.408300
vt 0.589500 0.427800
vt 0.583800 0.427800
vt 0.608300 0.463100
vt 0.613300 0.463100
vt 0.613500 0.427900
vt 0.608800 0.427900
vt 0.608400 0.489600
vt 0.613900 0.489600
vt 0.609100 0.385400
vt 0.613300 0.385400
vt 0.607200 0.353200
vt 0.609100 0.351900
vt 0.609100 0.351900
vt 0.606100 0.351900
vt 0.605200 0.463100
vt 0.605300 0.427900
vt 0.600800 0.427900
vt 0.600200 0.463100
vt 0.604600 0.489600
vt 0.599100 0.489600
vt 0.605700 0.385400
vt 0.601700 0.385400
vt 0.606100 0.351900
vt 0.603700 0.351900
vt 0.605300 0.427900
vt 0.608800 0.427900
vt 0.609100 0.385400
vt 0.605700 0.385400
vt 0.605200 0.463100
vt 0.608300 0.463100
vt 0.604600 0.489600
vt 0.608400 0.489600
vt 0.606100 0.351900
vt 0.607200 0.353200
vt 0.410700 0.529900
vt 0.447300 0.545000
vt 0.447300 0.568900
vt 0.410700 0.549900
vt 0.410700 0.516900
vt 0.447300 0.526300
vt 0.410700 0.503900
vt 0.447300 0.507700
vt 0.473400 0.531700
vt 0.473400 0.553100
vt 0.499500 0.561300
vt 0.499500 0.537100
vt 0.473400 0.510300
vt 0.499500 0.513000
vt 0.473400 0.580000
vt 0.473400 0.553100
vt 0.447300 0.568900
vt 0.447300 0.545000
vt 0.499500 0.591000
vt 0.379000 0.463000
vt 0.379000 0.473500
vt 0.349600 0.495900
vt 0.410700 0.432200
vt 0.410700 0.455000
vt 0.410700 0.455000
vt 0.410700 0.432200
vt 0.447300 0.410400
vt 0.447300 0.437300
vt 0.473400 0.397600
vt 0.473400 0.427900
vt 0.499500 0.384700
vt 0.499500 0.418600
vt 0.410700 0.549900
vt 0.379000 0.521800
vt 0.379000 0.511700
vt 0.410700 0.529900
vt 0.349600 0.495900
vt 0.379000 0.505300
vt 0.410700 0.516900
vt 0.379000 0.499000
vt 0.410700 0.503900
vt 0.499500 0.457900
vt 0.473400 0.462000
vt 0.473400 0.427900
vt 0.499500 0.418600
vt 0.447300 0.466000
vt 0.447300 0.437300
vt 0.410700 0.474500
vt 0.410700 0.455000
vt 0.499500 0.485400
vt 0.473400 0.462000
vt 0.473400 0.486200
vt 0.499500 0.513000
vt 0.473400 0.510300
vt 0.447300 0.507700
vt 0.447300 0.486900
vt 0.447300 0.466000
vt 0.379000 0.473500
vt 0.379000 0.482900
vt 0.349600 0.495900
vt 0.410700 0.455000
vt 0.410700 0.474500
vt 0.410700 0.489200
vt 0.379000 0.490900
vt 0.410700 0.503900
vt 0.379000 0.499000
vt 0.447300 0.507700
vt 0.410700 0.503900
vt 0.410700 0.489200
vt 0.447300 0.486900
vt 0.410700 0.474500
vt 0.447300 0.466000
vt 0.471000 0.509900
vt 0.471000 0.462200
vt 0.499500 0.457900
vt 0.499500 0.513000
vt 0.447300 0.466000
vt 0.447300 0.507700
vt 0.447300 0.517000
vt 0.471000 0.520500
vt 0.499500 0.525100
vt 0.410700 0.503900
vt 0.410700 0.474500
vt 0.379000 0.482900
vt 0.379000 0.499000
vt 0.349600 0.495900
vt 0.471000 0.531000
vt 0.447300 0.526300
vt 0.410700 0.510200
vt 0.410700 0.516900
vt 0.379000 0.503500
vt 0.379000 0.505300
vt 0.379000 0.511700
vt 0.410700 0.529900
vt 0.447300 0.545000
vt 0.499500 0.537100
vt 0.499500 0.561300
vt 0.471000 0.552200
vt 0.379000 0.482900
vt 0.349600 0.495900
vt 0.379000 0.478200
vt 0.410700 0.464800
vt 0.410700 0.474500
vt 0.447300 0.451600
vt 0.447300 0.466000
vt 0.379000 0.473500
vt 0.410700 0.455000
vt 0.471000 0.445000
vt 0.447300 0.437300
vt 0.471000 0.427900
vt 0.499500 0.434700
vt 0.499500 0.418600
vt 0.471000 0.552200
vt 0.471000 0.559000
vt 0.447300 0.551000
vt 0.447300 0.545000
vt 0.499500 0.561300
vt 0.499500 0.568700
vt 0.471000 0.565800
vt 0.447300 0.556900
vt 0.410700 0.537200
vt 0.410700 0.539900
vt 0.379000 0.515300
vt 0.379000 0.516700
vt 0.471000 0.579500
vt 0.447300 0.568900
vt 0.410700 0.549900
vt 0.499500 0.591000
vt 0.499500 0.576200
vt 0.379000 0.521800
vt 0.349600 0.495900
vt 0.379000 0.511700
vt 0.410700 0.529900
vt 0.447300 0.410400
vt 0.471000 0.398300
vt 0.471000 0.427900
vt 0.447300 0.437300
vt 0.410700 0.432200
vt 0.410700 0.455000
vt 0.379000 0.463000
vt 0.379000 0.473500
vt 0.349600 0.495900
vt 0.499500 0.418600
vt 0.499500 0.384700
vt 0.499500 0.561300
vt 0.499500 0.591000
vt 0.447300 0.568900
vt 0.447300 0.545000
vt 0.410700 0.549900
vt 0.410700 0.529900
vt 0.379000 0.521800
vt 0.379000 0.511700
vt 0.349600 0.495900
vt 0.349600 0.495900
vt 0.379000 0.463000
vt 0.379000 0.473500
vt 0.410700 0.432200
vt 0.410700 0.455000
vt 0.447300 0.437300
vt 0.447300 0.410400
vt 0.499500 0.384700
vt 0.499500 0.418600
vt 0.499500 0.513000
vt 0.499500 0.537100
vt 0.447300 0.526300
vt 0.447300 0.507700
vt 0.410700 0.516900
vt 0.410700 0.503900
vt 0.379000 0.505300
vt 0.379000 0.499000
vt 0.349600 0.495900
vt 0.379000 0.499000
vt 0.379000 0.482900
vt 0.410700 0.474500
vt 0.410700 0.503900
vt 0.447300 0.466000
vt 0.447300 0.507700
vt 0.499500 0.457900
vt 0.499500 0.513000
vt 0.349600 0.495900
vt 0.379000 0.473500
vt 0.379000 0.478200
vt 0.410700 0.464800
vt 0.379000 0.482900
vt 0.410700 0.474500
vt 0.447300 0.451600
vt 0.447300 0.466000
vt 0.499500 0.438300
vt 0.499500 0.457900
vt 0.410700 0.455000
vt 0.447300 0.437300
vt 0.499500 0.418600
vt 0.471000 0.509900
vt 0.410700 0.504400
vt 0.410700 0.489200
vt 0.471000 0.486000
vt 0.410700 0.474000
vt 0.380200 0.492500
vt 0.380200 0.484900
vt 0.471000 0.462100
vt 0.349600 0.495900
vt 0.380200 0.500100
vt 0.349600 0.495900
vt 0.380200 0.464000
vt 0.380200 0.475400
vt 0.410700 0.432200
vt 0.410700 0.455000
vt 0.471000 0.427900
vt 0.471000 0.398300
vt 0.471000 0.509900
vt 0.471000 0.552200
vt 0.410700 0.529900
vt 0.410700 0.504400
vt 0.380200 0.512900
vt 0.380200 0.500100
vt 0.349600 0.495900
vt 0.471000 0.462100
vt 0.410700 0.474000
vt 0.410700 0.464500
vt 0.471000 0.445000
vt 0.380200 0.480200
vt 0.380200 0.484900
vt 0.410700 0.455000
vt 0.471000 0.427900
vt 0.380200 0.475400
vt 0.349600 0.495900
vt 0.410700 0.529900
vt 0.471000 0.552200
vt 0.471000 0.579700
vt 0.410700 0.549900
vt 0.380200 0.522900
vt 0.380200 0.512900
vt 0.349600 0.495900
vt 0.499500 0.537100
vt 0.471000 0.531000
vt 0.471000 0.509900
vt 0.499500 0.513000
vt 0.471000 0.486000
vt 0.499500 0.485400
vt 0.499500 0.513000
vt 0.471000 0.509900
vt 0.471000 0.477200
vt 0.499500 0.472600
vt 0.453200 0.527500
vt 0.453200 0.508200
vt 0.471000 0.531000
vt 0.471000 0.445000
vt 0.453200 0.450000
vt 0.453200 0.434900
vt 0.471000 0.427900
vt 0.447300 0.526300
vt 0.499500 0.537100
vt 0.499500 0.561300
vt 0.447300 0.545000
vt 0.410700 0.516900
vt 0.410700 0.529900
vt 0.379000 0.505300
vt 0.379000 0.511700
vt 0.349600 0.495900
vt 0.453200 0.546800
vt 0.453200 0.527500
vt 0.471000 0.531000
vt 0.471000 0.552200
vt 0.453200 0.508200
vt 0.453200 0.486700
vt 0.471000 0.486000
vt 0.471000 0.509900
vt 0.471000 0.477200
vt 0.453200 0.479800
vt 0.608300 0.463100
vt 0.613300 0.463100
vt 0.613500 0.427900
vt 0.608800 0.427900
vt 0.608400 0.489600
vt 0.613900 0.489600
vt 0.609100 0.385400
vt 0.613300 0.385400
vt 0.607200 0.353200
vt 0.609100 0.351900
vt 0.609100 0.351900
vt 0.606100 0.351900
vt 0.605200 0.463100
vt 0.605300 0.427900
vt 0.600800 0.427900
vt 0.600200 0.463100
vt 0.604600 0.489600
vt 0.599100 0.489600
vt 0.605700 0.385400
vt 0.601700 0.385400
vt 0.606100 0.351900
vt 0.603700 0.351900
vt 0.605300 0.427900
vt 0.608800 0.427900
vt 0.609100 0.385400
vt 0.605700 0.385400
vt 0.605200 0.463100
vt 0.608300 0.463100
vt 0.604600 0.489600
vt 0.608400 0.489600
vt 0.606100 0.351900
vt 0.607200 0.353200
vt 0.349600 0.495900
vt 0.395900 0.479500
vt 0.395100 0.490800
vt 0.394600 0.501700
vt 0.426200 0.471300
vt 0.426000 0.488400
vt 0.426000 0.488400
vt 0.425500 0.505400
vt 0.426200 0.471300
vt 0.471000 0.462400
vt 0.471000 0.486300
vt 0.426000 0.488400
vt 0.471000 0.510200
vt 0.425500 0.505400
vt 0.471000 0.510200
vt 0.471000 0.531200
vt 0.425700 0.520400
vt 0.425500 0.505400
vt 0.471000 0.552200
vt 0.425800 0.535500
vt 0.394300 0.511200
vt 0.394600 0.501700
vt 0.349600 0.495900
vt 0.395200 0.521300
vt 0.471000 0.552200
vt 0.471000 0.566100
vt 0.423900 0.545600
vt 0.425800 0.535500
vt 0.471000 0.580000
vt 0.422600 0.555800
vt 0.395200 0.528700
vt 0.395200 0.521300
vt 0.349600 0.495900
vt 0.396000 0.536900
vt 0.349600 0.495900
vt 0.396000 0.447500
vt 0.396500 0.464700
vt 0.395900 0.479500
vt 0.422600 0.425500
vt 0.423400 0.449500
vt 0.471000 0.398300
vt 0.471000 0.427900
vt 0.471000 0.462400
vt 0.426200 0.471300
vt 0.395900 0.479500
vt 0.396500 0.464700
vt 0.023900 0.643000
vt 0.010000 0.643000
vt 0.010000 0.643000
vt 0.023900 0.643000
vt 0.058700 0.643000
vt 0.023900 0.643000
vt 0.023900 0.643000
vt 0.058700 0.643000
vt 0.127300 0.643000
vt 0.093100 0.643000
vt 0.093100 0.643000
vt 0.127300 0.643000
vt 0.169400 0.643000
vt 0.156300 0.643000
vt 0.169400 0.643000
vt 0.093100 0.643000
vt 0.084600 0.643000
vt 0.093100 0.643000
vt 0.058700 0.643000
vt 0.058700 0.643000
vt 0.084600 0.643000
vt 0.093100 0.643000
vt 0.058700 0.643000
vt 0.084600 0.643000
vt 0.127300 0.643000
vt 0.127300 0.643000
vt 0.156300 0.643000
vt 0.169400 0.643000
vt 0.127300 0.643000
vt 0.156300 0.643000
vt 0.023900 0.643000
vt 0.023900 0.643000
vt 0.010000 0.643000
vt 0.010000 0.643000
vt 0.058700 0.643000
vt 0.058700 0.643000
vt 0.023900 0.643000
vt 0.023900 0.643000
vt 0.127300 0.643000
vt 0.127300 0.643000
vt 0.093100 0.643000
vt 0.093100 0.643000
vt 0.169400 0.643000
vt 0.169400 0.643000
vt 0.156300 0.643000
vt 0.093100 0.643000
vt 0.093100 0.643000
vt 0.084600 0.643000
vt 0.058700 0.643000
vt 0.084600 0.643000
vt 0.058700 0.643000
vt 0.093100 0.643000
vt 0.084600 0.643000
vt 0.058700 0.643000
vt 0.127300 0.643000
vt 0.156300 0.643000
vt 0.127300 0.643000
vt 0.169400 0.643000
vt 0.156300 0.643000
vt 0.127300 0.643000
vt 0.518000 0.477300
vt 0.512000 0.517500
vt 0.524000 0.517500
vt 0.529400 0.477300
vt 0.546100 0.517400
vt 0.549500 0.477600
vt 0.523900 0.429500
vt 0.529400 0.477300
vt 0.534200 0.429500
vt 0.529300 0.379600
vt 0.536800 0.379600
vt 0.531600 0.325100
vt 0.536700 0.325100
vt 0.535800 0.293000
vt 0.538900 0.293000
vt 0.542900 0.275300
vt 0.549500 0.477600
vt 0.552000 0.430400
vt 0.552000 0.430400
vt 0.549300 0.379600
vt 0.545200 0.325100
vt 0.553600 0.380300
vt 0.548400 0.326400
vt 0.544100 0.293000
vt 0.547000 0.292100
vt 0.568100 0.379600
vt 0.559600 0.325100
vt 0.551200 0.291700
vt 0.554500 0.293000
vt 0.571100 0.379600
vt 0.564000 0.325100
vt 0.551200 0.291700
vt 0.559600 0.325100
vt 0.547000 0.292100
vt 0.548400 0.326400
vt 0.568100 0.379600
vt 0.574600 0.429500
vt 0.572200 0.429600
vt 0.553600 0.380300
vt 0.560300 0.429700
vt 0.552000 0.430400
vt 0.572200 0.429600
vt 0.584400 0.477300
vt 0.576500 0.477200
vt 0.560300 0.429700
vt 0.564000 0.477400
vt 0.552000 0.430400
vt 0.549500 0.477600
vt 0.576500 0.477200
vt 0.593100 0.517500
vt 0.565000 0.517500
vt 0.564000 0.477400
vt 0.549500 0.477600
vt 0.546100 0.517400
vt 0.518000 0.477300
vt 0.529400 0.477300
vt 0.524000 0.517500
vt 0.512000 0.517500
vt 0.546100 0.517400
vt 0.549500 0.477600
vt 0.523900 0.429500
vt 0.529400 0.477300
vt 0.534200 0.429500
vt 0.529300 0.379600
vt 0.536800 0.379600
vt 0.531600 0.325100
vt 0.536700 0.325100
vt 0.535800 0.293000
vt 0.538900 0.293000
vt 0.542900 0.275300
vt 0.549500 0.477600
vt 0.552000 0.430400
vt 0.552000 0.430400
vt 0.549300 0.379600
vt 0.545200 0.325100
vt 0.553600 0.380300
vt 0.548400 0.326400
vt 0.544100 0.293000
vt 0.547000 0.292100
vt 0.568100 0.379600
vt 0.559600 0.325100
vt 0.551200 0.291700
vt 0.554500 0.293000
vt 0.571100 0.379600
vt 0.564000 0.325100
vt 0.551200 0.291700
vt 0.559600 0.325100
vt 0.547000 0.292100
vt 0.548400 0.326400
vt 0.568100 0.379600
vt 0.574600 0.429500
vt 0.572200 0.429600
vt 0.553600 0.380300
vt 0.560300 0.429700
vt 0.552000 0.430400
vt 0.572200 0.429600
vt 0.584400 0.477300
vt 0.576500 0.477200
vt 0.560300 0.429700
vt 0.564000 0.477400
vt 0.552000 0.430400
vt 0.549500 0.477600
vt 0.576500 0.477200
vt 0.593100 0.517500
vt 0.565000 0.517500
vt 0.564000 0.477400
vt 0.549500 0.477600
vt 0.546100 0.517400
vt 0.518000 0.477300
vt 0.518000 0.477200
vt 0.512200 0.517500
vt 0.512000 0.517500
vt 0.524000 0.517500
vt 0.512000 0.517500
vt 0.512200 0.517500
vt 0.523300 0.517500
vt 0.546100 0.517400
vt 0.548100 0.517400
vt 0.523900 0.429500
vt 0.523900 0.429400
vt 0.518000 0.477200
vt 0.518000 0.477300
vt 0.529300 0.379600
vt 0.529300 0.379900
vt 0.523900 0.429400
vt 0.523900 0.429500
vt 0.531600 0.325100
vt 0.529300 0.379900
vt 0.531600 0.325500
vt 0.535800 0.293000
vt 0.531600 0.325500
vt 0.535800 0.293500
vt 0.542900 0.275300
vt 0.535800 0.293500
vt 0.542900 0.275700
vt 0.554500 0.293000
vt 0.542900 0.275700
vt 0.554400 0.293500
vt 0.564000 0.325100
vt 0.554400 0.293500
vt 0.564000 0.325600
vt 0.571100 0.379600
vt 0.564000 0.325600
vt 0.571100 0.379600
vt 0.593100 0.517500
vt 0.593100 0.517300
vt 0.584400 0.477300
vt 0.584400 0.477300
vt 0.584400 0.477300
vt 0.574600 0.429300
vt 0.574600 0.429500
vt 0.574600 0.429300
vt 0.571100 0.379600
vt 0.571100 0.379600
vt 0.565000 0.517500
vt 0.546100 0.517400
vt 0.548100 0.517400
vt 0.565800 0.517500
vt 0.593100 0.517500
vt 0.565000 0.517500
vt 0.565800 0.517500
vt 0.593100 0.517300
vt 0.518000 0.477300
vt 0.529400 0.477300
vt 0.524000 0.517500
vt 0.512000 0.517500
vt 0.546100 0.517400
vt 0.549500 0.477600
vt 0.523900 0.429500
vt 0.529400 0.477300
vt 0.534200 0.429500
vt 0.529300 0.379600
vt 0.536800 0.379600
vt 0.531600 0.325100
vt 0.536700 0.325100
vt 0.535800 0.293000
vt 0.538900 0.293000
vt 0.542900 0.275300
vt 0.549500 0.477600
vt 0.552000 0.430400
vt 0.552000 0.430400
vt 0.549300 0.379600
vt 0.545200 0.325100
vt 0.553600 0.380300
vt 0.548400 0.326400
vt 0.544100 0.293000
vt 0.547000 0.292100
vt 0.568100 0.379600
vt 0.559600 0.325100
vt 0.551200 0.291700
vt 0.554500 0.293000
vt 0.571100 0.379600
vt 0.564000 0.325100
vt 0.551200 0.291700
vt 0.559600 0.325100
vt 0.547000 0.292100
vt 0.548400 0.326400
vt 0.568100 0.379600
vt 0.574600 0.429500
vt 0.572200 0.429600
vt 0.553600 0.380300
vt 0.560300 0.429700
vt 0.552000 0.430400
vt 0.572200 0.429600
vt 0.584400 0.477300
vt 0.576500 0.477200
vt 0.560300 0.429700
vt 0.564000 0.477400
vt 0.552000 0.430400
vt 0.549500 0.477600
vt 0.576500 0.477200
vt 0.593100 0.517500
vt 0.565000 0.517500
vt 0.564000 0.477400
vt 0.549500 0.477600
vt 0.546100 0.517400
vt 0.518000 0.477300
vt 0.512000 0.517500
vt 0.524000 0.517500
vt 0.529400 0.477300
vt 0.546100 0.517400
vt 0.549500 0.477600
vt 0.523900 0.429500
vt 0.529400 0.477300
vt 0.534200 0.429500
vt 0.529300 0.379600
vt 0.536800 0.379600
vt 0.531600 0.325100
vt 0.536700 0.325100
vt 0.535800 0.293000
vt 0.538900 0.293000
vt 0.542900 0.275300
vt 0.549500 0.477600
vt 0.552000 0.430400
vt 0.552000 0.430400
vt 0.549300 0.379600
vt 0.545200 0.325100
vt 0.553600 0.380300
vt 0.548400 0.326400
vt 0.544100 0.293000
vt 0.547000 0.292100
vt 0.568100 0.379600
vt 0.559600 0.325100
vt 0.551200 0.291700
vt 0.554500 0.293000
vt 0.571100 0.379600
vt 0.564000 0.325100
vt 0.551200 0.291700
vt 0.559600 0.325100
vt 0.547000 0.292100
vt 0.548400 0.326400
vt 0.568100 0.379600
vt 0.574600 0.429500
vt 0.572200 0.429600
vt 0.553600 0.380300
vt 0.560300 0.429700
vt 0.552000 0.430400
vt 0.572200 0.429600
vt 0.584400 0.477300
vt 0.576500 0.477200
vt 0.560300 0.429700
vt 0.564000 0.477400
vt 0.552000 0.430400
vt 0.549500 0.477600
vt 0.576500 0.477200
vt 0.593100 0.517500
vt 0.565000 0.517500
vt 0.564000 0.477400
vt 0.549500 0.477600
vt 0.546100 0.517400
vt 0.518000 0.477300
vt 0.512000 0.517500
vt 0.512200 0.517500
vt 0.518000 0.477200
vt 0.524000 0.517500
vt 0.523300 0.517500
vt 0.512200 0.517500
vt 0.512000 0.517500
vt 0.546100 0.517400
vt 0.548100 0.517400
vt 0.523900 0.429500
vt 0.518000 0.477300
vt 0.518000 0.477200
vt 0.523900 0.429400
vt 0.529300 0.379600
vt 0.523900 0.429500
vt 0.523900 0.429400
vt 0.529300 0.379900
vt 0.531600 0.325100
vt 0.529300 0.379900
vt 0.531600 0.325500
vt 0.535800 0.293000
vt 0.531600 0.325500
vt 0.535800 0.293500
vt 0.542900 0.275300
vt 0.535800 0.293500
vt 0.542900 0.275700
vt 0.554500 0.293000
vt 0.542900 0.275700
vt 0.554400 0.293500
vt 0.564000 0.325100
vt 0.554400 0.293500
vt 0.564000 0.325600
vt 0.571100 0.379600
vt 0.564000 0.325600
vt 0.571100 0.379600
vt 0.593100 0.517500
vt 0.584400 0.477300
vt 0.584400 0.477300
vt 0.593100 0.517300
vt 0.574600 0.429500
vt 0.574600 0.429300
vt 0.584400 0.477300
vt 0.571100 0.379600
vt 0.571100 0.379600
vt 0.574600 0.429300
vt 0.565000 0.517500
vt 0.565800 0.517500
vt 0.548100 0.517400
vt 0.546100 0.517400
vt 0.593100 0.517500
vt 0.593100 0.517300
vt 0.565800 0.517500
vt 0.565000 0.517500
vt 0.679900 0.579600
vt 0.704000 0.570300
vt 0.705900 0.622700
vt 0.668600 0.594300
vt 0.704000 0.570300
vt 0.675600 0.532200
vt 0.685000 0.519000
vt 0.648000 0.548100
vt 0.675600 0.532200
vt 0.668600 0.594300
vt 0.704000 0.570300
vt 0.748400 0.592000
vt 0.762300 0.622700
vt 0.648000 0.483300
vt 0.675600 0.532200
vt 0.685000 0.519000
vt 0.778300 0.589200
vt 0.774600 0.622700
vt 0.748400 0.592000
vt 0.743200 0.566100
vt 0.776000 0.558600
vt 0.724300 0.565800
vt 0.704000 0.570300
vt 0.851500 0.296300
vt 0.877400 0.294600
vt 0.874900 0.270600
vt 0.851500 0.296300
vt 0.814700 0.333000
vt 0.877400 0.294600
vt 0.877400 0.294600
vt 0.845100 0.333000
vt 0.798500 0.332300
vt 0.809100 0.311300
vt 0.779000 0.333000
vt 0.772600 0.315800
vt 0.827500 0.311200
vt 0.837800 0.264000
vt 0.851500 0.296300
vt 0.772600 0.315800
vt 0.803800 0.282800
vt 0.837800 0.264000
vt 0.837800 0.264000
vt 0.854300 0.287700
vt 0.874900 0.270600
vt 0.772600 0.315800
vt 0.748000 0.321900
vt 0.730000 0.333000
vt 0.693700 0.316000
vt 0.733200 0.292400
vt 0.695000 0.333000
vt 0.693700 0.316000
vt 0.658200 0.307800
vt 0.693700 0.316000
vt 0.668400 0.333000
vt 0.658200 0.307800
vt 0.733200 0.292400
vt 0.748000 0.321900
vt 0.611300 0.299600
vt 0.635600 0.302300
vt 0.635600 0.302300
vt 0.658200 0.307800
vt 0.611300 0.299600
vt 0.645300 0.333000
vt 0.622100 0.333000
vt 0.611300 0.299600
vt 0.579600 0.333000
vt 0.579100 0.308200
vt 0.611300 0.299600
vt 0.947100 0.540100
vt 0.944900 0.568100
vt 0.925800 0.535800
vt 0.945100 0.504300
vt 0.949300 0.522000
vt 0.954900 0.537900
vt 0.967900 0.536600
vt 0.971400 0.581600
vt 0.967900 0.497400
vt 0.949300 0.522000
vt 0.945100 0.504300
vt 0.967900 0.479200
vt 0.967900 0.479200
vt 0.929800 0.465400
vt 0.967900 0.413800
vt 0.929800 0.465400
vt 0.916200 0.429800
vt 0.907500 0.399500
vt 0.907500 0.399500
vt 0.967900 0.342700
vt 0.907500 0.399500
vt 0.939100 0.342700
vt 0.907500 0.399500
vt 0.929100 0.342700
vt 0.891800 0.376500
vt 0.908700 0.342700
vt 0.891200 0.342700
vt 0.869800 0.359300
vt 0.869800 0.385200
vt 0.907500 0.399500
vt 0.811900 0.380000
vt 0.811200 0.402100
vt 0.765200 0.396300
vt 0.749000 0.363100
vt 0.719200 0.390500
vt 0.719200 0.390500
vt 0.723200 0.342700
vt 0.873600 0.410500
vt 0.869800 0.385200
vt 0.907500 0.399500
vt 0.811200 0.402100
vt 0.812900 0.421800
vt 0.719200 0.390500
vt 0.701300 0.342700
vt 0.719200 0.390500
vt 0.681500 0.345500
vt 0.869800 0.385200
vt 0.811200 0.402100
vt 0.925800 0.535800
vt 0.913000 0.590900
vt 0.877300 0.554500
vt 0.880900 0.590400
vt 0.886200 0.622700
vt 0.927300 0.622700
vt 0.913000 0.590900
vt 0.930700 0.570900
vt 0.925800 0.535800
vt 0.971400 0.581600
vt 0.944900 0.568100
vt 0.930700 0.570900
vt 0.925800 0.535800
vt 0.850400 0.587000
vt 0.817800 0.622700
vt 0.880900 0.590400
vt 0.857600 0.570600
vt 0.877300 0.554500
vt 0.778300 0.589200
vt 0.815500 0.586900
vt 0.774600 0.622700
vt 0.814000 0.558600
vt 0.857600 0.570600
vt 0.815500 0.586900
vt 0.850400 0.587000
vt 0.967900 0.479200
vt 0.945100 0.504300
vt 0.929800 0.465400
vt 0.945100 0.504300
vt 0.925800 0.535800
vt 0.920600 0.498300
vt 0.929800 0.465400
vt 0.648000 0.342700
vt 0.707400 0.412300
vt 0.648000 0.415000
vt 0.677800 0.474000
vt 0.648000 0.483300
vt 0.707400 0.412300
vt 0.721800 0.462900
vt 0.677800 0.474000
vt 0.674100 0.342700
vt 0.707400 0.412300
vt 0.677800 0.474000
vt 0.685000 0.519000
vt 0.648000 0.483300
vt 0.732600 0.513700
vt 0.743200 0.566100
vt 0.724300 0.565800
vt 0.685000 0.519000
vt 0.719200 0.390500
vt 0.707400 0.412300
vt 0.674100 0.342700
vt 0.681500 0.345500
vt 0.639800 0.037200
vt 0.624000 0.007700
vt 0.617400 0.070700
vt 0.636900 0.075600
vt 0.601500 0.007500
vt 0.597200 0.070400
vt 0.597800 0.113800
vt 0.644800 0.007700
vt 0.639500 0.114000
vt 0.620100 0.114100
vt 0.646300 0.140500
vt 0.639100 0.145000
vt 0.664500 0.177900
vt 0.671400 0.170100
vt 0.701500 0.189700
vt 0.696300 0.199100
vt 0.648500 0.176400
vt 0.597800 0.113800
vt 0.729500 0.209600
vt 0.727800 0.220800
vt 0.687800 0.218500
vt 0.729400 0.240200
vt 0.758100 0.238300
vt 0.759600 0.250600
vt 0.805000 0.240200
vt 0.784300 0.220800
vt 0.814900 0.199800
vt 0.834900 0.216400
vt 0.808300 0.190700
vt 0.843500 0.174000
vt 0.836800 0.166500
vt 0.864900 0.138300
vt 0.871000 0.145800
vt 0.872200 0.177200
vt 0.834900 0.216400
vt 0.781000 0.210400
vt 0.756100 0.225200
vt 0.764600 0.289400
vt 0.871000 0.145800
vt 0.893400 0.145100
vt 0.894100 0.118300
vt 0.915100 0.115600
vt 0.873200 0.121000
vt 0.895200 0.073000
vt 0.877100 0.077400
vt 0.872300 0.039400
vt 0.889900 0.040900
vt 0.915100 0.115600
vt 0.889700 0.007700
vt 0.868100 0.007700
vt 0.915100 0.115600
vt 0.914800 0.071800
vt 0.911900 0.039900
vt 0.889900 0.040900
vt 0.910800 0.007700
vt 0.924100 0.040700
vt 0.911900 0.039900
vt 0.925400 0.073900
vt 0.915100 0.115600
vt 0.922700 0.007700
vt 0.915100 0.115600
vt 0.952000 0.109700
vt 0.954600 0.007700
vt 0.954600 0.039000
vt 0.954600 0.071000
vt 0.952000 0.109700
vt 0.924100 0.040700
vt 0.879500 0.462200
vt 0.920600 0.498300
vt 0.879200 0.508200
vt 0.929800 0.465400
vt 0.879200 0.508200
vt 0.920600 0.498300
vt 0.925800 0.535800
vt 0.925800 0.535800
vt 0.877300 0.554500
vt 0.879200 0.508200
vt 0.732600 0.513700
vt 0.685000 0.519000
vt 0.677800 0.474000
vt 0.814900 0.518800
vt 0.773900 0.515500
vt 0.768400 0.470600
vt 0.815500 0.471700
vt 0.873600 0.410500
vt 0.879500 0.462200
vt 0.815500 0.471700
vt 0.812900 0.421800
vt 0.760100 0.417000
vt 0.768400 0.470600
vt 0.721800 0.462900
vt 0.707400 0.412300
vt 0.812900 0.421800
vt 0.815500 0.471700
vt 0.760100 0.417000
vt 0.707400 0.412300
vt 0.719200 0.390500
vt 0.765200 0.396300
vt 0.811200 0.402100
vt 0.812900 0.421800
vt 0.920100 0.182800
vt 0.950300 0.237700
vt 0.958900 0.180900
vt 0.901900 0.258300
vt 0.936400 0.266900
vt 0.950300 0.237700
vt 0.935500 0.301800
vt 0.874900 0.270600
vt 0.877400 0.294600
vt 0.896200 0.236100
vt 0.950300 0.237700
vt 0.877400 0.294600
vt 0.935500 0.301800
vt 0.896200 0.236100
vt 0.874900 0.270600
vt 0.896100 0.333000
vt 0.935500 0.333000
vt 0.877400 0.294600
vt 0.692900 0.289000
vt 0.658200 0.307800
vt 0.693700 0.316000
vt 0.567600 0.237300
vt 0.579600 0.266900
vt 0.612400 0.262700
vt 0.579100 0.308200
vt 0.605400 0.286400
vt 0.612400 0.262700
vt 0.612400 0.262700
vt 0.644200 0.267900
vt 0.616600 0.237600
vt 0.644200 0.267900
vt 0.674000 0.248200
vt 0.674000 0.248200
vt 0.600700 0.181700
vt 0.567600 0.237300
vt 0.612400 0.262700
vt 0.567600 0.237300
vt 0.600700 0.181700
vt 0.644200 0.267900
vt 0.692900 0.289000
vt 0.674000 0.248200
vt 0.958900 0.180900
vt 0.959500 0.141800
vt 0.929400 0.144400
vt 0.920100 0.182800
vt 0.952000 0.109700
vt 0.560300 0.180100
vt 0.567600 0.237300
vt 0.600700 0.181700
vt 0.597800 0.113800
vt 0.566100 0.109100
vt 0.590700 0.143000
vt 0.617300 0.145900
vt 0.600700 0.181700
vt 0.632000 0.177400
vt 0.648500 0.176400
vt 0.566100 0.109100
vt 0.560000 0.140500
vt 0.590700 0.143000
vt 0.560300 0.180100
vt 0.600700 0.181700
vt 0.915100 0.115600
vt 0.893400 0.145100
vt 0.919100 0.144300
vt 0.952000 0.109700
vt 0.896800 0.180100
vt 0.929400 0.144400
vt 0.920100 0.182800
vt 0.834900 0.216400
vt 0.896800 0.180100
vt 0.632000 0.177400
vt 0.658400 0.209600
vt 0.648500 0.176400
vt 0.600700 0.181700
vt 0.674000 0.248200
vt 0.597800 0.113800
vt 0.617300 0.145900
vt 0.639100 0.145000
vt 0.648500 0.176400
vt 0.605400 0.286400
vt 0.579100 0.308200
vt 0.611300 0.299600
vt 0.896200 0.236100
vt 0.950300 0.237700
vt 0.920100 0.182800
vt 0.851500 0.296300
vt 0.854300 0.287700
vt 0.874900 0.270600
vt 0.612400 0.262700
vt 0.605400 0.286400
vt 0.635600 0.302300
vt 0.611300 0.299600
vt 0.612400 0.262700
vt 0.635600 0.302300
vt 0.644200 0.267900
vt 0.635600 0.302300
vt 0.658200 0.307800
vt 0.644200 0.267900
vt 0.896200 0.236100
vt 0.837800 0.264000
vt 0.874900 0.270600
vt 0.834900 0.216400
vt 0.837800 0.264000
vt 0.865100 0.225800
vt 0.896200 0.236100
vt 0.834900 0.216400
vt 0.865100 0.225800
vt 0.896800 0.180100
vt 0.920100 0.182800
vt 0.896200 0.236100
vt 0.764600 0.289400
vt 0.803800 0.282800
vt 0.805000 0.240200
vt 0.772600 0.315800
vt 0.805000 0.240200
vt 0.837800 0.264000
vt 0.834900 0.216400
vt 0.803800 0.282800
vt 0.837800 0.264000
vt 0.879200 0.508200
vt 0.877300 0.554500
vt 0.814900 0.518800
vt 0.814900 0.518800
vt 0.814000 0.558600
vt 0.586100 0.072500
vt 0.597800 0.113800
vt 0.601500 0.007500
vt 0.566100 0.109100
vt 0.597800 0.113800
vt 0.562200 0.071000
vt 0.566100 0.109100
vt 0.562200 0.039000
vt 0.590100 0.007700
vt 0.562200 0.007700
vt 0.601500 0.007500
vt 0.546100 0.037700
vt 0.523900 0.007700
vt 0.523900 0.033100
vt 0.548200 0.066400
vt 0.523900 0.061200
vt 0.548200 0.066400
vt 0.523900 0.094700
vt 0.543100 0.097200
vt 0.548200 0.066400
vt 0.524400 0.122900
vt 0.555800 0.101500
vt 0.548200 0.066400
vt 0.566100 0.109100
vt 0.648500 0.176400
vt 0.658400 0.209600
vt 0.674000 0.248200
vt 0.674000 0.248200
vt 0.711000 0.271900
vt 0.731800 0.277700
vt 0.674000 0.248200
vt 0.692900 0.289000
vt 0.648000 0.482500
vt 0.648000 0.548100
vt 0.623300 0.492100
vt 0.623300 0.538800
vt 0.648000 0.482500
vt 0.623300 0.458900
vt 0.648000 0.415800
vt 0.648000 0.482500
vt 0.623300 0.428700
vt 0.623300 0.391700
vt 0.648000 0.342700
vt 0.623300 0.342700
vt 0.523900 0.272900
vt 0.579600 0.266900
vt 0.523900 0.228300
vt 0.567600 0.237300
vt 0.567600 0.237300
vt 0.523700 0.177400
vt 0.523700 0.177400
vt 0.567600 0.237300
vt 0.560300 0.180100
vt 0.566100 0.109100
vt 0.555800 0.101500
vt 0.560000 0.140500
vt 0.524400 0.122900
vt 0.560300 0.180100
vt 0.555800 0.101500
vt 0.543100 0.097200
vt 0.523700 0.177400
vt 0.560300 0.180100
vt 0.524400 0.122900
vt 0.967900 0.479200
vt 0.991100 0.492100
vt 0.967900 0.497400
vt 0.967900 0.536600
vt 0.991100 0.525000
vt 0.967900 0.479200
vt 0.991100 0.458900
vt 0.967900 0.413800
vt 0.967900 0.479200
vt 0.991100 0.428700
vt 0.991100 0.391700
vt 0.967900 0.342700
vt 0.991100 0.342700
vt 0.970700 0.037700
vt 0.993000 0.033100
vt 0.993000 0.007700
vt 0.954600 0.007700
vt 0.954600 0.039000
vt 0.971800 0.065800
vt 0.954600 0.071000
vt 0.993000 0.061200
vt 0.973700 0.097200
vt 0.993000 0.094700
vt 0.992400 0.122900
vt 0.963100 0.105300
vt 0.952000 0.109700
vt 0.963100 0.105300
vt 0.992400 0.122900
vt 0.993000 0.272900
vt 0.993000 0.228300
vt 0.936400 0.266900
vt 0.950300 0.237700
vt 0.993100 0.177400
vt 0.950300 0.237700
vt 0.993100 0.177400
vt 0.958900 0.180900
vt 0.950300 0.237700
vt 0.992400 0.122900
vt 0.959500 0.141800
vt 0.958900 0.180900
vt 0.963100 0.105300
vt 0.952000 0.109700
vt 0.993100 0.177400
vt 0.992400 0.122900
vt 0.958900 0.180900
vt 0.711000 0.271900
vt 0.733200 0.292400
vt 0.731800 0.277700
vt 0.692900 0.289000
vt 0.733200 0.292400
vt 0.764600 0.289400
vt 0.764600 0.289400
vt 0.733200 0.292400
vt 0.772600 0.315800
vt 0.748000 0.321900
vt 0.644200 0.267900
vt 0.658200 0.307800
vt 0.692900 0.289000
vt 0.815500 0.471700
vt 0.879200 0.508200
vt 0.814900 0.518800
vt 0.732600 0.513700
vt 0.721800 0.462900
vt 0.768400 0.470600
vt 0.773900 0.515500
vt 0.814000 0.558600
vt 0.815500 0.586900
vt 0.778300 0.589200
vt 0.776000 0.558600
vt 0.814900 0.518800
vt 0.773900 0.515500
vt 0.732600 0.513700
vt 0.743200 0.566100
vt 0.879500 0.462200
vt 0.916200 0.429800
vt 0.929800 0.465400
vt 0.879500 0.462200
vt 0.873600 0.410500
vt 0.907500 0.399500
vt 0.916200 0.429800
vt 0.677800 0.474000
vt 0.721800 0.462900
vt 0.732600 0.513700
vt 0.685000 0.519000
vt 0.724300 0.565800
vt 0.704000 0.570300
vt 0.692900 0.289000
vt 0.693700 0.316000
vt 0.733200 0.292400
vt 0.815500 0.471700
vt 0.879500 0.462200
vt 0.879200 0.508200
vt 0.357300 0.972200
vt 0.395400 0.968500
vt 0.395400 0.944900
vt 0.362400 0.952200
vt 0.350600 0.991100
vt 0.395400 0.991100
vt 0.362700 0.928800
vt 0.395400 0.912300
vt 0.363200 0.905100
vt 0.395400 0.893300
vt 0.370000 0.894500
vt 0.346000 0.895600
vt 0.348600 0.925500
vt 0.332500 0.920800
vt 0.313700 0.905600
vt 0.353200 0.872500
vt 0.317100 0.878800
vt 0.355300 0.849700
vt 0.339800 0.953300
vt 0.375000 0.877400
vt 0.395400 0.876800
vt 0.395400 0.846000
vt 0.395400 0.809000
vt 0.328000 0.954600
vt 0.316500 0.973800
vt 0.312200 0.970600
vt 0.304900 0.950700
vt 0.293200 0.980400
vt 0.272200 0.991100
vt 0.310900 0.991100
vt 0.334700 0.972100
vt 0.285800 0.976500
vt 0.282700 0.981000
vt 0.267600 0.948600
vt 0.278400 0.910400
vt 0.265500 0.970700
vt 0.241000 0.945300
vt 0.234300 0.968000
vt 0.239400 0.907800
vt 0.219700 0.929500
vt 0.242000 0.886800
vt 0.220800 0.902400
vt 0.280000 0.884100
vt 0.242300 0.859500
vt 0.281700 0.858500
vt 0.197900 0.892400
vt 0.196900 0.866100
vt 0.240400 0.826000
vt 0.198000 0.829700
vt 0.169200 0.869400
vt 0.279600 0.822500
vt 0.236400 0.790700
vt 0.195800 0.796300
vt 0.233100 0.769800
vt 0.277600 0.767200
vt 0.279700 0.787900
vt 0.192400 0.771900
vt 0.233100 0.729100
vt 0.260400 0.734600
vt 0.315700 0.752900
vt 0.315000 0.740500
vt 0.353700 0.756400
vt 0.340600 0.718200
vt 0.316300 0.714800
vt 0.315600 0.689000
vt 0.276600 0.685800
vt 0.337700 0.690600
vt 0.281700 0.715000
vt 0.310900 0.663500
vt 0.274300 0.663300
vt 0.356900 0.765300
vt 0.314200 0.766200
vt 0.255100 0.709800
vt 0.233100 0.705900
vt 0.233100 0.687400
vt 0.395400 0.777300
vt 0.395400 0.774800
vt 0.357000 0.786800
vt 0.313800 0.786400
vt 0.226000 0.664300
vt 0.190800 0.685900
vt 0.190800 0.663700
vt 0.264900 0.648500
vt 0.212100 0.648500
vt 0.156400 0.683700
vt 0.153400 0.702000
vt 0.190800 0.702700
vt 0.153300 0.724700
vt 0.190800 0.724900
vt 0.154300 0.750400
vt 0.122300 0.755200
vt 0.191300 0.742200
vt 0.113600 0.733400
vt 0.115100 0.719800
vt 0.085200 0.728900
vt 0.087100 0.712600
vt 0.061300 0.745600
vt 0.087500 0.740900
vt 0.062100 0.752800
vt 0.070500 0.706500
vt 0.096700 0.688000
vt 0.071600 0.684500
vt 0.072600 0.662600
vt 0.099200 0.662400
vt 0.100400 0.648500
vt 0.128000 0.648500
vt 0.128600 0.662500
vt 0.123300 0.691900
vt 0.163100 0.661500
vt 0.167100 0.648500
vt 0.190800 0.648500
vt 0.072600 0.648500
vt 0.096200 0.872500
vt 0.095000 0.902100
vt 0.134700 0.897500
vt 0.134400 0.871800
vt 0.062500 0.872500
vt 0.065500 0.905300
vt 0.063300 0.837200
vt 0.036600 0.881900
vt 0.130500 0.834900
vt 0.096700 0.835900
vt 0.168000 0.896300
vt 0.166400 0.831700
vt 0.092700 0.921700
vt 0.062600 0.922900
vt 0.042900 0.904700
vt 0.026800 0.889300
vt 0.011300 0.877100
vt 0.011300 0.893300
vt 0.011300 0.863100
vt 0.093000 0.798500
vt 0.128500 0.797500
vt 0.163100 0.797300
vt 0.126300 0.773900
vt 0.158200 0.774800
vt 0.092200 0.776200
vt 0.089000 0.751800
vt 0.059200 0.777800
vt 0.057400 0.943400
vt 0.089900 0.944300
vt 0.087900 0.973500
vt 0.127800 0.945600
vt 0.043800 0.970300
vt 0.066900 0.978200
vt 0.032200 0.944600
vt 0.039400 0.979100
vt 0.036900 0.924200
vt 0.011300 0.912500
vt 0.023800 0.910000
vt 0.011300 0.944900
vt 0.131800 0.921500
vt 0.167600 0.922400
vt 0.167100 0.948500
vt 0.154600 0.969900
vt 0.205200 0.946600
vt 0.208100 0.968300
vt 0.198400 0.923600
vt 0.213700 0.991100
vt 0.140500 0.991100
vt 0.123600 0.969000
vt 0.088300 0.991100
vt 0.039100 0.991100
vt 0.011300 0.991100
vt 0.022500 0.962100
vt 0.011300 0.968400
vt 0.011300 0.843500
vt 0.036700 0.865400
vt 0.036100 0.840700
vt 0.031800 0.802100
vt 0.060900 0.800700
vt 0.032900 0.781400
vt 0.011300 0.807300
vt 0.011300 0.790600
vt 0.034400 0.765300
vt 0.052100 0.756300
vt 0.031900 0.762300
vt 0.011300 0.774800
vt 0.011300 0.777300
vt 0.049500 0.753100
vt 0.313700 0.648500
vt 0.336000 0.648500
vt 0.333900 0.662600
vt 0.319900 0.854300
vt 0.316300 0.817900
vt 0.356600 0.812000
vt 0.395400 0.790500
vt 0.395400 0.864400
vt 0.357300 0.972200
vt 0.362400 0.952200
vt 0.395400 0.944900
vt 0.395400 0.968500
vt 0.350600 0.991100
vt 0.395400 0.991100
vt 0.362700 0.928800
vt 0.395400 0.912300
vt 0.363200 0.905100
vt 0.395400 0.893300
vt 0.370000 0.894500
vt 0.346000 0.895600
vt 0.348600 0.925500
vt 0.332500 0.920800
vt 0.313700 0.905600
vt 0.353200 0.872500
vt 0.317100 0.878800
vt 0.355300 0.849700
vt 0.375000 0.877400
vt 0.395400 0.876800
vt 0.395400 0.846000
vt 0.395400 0.809000
vt 0.328000 0.954600
vt 0.339800 0.953300
vt 0.316500 0.973800
vt 0.312200 0.970600
vt 0.304900 0.950700
vt 0.293200 0.980400
vt 0.272200 0.991100
vt 0.310900 0.991100
vt 0.334700 0.972100
vt 0.285800 0.976500
vt 0.282700 0.981000
vt 0.267600 0.948600
vt 0.278400 0.910400
vt 0.265500 0.970700
vt 0.241000 0.945300
vt 0.234300 0.968000
vt 0.239400 0.907800
vt 0.219700 0.929500
vt 0.242000 0.886800
vt 0.220800 0.902400
vt 0.280000 0.884100
vt 0.242300 0.859500
vt 0.281700 0.858500
vt 0.197900 0.892400
vt 0.196900 0.866100
vt 0.240400 0.826000
vt 0.198000 0.829700
vt 0.169200 0.869400
vt 0.279600 0.822500
vt 0.236400 0.790700
vt 0.195800 0.796300
vt 0.233100 0.769800
vt 0.277600 0.767200
vt 0.279700 0.787900
vt 0.192400 0.771900
vt 0.233100 0.729100
vt 0.260400 0.734600
vt 0.315700 0.752900
vt 0.315000 0.740500
vt 0.353700 0.756400
vt 0.340600 0.718200
vt 0.316300 0.714800
vt 0.315600 0.689000
vt 0.276600 0.685800
vt 0.337700 0.690600
vt 0.281700 0.715000
vt 0.310900 0.663500
vt 0.274300 0.663300
vt 0.356900 0.765300
vt 0.314200 0.766200
vt 0.255100 0.709800
vt 0.233100 0.705900
vt 0.233100 0.687400
vt 0.395400 0.777300
vt 0.395400 0.774800
vt 0.357000 0.786800
vt 0.313800 0.786400
vt 0.226000 0.664300
vt 0.190800 0.685900
vt 0.190800 0.663700
vt 0.264900 0.648500
vt 0.212100 0.648500
vt 0.156400 0.683700
vt 0.153400 0.702000
vt 0.190800 0.702700
vt 0.153300 0.724700
vt 0.190800 0.724900
vt 0.154300 0.750400
vt 0.122300 0.755200
vt 0.191300 0.742200
vt 0.113600 0.733400
vt 0.115100 0.719800
vt 0.085200 0.728900
vt 0.087100 0.712600
vt 0.062800 0.746700
vt 0.087500 0.740900
vt 0.062100 0.752800
vt 0.070500 0.706500
vt 0.096700 0.688000
vt 0.071600 0.684500
vt 0.072600 0.662600
vt 0.099200 0.662400
vt 0.100400 0.648500
vt 0.128000 0.648500
vt 0.128600 0.662500
vt 0.123300 0.691900
vt 0.163100 0.661500
vt 0.167100 0.648500
vt 0.190800 0.648500
vt 0.072600 0.648500
vt 0.096200 0.872500
vt 0.134400 0.871800
vt 0.134700 0.897500
vt 0.095000 0.902100
vt 0.062500 0.872500
vt 0.065500 0.905300
vt 0.063300 0.837200
vt 0.036500 0.882000
vt 0.130500 0.834900
vt 0.096700 0.835900
vt 0.168000 0.896300
vt 0.166400 0.831700
vt 0.092700 0.921700
vt 0.062600 0.922900
vt 0.043000 0.904700
vt 0.026800 0.889300
vt 0.011300 0.877100
vt 0.011300 0.893300
vt 0.011300 0.863100
vt 0.093000 0.798500
vt 0.128500 0.797500
vt 0.163100 0.797300
vt 0.126300 0.773900
vt 0.158200 0.774800
vt 0.092200 0.776200
vt 0.089000 0.751800
vt 0.059200 0.777800
vt 0.057400 0.943400
vt 0.036900 0.924200
vt 0.032200 0.944600
vt 0.011300 0.912500
vt 0.023800 0.910000
vt 0.043800 0.970300
vt 0.087900 0.973500
vt 0.066900 0.978200
vt 0.039400 0.979100
vt 0.011300 0.944900
vt 0.089900 0.944300
vt 0.127800 0.945600
vt 0.131800 0.921500
vt 0.167600 0.922400
vt 0.167100 0.948500
vt 0.154600 0.969900
vt 0.205200 0.946600
vt 0.208100 0.968300
vt 0.198400 0.923600
vt 0.123600 0.969000
vt 0.213700 0.991100
vt 0.140500 0.991100
vt 0.088300 0.991100
vt 0.039100 0.991100
vt 0.011300 0.991100
vt 0.022500 0.962100
vt 0.011300 0.968400
vt 0.011300 0.843500
vt 0.036100 0.840700
vt 0.036700 0.865400
vt 0.031800 0.802100
vt 0.060900 0.800700
vt 0.032900 0.781400
vt 0.011300 0.807300
vt 0.011300 0.790600
vt 0.034400 0.765500
vt 0.052100 0.756300
vt 0.032100 0.762300
vt 0.011300 0.774800
vt 0.011300 0.777300
vt 0.049500 0.753100
vt 0.313700 0.648500
vt 0.336000 0.648500
vt 0.333900 0.662600
vt 0.319900 0.854300
vt 0.316300 0.817900
vt 0.356600 0.812000
vt 0.395400 0.790500
vt 0.395400 0.864400
vt 0.754100 0.015000
vt 0.753900 0.027100
vt 0.719400 0.030000
vt 0.720200 0.013600
vt 0.695900 0.012800
vt 0.790000 0.031600
vt 0.787600 0.015100
vt 0.815500 0.012200
vt 0.841100 0.057900
vt 0.857100 0.068500
vt 0.860700 0.042900
vt 0.838500 0.069100
vt 0.834100 0.082100
vt 0.841300 0.090100
vt 0.824300 0.093600
vt 0.824000 0.107200
vt 0.801100 0.112400
vt 0.842000 0.118100
vt 0.801100 0.112400
vt 0.838600 0.127200
vt 0.845700 0.036800
vt 0.846200 0.011400
vt 0.861400 0.018200
vt 0.791800 0.144300
vt 0.757000 0.122000
vt 0.756700 0.150000
vt 0.798100 0.097800
vt 0.801100 0.112400
vt 0.767200 0.105800
vt 0.757000 0.122000
vt 0.758500 0.105700
vt 0.758500 0.099100
vt 0.749700 0.105700
vt 0.708700 0.113200
vt 0.719600 0.097600
vt 0.693600 0.100800
vt 0.694400 0.091000
vt 0.681700 0.082500
vt 0.654000 0.072600
vt 0.666500 0.104500
vt 0.708700 0.113200
vt 0.671300 0.118600
vt 0.715300 0.144900
vt 0.674700 0.071400
vt 0.669500 0.061000
vt 0.649300 0.049400
vt 0.665500 0.041600
vt 0.666600 0.017300
vt 0.651600 0.024600
vt 0.715300 0.144900
vt 0.757000 0.122000
vt 0.690900 0.153100
vt 0.715300 0.144900
vt 0.723900 0.166000
vt 0.715300 0.144900
vt 0.704400 0.169900
vt 0.759500 0.168500
vt 0.756700 0.150000
vt 0.761200 0.212900
vt 0.723900 0.166000
vt 0.759500 0.168500
vt 0.790100 0.165200
vt 0.816900 0.168900
vt 0.790100 0.165200
vt 0.828600 0.152500
vt 0.791800 0.144300
vt 0.791800 0.144300
vt 0.790100 0.165200
vt 0.759500 0.168500
vt 0.756700 0.150000
vt 0.673600 0.029200
vt 0.709100 0.038200
vt 0.674900 0.019800
vt 0.701800 0.073700
vt 0.758300 0.038800
vt 0.758300 0.093500
vt 0.810000 0.073700
vt 0.802700 0.038200
vt 0.838200 0.029200
vt 0.835000 0.018900
vt 0.757000 0.122000
vt 0.715300 0.144900
vt 0.756700 0.150000
vt 0.550900 0.559700
vt 0.538600 0.551000
vt 0.548600 0.548100
vt 0.530600 0.564600
vt 0.540500 0.530500
vt 0.557400 0.549400
vt 0.549600 0.570900
vt 0.534700 0.579900
vt 0.540100 0.590400
vt 0.557800 0.580900
vt 0.548600 0.594800
vt 0.567700 0.587600
vt 0.560300 0.598700
vt 0.529000 0.607500
vt 0.542300 0.610700
vt 0.555600 0.614100
vt 0.571900 0.600600
vt 0.569300 0.614600
vt 0.554900 0.624400
vt 0.568400 0.624400
vt 0.580000 0.624400
vt 0.579500 0.614500
vt 0.590100 0.614400
vt 0.590600 0.624400
vt 0.542300 0.610700
vt 0.579300 0.600200
vt 0.589500 0.600600
vt 0.584900 0.590400
vt 0.575400 0.588400
vt 0.599300 0.599100
vt 0.590100 0.614400
vt 0.601700 0.613300
vt 0.590600 0.624400
vt 0.604600 0.624400
vt 0.618600 0.624400
vt 0.615200 0.611400
vt 0.609800 0.595900
vt 0.590400 0.587600
vt 0.598100 0.582900
vt 0.572600 0.582700
vt 0.569500 0.574700
vt 0.569700 0.565500
vt 0.572400 0.556600
vt 0.580700 0.541900
vt 0.586200 0.577500
vt 0.590600 0.568900
vt 0.593800 0.558700
vt 0.598100 0.582900
vt 0.606900 0.577000
vt 0.613100 0.567400
vt 0.590400 0.587600
vt 0.584100 0.584100
vt 0.599900 0.541900
vt 0.613100 0.567400
vt 0.623600 0.551800
vt 0.580700 0.541900
vt 0.563000 0.526300
vt 0.606900 0.577000
vt 0.613100 0.567400
vt 0.631100 0.580800
vt 0.622000 0.590000
vt 0.643900 0.600400
vt 0.631100 0.605400
vt 0.635400 0.624400
vt 0.649200 0.624400
vt 0.615200 0.611400
vt 0.609800 0.595900
vt 0.598100 0.582900
vt 0.606900 0.577000
vt 0.623600 0.551800
vt 0.645300 0.569200
vt 0.654100 0.597000
vt 0.656900 0.624400
vt 0.558000 0.541400
vt 0.557400 0.549400
vt 0.540500 0.530500
vt 0.538600 0.551000
vt 0.553000 0.542800
vt 0.540500 0.530500
vt 0.557400 0.549400
vt 0.553000 0.542800
vt 0.563000 0.526300
vt 0.553000 0.542800
vt 0.580700 0.541900
vt 0.563000 0.526300
vt 0.529000 0.607500
vt 0.518300 0.601500
vt 0.526700 0.592000
vt 0.518200 0.581200
vt 0.530600 0.564600
vt 0.508300 0.593900
vt 0.537500 0.624400
vt 0.542300 0.610700
vt 0.524000 0.624400
vt 0.529000 0.607500
vt 0.515400 0.613700
vt 0.518300 0.601500
vt 0.503600 0.606300
vt 0.508300 0.593900
vt 0.499400 0.617200
vt 0.513400 0.624400
vt 0.496700 0.624400
vt 0.635400 0.624400
vt 0.618600 0.624400
vt 0.615200 0.611400
vt 0.631100 0.605400
vt 0.550900 0.559700
vt 0.548600 0.548100
vt 0.538600 0.551000
vt 0.530600 0.564600
vt 0.540500 0.530500
vt 0.557400 0.549400
vt 0.549600 0.570900
vt 0.534700 0.579900
vt 0.540100 0.590400
vt 0.557800 0.580900
vt 0.548600 0.594800
vt 0.567700 0.587600
vt 0.560300 0.598700
vt 0.529000 0.607500
vt 0.542300 0.610700
vt 0.555600 0.614100
vt 0.571900 0.600600
vt 0.569300 0.614600
vt 0.554900 0.624400
vt 0.568400 0.624400
vt 0.580000 0.624400
vt 0.579500 0.614500
vt 0.590100 0.614400
vt 0.590600 0.624400
vt 0.542300 0.610700
vt 0.579300 0.600200
vt 0.589500 0.600600
vt 0.584900 0.590400
vt 0.575400 0.588400
vt 0.599300 0.599100
vt 0.590100 0.614400
vt 0.601700 0.613300
vt 0.590600 0.624400
vt 0.604600 0.624400
vt 0.618600 0.624400
vt 0.615200 0.611400
vt 0.609800 0.595900
vt 0.590400 0.587600
vt 0.598100 0.582900
vt 0.572600 0.582700
vt 0.569500 0.574700
vt 0.569700 0.565500
vt 0.572400 0.556600
vt 0.580700 0.541900
vt 0.586200 0.577500
vt 0.590600 0.568900
vt 0.593800 0.558700
vt 0.598100 0.582900
vt 0.606900 0.577000
vt 0.613100 0.567400
vt 0.590400 0.587600
vt 0.584100 0.584100
vt 0.599900 0.541900
vt 0.613100 0.567400
vt 0.623600 0.551800
vt 0.580700 0.541900
vt 0.563000 0.526300
vt 0.606900 0.577000
vt 0.622000 0.590000
vt 0.631100 0.580800
vt 0.613100 0.567400
vt 0.643900 0.600400
vt 0.631100 0.605400
vt 0.635400 0.624400
vt 0.649200 0.624400
vt 0.615200 0.611400
vt 0.609800 0.595900
vt 0.598100 0.582900
vt 0.606900 0.577000
vt 0.623600 0.551800
vt 0.645300 0.569200
vt 0.654100 0.597000
vt 0.656900 0.624400
vt 0.558000 0.541400
vt 0.540500 0.530500
vt 0.557400 0.549400
vt 0.538600 0.551000
vt 0.540500 0.530500
vt 0.553000 0.542800
vt 0.557400 0.549400
vt 0.563000 0.526300
vt 0.553000 0.542800
vt 0.553000 0.542800
vt 0.563000 0.526300
vt 0.580700 0.541900
vt 0.529000 0.607500
vt 0.526700 0.592000
vt 0.518300 0.601500
vt 0.518200 0.581200
vt 0.530600 0.564600
vt 0.508300 0.593900
vt 0.542300 0.610700
vt 0.537500 0.624400
vt 0.524000 0.624400
vt 0.529000 0.607500
vt 0.515400 0.613700
vt 0.518300 0.601500
vt 0.503600 0.606300
vt 0.508300 0.593900
vt 0.499400 0.617200
vt 0.513400 0.624400
vt 0.496700 0.624400
vt 0.635400 0.624400
vt 0.631100 0.605400
vt 0.615200 0.611400
vt 0.618600 0.624400
vt 0.022400 0.101200
vt 0.032500 0.107000
vt 0.044700 0.102600
vt 0.050700 0.092500
vt 0.029400 0.074000
vt 0.049000 0.061200
vt 0.019100 0.062000
vt 0.028400 0.037400
vt 0.009900 0.086700
vt 0.010700 0.064500
vt 0.011100 0.052100
vt 0.011500 0.039700
vt 0.012600 0.028700
vt 0.025300 0.026700
vt 0.033100 0.031700
vt 0.050700 0.092500
vt 0.044700 0.102600
vt 0.048800 0.113300
vt 0.058600 0.098800
vt 0.032500 0.107000
vt 0.038100 0.117200
vt 0.054700 0.058000
vt 0.049000 0.061200
vt 0.028400 0.037400
vt 0.033100 0.031700
vt 0.022400 0.101200
vt 0.021500 0.113500
vt 0.009900 0.086700
vt 0.908300 0.973400
vt 0.906200 0.987300
vt 0.894900 0.969000
vt 0.872100 0.968800
vt 0.910500 0.981400
vt 0.914100 0.976400
vt 0.854500 0.984500
vt 0.848600 0.989700
vt 0.996600 0.979100
vt 0.943900 0.987100
vt 0.953500 0.949800
vt 0.996600 0.953800
vt 0.901800 0.949500
vt 0.919900 0.924300
vt 0.996600 0.919000
vt 0.958400 0.911000
vt 0.919900 0.924300
vt 0.886400 0.930800
vt 0.872500 0.953600
vt 0.853700 0.963600
vt 0.886400 0.930800
vt 0.862700 0.938400
vt 0.841100 0.941600
vt 0.824100 0.962400
vt 0.841100 0.941600
vt 0.848500 0.971700
vt 0.919900 0.924300
vt 0.958400 0.911000
vt 0.906900 0.896200
vt 0.958400 0.911000
vt 0.950100 0.885100
vt 0.996600 0.897600
vt 0.996600 0.919000
vt 0.958400 0.911000
vt 0.911300 0.874600
vt 0.906900 0.896200
vt 0.906900 0.896200
vt 0.896600 0.845500
vt 0.887200 0.890900
vt 0.887900 0.907200
vt 0.873800 0.883900
vt 0.870800 0.897900
vt 0.865200 0.880100
vt 0.859000 0.877800
vt 0.856400 0.867200
vt 0.882400 0.833000
vt 0.846400 0.872600
vt 0.853700 0.875500
vt 0.843300 0.886000
vt 0.853700 0.875500
vt 0.847000 0.889000
vt 0.837200 0.902800
vt 0.859000 0.877800
vt 0.855000 0.891500
vt 0.863800 0.894600
vt 0.865200 0.880100
vt 0.870800 0.897900
vt 0.801700 0.876400
vt 0.843300 0.886000
vt 0.824300 0.893700
vt 0.795000 0.909900
vt 0.837200 0.902800
vt 0.795000 0.909900
vt 0.764400 0.906700
vt 0.773400 0.879700
vt 0.764400 0.880800
vt 0.824100 0.962400
vt 0.801000 0.953800
vt 0.841100 0.941600
vt 0.777000 0.953000
vt 0.764400 0.954500
vt 0.764400 0.941700
vt 0.787400 0.948000
vt 0.795000 0.909900
vt 0.764400 0.906700
vt 0.862700 0.938400
vt 0.841100 0.941600
vt 0.862800 0.911600
vt 0.886400 0.930800
vt 0.870800 0.897900
vt 0.863800 0.894600
vt 0.855000 0.891500
vt 0.848700 0.907500
vt 0.847000 0.889000
vt 0.837200 0.902800
vt 0.886400 0.930800
vt 0.887900 0.907200
vt 0.919900 0.924300
vt 0.870800 0.897900
vt 0.906900 0.896200
vt 0.837200 0.902800
vt 0.818800 0.924700
vt 0.795000 0.909900
vt 0.841100 0.941600
vt 0.801000 0.953800
vt 0.787400 0.948000
vt 0.777000 0.953000
vt 0.787400 0.948000
vt 0.764400 0.966400
vt 0.764400 0.960300
vt 0.777200 0.963900
vt 0.773300 0.973800
vt 0.764400 0.954500
vt 0.777000 0.953000
vt 0.773300 0.973800
vt 0.770400 0.988500
vt 0.764400 0.984700
vt 0.798200 0.969800
vt 0.798200 0.991200
vt 0.773300 0.973800
vt 0.818800 0.976300
vt 0.822600 0.990800
vt 0.798200 0.969800
vt 0.835800 0.982800
vt 0.818800 0.976300
vt 0.818800 0.976300
vt 0.820900 0.969100
vt 0.848500 0.971700
vt 0.824100 0.962400
vt 0.777200 0.963900
vt 0.800200 0.962400
vt 0.798200 0.969800
vt 0.773300 0.973800
vt 0.777000 0.953000
vt 0.801000 0.953800
vt 0.820900 0.969100
vt 0.800200 0.962400
vt 0.824100 0.962400
vt 0.818800 0.976300
vt 0.798200 0.969800
vt 0.260500 0.191500
vt 0.260500 0.178500
vt 0.267400 0.178400
vt 0.266200 0.193100
vt 0.260500 0.202400
vt 0.265900 0.204700
vt 0.253600 0.178400
vt 0.254800 0.193100
vt 0.255100 0.204700
vt 0.265900 0.204700
vt 0.260500 0.219900
vt 0.265000 0.220300
vt 0.255100 0.204700
vt 0.260500 0.219900
vt 0.256100 0.220300
vt 0.267400 0.178400
vt 0.260500 0.178500
vt 0.260500 0.148900
vt 0.275300 0.148400
vt 0.275700 0.183700
vt 0.291100 0.158100
vt 0.253600 0.178400
vt 0.245700 0.148400
vt 0.245300 0.183700
vt 0.229900 0.158100
vt 0.260500 0.236000
vt 0.260500 0.219900
vt 0.265000 0.220300
vt 0.264900 0.236100
vt 0.260500 0.251000
vt 0.264600 0.251700
vt 0.499400 0.239200
vt 0.467700 0.383500
vt 0.463300 0.369800
vt 0.471400 0.351600
vt 0.452400 0.380200
vt 0.387500 0.430100
vt 0.493900 0.231300
vt 0.508100 0.204400
vt 0.453200 0.333100
vt 0.445000 0.353000
vt 0.428200 0.340400
vt 0.431700 0.375200
vt 0.445000 0.353000
vt 0.413100 0.368200
vt 0.428200 0.340400
vt 0.394000 0.358000
vt 0.406500 0.332800
vt 0.373700 0.345700
vt 0.385300 0.323400
vt 0.438500 0.305400
vt 0.412600 0.307500
vt 0.408600 0.283700
vt 0.433900 0.271300
vt 0.406500 0.332800
vt 0.462100 0.306700
vt 0.468200 0.281700
vt 0.443500 0.240800
vt 0.473600 0.257600
vt 0.447100 0.204300
vt 0.481600 0.213700
vt 0.497500 0.178600
vt 0.508100 0.204400
vt 0.483400 0.153900
vt 0.440900 0.163900
vt 0.443600 0.111200
vt 0.419400 0.133300
vt 0.447100 0.204300
vt 0.402400 0.054400
vt 0.451800 0.057300
vt 0.399000 0.089900
vt 0.391300 0.115200
vt 0.419400 0.133300
vt 0.400600 0.151600
vt 0.379100 0.137400
vt 0.415500 0.175400
vt 0.440900 0.163900
vt 0.402400 0.054400
vt 0.401100 0.027300
vt 0.359900 0.011700
vt 0.360100 0.049300
vt 0.399000 0.089900
vt 0.357700 0.084800
vt 0.360100 0.049300
vt 0.391300 0.115200
vt 0.352300 0.119200
vt 0.357700 0.084800
vt 0.289000 0.046200
vt 0.260500 0.048500
vt 0.260500 0.019300
vt 0.284100 0.015400
vt 0.320900 0.046700
vt 0.318500 0.010000
vt 0.360100 0.049300
vt 0.359900 0.011700
vt 0.374400 0.382900
vt 0.394000 0.358000
vt 0.413100 0.368200
vt 0.393700 0.395200
vt 0.431700 0.375200
vt 0.387500 0.430100
vt 0.373700 0.345700
vt 0.354200 0.366500
vt 0.355200 0.405400
vt 0.334000 0.386800
vt 0.315700 0.401600
vt 0.341400 0.421700
vt 0.328100 0.437300
vt 0.295800 0.414000
vt 0.361000 0.437400
vt 0.348000 0.453500
vt 0.353100 0.457100
vt 0.338900 0.463200
vt 0.341100 0.464600
vt 0.334000 0.386800
vt 0.355200 0.405400
vt 0.372900 0.421700
vt 0.374400 0.382900
vt 0.393700 0.395200
vt 0.260500 0.287900
vt 0.260500 0.286500
vt 0.270100 0.285000
vt 0.270100 0.287100
vt 0.269100 0.290300
vt 0.277900 0.289000
vt 0.279900 0.281900
vt 0.260500 0.290400
vt 0.260500 0.287900
vt 0.252000 0.290300
vt 0.250900 0.287100
vt 0.250900 0.285000
vt 0.260500 0.286500
vt 0.243100 0.289000
vt 0.241200 0.281900
vt 0.270200 0.270500
vt 0.280900 0.277200
vt 0.270100 0.285000
vt 0.265500 0.273600
vt 0.265000 0.267500
vt 0.265500 0.273600
vt 0.260500 0.273100
vt 0.260500 0.286500
vt 0.270100 0.285000
vt 0.260500 0.267500
vt 0.288800 0.206600
vt 0.282100 0.196100
vt 0.299600 0.182100
vt 0.306400 0.193100
vt 0.312600 0.204000
vt 0.292100 0.215900
vt 0.281100 0.398100
vt 0.295800 0.414000
vt 0.284300 0.426400
vt 0.260500 0.405400
vt 0.260500 0.387800
vt 0.274600 0.385800
vt 0.274600 0.385800
vt 0.300000 0.386700
vt 0.291600 0.374400
vt 0.308800 0.360900
vt 0.319400 0.372500
vt 0.295800 0.414000
vt 0.319100 0.450000
vt 0.328100 0.437300
vt 0.338900 0.463200
vt 0.348000 0.453500
vt 0.300000 0.386700
vt 0.295800 0.414000
vt 0.315700 0.401600
vt 0.319400 0.372500
vt 0.334000 0.386800
vt 0.373700 0.345700
vt 0.354200 0.366500
vt 0.339900 0.352600
vt 0.354400 0.335000
vt 0.335400 0.326000
vt 0.324900 0.342200
vt 0.348900 0.277600
vt 0.351000 0.263500
vt 0.368400 0.266400
vt 0.367600 0.283400
vt 0.330900 0.272600
vt 0.333100 0.258600
vt 0.384000 0.267000
vt 0.387800 0.286300
vt 0.327800 0.287700
vt 0.345600 0.293000
vt 0.324600 0.303400
vt 0.342100 0.308800
vt 0.335400 0.326000
vt 0.318600 0.317200
vt 0.419300 0.226100
vt 0.443500 0.240800
vt 0.433900 0.271300
vt 0.412400 0.245700
vt 0.400300 0.218300
vt 0.395900 0.232600
vt 0.386500 0.244400
vt 0.399600 0.262400
vt 0.408600 0.283700
vt 0.412400 0.245700
vt 0.399600 0.262400
vt 0.387800 0.286300
vt 0.384000 0.267000
vt 0.412600 0.307500
vt 0.387600 0.303500
vt 0.385300 0.323400
vt 0.406500 0.332800
vt 0.366300 0.296800
vt 0.367600 0.283400
vt 0.348900 0.277600
vt 0.345600 0.293000
vt 0.342100 0.308800
vt 0.363700 0.314100
vt 0.385900 0.215700
vt 0.400300 0.218300
vt 0.395900 0.232600
vt 0.381600 0.227700
vt 0.386500 0.244400
vt 0.378500 0.234300
vt 0.354200 0.245800
vt 0.356300 0.232600
vt 0.374500 0.238700
vt 0.369100 0.249200
vt 0.336000 0.242700
vt 0.338000 0.228300
vt 0.377100 0.249000
vt 0.386500 0.244400
vt 0.378500 0.234300
vt 0.316000 0.227500
vt 0.336000 0.242700
vt 0.315800 0.240100
vt 0.296700 0.229900
vt 0.298800 0.237900
vt 0.282100 0.196100
vt 0.279200 0.210300
vt 0.273000 0.198800
vt 0.275700 0.183700
vt 0.279200 0.210300
vt 0.282100 0.196100
vt 0.288800 0.206600
vt 0.285300 0.217000
vt 0.273000 0.198800
vt 0.266200 0.193100
vt 0.267400 0.178400
vt 0.275700 0.183700
vt 0.320100 0.084500
vt 0.357700 0.084800
vt 0.352300 0.119200
vt 0.317700 0.132700
vt 0.275700 0.183700
vt 0.291100 0.158100
vt 0.299600 0.182100
vt 0.282100 0.196100
vt 0.270300 0.363500
vt 0.268500 0.347900
vt 0.279800 0.344100
vt 0.284200 0.358100
vt 0.291100 0.331200
vt 0.298500 0.345300
vt 0.299200 0.319400
vt 0.310500 0.330500
vt 0.303900 0.308300
vt 0.318600 0.317200
vt 0.290100 0.310100
vt 0.292900 0.302400
vt 0.303900 0.308300
vt 0.299200 0.319400
vt 0.285300 0.319800
vt 0.291100 0.331200
vt 0.276800 0.329700
vt 0.279800 0.344100
vt 0.268600 0.331700
vt 0.276800 0.329700
vt 0.279800 0.344100
vt 0.268500 0.347900
vt 0.260500 0.331200
vt 0.260500 0.347700
vt 0.252500 0.347900
vt 0.252500 0.331700
vt 0.241200 0.344100
vt 0.244200 0.329700
vt 0.333100 0.258600
vt 0.330900 0.272600
vt 0.312300 0.268500
vt 0.315000 0.254100
vt 0.298800 0.263400
vt 0.299100 0.249900
vt 0.315800 0.240100
vt 0.336000 0.242700
vt 0.298800 0.237900
vt 0.287200 0.232900
vt 0.290200 0.227200
vt 0.296700 0.229900
vt 0.298800 0.237900
vt 0.286100 0.244900
vt 0.299100 0.249900
vt 0.286900 0.260100
vt 0.298800 0.263400
vt 0.287000 0.223300
vt 0.278700 0.226300
vt 0.288400 0.274400
vt 0.282400 0.269900
vt 0.281800 0.257200
vt 0.272000 0.237100
vt 0.271800 0.221100
vt 0.278700 0.226300
vt 0.279100 0.239200
vt 0.264900 0.236100
vt 0.265000 0.220300
vt 0.272300 0.253800
vt 0.281800 0.257200
vt 0.264600 0.251700
vt 0.271800 0.221100
vt 0.271900 0.209800
vt 0.265000 0.220300
vt 0.265900 0.204700
vt 0.278400 0.217200
vt 0.271300 0.264900
vt 0.265000 0.262500
vt 0.264600 0.251700
vt 0.272300 0.253800
vt 0.281800 0.257200
vt 0.282400 0.269900
vt 0.260500 0.261800
vt 0.265000 0.267500
vt 0.260500 0.267500
vt 0.260500 0.251000
vt 0.264600 0.251700
vt 0.270200 0.270500
vt 0.271300 0.264900
vt 0.282400 0.269900
vt 0.280900 0.277200
vt 0.268700 0.318700
vt 0.268600 0.331700
vt 0.260500 0.331200
vt 0.260500 0.317200
vt 0.252300 0.318700
vt 0.260500 0.317200
vt 0.252500 0.331700
vt 0.285300 0.319800
vt 0.280700 0.311500
vt 0.283800 0.305300
vt 0.290100 0.310100
vt 0.269600 0.301600
vt 0.268400 0.308600
vt 0.260500 0.307800
vt 0.260500 0.299100
vt 0.277200 0.303800
vt 0.275800 0.310400
vt 0.280700 0.311500
vt 0.283800 0.305300
vt 0.276300 0.317900
vt 0.268700 0.318700
vt 0.260500 0.317200
vt 0.276300 0.317900
vt 0.251400 0.301600
vt 0.260500 0.299100
vt 0.252600 0.308600
vt 0.243800 0.303800
vt 0.245200 0.310400
vt 0.240300 0.311500
vt 0.237300 0.305300
vt 0.244700 0.317900
vt 0.252300 0.318700
vt 0.260500 0.317200
vt 0.244700 0.317900
vt 0.374900 0.153400
vt 0.379100 0.137400
vt 0.400600 0.151600
vt 0.388100 0.164500
vt 0.379800 0.175200
vt 0.374400 0.166700
vt 0.415500 0.175400
vt 0.388100 0.164500
vt 0.398600 0.181700
vt 0.379800 0.175200
vt 0.386100 0.186500
vt 0.402600 0.200200
vt 0.398600 0.181700
vt 0.415500 0.175400
vt 0.421400 0.200700
vt 0.400300 0.218300
vt 0.419300 0.226100
vt 0.443500 0.240800
vt 0.447100 0.204300
vt 0.353300 0.162400
vt 0.374900 0.153400
vt 0.374400 0.166700
vt 0.355400 0.175900
vt 0.327800 0.176900
vt 0.324100 0.163900
vt 0.351800 0.145900
vt 0.330300 0.190500
vt 0.379100 0.137400
vt 0.270300 0.363500
vt 0.284200 0.358100
vt 0.291600 0.374400
vt 0.274600 0.385800
vt 0.298500 0.345300
vt 0.308800 0.360900
vt 0.324900 0.342200
vt 0.339900 0.352600
vt 0.319400 0.372500
vt 0.310500 0.330500
vt 0.318600 0.317200
vt 0.335400 0.326000
vt 0.339900 0.352600
vt 0.354200 0.366500
vt 0.334000 0.386800
vt 0.319400 0.372500
vt 0.287000 0.223300
vt 0.278400 0.217200
vt 0.279200 0.210300
vt 0.285300 0.217000
vt 0.292100 0.215900
vt 0.288800 0.206600
vt 0.294700 0.222600
vt 0.290200 0.227200
vt 0.296700 0.229900
vt 0.278700 0.226300
vt 0.287200 0.232900
vt 0.286100 0.244900
vt 0.279100 0.239200
vt 0.281800 0.257200
vt 0.286900 0.260100
vt 0.260500 0.299100
vt 0.260500 0.293700
vt 0.268600 0.295200
vt 0.269600 0.301600
vt 0.269100 0.290300
vt 0.260500 0.290400
vt 0.252000 0.290300
vt 0.252400 0.295200
vt 0.260500 0.299100
vt 0.251400 0.301600
vt 0.260500 0.387800
vt 0.260500 0.364100
vt 0.270300 0.363500
vt 0.274600 0.385800
vt 0.268500 0.347900
vt 0.260500 0.347700
vt 0.252500 0.347900
vt 0.260500 0.364100
vt 0.250700 0.363500
vt 0.260500 0.387800
vt 0.246500 0.385800
vt 0.297600 0.277300
vt 0.298800 0.263400
vt 0.312300 0.268500
vt 0.309900 0.282800
vt 0.330900 0.272600
vt 0.327800 0.287700
vt 0.307500 0.295800
vt 0.324600 0.303400
vt 0.318600 0.317200
vt 0.303900 0.308300
vt 0.295900 0.291300
vt 0.292900 0.302400
vt 0.292900 0.302400
vt 0.283900 0.298200
vt 0.286200 0.287000
vt 0.295900 0.291300
vt 0.297600 0.277300
vt 0.288400 0.274400
vt 0.279900 0.281900
vt 0.277900 0.289000
vt 0.298800 0.263400
vt 0.286900 0.260100
vt 0.280900 0.277200
vt 0.282400 0.269900
vt 0.270100 0.285000
vt 0.270100 0.287100
vt 0.283900 0.298200
vt 0.276900 0.296700
vt 0.283800 0.305300
vt 0.290100 0.310100
vt 0.320100 0.084500
vt 0.320900 0.046700
vt 0.360100 0.049300
vt 0.357700 0.084800
vt 0.287100 0.085100
vt 0.289000 0.046200
vt 0.260500 0.048500
vt 0.260500 0.086700
vt 0.276300 0.317900
vt 0.276800 0.329700
vt 0.268600 0.331700
vt 0.268700 0.318700
vt 0.280700 0.311500
vt 0.285300 0.319800
vt 0.386500 0.244400
vt 0.399600 0.262400
vt 0.384000 0.267000
vt 0.377100 0.249000
vt 0.368400 0.266400
vt 0.369100 0.249200
vt 0.351000 0.263500
vt 0.354200 0.245800
vt 0.336000 0.242700
vt 0.333100 0.258600
vt 0.352300 0.119200
vt 0.351800 0.145900
vt 0.324100 0.163900
vt 0.317700 0.132700
vt 0.379100 0.137400
vt 0.391300 0.115200
vt 0.291100 0.158100
vt 0.299600 0.182100
vt 0.327800 0.176900
vt 0.306400 0.193100
vt 0.299600 0.182100
vt 0.324100 0.163900
vt 0.330300 0.190500
vt 0.312600 0.204000
vt 0.363700 0.314100
vt 0.385300 0.323400
vt 0.373700 0.345700
vt 0.354400 0.335000
vt 0.342100 0.308800
vt 0.335400 0.326000
vt 0.283900 0.298200
vt 0.283800 0.305300
vt 0.277200 0.303800
vt 0.276900 0.296700
vt 0.269600 0.301600
vt 0.268600 0.295200
vt 0.277900 0.289000
vt 0.269100 0.290300
vt 0.386100 0.186500
vt 0.398600 0.181700
vt 0.402600 0.200200
vt 0.388300 0.200500
vt 0.400300 0.218300
vt 0.385900 0.215700
vt 0.273000 0.198800
vt 0.271900 0.209800
vt 0.265900 0.204700
vt 0.266200 0.193100
vt 0.279200 0.210300
vt 0.278400 0.217200
vt 0.283200 0.120100
vt 0.260500 0.118500
vt 0.260500 0.086700
vt 0.287100 0.085100
vt 0.260500 0.148900
vt 0.275300 0.148400
vt 0.291100 0.158100
vt 0.317700 0.132700
vt 0.320100 0.084500
vt 0.237800 0.120100
vt 0.260500 0.086700
vt 0.233900 0.085100
vt 0.245700 0.148400
vt 0.229900 0.158100
vt 0.203300 0.132700
vt 0.200900 0.084500
vt 0.022400 0.101200
vt 0.050700 0.092500
vt 0.044700 0.102600
vt 0.032500 0.107000
vt 0.029400 0.074000
vt 0.049000 0.061200
vt 0.019100 0.062000
vt 0.028400 0.037400
vt 0.009900 0.086700
vt 0.010700 0.064500
vt 0.011100 0.052100
vt 0.011500 0.039700
vt 0.012600 0.028700
vt 0.025300 0.026700
vt 0.033100 0.031700
vt 0.050700 0.092500
vt 0.058600 0.098800
vt 0.048800 0.113300
vt 0.044700 0.102600
vt 0.032500 0.107000
vt 0.038100 0.117200
vt 0.054700 0.058000
vt 0.049000 0.061200
vt 0.028400 0.037400
vt 0.033100 0.031700
vt 0.022400 0.101200
vt 0.021500 0.113500
vt 0.009900 0.086700
vt 0.908300 0.973400
vt 0.894900 0.969000
vt 0.906200 0.987300
vt 0.872100 0.968800
vt 0.910500 0.981400
vt 0.914100 0.976400
vt 0.854500 0.984500
vt 0.848600 0.989700
vt 0.943900 0.987100
vt 0.996600 0.979100
vt 0.996600 0.953800
vt 0.953500 0.949800
vt 0.901800 0.949500
vt 0.919900 0.924300
vt 0.958400 0.911000
vt 0.996600 0.919000
vt 0.919900 0.924300
vt 0.886400 0.930800
vt 0.872500 0.953600
vt 0.853700 0.963600
vt 0.886400 0.930800
vt 0.862700 0.938400
vt 0.841100 0.941600
vt 0.824100 0.962400
vt 0.848500 0.971700
vt 0.841100 0.941600
vt 0.919900 0.924300
vt 0.958400 0.911000
vt 0.906900 0.896200
vt 0.958400 0.911000
vt 0.996600 0.919000
vt 0.996600 0.897600
vt 0.950100 0.885100
vt 0.906900 0.896200
vt 0.958400 0.911000
vt 0.911300 0.874600
vt 0.906900 0.896200
vt 0.896600 0.845500
vt 0.887200 0.890900
vt 0.887900 0.907200
vt 0.873800 0.883900
vt 0.870800 0.897900
vt 0.865200 0.880100
vt 0.859000 0.877800
vt 0.856400 0.867200
vt 0.882400 0.833000
vt 0.846400 0.872600
vt 0.853700 0.875500
vt 0.843300 0.886000
vt 0.853700 0.875500
vt 0.847000 0.889000
vt 0.837200 0.902800
vt 0.859000 0.877800
vt 0.855000 0.891500
vt 0.863800 0.894600
vt 0.865200 0.880100
vt 0.870800 0.897900
vt 0.801700 0.876400
vt 0.843300 0.886000
vt 0.824300 0.893700
vt 0.795000 0.909900
vt 0.837200 0.902800
vt 0.795000 0.909900
vt 0.764400 0.906700
vt 0.773400 0.879700
vt 0.764400 0.880800
vt 0.824100 0.962400
vt 0.841100 0.941600
vt 0.801000 0.953800
vt 0.777000 0.953000
vt 0.764400 0.941700
vt 0.764400 0.954500
vt 0.787400 0.948000
vt 0.795000 0.909900
vt 0.764400 0.906700
vt 0.862700 0.938400
vt 0.862800 0.911600
vt 0.841100 0.941600
vt 0.886400 0.930800
vt 0.870800 0.897900
vt 0.863800 0.894600
vt 0.855000 0.891500
vt 0.848700 0.907500
vt 0.847000 0.889000
vt 0.837200 0.902800
vt 0.886400 0.930800
vt 0.919900 0.924300
vt 0.887900 0.907200
vt 0.870800 0.897900
vt 0.906900 0.896200
vt 0.837200 0.902800
vt 0.795000 0.909900
vt 0.818800 0.924700
vt 0.841100 0.941600
vt 0.801000 0.953800
vt 0.787400 0.948000
vt 0.787400 0.948000
vt 0.777000 0.953000
vt 0.764400 0.966400
vt 0.773300 0.973800
vt 0.777200 0.963900
vt 0.764400 0.960300
vt 0.764400 0.954500
vt 0.777000 0.953000
vt 0.764400 0.984700
vt 0.770400 0.988500
vt 0.773300 0.973800
vt 0.798200 0.969800
vt 0.798200 0.991200
vt 0.773300 0.973800
vt 0.818800 0.976300
vt 0.798200 0.969800
vt 0.822600 0.990800
vt 0.835800 0.982800
vt 0.818800 0.976300
vt 0.848500 0.971700
vt 0.820900 0.969100
vt 0.824100 0.962400
vt 0.818800 0.976300
vt 0.777200 0.963900
vt 0.773300 0.973800
vt 0.798200 0.969800
vt 0.800200 0.962400
vt 0.777000 0.953000
vt 0.801000 0.953800
vt 0.820900 0.969100
vt 0.824100 0.962400
vt 0.800200 0.962400
vt 0.818800 0.976300
vt 0.798200 0.969800
vt 0.260500 0.236000
vt 0.256100 0.236100
vt 0.256100 0.220300
vt 0.260500 0.219900
vt 0.260500 0.251000
vt 0.256500 0.251700
vt 0.021600 0.239200
vt 0.049700 0.351600
vt 0.057700 0.369800
vt 0.053300 0.383500
vt 0.068600 0.380200
vt 0.133500 0.430100
vt 0.027100 0.231300
vt 0.012900 0.204400
vt 0.067800 0.333100
vt 0.076000 0.353000
vt 0.092800 0.340400
vt 0.089300 0.375200
vt 0.076000 0.353000
vt 0.107900 0.368200
vt 0.092800 0.340400
vt 0.127000 0.358000
vt 0.114500 0.332800
vt 0.147300 0.345700
vt 0.135700 0.323400
vt 0.082500 0.305400
vt 0.108400 0.307500
vt 0.112400 0.283700
vt 0.087100 0.271300
vt 0.114500 0.332800
vt 0.058900 0.306700
vt 0.052900 0.281700
vt 0.077500 0.240800
vt 0.047400 0.257600
vt 0.073900 0.204300
vt 0.039400 0.213700
vt 0.080100 0.163900
vt 0.073900 0.204300
vt 0.037600 0.153900
vt 0.023500 0.178600
vt 0.012900 0.204400
vt 0.077400 0.111200
vt 0.101600 0.133300
vt 0.118600 0.054400
vt 0.122000 0.089900
vt 0.069200 0.057300
vt 0.129700 0.115200
vt 0.101600 0.133300
vt 0.120400 0.151600
vt 0.141900 0.137400
vt 0.105500 0.175400
vt 0.080100 0.163900
vt 0.119900 0.027300
vt 0.118600 0.054400
vt 0.161100 0.011700
vt 0.160900 0.049300
vt 0.160900 0.049300
vt 0.163300 0.084800
vt 0.122000 0.089900
vt 0.163300 0.084800
vt 0.168700 0.119200
vt 0.129700 0.115200
vt 0.232100 0.046200
vt 0.236900 0.015400
vt 0.260500 0.019300
vt 0.260500 0.048500
vt 0.200100 0.046700
vt 0.202500 0.010000
vt 0.160900 0.049300
vt 0.161100 0.011700
vt 0.146700 0.382900
vt 0.127300 0.395200
vt 0.107900 0.368200
vt 0.127000 0.358000
vt 0.089300 0.375200
vt 0.133500 0.430100
vt 0.147300 0.345700
vt 0.166800 0.366500
vt 0.165800 0.405400
vt 0.187000 0.386800
vt 0.205300 0.401600
vt 0.225200 0.414000
vt 0.192900 0.437300
vt 0.179600 0.421700
vt 0.160000 0.437400
vt 0.173000 0.453500
vt 0.167900 0.457100
vt 0.182100 0.463200
vt 0.179900 0.464600
vt 0.187000 0.386800
vt 0.165800 0.405400
vt 0.148100 0.421700
vt 0.146700 0.382900
vt 0.127300 0.395200
vt 0.250800 0.270500
vt 0.255500 0.273600
vt 0.250900 0.285000
vt 0.240100 0.277200
vt 0.256000 0.267500
vt 0.260500 0.267500
vt 0.260500 0.273100
vt 0.255500 0.273600
vt 0.260500 0.286500
vt 0.250900 0.285000
vt 0.232200 0.206600
vt 0.214700 0.193100
vt 0.221400 0.182100
vt 0.238900 0.196100
vt 0.208400 0.204000
vt 0.228900 0.215900
vt 0.239900 0.398100
vt 0.260500 0.405400
vt 0.236700 0.426400
vt 0.225200 0.414000
vt 0.260500 0.387800
vt 0.246500 0.385800
vt 0.246500 0.385800
vt 0.221000 0.386700
vt 0.229500 0.374400
vt 0.212200 0.360900
vt 0.201600 0.372500
vt 0.225200 0.414000
vt 0.201900 0.450000
vt 0.192900 0.437300
vt 0.182100 0.463200
vt 0.173000 0.453500
vt 0.221000 0.386700
vt 0.225200 0.414000
vt 0.205300 0.401600
vt 0.201600 0.372500
vt 0.187000 0.386800
vt 0.147300 0.345700
vt 0.166600 0.335000
vt 0.181100 0.352600
vt 0.166800 0.366500
vt 0.185700 0.326000
vt 0.196100 0.342200
vt 0.172100 0.277600
vt 0.153500 0.283400
vt 0.152600 0.266400
vt 0.170000 0.263500
vt 0.190100 0.272600
vt 0.188000 0.258600
vt 0.137000 0.267000
vt 0.133200 0.286300
vt 0.193300 0.287700
vt 0.175400 0.293000
vt 0.196400 0.303400
vt 0.178900 0.308800
vt 0.185700 0.326000
vt 0.202400 0.317200
vt 0.101700 0.226100
vt 0.108600 0.245700
vt 0.087100 0.271300
vt 0.077500 0.240800
vt 0.120700 0.218300
vt 0.125100 0.232600
vt 0.134500 0.244400
vt 0.121400 0.262400
vt 0.112400 0.283700
vt 0.108600 0.245700
vt 0.121400 0.262400
vt 0.133200 0.286300
vt 0.137000 0.267000
vt 0.108400 0.307500
vt 0.133400 0.303500
vt 0.135700 0.323400
vt 0.114500 0.332800
vt 0.154700 0.296800
vt 0.153500 0.283400
vt 0.172100 0.277600
vt 0.175400 0.293000
vt 0.178900 0.308800
vt 0.157300 0.314100
vt 0.135100 0.215700
vt 0.139500 0.227700
vt 0.125100 0.232600
vt 0.120700 0.218300
vt 0.134500 0.244400
vt 0.142500 0.234300
vt 0.166800 0.245800
vt 0.151900 0.249200
vt 0.146500 0.238700
vt 0.164700 0.232600
vt 0.185000 0.242700
vt 0.183000 0.228300
vt 0.143900 0.249000
vt 0.134500 0.244400
vt 0.142500 0.234300
vt 0.205000 0.227500
vt 0.185000 0.242700
vt 0.205200 0.240100
vt 0.224300 0.229900
vt 0.222300 0.237900
vt 0.238900 0.196100
vt 0.245300 0.183700
vt 0.248000 0.198800
vt 0.241800 0.210300
vt 0.241800 0.210300
vt 0.235700 0.217000
vt 0.232200 0.206600
vt 0.238900 0.196100
vt 0.248000 0.198800
vt 0.245300 0.183700
vt 0.253600 0.178400
vt 0.254800 0.193100
vt 0.200900 0.084500
vt 0.203300 0.132700
vt 0.168700 0.119200
vt 0.163300 0.084800
vt 0.245300 0.183700
vt 0.238900 0.196100
vt 0.221400 0.182100
vt 0.229900 0.158100
vt 0.250700 0.363500
vt 0.236800 0.358100
vt 0.241200 0.344100
vt 0.252500 0.347900
vt 0.229900 0.331200
vt 0.222500 0.345300
vt 0.221800 0.319400
vt 0.210500 0.330500
vt 0.217100 0.308300
vt 0.202400 0.317200
vt 0.230900 0.310100
vt 0.221800 0.319400
vt 0.217100 0.308300
vt 0.228100 0.302400
vt 0.235700 0.319800
vt 0.229900 0.331200
vt 0.244200 0.329700
vt 0.241200 0.344100
vt 0.188000 0.258600
vt 0.206100 0.254100
vt 0.208700 0.268500
vt 0.190100 0.272600
vt 0.222200 0.263400
vt 0.221900 0.249900
vt 0.205200 0.240100
vt 0.185000 0.242700
vt 0.222300 0.237900
vt 0.233800 0.232900
vt 0.222300 0.237900
vt 0.224300 0.229900
vt 0.230800 0.227200
vt 0.234900 0.244900
vt 0.221900 0.249900
vt 0.234100 0.260100
vt 0.222200 0.263400
vt 0.234000 0.223300
vt 0.242300 0.226300
vt 0.239300 0.257200
vt 0.238600 0.269900
vt 0.232600 0.274400
vt 0.249000 0.237100
vt 0.241900 0.239200
vt 0.242300 0.226300
vt 0.249200 0.221100
vt 0.256100 0.236100
vt 0.256100 0.220300
vt 0.248700 0.253800
vt 0.239300 0.257200
vt 0.256500 0.251700
vt 0.242600 0.217200
vt 0.249100 0.209800
vt 0.249200 0.221100
vt 0.256100 0.220300
vt 0.255100 0.204700
vt 0.249800 0.264900
vt 0.248700 0.253800
vt 0.256500 0.251700
vt 0.256000 0.262500
vt 0.239300 0.257200
vt 0.238600 0.269900
vt 0.260500 0.261800
vt 0.256000 0.267500
vt 0.260500 0.267500
vt 0.260500 0.251000
vt 0.256500 0.251700
vt 0.250800 0.270500
vt 0.249800 0.264900
vt 0.238600 0.269900
vt 0.240100 0.277200
vt 0.235700 0.319800
vt 0.230900 0.310100
vt 0.237300 0.305300
vt 0.240300 0.311500
vt 0.146100 0.153400
vt 0.132900 0.164500
vt 0.120400 0.151600
vt 0.141900 0.137400
vt 0.141200 0.175200
vt 0.146700 0.166700
vt 0.105500 0.175400
vt 0.132900 0.164500
vt 0.122500 0.181700
vt 0.141200 0.175200
vt 0.135000 0.186500
vt 0.118400 0.200200
vt 0.099600 0.200700
vt 0.105500 0.175400
vt 0.122500 0.181700
vt 0.120700 0.218300
vt 0.101700 0.226100
vt 0.077500 0.240800
vt 0.073900 0.204300
vt 0.167700 0.162400
vt 0.165600 0.175900
vt 0.146700 0.166700
vt 0.146100 0.153400
vt 0.193200 0.176900
vt 0.196900 0.163900
vt 0.169200 0.145900
vt 0.190700 0.190500
vt 0.141900 0.137400
vt 0.250700 0.363500
vt 0.246500 0.385800
vt 0.229500 0.374400
vt 0.236800 0.358100
vt 0.222500 0.345300
vt 0.212200 0.360900
vt 0.196100 0.342200
vt 0.181100 0.352600
vt 0.201600 0.372500
vt 0.210500 0.330500
vt 0.202400 0.317200
vt 0.185700 0.326000
vt 0.181100 0.352600
vt 0.201600 0.372500
vt 0.187000 0.386800
vt 0.166800 0.366500
vt 0.234000 0.223300
vt 0.235700 0.217000
vt 0.241800 0.210300
vt 0.242600 0.217200
vt 0.228900 0.215900
vt 0.232200 0.206600
vt 0.226300 0.222600
vt 0.230800 0.227200
vt 0.224300 0.229900
vt 0.242300 0.226300
vt 0.241900 0.239200
vt 0.234900 0.244900
vt 0.239300 0.257200
vt 0.234100 0.260100
vt 0.233800 0.232900
vt 0.223400 0.277300
vt 0.211200 0.282800
vt 0.208700 0.268500
vt 0.222200 0.263400
vt 0.190100 0.272600
vt 0.193300 0.287700
vt 0.213500 0.295800
vt 0.196400 0.303400
vt 0.202400 0.317200
vt 0.217100 0.308300
vt 0.225200 0.291300
vt 0.228100 0.302400
vt 0.228100 0.302400
vt 0.225200 0.291300
vt 0.234800 0.287000
vt 0.237100 0.298200
vt 0.223400 0.277300
vt 0.232600 0.274400
vt 0.241200 0.281900
vt 0.243100 0.289000
vt 0.222200 0.263400
vt 0.234100 0.260100
vt 0.240100 0.277200
vt 0.238600 0.269900
vt 0.250900 0.285000
vt 0.250900 0.287100
vt 0.237100 0.298200
vt 0.244100 0.296700
vt 0.237300 0.305300
vt 0.230900 0.310100
vt 0.200900 0.084500
vt 0.163300 0.084800
vt 0.160900 0.049300
vt 0.200100 0.046700
vt 0.233900 0.085100
vt 0.232100 0.046200
vt 0.260500 0.048500
vt 0.260500 0.086700
vt 0.244700 0.317900
vt 0.252300 0.318700
vt 0.252500 0.331700
vt 0.244200 0.329700
vt 0.240300 0.311500
vt 0.235700 0.319800
vt 0.134500 0.244400
vt 0.143900 0.249000
vt 0.137000 0.267000
vt 0.121400 0.262400
vt 0.152600 0.266400
vt 0.151900 0.249200
vt 0.170000 0.263500
vt 0.166800 0.245800
vt 0.185000 0.242700
vt 0.188000 0.258600
vt 0.168700 0.119200
vt 0.203300 0.132700
vt 0.196900 0.163900
vt 0.169200 0.145900
vt 0.141900 0.137400
vt 0.129700 0.115200
vt 0.229900 0.158100
vt 0.221400 0.182100
vt 0.193200 0.176900
vt 0.196900 0.163900
vt 0.221400 0.182100
vt 0.214700 0.193100
vt 0.190700 0.190500
vt 0.208400 0.204000
vt 0.157300 0.314100
vt 0.166600 0.335000
vt 0.147300 0.345700
vt 0.135700 0.323400
vt 0.178900 0.308800
vt 0.185700 0.326000
vt 0.237100 0.298200
vt 0.244100 0.296700
vt 0.243800 0.303800
vt 0.237300 0.305300
vt 0.251400 0.301600
vt 0.252400 0.295200
vt 0.243100 0.289000
vt 0.252000 0.290300
vt 0.135000 0.186500
vt 0.132700 0.200500
vt 0.118400 0.200200
vt 0.122500 0.181700
vt 0.120700 0.218300
vt 0.135100 0.215700
vt 0.248000 0.198800
vt 0.254800 0.193100
vt 0.255100 0.204700
vt 0.249100 0.209800
vt 0.241800 0.210300
vt 0.242600 0.217200
vt 0.223500 0.540500
vt 0.224700 0.534700
vt 0.207600 0.531100
vt 0.207200 0.538200
vt 0.191200 0.537000
vt 0.192200 0.530300
vt 0.210100 0.523700
vt 0.194500 0.522500
vt 0.207300 0.545200
vt 0.190300 0.543600
vt 0.222300 0.546600
vt 0.196900 0.514800
vt 0.158100 0.529100
vt 0.149500 0.527300
vt 0.152800 0.535400
vt 0.158300 0.537300
vt 0.155700 0.541200
vt 0.158500 0.547100
vt 0.147100 0.515200
vt 0.149500 0.527300
vt 0.158100 0.529100
vt 0.157900 0.518300
vt 0.146200 0.505500
vt 0.157800 0.509000
vt 0.174000 0.519800
vt 0.174300 0.510200
vt 0.194500 0.522500
vt 0.173600 0.529300
vt 0.192200 0.530300
vt 0.196900 0.514800
vt 0.191200 0.537000
vt 0.173600 0.529300
vt 0.173500 0.537300
vt 0.158100 0.529100
vt 0.158300 0.537300
vt 0.174700 0.545200
vt 0.190300 0.543600
vt 0.158500 0.547100
vt 0.157800 0.509000
vt 0.152400 0.500300
vt 0.146200 0.505500
vt 0.157200 0.495200
vt 0.174500 0.502300
vt 0.174300 0.510200
vt 0.196900 0.514800
vt 0.223500 0.540500
vt 0.207200 0.538200
vt 0.207600 0.531100
vt 0.224700 0.534700
vt 0.191200 0.537000
vt 0.192200 0.530300
vt 0.210100 0.523700
vt 0.194500 0.522500
vt 0.207300 0.545200
vt 0.190300 0.543600
vt 0.222300 0.546600
vt 0.196900 0.514800
vt 0.158100 0.529100
vt 0.158300 0.537300
vt 0.152800 0.535400
vt 0.149500 0.527300
vt 0.155700 0.541200
vt 0.158500 0.547100
vt 0.147100 0.515200
vt 0.157900 0.518300
vt 0.158100 0.529100
vt 0.149500 0.527300
vt 0.146200 0.505500
vt 0.157800 0.509000
vt 0.174000 0.519800
vt 0.174300 0.510200
vt 0.194500 0.522500
vt 0.173600 0.529300
vt 0.192200 0.530300
vt 0.196900 0.514800
vt 0.191200 0.537000
vt 0.173600 0.529300
vt 0.173500 0.537300
vt 0.158100 0.529100
vt 0.158300 0.537300
vt 0.174700 0.545200
vt 0.190300 0.543600
vt 0.158500 0.547100
vt 0.157800 0.509000
vt 0.146200 0.505500
vt 0.152400 0.500300
vt 0.157200 0.495200
vt 0.174500 0.502300
vt 0.174300 0.510200
vt 0.196900 0.514800
vt 0.058900 0.674100
vt 0.048200 0.652500
vt 0.031500 0.665900
vt 0.019200 0.684500
vt 0.057100 0.695400
vt 0.017200 0.712100
vt 0.050100 0.721000
vt 0.006300 0.741600
vt 0.038200 0.748900
vt 0.019900 0.757600
vt 0.058900 0.674100
vt 0.031500 0.665900
vt 0.048200 0.652500
vt 0.019200 0.684500
vt 0.057100 0.695400
vt 0.017200 0.712100
vt 0.050100 0.721000
vt 0.006300 0.741600
vt 0.038200 0.748900
vt 0.019900 0.757600
vt 0.782000 0.363400
vt 0.789600 0.363400
vt 0.789300 0.346700
vt 0.782000 0.346700
vt 0.795100 0.365100
vt 0.797300 0.346700
vt 0.799600 0.363300
vt 0.800200 0.346700
vt 0.795100 0.365100
vt 0.804300 0.363400
vt 0.799600 0.363300
vt 0.844700 0.346700
vt 0.838100 0.346700
vt 0.837000 0.363400
vt 0.844700 0.363400
vt 0.831700 0.363400
vt 0.828200 0.346700
vt 0.828200 0.346700
vt 0.828100 0.363400
vt 0.828200 0.346700
vt 0.819600 0.346700
vt 0.822600 0.363400
vt 0.819800 0.363400
vt 0.815100 0.363400
vt 0.819800 0.363400
vt 0.813300 0.346700
vt 0.810000 0.363400
vt 0.804300 0.363400
vt 0.803600 0.346700
vt 0.800200 0.346700
vt 0.800200 0.346700
vt 0.797300 0.346700
vt 0.797300 0.346700
vt 0.789300 0.346700
vt 0.789300 0.346700
vt 0.782000 0.346700
vt 0.782000 0.346700
vt 0.803600 0.346700
vt 0.813300 0.346700
vt 0.810000 0.363400
vt 0.813300 0.346700
vt 0.819600 0.346700
vt 0.819800 0.363400
vt 0.819600 0.346700
vt 0.828200 0.346700
vt 0.828200 0.346700
vt 0.810000 0.363400
vt 0.803600 0.346700
vt 0.804300 0.363400
vt 0.844700 0.346700
vt 0.844700 0.346700
vt 0.838100 0.346700
vt 0.838100 0.346700
vt 0.828200 0.346700
vt 0.828200 0.346700
vt 0.782000 0.363400
vt 0.782000 0.346700
vt 0.789300 0.346700
vt 0.789600 0.363400
vt 0.795100 0.365100
vt 0.797300 0.346700
vt 0.799600 0.363300
vt 0.795100 0.365100
vt 0.800200 0.346700
vt 0.804300 0.363400
vt 0.799600 0.363300
vt 0.844700 0.346700
vt 0.844700 0.363400
vt 0.837000 0.363400
vt 0.838100 0.346700
vt 0.831700 0.363400
vt 0.828200 0.346700
vt 0.828200 0.346700
vt 0.828100 0.363400
vt 0.822600 0.363400
vt 0.819600 0.346700
vt 0.819800 0.363400
vt 0.828200 0.346700
vt 0.815100 0.363400
vt 0.813300 0.346700
vt 0.819800 0.363400
vt 0.810000 0.363400
vt 0.804300 0.363400
vt 0.800200 0.346700
vt 0.803600 0.346700
vt 0.800200 0.346700
vt 0.797300 0.346700
vt 0.797300 0.346700
vt 0.789300 0.346700
vt 0.789300 0.346700
vt 0.782000 0.346700
vt 0.782000 0.346700
vt 0.803600 0.346700
vt 0.813300 0.346700
vt 0.810000 0.363400
vt 0.813300 0.346700
vt 0.819600 0.346700
vt 0.819800 0.363400
vt 0.819600 0.346700
vt 0.828200 0.346700
vt 0.828200 0.346700
vt 0.810000 0.363400
vt 0.804300 0.363400
vt 0.803600 0.346700
vt 0.844700 0.346700
vt 0.838100 0.346700
vt 0.838100 0.346700
vt 0.844700 0.346700
vt 0.828200 0.346700
vt 0.828200 0.346700
vt 0.501600 0.702300
vt 0.500500 0.695200
vt 0.523800 0.678900
vt 0.513300 0.671600
vt 0.502700 0.709300
vt 0.529000 0.685000
vt 0.473700 0.695200
vt 0.501600 0.702300
vt 0.473600 0.701100
vt 0.473400 0.709300
vt 0.502700 0.709300
vt 0.502700 0.709300
vt 0.473400 0.709300
vt 0.694100 0.695200
vt 0.716300 0.695200
vt 0.719200 0.701100
vt 0.693900 0.701200
vt 0.693500 0.709300
vt 0.723100 0.709300
vt 0.723100 0.709300
vt 0.693500 0.709300
vt 0.693900 0.701200
vt 0.674600 0.693200
vt 0.681300 0.683300
vt 0.693500 0.709300
vt 0.667100 0.701200
vt 0.661000 0.709300
vt 0.693500 0.709300
vt 0.661000 0.709300
vt 0.674600 0.693200
vt 0.656800 0.650700
vt 0.654100 0.670500
vt 0.667100 0.701200
vt 0.652100 0.685200
vt 0.661000 0.709300
vt 0.553200 0.677600
vt 0.585300 0.673000
vt 0.585800 0.690400
vt 0.555400 0.688100
vt 0.559300 0.709300
vt 0.586400 0.709300
vt 0.586400 0.709300
vt 0.559300 0.709300
vt 0.585700 0.661700
vt 0.616000 0.661500
vt 0.614100 0.673500
vt 0.585300 0.673000
vt 0.586300 0.634600
vt 0.617200 0.635200
vt 0.585800 0.690400
vt 0.585300 0.673000
vt 0.614100 0.673500
vt 0.611100 0.692100
vt 0.607400 0.709300
vt 0.586400 0.709300
vt 0.607400 0.709300
vt 0.586400 0.709300
vt 0.614100 0.673500
vt 0.631800 0.709300
vt 0.611100 0.692100
vt 0.652100 0.685200
vt 0.661000 0.709300
vt 0.607400 0.709300
vt 0.661000 0.709300
vt 0.631800 0.709300
vt 0.607400 0.709300
vt 0.656800 0.650700
vt 0.654100 0.670500
vt 0.616000 0.661500
vt 0.617200 0.635200
vt 0.652100 0.685200
vt 0.614100 0.673500
vt 0.553200 0.677600
vt 0.529000 0.685000
vt 0.523800 0.678900
vt 0.549100 0.642900
vt 0.513300 0.671600
vt 0.553200 0.677600
vt 0.555400 0.688100
vt 0.529000 0.685000
vt 0.559300 0.709300
vt 0.535500 0.709300
vt 0.559300 0.709300
vt 0.535500 0.709300
vt 0.502700 0.709300
vt 0.529000 0.685000
vt 0.535500 0.709300
vt 0.535500 0.709300
vt 0.502700 0.709300
vt 0.585300 0.673000
vt 0.553200 0.677600
vt 0.585700 0.661700
vt 0.586300 0.634600
vt 0.549100 0.642900
vt 0.501600 0.702300
vt 0.523800 0.678900
vt 0.500500 0.695200
vt 0.513300 0.671600
vt 0.502700 0.709300
vt 0.529000 0.685000
vt 0.473700 0.695200
vt 0.501600 0.702300
vt 0.473600 0.701100
vt 0.473400 0.709300
vt 0.502700 0.709300
vt 0.502700 0.709300
vt 0.473400 0.709300
vt 0.694100 0.695200
vt 0.693900 0.701200
vt 0.719200 0.701100
vt 0.716300 0.695200
vt 0.693500 0.709300
vt 0.723100 0.709300
vt 0.723100 0.709300
vt 0.693500 0.709300
vt 0.681300 0.683300
vt 0.674600 0.693300
vt 0.693900 0.701200
vt 0.693500 0.709300
vt 0.667100 0.701200
vt 0.661000 0.709300
vt 0.693500 0.709300
vt 0.661000 0.709300
vt 0.674600 0.693300
vt 0.656800 0.650700
vt 0.654100 0.670500
vt 0.667100 0.701200
vt 0.652000 0.685300
vt 0.661000 0.709300
vt 0.553200 0.677600
vt 0.585800 0.690400
vt 0.585300 0.673000
vt 0.555400 0.688100
vt 0.559300 0.709300
vt 0.586400 0.709300
vt 0.586400 0.709300
vt 0.559300 0.709300
vt 0.585700 0.661700
vt 0.585300 0.673000
vt 0.614100 0.673500
vt 0.616000 0.661500
vt 0.586300 0.634600
vt 0.617200 0.635200
vt 0.585800 0.690400
vt 0.611100 0.692100
vt 0.614100 0.673500
vt 0.585300 0.673000
vt 0.607400 0.709300
vt 0.586400 0.709300
vt 0.607400 0.709300
vt 0.586400 0.709300
vt 0.614100 0.673500
vt 0.611100 0.692100
vt 0.631800 0.709300
vt 0.652000 0.685300
vt 0.661000 0.709300
vt 0.607400 0.709300
vt 0.661000 0.709300
vt 0.631800 0.709300
vt 0.607400 0.709300
vt 0.656800 0.650700
vt 0.617200 0.635200
vt 0.616000 0.661500
vt 0.654100 0.670500
vt 0.652000 0.685300
vt 0.614100 0.673500
vt 0.553200 0.677600
vt 0.523800 0.678900
vt 0.529000 0.685000
vt 0.549100 0.642900
vt 0.513300 0.671600
vt 0.553200 0.677600
vt 0.529000 0.685000
vt 0.555400 0.688100
vt 0.559300 0.709300
vt 0.535500 0.709300
vt 0.559300 0.709300
vt 0.535500 0.709300
vt 0.502700 0.709300
vt 0.535500 0.709300
vt 0.529000 0.685000
vt 0.535500 0.709300
vt 0.502700 0.709300
vt 0.585300 0.673000
vt 0.585700 0.661700
vt 0.553200 0.677600
vt 0.586300 0.634600
vt 0.549100 0.642900
vt 0.990700 0.296500
vt 0.987800 0.315000
vt 0.962600 0.285800
vt 0.978600 0.287500
vt 0.960800 0.328700
vt 0.950600 0.298100
vt 0.947800 0.317500
vt 0.975900 0.330000
vt 0.982000 0.286800
vt 0.985600 0.317600
vt 0.960400 0.330200
vt 0.966900 0.286200
vt 0.972800 0.330900
vt 0.949200 0.319900
vt 0.953800 0.301600
vt 0.991400 0.297300
vt 0.383200 0.638800
vt 0.368700 0.638800
vt 0.368100 0.624200
vt 0.383200 0.628400
vt 0.383200 0.628400
vt 0.400100 0.638800
vt 0.368700 0.638800
vt 0.355800 0.638800
vt 0.355800 0.631000
vt 0.417900 0.625600
vt 0.433000 0.631000
vt 0.433000 0.638800
vt 0.418300 0.638800
vt 0.433000 0.631000
vt 0.446400 0.631000
vt 0.446400 0.638800
vt 0.464700 0.638800
vt 0.464700 0.631000
vt 0.446000 0.625100
vt 0.433000 0.621800
vt 0.418300 0.613900
vt 0.418300 0.601400
vt 0.433000 0.608100
vt 0.400100 0.606500
vt 0.400100 0.593500
vt 0.400700 0.619100
vt 0.417900 0.625600
vt 0.417900 0.625600
vt 0.446000 0.625100
vt 0.433000 0.608100
vt 0.446600 0.612500
vt 0.383400 0.601100
vt 0.383200 0.593500
vt 0.400100 0.585900
vt 0.383200 0.585900
vt 0.400700 0.619100
vt 0.383100 0.610300
vt 0.378500 0.618500
vt 0.399900 0.630400
vt 0.433500 0.603300
vt 0.432900 0.594000
vt 0.446900 0.601600
vt 0.400100 0.638800
vt 0.383200 0.628400
vt 0.368700 0.593500
vt 0.383400 0.601100
vt 0.368700 0.599600
vt 0.356700 0.595400
vt 0.383100 0.610300
vt 0.370500 0.610800
vt 0.378500 0.618500
vt 0.368100 0.624200
vt 0.383200 0.628400
vt 0.356400 0.603900
vt 0.370500 0.610800
vt 0.368100 0.624200
vt 0.355500 0.621300
vt 0.355800 0.631000
vt 0.368700 0.638800
vt 0.355800 0.638800
vt 0.338900 0.631000
vt 0.338900 0.638800
vt 0.338400 0.619700
vt 0.355500 0.621300
vt 0.338900 0.613300
vt 0.356400 0.603900
vt 0.338500 0.595400
vt 0.356700 0.595400
vt 0.338900 0.626700
vt 0.338900 0.631000
vt 0.400700 0.619100
vt 0.417900 0.625600
vt 0.399900 0.630400
vt 0.400100 0.638800
vt 0.355800 0.585900
vt 0.368700 0.585900
vt 0.368700 0.593500
vt 0.356700 0.595400
vt 0.383200 0.585900
vt 0.383200 0.593500
vt 0.356700 0.595400
vt 0.339000 0.590700
vt 0.338500 0.595400
vt 0.338900 0.585900
vt 0.417700 0.594200
vt 0.418300 0.585900
vt 0.423500 0.593900
vt 0.432900 0.594000
vt 0.433000 0.585900
vt 0.432900 0.594000
vt 0.446400 0.585900
vt 0.446600 0.594200
vt 0.446900 0.601600
vt 0.400100 0.593500
vt 0.400100 0.585900
vt 0.417700 0.594200
vt 0.446900 0.601600
vt 0.446600 0.594200
vt 0.464500 0.595500
vt 0.446400 0.585900
vt 0.464300 0.590500
vt 0.464700 0.585900
vt 0.464700 0.613300
vt 0.446600 0.612500
vt 0.446900 0.601600
vt 0.464500 0.595500
vt 0.465000 0.619800
vt 0.464300 0.626400
vt 0.433500 0.603300
vt 0.423500 0.593900
vt 0.432900 0.594000
vt 0.417700 0.594200
vt 0.417700 0.594200
vt 0.417800 0.889300
vt 0.400400 0.891100
vt 0.400400 0.857800
vt 0.417800 0.858500
vt 0.417800 0.958600
vt 0.417800 0.991300
vt 0.400400 0.991700
vt 0.400400 0.960000
vt 0.400400 0.704400
vt 0.417800 0.705000
vt 0.417800 0.737300
vt 0.400400 0.741100
vt 0.417800 0.737300
vt 0.417800 0.763900
vt 0.400400 0.772200
vt 0.417800 0.773100
vt 0.417800 0.763900
vt 0.400400 0.806700
vt 0.400400 0.806700
vt 0.417800 0.806600
vt 0.417800 0.834500
vt 0.400400 0.833800
vt 0.400400 0.833800
vt 0.417800 0.834500
vt 0.417800 0.858500
vt 0.400400 0.857800
vt 0.400400 0.806700
vt 0.417800 0.773100
vt 0.417800 0.806600
vt 0.417800 0.958600
vt 0.400400 0.960000
vt 0.400400 0.924000
vt 0.417800 0.919500
vt 0.400400 0.891100
vt 0.417800 0.889300
vt 0.417800 0.919500
vt 0.400400 0.924000
vt 0.417800 0.889300
vt 0.417800 0.858500
vt 0.417800 0.858500
vt 0.417800 0.889300
vt 0.417800 0.991300
vt 0.417800 0.958600
vt 0.417800 0.958600
vt 0.417800 0.991300
vt 0.417800 0.737300
vt 0.417800 0.705000
vt 0.417800 0.705000
vt 0.417800 0.737300
vt 0.417800 0.763900
vt 0.417800 0.737300
vt 0.417800 0.737300
vt 0.417800 0.763900
vt 0.417800 0.834500
vt 0.417800 0.806600
vt 0.417800 0.806600
vt 0.417800 0.834500
vt 0.417800 0.773100
vt 0.417800 0.763900
vt 0.417800 0.763900
vt 0.417800 0.773100
vt 0.417800 0.858500
vt 0.417800 0.834500
vt 0.417800 0.834500
vt 0.417800 0.858500
vt 0.417800 0.806600
vt 0.417800 0.773100
vt 0.417800 0.773100
vt 0.417800 0.806600
vt 0.417800 0.958600
vt 0.417800 0.919500
vt 0.417800 0.919500
vt 0.417800 0.958600
vt 0.417800 0.919500
vt 0.417800 0.889300
vt 0.417800 0.889300
vt 0.417800 0.919500
vt 0.549400 0.728800
vt 0.565400 0.737100
vt 0.560100 0.751900
vt 0.583700 0.739100
vt 0.583200 0.762700
vt 0.565400 0.737100
vt 0.560100 0.751900
vt 0.581900 0.714900
vt 0.581600 0.722000
vt 0.547600 0.714700
vt 0.565400 0.737100
vt 0.549400 0.728800
vt 0.547600 0.714700
vt 0.581900 0.714900
vt 0.604900 0.765200
vt 0.607900 0.736600
vt 0.623200 0.758000
vt 0.634300 0.730600
vt 0.611100 0.720800
vt 0.611100 0.720800
vt 0.609800 0.715100
vt 0.636100 0.713600
vt 0.634300 0.730600
vt 0.609800 0.715100
vt 0.636100 0.713600
vt 0.607900 0.736600
vt 0.583700 0.739100
vt 0.581600 0.722000
vt 0.611100 0.720800
vt 0.609800 0.715100
vt 0.611100 0.720800
vt 0.581600 0.722000
vt 0.581900 0.714900
vt 0.581900 0.714900
vt 0.609800 0.715100
vt 0.607900 0.736600
vt 0.604900 0.765200
vt 0.583200 0.762700
vt 0.583700 0.739100
vt 0.700100 0.740400
vt 0.732400 0.728300
vt 0.732400 0.741900
vt 0.713700 0.728300
vt 0.713700 0.728300
vt 0.732400 0.728300
vt 0.682700 0.720900
vt 0.713700 0.728300
vt 0.700100 0.740400
vt 0.682700 0.720900
vt 0.713700 0.728300
vt 0.673600 0.735000
vt 0.682700 0.720900
vt 0.657800 0.717000
vt 0.684400 0.748100
vt 0.649000 0.730000
vt 0.661200 0.754700
vt 0.657800 0.717000
vt 0.682700 0.720900
vt 0.649000 0.730000
vt 0.657800 0.717000
vt 0.673600 0.735000
vt 0.623200 0.758000
vt 0.634300 0.730600
vt 0.661200 0.754700
vt 0.649000 0.730000
vt 0.634300 0.730600
vt 0.636100 0.713600
vt 0.649000 0.730000
vt 0.657800 0.717000
vt 0.636100 0.713600
vt 0.657800 0.717000
vt 0.660500 0.837400
vt 0.646000 0.839100
vt 0.628300 0.807500
vt 0.657700 0.806100
vt 0.698100 0.835200
vt 0.660500 0.837400
vt 0.657700 0.806100
vt 0.694900 0.805800
vt 0.657700 0.806100
vt 0.628300 0.807500
vt 0.623200 0.758000
vt 0.665200 0.780600
vt 0.661200 0.754700
vt 0.627400 0.846800
vt 0.646000 0.839100
vt 0.649100 0.856100
vt 0.660500 0.837400
vt 0.664800 0.857700
vt 0.708700 0.859100
vt 0.664800 0.857700
vt 0.698100 0.835200
vt 0.660500 0.837400
vt 0.579500 0.845900
vt 0.590100 0.855200
vt 0.575500 0.854500
vt 0.600900 0.880500
vt 0.570500 0.881600
vt 0.616900 0.864200
vt 0.521400 0.841600
vt 0.521700 0.827300
vt 0.547400 0.850100
vt 0.533700 0.853800
vt 0.512500 0.857500
vt 0.548600 0.791900
vt 0.551800 0.834400
vt 0.538100 0.831200
vt 0.525300 0.790700
vt 0.521700 0.827300
vt 0.547400 0.850100
vt 0.575500 0.854500
vt 0.579500 0.845900
vt 0.577200 0.797900
vt 0.456800 0.897300
vt 0.476100 0.895100
vt 0.482200 0.923700
vt 0.456800 0.923200
vt 0.456800 0.858100
vt 0.482200 0.923700
vt 0.456800 0.991900
vt 0.491100 0.991900
vt 0.512600 0.924700
vt 0.513100 0.991900
vt 0.541600 0.991900
vt 0.535800 0.921600
vt 0.482200 0.923700
vt 0.482200 0.923700
vt 0.495700 0.887000
vt 0.507000 0.881700
vt 0.519100 0.878400
vt 0.535800 0.921600
vt 0.550700 0.922000
vt 0.577000 0.991900
vt 0.568700 0.920800
vt 0.568700 0.920800
vt 0.601500 0.923600
vt 0.610800 0.991900
vt 0.640800 0.991900
vt 0.601500 0.923600
vt 0.639800 0.922500
vt 0.639800 0.922500
vt 0.687900 0.991900
vt 0.685200 0.926800
vt 0.685200 0.926800
vt 0.719000 0.928000
vt 0.719200 0.991900
vt 0.719000 0.928000
vt 0.753900 0.991900
vt 0.753900 0.923200
vt 0.719000 0.928000
vt 0.753900 0.897300
vt 0.724000 0.892800
vt 0.731000 0.856600
vt 0.708700 0.859100
vt 0.692000 0.880600
vt 0.682300 0.897700
vt 0.664800 0.857700
vt 0.667200 0.878800
vt 0.673700 0.895700
vt 0.731000 0.856600
vt 0.753900 0.858100
vt 0.719000 0.928000
vt 0.682300 0.897700
vt 0.685200 0.926800
vt 0.673700 0.895700
vt 0.708700 0.859100
vt 0.725600 0.836900
vt 0.731000 0.856600
vt 0.698100 0.835200
vt 0.456800 0.821200
vt 0.486800 0.825300
vt 0.471600 0.848900
vt 0.456800 0.840600
vt 0.497100 0.853900
vt 0.753900 0.819700
vt 0.753900 0.840500
vt 0.736500 0.815100
vt 0.725600 0.836900
vt 0.753900 0.775300
vt 0.753900 0.819700
vt 0.736500 0.815100
vt 0.732800 0.772400
vt 0.486800 0.825300
vt 0.521700 0.827300
vt 0.497100 0.853900
vt 0.521400 0.841600
vt 0.512500 0.857500
vt 0.486800 0.825300
vt 0.486000 0.779400
vt 0.506400 0.783900
vt 0.521700 0.827300
vt 0.525300 0.790700
vt 0.457100 0.746100
vt 0.487100 0.757200
vt 0.486000 0.779400
vt 0.456800 0.774300
vt 0.464300 0.736900
vt 0.488400 0.750000
vt 0.732800 0.772400
vt 0.752500 0.748500
vt 0.753900 0.775300
vt 0.732400 0.741900
vt 0.753900 0.724300
vt 0.753900 0.738200
vt 0.525300 0.790700
vt 0.506400 0.783900
vt 0.508300 0.751200
vt 0.526400 0.753300
vt 0.548600 0.791900
vt 0.560100 0.751900
vt 0.486000 0.779400
vt 0.487100 0.757200
vt 0.508300 0.751200
vt 0.506400 0.783900
vt 0.488400 0.750000
vt 0.518300 0.718500
vt 0.464300 0.736900
vt 0.463700 0.729400
vt 0.488400 0.750000
vt 0.463700 0.729400
vt 0.518300 0.718500
vt 0.518300 0.718500
vt 0.508300 0.751200
vt 0.488400 0.750000
vt 0.560100 0.751900
vt 0.526400 0.753300
vt 0.549400 0.728800
vt 0.518300 0.718500
vt 0.508300 0.751200
vt 0.732400 0.728300
vt 0.753900 0.724300
vt 0.732400 0.741900
vt 0.732400 0.728300
vt 0.753900 0.724300
vt 0.647500 0.866600
vt 0.646700 0.889200
vt 0.616900 0.864200
vt 0.624100 0.856500
vt 0.649100 0.856100
vt 0.627400 0.846800
vt 0.600900 0.880500
vt 0.616900 0.864200
vt 0.646700 0.889200
vt 0.601100 0.902400
vt 0.643300 0.905900
vt 0.601500 0.923600
vt 0.639800 0.922500
vt 0.552100 0.883600
vt 0.570500 0.881600
vt 0.569300 0.901300
vt 0.551300 0.902800
vt 0.536500 0.884200
vt 0.536200 0.902900
vt 0.550700 0.922000
vt 0.568700 0.920800
vt 0.535800 0.921600
vt 0.673700 0.895700
vt 0.646700 0.889200
vt 0.647500 0.866600
vt 0.667200 0.878800
vt 0.664800 0.857700
vt 0.649100 0.856100
vt 0.646700 0.889200
vt 0.673700 0.895700
vt 0.643300 0.905900
vt 0.685200 0.926800
vt 0.639800 0.922500
vt 0.570500 0.881600
vt 0.600900 0.880500
vt 0.601100 0.902400
vt 0.569300 0.901300
vt 0.568700 0.920800
vt 0.601500 0.923600
vt 0.494500 0.869700
vt 0.517100 0.868700
vt 0.519100 0.878400
vt 0.507000 0.881700
vt 0.495700 0.887000
vt 0.481500 0.866300
vt 0.456800 0.858100
vt 0.725600 0.836900
vt 0.753900 0.858100
vt 0.731000 0.856600
vt 0.579500 0.845900
vt 0.577200 0.797900
vt 0.606300 0.803600
vt 0.627400 0.846800
vt 0.604900 0.765200
vt 0.623200 0.758000
vt 0.628300 0.807500
vt 0.606300 0.803600
vt 0.577200 0.797900
vt 0.583200 0.762700
vt 0.570500 0.881600
vt 0.552100 0.883600
vt 0.555200 0.871000
vt 0.547400 0.850100
vt 0.575500 0.854500
vt 0.661200 0.754700
vt 0.684400 0.748100
vt 0.683800 0.757600
vt 0.699100 0.761500
vt 0.700100 0.740400
vt 0.696500 0.783100
vt 0.665200 0.780600
vt 0.657700 0.806100
vt 0.694900 0.805800
vt 0.699100 0.761500
vt 0.700100 0.740400
vt 0.732400 0.741900
vt 0.732800 0.772400
vt 0.696500 0.783100
vt 0.694900 0.805800
vt 0.736500 0.815100
vt 0.547600 0.714700
vt 0.549400 0.728800
vt 0.518300 0.718500
vt 0.518300 0.718500
vt 0.547600 0.714700
vt 0.581600 0.722000
vt 0.583700 0.739100
vt 0.565400 0.737100
vt 0.517100 0.868700
vt 0.536600 0.868000
vt 0.519100 0.878400
vt 0.536500 0.884200
vt 0.512500 0.857500
vt 0.533700 0.853800
vt 0.552100 0.883600
vt 0.555200 0.871000
vt 0.547400 0.850100
vt 0.536500 0.884200
vt 0.536200 0.902900
vt 0.519100 0.878400
vt 0.535800 0.921600
vt 0.497100 0.853900
vt 0.494500 0.869700
vt 0.481500 0.866300
vt 0.471600 0.848900
vt 0.456800 0.840600
vt 0.456800 0.858100
vt 0.725600 0.836900
vt 0.753900 0.840500
vt 0.753900 0.858100
vt 0.590100 0.855200
vt 0.624100 0.856500
vt 0.616900 0.864200
vt 0.627400 0.846800
vt 0.579500 0.845900
vt 0.628300 0.807500
vt 0.646000 0.839100
vt 0.627400 0.846800
vt 0.606300 0.803600
vt 0.517100 0.868700
vt 0.494500 0.869700
vt 0.497100 0.853900
vt 0.512500 0.857500
vt 0.486800 0.825300
vt 0.456800 0.821200
vt 0.456800 0.774300
vt 0.486000 0.779400
vt 0.736500 0.815100
vt 0.725600 0.836900
vt 0.694900 0.805800
vt 0.698100 0.835200
vt 0.583200 0.762700
vt 0.577200 0.797900
vt 0.548600 0.791900
vt 0.560100 0.751900
vt 0.990700 0.296500
vt 0.978600 0.287500
vt 0.962600 0.285800
vt 0.987800 0.315000
vt 0.960800 0.328700
vt 0.950600 0.298100
vt 0.947800 0.317500
vt 0.975900 0.330000
vt 0.982000 0.286800
vt 0.966900 0.286200
vt 0.960400 0.330200
vt 0.985600 0.317600
vt 0.972800 0.330900
vt 0.949200 0.319900
vt 0.953800 0.301600
vt 0.991400 0.297300
vt 0.383200 0.638800
vt 0.383200 0.628400
vt 0.368100 0.624200
vt 0.368700 0.638800
vt 0.383200 0.628400
vt 0.400100 0.638800
vt 0.368700 0.638800
vt 0.355800 0.631000
vt 0.355800 0.638800
vt 0.417900 0.625600
vt 0.418300 0.638800
vt 0.433000 0.638800
vt 0.433000 0.631000
vt 0.446400 0.638800
vt 0.446400 0.631000
vt 0.433000 0.631000
vt 0.464700 0.638800
vt 0.464700 0.631000
vt 0.446000 0.625100
vt 0.433000 0.621800
vt 0.418300 0.613900
vt 0.418300 0.601400
vt 0.433000 0.608100
vt 0.400100 0.606500
vt 0.400100 0.593500
vt 0.400700 0.619100
vt 0.417900 0.625600
vt 0.417900 0.625600
vt 0.446000 0.625100
vt 0.433000 0.608100
vt 0.446600 0.612500
vt 0.383400 0.601100
vt 0.383200 0.593500
vt 0.400100 0.585900
vt 0.383200 0.585900
vt 0.400700 0.619100
vt 0.383100 0.610300
vt 0.378500 0.618500
vt 0.399900 0.630400
vt 0.433500 0.603300
vt 0.432900 0.594000
vt 0.446900 0.601600
vt 0.400100 0.638800
vt 0.383200 0.628400
vt 0.368700 0.593500
vt 0.383400 0.601100
vt 0.368700 0.599600
vt 0.356700 0.595400
vt 0.383100 0.610300
vt 0.370500 0.610800
vt 0.378500 0.618500
vt 0.368100 0.624200
vt 0.383200 0.628400
vt 0.356400 0.603900
vt 0.370500 0.610800
vt 0.368100 0.624200
vt 0.355500 0.621300
vt 0.355800 0.631000
vt 0.368700 0.638800
vt 0.355800 0.638800
vt 0.338900 0.631000
vt 0.338900 0.638800
vt 0.338400 0.619700
vt 0.355500 0.621300
vt 0.338900 0.613300
vt 0.356400 0.603900
vt 0.338500 0.595400
vt 0.356700 0.595400
vt 0.338900 0.626700
vt 0.338900 0.631000
vt 0.400700 0.619100
vt 0.399900 0.630400
vt 0.417900 0.625600
vt 0.400100 0.638800
vt 0.355800 0.585900
vt 0.356700 0.595400
vt 0.368700 0.593500
vt 0.368700 0.585900
vt 0.383200 0.585900
vt 0.383200 0.593500
vt 0.338900 0.585900
vt 0.339000 0.590700
vt 0.356700 0.595400
vt 0.338500 0.595400
vt 0.417700 0.594200
vt 0.423500 0.593900
vt 0.418300 0.585900
vt 0.432900 0.594000
vt 0.433000 0.585900
vt 0.432900 0.594000
vt 0.446400 0.585900
vt 0.446600 0.594200
vt 0.446900 0.601600
vt 0.400100 0.593500
vt 0.417700 0.594200
vt 0.400100 0.585900
vt 0.446900 0.601600
vt 0.464500 0.595500
vt 0.446600 0.594200
vt 0.446400 0.585900
vt 0.464300 0.590500
vt 0.464700 0.585900
vt 0.464700 0.613300
vt 0.446900 0.601600
vt 0.446600 0.612500
vt 0.464500 0.595500
vt 0.465000 0.619800
vt 0.464300 0.626400
vt 0.433500 0.603300
vt 0.432900 0.594000
vt 0.423500 0.593900
vt 0.417700 0.594200
vt 0.417700 0.594200
vt 0.417800 0.889300
vt 0.417800 0.858500
vt 0.400400 0.857800
vt 0.400400 0.891100
vt 0.417800 0.958600
vt 0.400400 0.960000
vt 0.400400 0.991700
vt 0.417800 0.991300
vt 0.400400 0.704400
vt 0.400400 0.741100
vt 0.417800 0.737300
vt 0.417800 0.705000
vt 0.400400 0.772200
vt 0.417800 0.763900
vt 0.417800 0.737300
vt 0.417800 0.773100
vt 0.417800 0.763900
vt 0.400400 0.806700
vt 0.400400 0.806700
vt 0.400400 0.833800
vt 0.417800 0.834500
vt 0.417800 0.806600
vt 0.400400 0.833800
vt 0.400400 0.857800
vt 0.417800 0.858500
vt 0.417800 0.834500
vt 0.400400 0.806700
vt 0.417800 0.806600
vt 0.417800 0.773100
vt 0.417800 0.958600
vt 0.417800 0.919500
vt 0.400400 0.924000
vt 0.400400 0.960000
vt 0.400400 0.891100
vt 0.400400 0.924000
vt 0.417800 0.919500
vt 0.417800 0.889300
vt 0.417800 0.889300
vt 0.417800 0.889300
vt 0.417800 0.858500
vt 0.417800 0.858500
vt 0.417800 0.991300
vt 0.417800 0.991300
vt 0.417800 0.958600
vt 0.417800 0.958600
vt 0.417800 0.737300
vt 0.417800 0.737300
vt 0.417800 0.705000
vt 0.417800 0.705000
vt 0.417800 0.763900
vt 0.417800 0.763900
vt 0.417800 0.737300
vt 0.417800 0.737300
vt 0.417800 0.834500
vt 0.417800 0.834500
vt 0.417800 0.806600
vt 0.417800 0.806600
vt 0.417800 0.773100
vt 0.417800 0.773100
vt 0.417800 0.763900
vt 0.417800 0.763900
vt 0.417800 0.858500
vt 0.417800 0.858500
vt 0.417800 0.834500
vt 0.417800 0.834500
vt 0.417800 0.806600
vt 0.417800 0.806600
vt 0.417800 0.773100
vt 0.417800 0.773100
vt 0.417800 0.958600
vt 0.417800 0.958600
vt 0.417800 0.919500
vt 0.417800 0.919500
vt 0.417800 0.919500
vt 0.417800 0.919500
vt 0.417800 0.889300
vt 0.417800 0.889300
vt 0.549400 0.728800
vt 0.560100 0.751900
vt 0.565400 0.737100
vt 0.583700 0.739100
vt 0.565400 0.737100
vt 0.583200 0.762700
vt 0.560100 0.751900
vt 0.581900 0.714900
vt 0.547600 0.714700
vt 0.581600 0.722000
vt 0.565400 0.737100
vt 0.549400 0.728800
vt 0.547600 0.714700
vt 0.581900 0.714900
vt 0.604900 0.765200
vt 0.623200 0.758000
vt 0.607900 0.736600
vt 0.634300 0.730600
vt 0.611100 0.720800
vt 0.611100 0.720800
vt 0.636100 0.713600
vt 0.609800 0.715100
vt 0.634300 0.730600
vt 0.609800 0.715100
vt 0.636100 0.713600
vt 0.607900 0.736600
vt 0.611100 0.720800
vt 0.581600 0.722000
vt 0.583700 0.739100
vt 0.609800 0.715100
vt 0.581900 0.714900
vt 0.581600 0.722000
vt 0.611100 0.720800
vt 0.581900 0.714900
vt 0.609800 0.715100
vt 0.607900 0.736600
vt 0.583700 0.739100
vt 0.583200 0.762700
vt 0.604900 0.765200
vt 0.700100 0.740400
vt 0.732400 0.741900
vt 0.732400 0.728300
vt 0.713700 0.728300
vt 0.713700 0.728300
vt 0.732400 0.728300
vt 0.682700 0.720900
vt 0.700100 0.740400
vt 0.713700 0.728300
vt 0.682700 0.720900
vt 0.713700 0.728300
vt 0.673600 0.735000
vt 0.682700 0.720900
vt 0.657800 0.717000
vt 0.684400 0.748100
vt 0.649000 0.730000
vt 0.661200 0.754700
vt 0.657800 0.717000
vt 0.682700 0.720900
vt 0.649000 0.730000
vt 0.673600 0.735000
vt 0.657800 0.717000
vt 0.623200 0.758000
vt 0.661200 0.754700
vt 0.634300 0.730600
vt 0.649000 0.730000
vt 0.634300 0.730600
vt 0.649000 0.730000
vt 0.636100 0.713600
vt 0.657800 0.717000
vt 0.636100 0.713600
vt 0.657800 0.717000
vt 0.660500 0.837400
vt 0.657700 0.806100
vt 0.628300 0.807500
vt 0.646000 0.839100
vt 0.698100 0.835200
vt 0.694900 0.805800
vt 0.657700 0.806100
vt 0.660500 0.837400
vt 0.657700 0.806100
vt 0.665200 0.780600
vt 0.623200 0.758000
vt 0.628300 0.807500
vt 0.661200 0.754700
vt 0.627400 0.846800
vt 0.649100 0.856100
vt 0.646000 0.839100
vt 0.660500 0.837400
vt 0.664800 0.857700
vt 0.708700 0.859100
vt 0.698100 0.835200
vt 0.664800 0.857700
vt 0.660500 0.837400
vt 0.579500 0.845900
vt 0.575500 0.854500
vt 0.590100 0.855200
vt 0.600900 0.880500
vt 0.570500 0.881600
vt 0.616900 0.864200
vt 0.521400 0.841600
vt 0.533700 0.853800
vt 0.547400 0.850100
vt 0.521700 0.827300
vt 0.512500 0.857500
vt 0.548600 0.791900
vt 0.525300 0.790700
vt 0.538100 0.831200
vt 0.551800 0.834400
vt 0.521700 0.827300
vt 0.547400 0.850100
vt 0.575500 0.854500
vt 0.579500 0.845900
vt 0.577200 0.797900
vt 0.456800 0.897300
vt 0.456800 0.923200
vt 0.482200 0.923700
vt 0.476100 0.895100
vt 0.456800 0.858100
vt 0.482200 0.923700
vt 0.456800 0.991900
vt 0.491100 0.991900
vt 0.512600 0.924700
vt 0.482200 0.923700
vt 0.513100 0.991900
vt 0.541600 0.991900
vt 0.535800 0.921600
vt 0.482200 0.923700
vt 0.495700 0.887000
vt 0.507000 0.881700
vt 0.519100 0.878400
vt 0.535800 0.921600
vt 0.550700 0.922000
vt 0.577000 0.991900
vt 0.568700 0.920800
vt 0.610800 0.991900
vt 0.601500 0.923600
vt 0.568700 0.920800
vt 0.640800 0.991900
vt 0.601500 0.923600
vt 0.639800 0.922500
vt 0.639800 0.922500
vt 0.687900 0.991900
vt 0.685200 0.926800
vt 0.719200 0.991900
vt 0.719000 0.928000
vt 0.685200 0.926800
vt 0.719000 0.928000
vt 0.753900 0.991900
vt 0.753900 0.923200
vt 0.719000 0.928000
vt 0.753900 0.897300
vt 0.724000 0.892800
vt 0.731000 0.856600
vt 0.708700 0.859100
vt 0.692000 0.880600
vt 0.682300 0.897700
vt 0.664800 0.857700
vt 0.667200 0.878800
vt 0.673700 0.895700
vt 0.731000 0.856600
vt 0.753900 0.858100
vt 0.719000 0.928000
vt 0.682300 0.897700
vt 0.685200 0.926800
vt 0.673700 0.895700
vt 0.708700 0.859100
vt 0.731000 0.856600
vt 0.725600 0.836900
vt 0.698100 0.835200
vt 0.456800 0.821200
vt 0.471600 0.848900
vt 0.486800 0.825300
vt 0.456800 0.840600
vt 0.497100 0.853900
vt 0.753900 0.819700
vt 0.736500 0.815100
vt 0.753900 0.840500
vt 0.725600 0.836900
vt 0.753900 0.775300
vt 0.732800 0.772400
vt 0.736500 0.815100
vt 0.753900 0.819700
vt 0.486800 0.825300
vt 0.497100 0.853900
vt 0.521700 0.827300
vt 0.521400 0.841600
vt 0.512500 0.857500
vt 0.486800 0.825300
vt 0.521700 0.827300
vt 0.506400 0.783900
vt 0.486000 0.779400
vt 0.525300 0.790700
vt 0.457100 0.746100
vt 0.456800 0.774300
vt 0.486000 0.779400
vt 0.487100 0.757200
vt 0.464300 0.736900
vt 0.488400 0.750000
vt 0.732800 0.772400
vt 0.753900 0.775300
vt 0.752500 0.748500
vt 0.732400 0.741900
vt 0.753900 0.724300
vt 0.753900 0.738200
vt 0.525300 0.790700
vt 0.526400 0.753300
vt 0.508300 0.751200
vt 0.506400 0.783900
vt 0.548600 0.791900
vt 0.560100 0.751900
vt 0.486000 0.779400
vt 0.506400 0.783900
vt 0.508300 0.751200
vt 0.487100 0.757200
vt 0.488400 0.750000
vt 0.518300 0.718500
vt 0.463700 0.729400
vt 0.464300 0.736900
vt 0.488400 0.750000
vt 0.463700 0.729400
vt 0.518300 0.718500
vt 0.518300 0.718500
vt 0.488400 0.750000
vt 0.508300 0.751200
vt 0.560100 0.751900
vt 0.549400 0.728800
vt 0.526400 0.753300
vt 0.518300 0.718500
vt 0.508300 0.751200
vt 0.732400 0.728300
vt 0.732400 0.741900
vt 0.753900 0.724300
vt 0.732400 0.728300
vt 0.753900 0.724300
vt 0.647500 0.866600
vt 0.624100 0.856500
vt 0.616900 0.864200
vt 0.646700 0.889200
vt 0.649100 0.856100
vt 0.627400 0.846800
vt 0.600900 0.880500
vt 0.646700 0.889200
vt 0.616900 0.864200
vt 0.601100 0.902400
vt 0.643300 0.905900
vt 0.601500 0.923600
vt 0.639800 0.922500
vt 0.552100 0.883600
vt 0.551300 0.902800
vt 0.569300 0.901300
vt 0.570500 0.881600
vt 0.536500 0.884200
vt 0.536200 0.902900
vt 0.550700 0.922000
vt 0.568700 0.920800
vt 0.535800 0.921600
vt 0.673700 0.895700
vt 0.647500 0.866600
vt 0.646700 0.889200
vt 0.667200 0.878800
vt 0.664800 0.857700
vt 0.649100 0.856100
vt 0.646700 0.889200
vt 0.643300 0.905900
vt 0.673700 0.895700
vt 0.685200 0.926800
vt 0.639800 0.922500
vt 0.570500 0.881600
vt 0.569300 0.901300
vt 0.601100 0.902400
vt 0.600900 0.880500
vt 0.568700 0.920800
vt 0.601500 0.923600
vt 0.494500 0.869700
vt 0.519100 0.878400
vt 0.517100 0.868700
vt 0.507000 0.881700
vt 0.495700 0.887000
vt 0.481500 0.866300
vt 0.456800 0.858100
vt 0.725600 0.836900
vt 0.731000 0.856600
vt 0.753900 0.858100
vt 0.579500 0.845900
vt 0.627400 0.846800
vt 0.606300 0.803600
vt 0.577200 0.797900
vt 0.604900 0.765200
vt 0.606300 0.803600
vt 0.628300 0.807500
vt 0.623200 0.758000
vt 0.577200 0.797900
vt 0.583200 0.762700
vt 0.570500 0.881600
vt 0.555200 0.871000
vt 0.552100 0.883600
vt 0.547400 0.850100
vt 0.575500 0.854500
vt 0.661200 0.754700
vt 0.683800 0.757600
vt 0.684400 0.748100
vt 0.699100 0.761500
vt 0.700100 0.740400
vt 0.696500 0.783100
vt 0.665200 0.780600
vt 0.657700 0.806100
vt 0.694900 0.805800
vt 0.699100 0.761500
vt 0.732400 0.741900
vt 0.700100 0.740400
vt 0.732800 0.772400
vt 0.696500 0.783100
vt 0.694900 0.805800
vt 0.736500 0.815100
vt 0.547600 0.714700
vt 0.518300 0.718500
vt 0.549400 0.728800
vt 0.518300 0.718500
vt 0.547600 0.714700
vt 0.581600 0.722000
vt 0.565400 0.737100
vt 0.583700 0.739100
vt 0.517100 0.868700
vt 0.519100 0.878400
vt 0.536600 0.868000
vt 0.536500 0.884200
vt 0.512500 0.857500
vt 0.533700 0.853800
vt 0.552100 0.883600
vt 0.555200 0.871000
vt 0.547400 0.850100
vt 0.536500 0.884200
vt 0.519100 0.878400
vt 0.536200 0.902900
vt 0.535800 0.921600
vt 0.497100 0.853900
vt 0.471600 0.848900
vt 0.481500 0.866300
vt 0.494500 0.869700
vt 0.456800 0.840600
vt 0.456800 0.858100
vt 0.725600 0.836900
vt 0.753900 0.858100
vt 0.753900 0.840500
vt 0.590100 0.855200
vt 0.616900 0.864200
vt 0.624100 0.856500
vt 0.627400 0.846800
vt 0.579500 0.845900
vt 0.628300 0.807500
vt 0.606300 0.803600
vt 0.627400 0.846800
vt 0.646000 0.839100
vt 0.517100 0.868700
vt 0.512500 0.857500
vt 0.497100 0.853900
vt 0.494500 0.869700
vt 0.486800 0.825300
vt 0.486000 0.779400
vt 0.456800 0.774300
vt 0.456800 0.821200
vt 0.736500 0.815100
vt 0.694900 0.805800
vt 0.725600 0.836900
vt 0.698100 0.835200
vt 0.583200 0.762700
vt 0.560100 0.751900
vt 0.548600 0.791900
vt 0.577200 0.797900
vt 0.939300 0.649700
vt 0.920700 0.649500
vt 0.922100 0.632500
vt 0.941700 0.632600
vt 0.938300 0.664100
vt 0.919400 0.663300
vt 0.918300 0.682100
vt 0.937000 0.683200
vt 0.920600 0.703300
vt 0.940700 0.704000
vt 0.940300 0.719600
vt 0.919400 0.717200
vt 0.905300 0.713400
vt 0.907500 0.730700
vt 0.902500 0.730900
vt 0.908200 0.744300
vt 0.902300 0.745200
vt 0.895400 0.729500
vt 0.916700 0.744800
vt 0.917400 0.733000
vt 0.918200 0.740200
vt 0.916900 0.752900
vt 0.908600 0.753400
vt 0.903100 0.754300
vt 0.898100 0.761800
vt 0.896200 0.745900
vt 0.916700 0.759700
vt 0.908900 0.760200
vt 0.903400 0.761200
vt 0.909600 0.767000
vt 0.917200 0.767000
vt 0.904300 0.768500
vt 0.899300 0.769600
vt 0.921600 0.749500
vt 0.930800 0.746900
vt 0.930300 0.732500
vt 0.940400 0.747000
vt 0.943800 0.732700
vt 0.943300 0.738600
vt 0.941300 0.756600
vt 0.931800 0.757300
vt 0.922700 0.758800
vt 0.932500 0.765500
vt 0.941100 0.765100
vt 0.924000 0.767100
vt 0.933300 0.775200
vt 0.941600 0.775300
vt 0.925100 0.777400
vt 0.945100 0.745100
vt 0.954200 0.744400
vt 0.956400 0.731200
vt 0.958800 0.719700
vt 0.962400 0.745200
vt 0.964500 0.730800
vt 0.964900 0.738200
vt 0.962100 0.753600
vt 0.954000 0.753100
vt 0.945700 0.753400
vt 0.954500 0.760600
vt 0.961900 0.761000
vt 0.946700 0.760600
vt 0.954900 0.767800
vt 0.962300 0.768200
vt 0.947000 0.768000
vt 0.970300 0.741100
vt 0.978500 0.740200
vt 0.977900 0.730500
vt 0.966500 0.741500
vt 0.988000 0.732300
vt 0.987000 0.742600
vt 0.979400 0.746800
vt 0.970900 0.747900
vt 0.979500 0.752600
vt 0.971700 0.753700
vt 0.979900 0.757800
vt 0.972200 0.758900
vt 0.965800 0.752700
vt 0.967100 0.760900
vt 0.987100 0.751000
vt 0.987600 0.758800
vt 0.987800 0.718700
vt 0.974800 0.718900
vt 0.973600 0.706400
vt 0.958300 0.705400
vt 0.987700 0.705800
vt 0.974400 0.684300
vt 0.955300 0.683500
vt 0.973300 0.664800
vt 0.956300 0.664600
vt 0.972700 0.652200
vt 0.954400 0.651300
vt 0.989100 0.684800
vt 0.992400 0.664700
vt 0.958700 0.632700
vt 0.975700 0.632800
vt 0.990900 0.653800
vt 0.990700 0.632900
vt 0.728600 0.632500
vt 0.718400 0.631800
vt 0.717900 0.643200
vt 0.728400 0.644300
vt 0.716600 0.654300
vt 0.727000 0.658100
vt 0.723200 0.670900
vt 0.712100 0.670200
vt 0.746100 0.643300
vt 0.747400 0.633700
vt 0.741500 0.678000
vt 0.745700 0.660400
vt 0.716000 0.688000
vt 0.734900 0.699000
vt 0.767200 0.659800
vt 0.766500 0.642800
vt 0.780300 0.655900
vt 0.778000 0.683200
vt 0.762300 0.684600
vt 0.750900 0.693700
vt 0.760300 0.709500
vt 0.773000 0.710300
vt 0.791200 0.706400
vt 0.795100 0.694500
vt 0.801900 0.707600
vt 0.803700 0.698700
vt 0.803900 0.694500
vt 0.800500 0.693500
vt 0.804400 0.692300
vt 0.805900 0.686600
vt 0.805000 0.680200
vt 0.817700 0.681200
vt 0.817400 0.687600
vt 0.806400 0.674000
vt 0.817400 0.674900
vt 0.827600 0.681400
vt 0.828500 0.687300
vt 0.827400 0.692000
vt 0.818800 0.692800
vt 0.828200 0.675600
vt 0.827400 0.670800
vt 0.819500 0.669500
vt 0.796800 0.678200
vt 0.796600 0.672600
vt 0.806700 0.669800
vt 0.803800 0.669200
vt 0.806200 0.668100
vt 0.805100 0.664800
vt 0.803400 0.659400
vt 0.818400 0.657600
vt 0.819500 0.663200
vt 0.803000 0.653800
vt 0.817000 0.651900
vt 0.828700 0.661100
vt 0.826800 0.656500
vt 0.828700 0.665600
vt 0.821700 0.667600
vt 0.826100 0.652000
vt 0.824300 0.647500
vt 0.818600 0.648100
vt 0.796300 0.659800
vt 0.794700 0.651400
vt 0.802300 0.651300
vt 0.799400 0.650700
vt 0.792400 0.642000
vt 0.801600 0.641900
vt 0.801000 0.634700
vt 0.808700 0.634500
vt 0.810200 0.641100
vt 0.801300 0.648400
vt 0.811500 0.647500
vt 0.817300 0.639700
vt 0.819200 0.645100
vt 0.816200 0.634000
vt 0.790700 0.635100
vt 0.778300 0.643600
vt 0.779100 0.635800
vt 0.767100 0.635000
vt 0.825200 0.643300
vt 0.823600 0.637900
vt 0.832800 0.639700
vt 0.831000 0.635500
vt 0.836900 0.637500
vt 0.835500 0.632100
vt 0.830300 0.631100
vt 0.821900 0.632200
vt 0.862600 0.673500
vt 0.862500 0.664200
vt 0.879400 0.672500
vt 0.872400 0.677300
vt 0.868200 0.687300
vt 0.857800 0.687100
vt 0.881600 0.681600
vt 0.895100 0.678000
vt 0.894100 0.691000
vt 0.876700 0.691000
vt 0.887100 0.687000
vt 0.881400 0.696500
vt 0.865200 0.693900
vt 0.874100 0.697800
vt 0.862900 0.700600
vt 0.871100 0.704200
vt 0.859100 0.709600
vt 0.850100 0.707300
vt 0.854700 0.717800
vt 0.857300 0.715500
vt 0.860500 0.716700
vt 0.860100 0.719500
vt 0.853800 0.696600
vt 0.867500 0.713400
vt 0.877200 0.706600
vt 0.871800 0.717100
vt 0.865400 0.721300
vt 0.863800 0.717900
vt 0.984700 0.784500
vt 0.990100 0.793400
vt 0.979200 0.789500
vt 0.995500 0.802400
vt 0.987100 0.805000
vt 0.975000 0.808100
vt 0.970100 0.794200
vt 0.965100 0.811400
vt 0.960000 0.798100
vt 0.954900 0.814100
vt 0.950000 0.802700
vt 0.945200 0.810800
vt 0.946400 0.815800
vt 0.944100 0.805700
vt 0.895500 0.712500
vt 0.893300 0.700800
vt 0.905200 0.700900
vt 0.903800 0.659000
vt 0.909000 0.646300
vt 0.909900 0.632400
vt 0.889900 0.654600
vt 0.898200 0.644700
vt 0.881800 0.640200
vt 0.870900 0.645600
vt 0.890800 0.632300
vt 0.904900 0.632400
vt 0.813300 0.699200
vt 0.809500 0.693700
vt 0.812500 0.709100
vt 0.820200 0.709100
vt 0.821200 0.700100
vt 0.820800 0.695200
vt 0.814800 0.694200
vt 0.828700 0.701300
vt 0.828500 0.710300
vt 0.836500 0.702700
vt 0.837300 0.699400
vt 0.830200 0.696900
vt 0.837200 0.710100
vt 0.840700 0.701700
vt 0.842600 0.706300
vt 0.825200 0.696400
vt 0.912500 0.787100
vt 0.918400 0.786200
vt 0.917800 0.789800
vt 0.913200 0.792300
vt 0.907700 0.787000
vt 0.911000 0.778200
vt 0.918200 0.777900
vt 0.905900 0.778900
vt 0.905000 0.773900
vt 0.900300 0.777900
vt 0.910100 0.772600
vt 0.906000 0.789700
vt 0.917900 0.772400
vt 0.941600 0.801100
vt 0.936200 0.803300
vt 0.935700 0.798200
vt 0.942300 0.797100
vt 0.930600 0.802700
vt 0.929000 0.798700
vt 0.934700 0.788700
vt 0.942100 0.787700
vt 0.927200 0.790000
vt 0.925900 0.784200
vt 0.934100 0.782200
vt 0.942100 0.781900
vt 0.846300 0.681000
vt 0.846200 0.685300
vt 0.850600 0.686000
vt 0.852600 0.680700
vt 0.850000 0.675500
vt 0.845700 0.676800
vt 0.836500 0.681400
vt 0.836600 0.686900
vt 0.836000 0.675800
vt 0.846600 0.688600
vt 0.838500 0.691100
vt 0.845900 0.673300
vt 0.837500 0.671500
vt 0.832500 0.671600
vt 0.833100 0.691300
vt 0.955600 0.785700
vt 0.961000 0.785700
vt 0.960200 0.788700
vt 0.955900 0.789400
vt 0.949400 0.785700
vt 0.951300 0.788700
vt 0.955600 0.778400
vt 0.961800 0.778800
vt 0.947900 0.778300
vt 0.947500 0.772900
vt 0.955200 0.772700
vt 0.961900 0.773300
vt 0.845000 0.654000
vt 0.845200 0.649600
vt 0.840300 0.652600
vt 0.841100 0.655200
vt 0.842100 0.646900
vt 0.839100 0.649800
vt 0.833600 0.654900
vt 0.835000 0.659000
vt 0.832100 0.651000
vt 0.843000 0.657200
vt 0.838200 0.662000
vt 0.838600 0.646700
vt 0.832200 0.647100
vt 0.833600 0.663700
vt 0.828400 0.647900
vt 0.975200 0.775100
vt 0.974600 0.772400
vt 0.980700 0.772200
vt 0.980800 0.775100
vt 0.980400 0.764900
vt 0.973300 0.765900
vt 0.971100 0.773500
vt 0.968200 0.766500
vt 0.985800 0.772100
vt 0.987200 0.764400
vt 0.972300 0.762500
vt 0.980300 0.761300
vt 0.698100 0.641300
vt 0.698800 0.630500
vt 0.697400 0.651100
vt 0.696400 0.666500
vt 0.704700 0.685200
vt 0.695400 0.682200
vt 0.813200 0.669500
vt 0.812100 0.692500
vt 0.813500 0.648500
vt 0.815600 0.668500
vt 0.747600 0.704200
vt 0.881600 0.681600
vt 0.893300 0.700800
vt 0.887100 0.687000
vt 0.939300 0.649700
vt 0.941700 0.632600
vt 0.922100 0.632500
vt 0.920700 0.649500
vt 0.938300 0.664100
vt 0.919400 0.663300
vt 0.918300 0.682100
vt 0.937000 0.683200
vt 0.920600 0.703300
vt 0.940700 0.704000
vt 0.940300 0.719600
vt 0.919400 0.717200
vt 0.905300 0.713400
vt 0.907500 0.730700
vt 0.902500 0.730900
vt 0.908200 0.744300
vt 0.902300 0.745200
vt 0.895400 0.729500
vt 0.916700 0.744800
vt 0.917400 0.733000
vt 0.918200 0.740200
vt 0.916900 0.752900
vt 0.908600 0.753400
vt 0.903100 0.754300
vt 0.898100 0.761800
vt 0.896200 0.745900
vt 0.916700 0.759700
vt 0.908900 0.760200
vt 0.903400 0.761200
vt 0.909600 0.767000
vt 0.917200 0.767000
vt 0.904300 0.768500
vt 0.899300 0.769600
vt 0.921600 0.749500
vt 0.930800 0.746900
vt 0.930300 0.732500
vt 0.940400 0.747000
vt 0.943800 0.732700
vt 0.943300 0.738600
vt 0.941300 0.756600
vt 0.931800 0.757300
vt 0.922700 0.758800
vt 0.932500 0.765500
vt 0.941100 0.765100
vt 0.924000 0.767100
vt 0.933300 0.775200
vt 0.941600 0.775300
vt 0.925100 0.777400
vt 0.945100 0.745100
vt 0.954200 0.744400
vt 0.956400 0.731200
vt 0.958800 0.719700
vt 0.962400 0.745200
vt 0.964500 0.730800
vt 0.964900 0.738200
vt 0.962100 0.753600
vt 0.954000 0.753100
vt 0.945700 0.753400
vt 0.954500 0.760600
vt 0.961900 0.761000
vt 0.946700 0.760600
vt 0.954900 0.767800
vt 0.962300 0.768200
vt 0.947000 0.768000
vt 0.970300 0.741100
vt 0.978500 0.740200
vt 0.977900 0.730500
vt 0.966500 0.741500
vt 0.988000 0.732300
vt 0.987000 0.742600
vt 0.979400 0.746800
vt 0.970900 0.747900
vt 0.979500 0.752600
vt 0.971700 0.753700
vt 0.979900 0.757800
vt 0.972200 0.758900
vt 0.965800 0.752700
vt 0.967100 0.760900
vt 0.987100 0.751000
vt 0.987600 0.758800
vt 0.987800 0.718700
vt 0.974800 0.718900
vt 0.973600 0.706400
vt 0.958300 0.705400
vt 0.987700 0.705800
vt 0.974400 0.684300
vt 0.955300 0.683500
vt 0.973300 0.664800
vt 0.956300 0.664600
vt 0.972700 0.652200
vt 0.954400 0.651300
vt 0.989100 0.684800
vt 0.992400 0.664700
vt 0.958700 0.632700
vt 0.975700 0.632800
vt 0.990900 0.653800
vt 0.990700 0.632900
vt 0.728600 0.632500
vt 0.728400 0.644300
vt 0.717900 0.643200
vt 0.718400 0.631800
vt 0.716600 0.654300
vt 0.727000 0.658100
vt 0.723200 0.670900
vt 0.712100 0.670200
vt 0.746100 0.643300
vt 0.747400 0.633700
vt 0.741500 0.678000
vt 0.745700 0.660400
vt 0.716000 0.688000
vt 0.734900 0.699000
vt 0.767200 0.659800
vt 0.766500 0.642800
vt 0.780300 0.655900
vt 0.778000 0.683200
vt 0.762300 0.684600
vt 0.750900 0.693700
vt 0.760300 0.709500
vt 0.773000 0.710300
vt 0.791200 0.706400
vt 0.795100 0.694500
vt 0.801900 0.707600
vt 0.803700 0.698700
vt 0.803900 0.694500
vt 0.800500 0.693500
vt 0.804400 0.692300
vt 0.805900 0.686600
vt 0.805000 0.680200
vt 0.817700 0.681200
vt 0.817400 0.687600
vt 0.806400 0.674000
vt 0.817400 0.674900
vt 0.827600 0.681400
vt 0.828500 0.687300
vt 0.827400 0.692000
vt 0.818800 0.692800
vt 0.828200 0.675600
vt 0.827400 0.670800
vt 0.819500 0.669500
vt 0.796800 0.678200
vt 0.796600 0.672600
vt 0.806700 0.669800
vt 0.803800 0.669200
vt 0.806200 0.668100
vt 0.805100 0.664800
vt 0.803400 0.659400
vt 0.818400 0.657600
vt 0.819500 0.663200
vt 0.803000 0.653800
vt 0.817000 0.651900
vt 0.828700 0.661100
vt 0.826800 0.656500
vt 0.828700 0.665600
vt 0.821700 0.667600
vt 0.826100 0.652000
vt 0.824300 0.647500
vt 0.818600 0.648100
vt 0.796300 0.659800
vt 0.794700 0.651400
vt 0.802300 0.651300
vt 0.799400 0.650700
vt 0.792400 0.642000
vt 0.801600 0.641900
vt 0.801000 0.634700
vt 0.808700 0.634500
vt 0.810200 0.641100
vt 0.801300 0.648400
vt 0.811500 0.647500
vt 0.817300 0.639700
vt 0.819200 0.645100
vt 0.816200 0.634000
vt 0.790700 0.635100
vt 0.778300 0.643600
vt 0.779100 0.635800
vt 0.767100 0.635000
vt 0.825200 0.643300
vt 0.823600 0.637900
vt 0.832800 0.639700
vt 0.831000 0.635500
vt 0.836900 0.637500
vt 0.835500 0.632100
vt 0.830300 0.631100
vt 0.821900 0.632200
vt 0.862600 0.673500
vt 0.872400 0.677300
vt 0.879400 0.672500
vt 0.862500 0.664200
vt 0.868200 0.687300
vt 0.857800 0.687100
vt 0.881600 0.681600
vt 0.895100 0.678000
vt 0.894100 0.691000
vt 0.876700 0.691000
vt 0.887100 0.687000
vt 0.881400 0.696500
vt 0.865200 0.693900
vt 0.874100 0.697800
vt 0.862900 0.700600
vt 0.871100 0.704200
vt 0.859100 0.709600
vt 0.850100 0.707300
vt 0.854700 0.717800
vt 0.857300 0.715500
vt 0.860500 0.716700
vt 0.860100 0.719500
vt 0.853800 0.696600
vt 0.867500 0.713400
vt 0.877200 0.706600
vt 0.871800 0.717100
vt 0.865400 0.721300
vt 0.863800 0.717900
vt 0.984700 0.784500
vt 0.979200 0.789500
vt 0.990100 0.793400
vt 0.995500 0.802400
vt 0.987100 0.805000
vt 0.975000 0.808100
vt 0.970100 0.794200
vt 0.965100 0.811400
vt 0.960000 0.798100
vt 0.954900 0.814100
vt 0.950000 0.802700
vt 0.945200 0.810800
vt 0.946400 0.815800
vt 0.944100 0.805700
vt 0.905200 0.700900
vt 0.893300 0.700800
vt 0.895500 0.712500
vt 0.903800 0.659000
vt 0.909000 0.646300
vt 0.909900 0.632400
vt 0.889900 0.654600
vt 0.898200 0.644700
vt 0.881800 0.640200
vt 0.870900 0.645600
vt 0.890800 0.632300
vt 0.904900 0.632400
vt 0.813300 0.699200
vt 0.809500 0.693700
vt 0.812500 0.709100
vt 0.820200 0.709100
vt 0.821200 0.700100
vt 0.820800 0.695200
vt 0.814800 0.694200
vt 0.828700 0.701300
vt 0.828500 0.710300
vt 0.836500 0.702700
vt 0.837300 0.699400
vt 0.830200 0.696900
vt 0.837200 0.710100
vt 0.840700 0.701700
vt 0.842600 0.706300
vt 0.825200 0.696400
vt 0.912500 0.787100
vt 0.913200 0.792300
vt 0.917800 0.789800
vt 0.918400 0.786200
vt 0.907700 0.787000
vt 0.911000 0.778200
vt 0.918200 0.777900
vt 0.905900 0.778900
vt 0.905000 0.773900
vt 0.900300 0.777900
vt 0.910100 0.772600
vt 0.906000 0.789700
vt 0.917900 0.772400
vt 0.941600 0.801100
vt 0.942300 0.797100
vt 0.935700 0.798200
vt 0.936200 0.803300
vt 0.930600 0.802700
vt 0.929000 0.798700
vt 0.934700 0.788700
vt 0.942100 0.787700
vt 0.927200 0.790000
vt 0.925900 0.784200
vt 0.934100 0.782200
vt 0.942100 0.781900
vt 0.846300 0.681000
vt 0.852600 0.680700
vt 0.850600 0.686000
vt 0.846200 0.685300
vt 0.850000 0.675500
vt 0.845700 0.676800
vt 0.836500 0.681400
vt 0.836600 0.686900
vt 0.836000 0.675800
vt 0.846600 0.688600
vt 0.838500 0.691100
vt 0.845900 0.673300
vt 0.837500 0.671500
vt 0.832500 0.671600
vt 0.833100 0.691300
vt 0.955600 0.785700
vt 0.955900 0.789400
vt 0.960200 0.788700
vt 0.961000 0.785700
vt 0.949400 0.785700
vt 0.951300 0.788700
vt 0.955600 0.778400
vt 0.961800 0.778800
vt 0.947900 0.778300
vt 0.947500 0.772900
vt 0.955200 0.772700
vt 0.961900 0.773300
vt 0.845000 0.654000
vt 0.841100 0.655200
vt 0.840300 0.652600
vt 0.845200 0.649600
vt 0.842100 0.646900
vt 0.839100 0.649800
vt 0.833600 0.654900
vt 0.835000 0.659000
vt 0.832100 0.651000
vt 0.843000 0.657200
vt 0.838200 0.662000
vt 0.838600 0.646700
vt 0.832200 0.647100
vt 0.833600 0.663700
vt 0.828400 0.647900
vt 0.975200 0.775100
vt 0.980800 0.775100
vt 0.980700 0.772200
vt 0.974600 0.772400
vt 0.980400 0.764900
vt 0.973300 0.765900
vt 0.971100 0.773500
vt 0.968200 0.766500
vt 0.985800 0.772100
vt 0.987200 0.764400
vt 0.972300 0.762500
vt 0.980300 0.761300
vt 0.698100 0.641300
vt 0.698800 0.630500
vt 0.697400 0.651100
vt 0.696400 0.666500
vt 0.704700 0.685200
vt 0.695400 0.682200
vt 0.813200 0.669500
vt 0.812100 0.692500
vt 0.813500 0.648500
vt 0.815600 0.668500
vt 0.747600 0.704200
vt 0.881600 0.681600
vt 0.887100 0.687000
vt 0.893300 0.700800
vt 0.005800 0.290900
vt 0.019800 0.289200
vt 0.019400 0.279800
vt 0.005300 0.282000
vt 0.004900 0.273000
vt 0.018900 0.270500
vt 0.009500 0.319100
vt 0.011500 0.332400
vt 0.022800 0.331200
vt 0.021300 0.318400
vt 0.015800 0.345800
vt 0.025300 0.343200
vt 0.021700 0.357900
vt 0.029800 0.355300
vt 0.021100 0.304800
vt 0.007200 0.306800
vt 0.019800 0.289200
vt 0.005800 0.290900
vt 0.032100 0.361300
vt 0.025300 0.363300
vt 0.028800 0.368700
vt 0.034300 0.367400
vt 0.034300 0.367400
vt 0.028800 0.368700
vt 0.037300 0.376000
vt 0.005800 0.290900
vt 0.005300 0.282000
vt 0.019400 0.279800
vt 0.019800 0.289200
vt 0.004900 0.273000
vt 0.018900 0.270500
vt 0.009500 0.319100
vt 0.021300 0.318400
vt 0.022800 0.331200
vt 0.011500 0.332400
vt 0.015800 0.345800
vt 0.025300 0.343200
vt 0.021700 0.357900
vt 0.029800 0.355300
vt 0.021100 0.304800
vt 0.007200 0.306800
vt 0.019800 0.289200
vt 0.005800 0.290900
vt 0.032100 0.361300
vt 0.025300 0.363300
vt 0.028800 0.368700
vt 0.034300 0.367400
vt 0.034300 0.367400
vt 0.037300 0.376000
vt 0.028800 0.368700
vn -0.7304 -0.0362 0.6820
vn -0.7304 -0.0362 0.6821
vn -0.7305 -0.0362 0.6820
vn -0.7304 -0.0361 0.6821
vn -0.7305 -0.0363 0.6820
vn -0.7304 -0.0361 0.6820
vn -0.7303 -0.0361 0.6821
vn -0.7304 -0.0363 0.6820
vn -0.7305 -0.0361 0.6820
vn -0.7303 -0.0362 0.6821
vn -0.7304 -0.0363 0.6821
vn -0.7305 -0.0360 0.6820
vn -0.7305 -0.0362 0.6819
vn -0.7304 -0.0360 0.6821
vn -0.7240 -0.0386 0.6888
vn -0.7304 -0.0364 0.6820
vn -0.1941 -0.8452 0.4979
vn -0.1941 -0.8453 0.4978
vn -0.1943 -0.8452 0.4979
vn -0.1942 -0.8453 0.4978
vn -0.1940 -0.8452 0.4979
vn -0.1942 -0.8452 0.4979
vn -0.1941 -0.8453 0.4979
vn -0.1940 -0.8453 0.4979
vn -0.1942 -0.8452 0.4980
vn -0.1941 -0.8452 0.4980
vn -0.1941 -0.8453 0.4977
vn -0.1940 -0.8453 0.4978
vn -0.1942 -0.8452 0.4978
vn -0.1749 -0.8093 0.5607
vn -0.1749 -0.8094 0.5606
vn -0.1749 -0.8093 0.5608
vn -0.1749 -0.8094 0.5607
vn -0.1748 -0.8094 0.5606
vn -0.1748 -0.8094 0.5607
vn -0.1750 -0.8094 0.5606
vn 0.0690 -0.9951 0.0704
vn 0.0690 -0.9951 0.0703
vn 0.0689 -0.9951 0.0704
vn 0.0689 -0.9951 0.0705
vn 0.0689 -0.9951 0.0703
vn 0.0688 -0.9952 0.0703
vn 0.0690 -0.9951 0.0705
vn 0.0691 -0.9951 0.0703
vn 0.0691 -0.9951 0.0704
vn 0.0688 -0.9951 0.0704
vn 0.0690 -0.9951 0.0702
vn 0.0744 -0.9944 0.0748
vn 0.0688 -0.9951 0.0703
vn 0.0688 -0.9951 0.0705
vn 0.0689 -0.9952 0.0702
vn 0.0689 -0.9951 0.0702
vn 0.0634 -0.9962 0.0605
vn 0.0732 -0.9943 0.0770
vn 0.0689 -0.9951 0.0706
vn 0.0757 -0.9945 0.0728
vn -0.7317 -0.0346 0.6808
vn -0.7307 -0.0318 0.6820
vn -0.7306 -0.0362 0.6818
vn -0.1749 -0.8094 0.5605
vn -0.1766 -0.8062 0.5647
vn -0.1750 -0.8094 0.5607
vn -0.1750 -0.8093 0.5607
vn -0.1742 -0.8101 0.5598
vn -0.1779 -0.8071 0.5630
vn -0.1748 -0.8093 0.5607
vn -0.1751 -0.8094 0.5606
vn -0.1763 -0.8085 0.5615
vn -0.1748 -0.8095 0.5606
vn -0.1749 -0.8095 0.5605
vn -0.1747 -0.8094 0.5607
vn -0.1750 -0.8093 0.5608
vn -0.1712 -0.8092 0.5620
vn -0.1802 -0.8111 0.5565
vn -0.1775 -0.8120 0.5561
vn -0.1750 -0.8094 0.5605
vn -0.7302 -0.0375 0.6822
vn -0.7256 -0.0427 0.6868
vn 0.0694 -0.9951 0.0705
vn -0.1367 -0.8327 0.5366
vn -0.1368 -0.8327 0.5366
vn -0.1366 -0.8327 0.5366
vn -0.1367 -0.8327 0.5365
vn -0.1367 -0.8327 0.5367
vn -0.1367 -0.8326 0.5367
vn -0.1365 -0.8326 0.5367
vn -0.1299 -0.8315 0.5401
vn -0.1366 -0.8327 0.5367
vn -0.1385 -0.8326 0.5363
vn -0.1368 -0.8326 0.5367
vn -0.1325 -0.8330 0.5372
vn -0.1368 -0.8327 0.5365
vn -0.1364 -0.8328 0.5366
vn -0.1350 -0.8293 0.5422
vn -0.1367 -0.8328 0.5365
vn -0.1369 -0.8327 0.5366
vn -0.1366 -0.8328 0.5365
vn -0.1366 -0.8326 0.5368
vn -0.1367 -0.8326 0.5368
vn -0.1274 -0.8358 0.5341
vn -0.1365 -0.8327 0.5366
vn -0.1259 -0.8348 0.5360
vn -0.1342 -0.8333 0.5363
vn -0.1300 -0.8344 0.5356
vn -0.2966 -0.6086 0.7360
vn -0.2966 -0.6086 0.7359
vn -0.2966 -0.6087 0.7359
vn -0.2965 -0.6086 0.7360
vn -0.2965 -0.6087 0.7359
vn -0.2966 -0.6085 0.7360
vn -0.3592 -0.5583 0.7478
vn -0.3591 -0.5583 0.7479
vn -0.3592 -0.5583 0.7479
vn -0.7259 -0.0425 0.6865
vn -0.7359 -0.0333 0.6763
vn -0.7303 -0.0363 0.6822
vn -0.7330 -0.0267 0.6797
vn -0.7304 -0.0360 0.6820
vn -0.1368 -0.8326 0.5366
vn -0.1368 -0.8325 0.5369
vn -0.1366 -0.8327 0.5365
vn -0.1368 -0.8317 0.5381
vn -0.1421 -0.8334 0.5341
vn -0.1365 -0.8327 0.5367
vn -0.1366 -0.8326 0.5367
vn -0.1376 -0.8324 0.5369
vn -0.1369 -0.8327 0.5365
vn -0.1322 -0.8310 0.5403
vn -0.1336 -0.8314 0.5394
vn -0.1396 -0.8316 0.5376
usemtl bump
s 1
f 1/1/1 2/2/1 3/3/2
f 3/3/2 2/2/1 4/4/1
f 3/3/2 4/4/1 5/5/1
f 5/5/1 6/6/1 3/3/2
f 5/5/1 7/7/1 6/6/1
f 3/3/2 6/6/1 8/8/2
f 3/3/2 8/8/2 1/1/1
f 9/9/1 4/4/1 2/2/1
f 10/10/1 9/9/1 2/2/1
f 10/10/1 2/2/1 11/11/1
f 1/1/1 11/11/1 2/2/1
f 12/12/1 9/9/1 10/10/1
f 1/1/1 13/13/1 11/11/1
f 11/11/1 13/13/1 14/14/1
f 15/15/2 11/11/1 14/14/1
f 15/15/2 10/10/1 11/11/1
f 16/16/2 15/15/2 14/14/1
f 16/16/2 14/14/1 17/17/1
f 18/18/3 16/16/2 17/17/1
f 18/18/3 17/17/1 19/19/1
f 16/16/2 18/18/3 20/20/1
f 16/16/2 20/20/1 15/15/2
f 20/20/1 10/10/1 15/15/2
f 20/20/1 12/12/1 10/10/1
f 21/21/1 22/22/1 23/23/3
f 21/21/1 23/23/3 24/24/1
f 25/25/2 22/22/1 21/21/1
f 25/25/2 26/26/1 22/22/1
f 26/26/1 25/25/2 27/27/1
f 28/28/2 22/22/1 26/26/1
f 28/28/2 23/23/3 22/22/1
f 28/28/2 29/29/2 23/23/3
f 29/29/2 24/24/1 23/23/3
f 29/29/2 30/30/3 24/24/1
f 26/26/1 31/31/4 28/28/2
f 27/27/1 32/32/1 26/26/1
f 26/26/1 32/32/1 31/31/4
f 27/27/1 33/33/2 32/32/1
f 27/27/1 34/34/2 33/33/2
f 25/25/2 34/34/2 27/27/1
f 35/35/1 33/33/2 34/34/2
f 36/36/1 35/35/1 34/34/2
f 37/37/5 36/36/1 34/34/2
f 37/37/5 34/34/2 38/38/1
f 25/25/2 39/39/1 34/34/2
f 36/36/1 40/40/2 35/35/1
f 41/41/1 42/42/1 43/43/1
f 41/41/1 44/44/1 42/42/1
f 45/45/1 43/43/1 42/42/1
f 45/45/1 46/46/1 43/43/1
f 46/46/1 45/45/1 47/47/1
f 48/48/2 47/47/1 45/45/1
f 48/48/2 49/49/6 47/47/1
f 46/46/1 47/47/1 50/50/1
f 42/42/1 44/44/1 51/51/1
f 52/52/1 51/51/1 44/44/1
f 52/52/1 44/44/1 53/53/1
f 54/54/2 51/51/1 52/52/1
f 54/54/2 55/55/6 51/51/1
f 56/56/4 48/48/2 55/55/6
f 48/48/2 56/56/4 49/49/6
f 56/56/4 55/55/6 57/57/1
f 57/57/1 55/55/6 54/54/2
f 55/55/6 48/48/2 58/58/2
f 55/55/6 58/58/2 51/51/1
f 58/58/2 48/48/2 45/45/1
f 57/57/1 54/54/2 59/59/1
f 60/60/3 57/57/1 59/59/1
f 60/60/3 56/56/4 57/57/1
f 60/60/3 59/59/1 61/61/2
f 62/62/3 60/60/3 61/61/2
f 62/62/3 61/61/2 63/63/2
f 64/64/2 60/60/3 62/62/3
f 42/42/1 51/51/1 58/58/2
f 65/65/7 56/56/4 60/60/3
f 66/66/2 65/65/7 60/60/3
f 66/66/2 60/60/3 64/64/2
f 65/65/7 67/67/4 56/56/4
f 65/65/7 68/68/2 67/67/4
f 65/65/7 69/69/2 68/68/2
f 65/65/7 66/66/2 70/70/1
f 65/65/7 70/70/1 69/69/2
f 64/64/2 71/71/8 66/66/2
f 71/71/8 70/70/1 66/66/2
f 71/71/8 72/72/2 70/70/1
f 72/72/2 71/71/8 73/73/8
f 73/73/8 71/71/8 64/64/2
f 73/73/8 64/64/2 74/74/6
f 63/63/2 74/74/6 62/62/3
f 74/74/6 64/64/2 62/62/3
f 75/75/6 74/74/6 63/63/2
f 73/73/8 74/74/6 75/75/6
f 73/73/8 76/76/1 72/72/2
f 73/73/8 77/77/8 76/76/1
f 75/75/6 77/77/8 73/73/8
f 77/77/8 75/75/6 78/78/8
f 77/77/8 78/78/8 79/79/9
f 76/76/1 77/77/8 79/79/9
f 80/80/1 79/79/9 78/78/8
f 79/79/9 81/81/1 76/76/1
f 79/79/9 82/82/1 81/81/1
f 79/79/9 80/80/1 82/82/1
f 80/80/1 78/78/8 83/83/1
f 78/78/8 75/75/6 83/83/1
f 84/84/1 80/80/1 83/83/1
f 84/84/1 83/83/1 85/85/1
f 83/83/1 75/75/6 86/86/2
f 83/83/1 86/86/2 85/85/1
f 76/76/1 81/81/1 87/87/3
f 76/76/1 87/87/3 88/88/2
f 75/75/6 63/63/2 86/86/2
f 47/47/1 49/49/6 89/89/1
f 49/49/6 67/67/4 89/89/1
f 49/49/6 56/56/4 67/67/4
f 47/47/1 89/89/1 90/90/2
f 89/89/1 67/67/4 68/68/2
f 89/89/1 68/68/2 90/90/2
f 42/42/1 58/58/2 45/45/1
f 91/91/1 92/92/1 93/93/4
f 92/92/1 94/94/1 93/93/4
f 92/92/1 95/95/10 94/94/1
f 95/95/10 92/92/1 96/96/2
f 95/95/10 96/96/2 97/97/1
f 92/92/1 91/91/1 98/98/1
f 92/92/1 98/98/1 96/96/2
f 99/99/2 93/93/4 94/94/1
f 100/100/2 93/93/4 99/99/2
f 100/100/2 101/101/4 93/93/4
f 91/91/1 93/93/4 101/101/4
f 102/102/2 100/100/2 99/99/2
f 91/91/1 101/101/4 103/103/1
f 101/101/4 104/104/3 103/103/1
f 105/105/1 104/104/3 101/101/4
f 105/105/1 101/101/4 100/100/2
f 106/106/6 104/104/3 105/105/1
f 106/106/6 107/107/2 104/104/3
f 108/108/1 107/107/2 106/106/6
f 108/108/1 109/109/1 107/107/2
f 106/106/6 105/105/1 110/110/2
f 106/106/6 110/110/2 108/108/1
f 110/110/2 105/105/1 100/100/2
f 110/110/2 100/100/2 102/102/2
f 111/111/2 112/112/1 113/113/2
f 111/111/2 113/113/2 114/114/2
f 115/115/1 111/111/2 114/114/2
f 115/115/1 114/114/2 116/116/2
f 116/116/2 117/117/1 115/115/1
f 118/118/1 116/116/2 114/114/2
f 118/118/1 114/114/2 113/113/2
f 118/118/1 113/113/2 119/119/2
f 119/119/2 113/113/2 112/112/1
f 119/119/2 112/112/1 120/120/1
f 116/116/2 118/118/1 121/121/2
f 117/117/1 116/116/2 122/122/4
f 116/116/2 121/121/2 122/122/4
f 117/117/1 122/122/4 123/123/1
f 117/117/1 123/123/1 124/124/2
f 115/115/1 117/117/1 124/124/2
f 125/125/2 124/124/2 123/123/1
f 126/126/3 124/124/2 125/125/2
f 127/127/2 124/124/2 126/126/3
f 127/127/2 128/128/1 124/124/2
f 115/115/1 124/124/2 129/129/1
f 126/126/3 125/125/2 130/130/6
f 131/131/4 132/132/2 133/133/5
f 131/131/4 133/133/5 134/134/1
f 135/135/2 133/133/5 132/132/2
f 135/135/2 132/132/2 136/136/2
f 136/136/2 137/137/2 135/135/2
f 138/138/2 135/135/2 137/137/2
f 138/138/2 137/137/2 139/139/1
f 136/136/2 140/140/2 137/137/2
f 133/133/5 141/141/8 134/134/1
f 142/142/3 134/134/1 141/141/8
f 142/142/3 143/143/8 134/134/1
f 144/144/1 142/142/3 141/141/8
f 144/144/1 141/141/8 145/145/2
f 146/146/11 145/145/2 138/138/2
f 138/138/2 139/139/1 146/146/11
f 146/146/11 147/147/5 145/145/2
f 147/147/5 144/144/1 145/145/2
f 145/145/2 148/148/6 138/138/2
f 133/133/5 148/148/6 141/141/8
f 133/133/5 135/135/2 148/148/6
f 145/145/2 141/141/8 148/148/6
f 148/148/6 135/135/2 138/138/2
f 147/147/5 149/149/2 144/144/1
f 150/150/2 149/149/2 147/147/5
f 150/150/2 147/147/5 146/146/11
f 150/150/2 151/151/2 149/149/2
f 152/152/1 151/151/2 150/150/2
f 152/152/1 153/153/1 151/151/2
f 154/154/2 152/152/1 150/150/2
f 139/139/1 155/155/12 146/146/11
f 156/156/6 146/146/11 155/155/12
f 156/156/6 150/150/2 146/146/11
f 157/157/1 150/150/2 156/156/6
f 157/157/1 154/154/2 150/150/2
f 156/156/6 155/155/12 158/158/1
f 156/156/6 158/158/1 159/159/2
f 156/156/6 159/159/2 160/160/1
f 156/156/6 160/160/1 157/157/1
f 154/154/2 157/157/1 161/161/1
f 161/161/1 157/157/1 160/160/1
f 161/161/1 160/160/1 162/162/1
f 162/162/1 163/163/2 161/161/1
f 163/163/2 154/154/2 161/161/1
f 163/163/2 164/164/2 154/154/2
f 153/153/1 152/152/1 164/164/2
f 164/164/2 152/152/1 154/154/2
f 165/165/2 153/153/1 164/164/2
f 163/163/2 165/165/2 164/164/2
f 163/163/2 162/162/1 166/166/2
f 163/163/2 166/166/2 167/167/1
f 165/165/2 163/163/2 167/167/1
f 167/167/1 168/168/1 165/165/2
f 167/167/1 169/169/2 168/168/1
f 166/166/2 169/169/2 167/167/1
f 170/170/1 168/168/1 169/169/2
f 169/169/2 166/166/2 171/171/1
f 169/169/2 171/171/1 172/172/9
f 169/169/2 172/172/9 170/170/1
f 170/170/1 173/173/1 168/168/1
f 168/168/1 173/173/1 165/165/2
f 174/174/3 173/173/1 170/170/1
f 174/174/3 175/175/2 173/173/1
f 173/173/1 175/175/2 176/176/1
f 173/173/1 176/176/1 165/165/2
f 166/166/2 177/177/2 171/171/1
f 166/166/2 178/178/2 177/177/2
f 165/165/2 176/176/1 153/153/1
f 137/137/2 179/179/8 139/139/1
f 139/139/1 179/179/8 155/155/12
f 137/137/2 180/180/2 179/179/8
f 179/179/8 180/180/2 158/158/1
f 179/179/8 158/158/1 155/155/12
f 181/181/3 182/182/2 183/183/2
f 184/184/1 182/182/2 181/181/3
f 185/185/1 182/182/2 184/184/1
f 185/185/1 186/186/1 182/182/2
f 184/184/1 181/181/3 187/187/2
f 188/188/2 187/187/2 181/181/3
f 188/188/2 181/181/3 189/189/3
f 189/189/3 190/190/1 188/188/2
f 189/189/3 191/191/1 190/190/1
f 192/192/1 190/190/1 191/191/1
f 192/192/1 191/191/1 193/193/1
f 191/191/1 194/194/1 193/193/1
f 191/191/1 195/195/1 194/194/1
f 196/196/2 193/193/1 194/194/1
f 196/196/2 194/194/1 197/197/1
f 198/198/1 195/195/1 191/191/1
f 191/191/1 189/189/3 198/198/1
f 188/188/2 190/190/1 199/199/2
f 192/192/1 199/199/2 190/190/1
f 200/200/8 199/199/2 192/192/1
f 199/199/2 200/200/8 201/201/3
f 200/200/8 202/202/2 201/201/3
f 200/200/8 203/203/6 202/202/2
f 203/203/6 200/200/8 192/192/1
f 204/204/2 202/202/2 203/203/6
f 204/204/2 203/203/6 205/205/2
f 203/203/6 206/206/1 205/205/2
f 206/206/1 196/196/2 197/197/1
f 206/206/1 207/207/4 196/196/2
f 203/203/6 207/207/4 206/206/1
f 203/203/6 192/192/1 207/207/4
f 193/193/1 196/196/2 207/207/4
f 193/193/1 207/207/4 192/192/1
f 194/194/1 195/195/1 208/208/10
f 209/209/11 208/208/10 195/195/1
f 209/209/11 195/195/1 198/198/1
f 210/210/1 208/208/10 209/209/11
f 209/209/11 211/211/3 210/210/1
f 209/209/11 212/212/6 211/211/3
f 212/212/6 209/209/11 198/198/1
f 198/198/1 181/181/3 212/212/6
f 189/189/3 181/181/3 198/198/1
f 213/213/10 208/208/10 210/210/1
f 213/213/10 214/214/1 208/208/10
f 194/194/1 208/208/10 214/214/1
f 210/210/1 211/211/3 215/215/3
f 210/210/1 215/215/3 213/213/10
f 213/213/10 215/215/3 216/216/13
f 216/216/1 217/217/1 218/218/6
f 216/216/1 218/218/6 219/219/1
f 220/220/8 218/218/6 217/217/1
f 218/218/6 220/220/8 221/221/1
f 222/222/2 221/221/1 220/220/8
f 222/222/2 220/220/8 223/223/2
f 183/183/2 223/223/2 220/220/8
f 183/183/2 220/220/8 224/224/10
f 220/220/8 217/217/1 224/224/10
f 222/222/2 225/225/1 221/221/1
f 222/222/2 226/226/2 225/225/1
f 226/226/2 222/222/2 227/227/1
f 222/222/2 228/228/2 227/227/1
f 222/222/2 229/229/2 228/228/2
f 222/222/2 223/223/2 229/229/2
f 228/228/2 230/230/8 227/227/1
f 231/231/1 230/230/8 228/228/2
f 232/232/1 230/230/8 231/231/1
f 231/231/1 228/228/2 233/233/1
f 228/228/2 229/229/2 234/234/2
f 233/233/1 228/228/2 234/234/2
f 227/227/1 230/230/8 235/235/4
f 235/235/4 226/226/2 227/227/1
f 232/232/1 235/235/4 230/230/8
f 221/221/1 225/225/1 236/236/2
f 237/237/4 234/234/2 229/229/2
f 237/237/4 229/229/2 223/223/2
f 183/183/2 237/237/4 223/223/2
f 238/238/6 234/234/2 237/237/4
f 183/183/2 238/238/6 237/237/4
f 238/238/6 186/186/1 234/234/2
f 233/233/1 234/234/2 186/186/1
f 233/233/1 186/186/1 185/185/1
f 186/186/1 238/238/6 182/182/2
f 183/183/2 182/182/2 238/238/6
f 232/232/1 239/239/1 235/235/4
f 235/235/4 239/239/1 240/240/1
f 241/241/2 235/235/4 240/240/1
f 241/241/2 242/242/1 235/235/4
f 242/242/1 241/241/2 243/243/2
f 242/242/1 243/243/2 244/244/1
f 225/225/1 242/242/1 244/244/1
f 242/242/1 225/225/1 226/226/2
f 242/242/1 226/226/2 235/235/4
f 218/218/6 221/221/1 236/236/2
f 218/218/6 236/236/2 219/219/1
f 245/245/1 246/246/2 247/247/10
f 245/245/1 248/248/1 246/246/2
f 245/245/1 249/249/2 248/248/1
f 249/249/2 250/250/3 248/248/1
f 245/245/1 247/247/10 251/251/8
f 251/251/8 247/247/10 252/252/3
f 253/253/3 250/250/3 249/249/2
f 253/253/3 254/254/1 250/250/3
f 255/255/1 254/254/1 253/253/3
f 255/255/1 256/256/14 254/254/1
f 255/255/1 257/257/1 256/256/14
f 255/255/1 258/258/3 257/257/1
f 259/259/2 251/251/4 260/260/2
f 259/259/2 260/260/2 261/261/8
f 259/259/2 261/261/8 262/262/8
f 259/259/2 262/262/8 263/263/1
f 263/263/1 262/262/8 264/264/3
f 263/263/2 265/265/1 266/266/2
f 263/263/2 266/266/2 267/267/3
f 267/267/3 266/266/2 268/268/15
f 269/269/2 267/267/3 268/268/15
f 269/269/2 268/268/15 270/270/1
f 269/269/2 270/270/1 271/271/2
f 269/269/2 271/271/2 258/258/1
f 201/201/3 272/272/16 273/273/1
f 272/272/16 274/274/1 273/273/1
f 272/272/16 275/275/2 274/274/1
f 275/275/2 272/272/16 202/202/2
f 272/272/16 201/201/3 202/202/2
f 275/275/2 202/202/2 204/204/2
f 276/276/2 277/277/1 278/278/2
f 276/276/2 278/278/2 279/279/2
f 277/277/1 276/276/2 280/280/2
f 277/277/1 280/280/2 281/281/1
f 281/281/1 280/280/2 282/282/2
f 281/281/1 282/282/2 283/283/8
f 284/284/2 276/276/2 279/279/2
f 284/284/2 279/279/2 285/285/1
f 284/284/2 285/285/1 286/286/1
f 284/284/2 286/286/1 287/287/1
f 288/288/1 286/286/1 285/285/1
f 289/289/2 283/283/8 282/282/2
f 289/289/2 282/282/2 290/290/6
f 290/290/6 291/291/4 289/289/2
f 291/291/4 290/290/6 292/292/1
f 291/291/4 292/292/1 293/293/8
f 294/294/1 289/289/2 291/291/4
f 294/294/1 291/291/4 295/295/4
f 295/295/4 291/291/4 293/293/8
f 292/292/1 296/296/6 293/293/8
f 295/295/4 293/293/8 297/297/6
f 297/297/6 298/298/1 295/295/4
f 297/297/6 299/299/1 298/298/1
f 293/293/8 300/300/1 297/297/6
f 296/296/6 300/300/1 293/293/8
f 296/296/6 301/301/1 300/300/1
f 302/302/4 299/299/1 297/297/6
f 302/302/4 303/303/2 299/299/1
f 303/303/2 304/304/2 299/299/1
f 304/304/2 298/298/1 299/299/1
f 303/303/2 305/305/1 304/304/2
f 306/306/2 305/305/1 303/303/2
f 307/307/2 306/306/2 303/303/2
f 307/307/2 303/303/2 302/302/4
f 306/306/2 308/308/3 305/305/1
f 304/304/2 309/309/1 298/298/1
f 310/310/2 298/298/1 309/309/1
f 295/295/4 298/298/1 310/310/2
f 310/310/2 309/309/1 311/311/2
f 304/304/2 312/312/1 309/309/1
f 312/312/1 311/311/2 309/309/1
f 304/304/2 313/313/1 312/312/1
f 285/285/1 312/312/1 313/313/1
f 314/314/2 285/285/1 313/313/1
f 314/314/2 313/313/1 304/304/2
f 285/285/1 279/279/2 312/312/1
f 279/279/2 315/315/1 312/312/1
f 312/312/1 315/315/1 311/311/2
f 279/279/2 278/278/2 315/315/1
f 316/316/1 317/317/4 306/306/1
f 295/295/4 310/310/2 294/294/1
f 318/318/1 319/319/6 301/301/1
f 301/301/1 319/319/6 320/320/3
f 301/301/1 296/296/6 318/318/1
f 296/296/6 292/292/1 318/318/1
f 318/318/1 321/321/8 319/319/6
f 318/318/1 292/292/1 321/321/8
f 292/292/1 290/290/6 321/321/8
f 319/319/6 321/321/8 322/322/1
f 322/322/1 321/321/8 290/290/6
f 319/319/6 322/322/1 323/323/2
f 320/320/3 319/319/6 323/323/2
f 322/322/1 290/290/6 282/282/2
f 322/322/1 282/282/2 280/280/2
f 322/322/1 280/280/2 324/324/2
f 324/324/2 280/280/2 276/276/2
f 324/324/2 276/276/2 284/284/2
f 322/322/1 325/325/1 326/326/8
f 326/326/8 325/325/1 284/284/6
f 327/327/17 328/328/17 329/329/18
f 327/327/17 329/329/18 330/330/17
f 330/330/17 329/329/18 331/331/17
f 330/330/17 331/331/17 332/332/17
f 328/328/17 333/333/19 329/329/18
f 328/328/17 334/334/17 333/333/19
f 329/329/18 333/333/19 335/335/20
f 329/329/18 335/335/20 331/331/17
f 334/334/17 336/336/18 333/333/19
f 334/334/17 337/337/17 336/336/18
f 333/333/19 336/336/18 338/338/17
f 333/333/19 338/338/17 335/335/20
f 337/337/17 339/339/21 336/336/18
f 337/337/17 340/340/17 339/339/21
f 336/336/18 339/339/21 341/341/22
f 336/336/18 341/341/22 338/338/17
f 340/340/17 342/342/18 339/339/21
f 340/340/17 343/343/17 342/342/18
f 339/339/21 342/342/18 344/344/22
f 339/339/21 344/344/22 341/341/22
f 343/343/17 345/345/17 342/342/18
f 343/343/17 346/346/23 345/345/17
f 342/342/18 345/345/17 347/347/17
f 342/342/18 347/347/17 344/344/22
f 346/346/23 348/348/17 345/345/17
f 346/346/23 349/349/17 348/348/17
f 345/345/17 348/348/17 350/350/24
f 345/345/17 350/350/24 347/347/17
f 351/351/23 352/352/17 353/353/17
f 351/351/23 353/353/17 354/354/17
f 354/354/17 353/353/17 355/355/22
f 354/354/17 355/355/22 356/356/17
f 352/352/17 357/357/22 353/353/17
f 352/352/17 358/358/17 357/357/22
f 353/353/17 357/357/22 359/359/22
f 353/353/17 359/359/22 355/355/22
f 358/358/17 360/360/22 357/357/22
f 358/358/17 361/361/17 360/360/22
f 357/357/22 360/360/22 362/362/17
f 357/357/22 362/362/17 359/359/22
f 361/361/17 363/363/22 360/360/22
f 361/361/17 364/364/17 363/363/22
f 360/360/22 363/363/22 365/365/17
f 360/360/22 365/365/17 362/362/17
f 364/364/17 366/366/17 363/363/22
f 364/364/17 367/367/17 366/366/17
f 363/363/22 366/366/17 368/368/17
f 363/363/22 368/368/17 365/365/17
f 367/367/17 369/369/22 366/366/17
f 367/367/17 370/370/17 369/369/22
f 366/366/17 369/369/22 371/371/23
f 366/366/17 371/371/23 368/368/17
f 370/370/17 372/372/17 369/369/22
f 370/370/17 373/373/17 372/372/17
f 369/369/22 372/372/17 374/374/17
f 369/369/22 374/374/17 371/371/23
f 375/375/17 376/376/17 377/377/17
f 375/375/17 377/377/17 378/378/17
f 378/378/17 377/377/17 379/379/17
f 378/378/17 379/379/17 380/380/17
f 376/376/17 381/381/17 377/377/17
f 376/376/17 382/382/17 381/381/17
f 377/377/17 381/381/17 383/383/17
f 377/377/17 383/383/17 379/379/17
f 382/382/17 330/330/17 381/381/17
f 382/382/17 327/327/17 330/330/17
f 381/381/17 330/330/17 332/332/17
f 381/381/17 332/332/17 383/383/17
f 384/384/22 385/385/17 386/386/17
f 384/384/22 386/386/17 387/387/17
f 387/387/17 386/386/17 388/388/17
f 387/387/17 388/388/17 389/389/18
f 385/385/17 390/390/17 386/386/17
f 385/385/17 391/391/17 390/390/17
f 386/386/17 390/390/17 392/392/17
f 386/386/17 392/392/17 388/388/17
f 391/391/17 354/354/17 390/390/17
f 391/391/17 351/351/23 354/354/17
f 390/390/17 354/354/17 356/356/17
f 390/390/17 356/356/17 392/392/17
f 393/393/17 394/394/17 395/395/18
f 393/393/17 395/395/18 396/396/25
f 396/396/25 395/395/18 397/397/17
f 396/396/25 397/397/17 398/398/17
f 394/394/17 399/399/23 395/395/18
f 394/394/17 400/400/17 399/399/23
f 395/395/18 399/399/23 401/401/18
f 395/395/18 401/401/18 397/397/17
f 401/401/18 399/399/23 400/400/17
f 402/402/23 393/393/17 396/396/25
f 402/402/23 396/396/25 398/398/17
f 401/401/18 400/400/17 403/403/17
f 404/404/17 405/405/17 406/406/22
f 404/404/17 406/406/22 407/407/17
f 407/407/17 406/406/22 408/408/17
f 407/407/17 408/408/17 409/409/17
f 405/405/17 410/410/17 406/406/22
f 405/405/17 411/411/21 410/410/17
f 406/406/22 410/410/17 412/412/17
f 406/406/22 412/412/17 408/408/17
f 413/413/17 414/414/17 415/415/26
f 413/413/17 415/415/26 416/416/17
f 416/416/17 415/415/26 417/417/17
f 416/416/17 417/417/17 418/418/20
f 414/414/17 419/419/18 415/415/26
f 414/414/17 420/420/22 419/419/18
f 415/415/26 419/419/18 421/421/17
f 415/415/26 421/421/17 417/417/17
f 421/421/17 419/419/18 420/420/22
f 422/422/17 413/413/17 416/416/17
f 422/422/17 416/416/17 418/418/20
f 421/421/17 420/420/22 423/423/17
f 424/424/17 425/425/23 426/426/24
f 424/424/17 426/426/24 427/427/17
f 427/427/17 426/426/24 428/428/17
f 427/427/17 428/428/17 429/429/17
f 425/425/23 430/430/17 426/426/24
f 425/425/23 431/431/17 430/430/17
f 426/426/24 430/430/17 432/432/17
f 426/426/24 432/432/17 428/428/17
f 433/433/23 434/434/17 435/435/23
f 433/433/23 435/435/23 436/436/17
f 434/434/17 437/437/27 435/435/23
f 434/434/17 438/438/17 437/437/27
f 436/436/17 435/435/23 439/439/22
f 436/436/17 439/439/22 440/440/27
f 435/435/23 437/437/27 441/441/18
f 435/435/23 441/441/18 439/439/22
f 440/440/27 439/439/22 442/442/18
f 440/440/27 442/442/18 443/443/17
f 439/439/22 441/441/18 444/444/22
f 439/439/22 444/444/22 442/442/18
f 443/443/17 442/442/18 445/445/18
f 443/443/17 445/445/18 446/446/22
f 442/442/18 444/444/22 447/447/17
f 442/442/18 447/447/17 445/445/18
f 446/446/22 445/445/18 448/448/17
f 446/446/22 448/448/17 449/449/17
f 445/445/18 447/447/17 450/450/17
f 445/445/18 450/450/17 448/448/17
f 449/449/17 448/448/17 451/451/17
f 449/449/17 451/451/17 452/452/17
f 448/448/17 450/450/17 453/453/22
f 448/448/17 453/453/22 451/451/17
f 452/452/17 451/451/17 454/454/23
f 452/452/17 454/454/23 455/455/22
f 451/451/17 453/453/22 456/456/26
f 451/451/17 456/456/26 454/454/23
f 457/457/17 458/458/17 459/459/22
f 457/457/17 459/459/22 460/460/17
f 458/458/17 461/461/22 459/459/22
f 458/458/17 462/462/17 461/461/22
f 460/460/17 459/459/22 463/463/17
f 460/460/17 463/463/17 464/464/17
f 459/459/22 461/461/22 465/465/17
f 459/459/22 465/465/17 463/463/17
f 464/464/17 463/463/17 466/466/22
f 464/464/17 466/466/22 467/467/17
f 463/463/17 465/465/17 468/468/17
f 463/463/17 468/468/17 466/466/22
f 467/467/17 466/466/22 469/469/17
f 467/467/17 469/469/17 470/470/17
f 466/466/22 468/468/17 471/471/17
f 466/466/22 471/471/17 469/469/17
f 470/470/17 469/469/17 472/472/17
f 470/470/17 472/472/17 473/473/23
f 469/469/17 471/471/17 474/474/17
f 469/469/17 474/474/17 472/472/17
f 473/473/23 472/472/17 475/475/22
f 473/473/23 475/475/22 476/476/17
f 472/472/17 474/474/17 477/477/17
f 472/472/17 477/477/17 475/475/22
f 476/476/17 475/475/22 478/478/17
f 476/476/17 478/478/17 479/479/17
f 475/475/22 477/477/17 480/480/17
f 475/475/22 480/480/17 478/478/17
f 481/481/17 482/482/17 483/483/22
f 481/481/17 483/483/22 484/484/22
f 482/482/17 485/485/22 483/483/22
f 482/482/17 486/486/22 485/485/22
f 484/484/22 483/483/22 487/487/18
f 484/484/22 487/487/18 488/488/22
f 483/483/22 485/485/22 489/489/17
f 483/483/22 489/489/17 487/487/18
f 488/488/22 487/487/18 434/434/17
f 488/488/22 434/434/17 433/433/23
f 487/487/18 489/489/17 438/438/17
f 487/487/18 438/438/17 434/434/17
f 490/490/17 491/491/17 492/492/17
f 490/490/17 492/492/17 493/493/17
f 491/491/17 494/494/17 492/492/17
f 491/491/17 495/495/17 494/494/17
f 493/493/17 492/492/17 496/496/22
f 493/493/17 496/496/22 497/497/18
f 492/492/17 494/494/17 498/498/17
f 492/492/17 498/498/17 496/496/22
f 497/497/18 496/496/22 458/458/17
f 497/497/18 458/458/17 457/457/17
f 496/496/22 498/498/17 462/462/17
f 496/496/22 462/462/17 458/458/17
f 499/499/17 500/500/28 501/501/17
f 499/499/17 501/501/17 502/502/17
f 500/500/28 503/503/17 501/501/17
f 500/500/28 504/504/23 503/503/17
f 502/502/17 501/501/17 505/505/19
f 502/502/17 505/505/19 506/506/18
f 501/501/17 503/503/17 507/507/23
f 501/501/17 507/507/23 505/505/19
f 507/507/23 506/506/18 505/505/19
f 508/508/24 504/504/23 500/500/28
f 508/508/24 500/500/28 499/499/17
f 507/507/23 509/509/22 506/506/18
f 510/510/17 511/511/17 512/512/24
f 510/510/17 512/512/24 513/513/17
f 511/511/17 514/514/22 512/512/24
f 511/511/17 515/515/17 514/514/22
f 513/513/17 512/512/24 516/516/17
f 513/513/17 516/516/17 517/517/18
f 512/512/24 514/514/22 518/518/20
f 512/512/24 518/518/20 516/516/17
f 519/519/17 520/520/22 521/521/22
f 519/519/17 521/521/22 522/522/22
f 520/520/22 523/523/17 521/521/22
f 520/520/22 524/524/17 523/523/17
f 522/522/22 521/521/22 525/525/22
f 522/522/22 525/525/22 526/526/17
f 521/521/22 523/523/17 527/527/22
f 521/521/22 527/527/22 525/525/22
f 527/527/22 526/526/17 525/525/22
f 528/528/26 524/524/17 520/520/22
f 528/528/26 520/520/22 519/519/17
f 527/527/22 529/529/22 526/526/17
f 530/530/17 531/531/22 532/532/17
f 530/530/17 532/532/17 533/533/17
f 531/531/22 534/534/17 532/532/17
f 531/531/22 535/535/17 534/534/17
f 533/533/17 532/532/17 536/536/22
f 533/533/17 536/536/22 537/537/29
f 532/532/17 534/534/17 538/538/22
f 532/532/17 538/538/22 536/536/22
f 539/539/30 540/540/31 541/541/31
f 542/542/31 540/540/31 539/539/30
f 543/543/32 539/539/30 541/541/31
f 543/543/32 541/541/31 544/544/30
f 545/545/31 543/543/32 544/544/30
f 545/545/31 544/544/30 546/546/31
f 547/547/31 545/545/31 546/546/31
f 547/547/31 546/546/31 548/548/31
f 547/547/31 548/548/31 549/549/31
f 549/549/31 548/548/31 550/550/31
f 549/549/31 550/550/31 551/551/31
f 552/552/31 549/549/31 551/551/31
f 551/551/31 553/553/31 552/552/31
f 552/552/31 553/553/31 554/554/31
f 553/553/31 555/555/31 554/554/31
f 553/553/31 556/556/33 555/555/31
f 555/555/31 556/556/33 557/557/33
f 556/556/33 558/558/31 557/557/33
f 556/556/33 559/559/34 558/558/31
f 560/560/35 561/561/36 562/562/30
f 563/563/36 561/561/36 560/560/35
f 563/563/36 560/560/35 564/564/34
f 564/564/34 565/565/30 563/563/36
f 566/566/35 565/565/30 564/564/34
f 567/567/33 565/565/30 566/566/35
f 568/568/31 567/567/33 566/566/35
f 568/568/31 566/566/35 569/569/31
f 570/570/30 568/568/31 569/569/31
f 570/570/30 569/569/31 571/571/30
f 572/572/31 570/570/30 571/571/30
f 572/572/31 571/571/30 573/573/31
f 573/573/31 574/574/31 572/572/31
f 575/575/31 574/574/31 573/573/31
f 575/575/31 576/576/31 574/574/31
f 576/576/31 577/577/31 574/574/31
f 578/578/33 577/577/31 576/576/31
f 578/578/33 579/579/31 577/577/31
f 579/579/31 580/580/34 577/577/31
f 581/581/37 582/582/38 583/583/37
f 581/581/37 583/583/37 584/584/38
f 585/585/38 581/581/37 584/584/38
f 585/585/38 586/586/39 581/581/37
f 583/583/37 582/582/38 587/587/37
f 583/583/37 587/587/37 588/588/38
f 587/587/37 589/589/40 588/588/38
f 590/590/39 591/591/37 592/592/37
f 593/593/39 592/592/37 591/591/37
f 593/593/39 594/594/38 592/592/37
f 591/591/37 590/590/39 595/595/37
f 591/591/37 595/595/37 596/596/37
f 596/596/37 595/595/37 597/597/39
f 596/596/37 597/597/39 598/598/37
f 599/599/41 600/600/37 601/601/41
f 599/599/41 601/601/41 602/602/37
f 601/601/41 600/600/37 603/603/37
f 601/601/41 603/603/37 604/604/39
f 603/603/37 605/605/39 604/604/39
f 602/602/37 606/606/37 599/599/41
f 602/602/37 607/607/41 606/606/37
f 608/608/37 609/609/38 610/610/39
f 608/608/37 610/610/39 611/611/39
f 611/611/39 610/610/39 612/612/40
f 611/611/39 612/612/40 613/613/41
f 613/613/41 614/614/41 611/611/39
f 613/613/41 615/615/39 614/614/41
f 615/615/39 616/616/42 614/614/41
f 615/615/39 617/617/37 616/616/42
f 617/617/37 618/618/41 616/616/42
f 611/611/39 614/614/41 619/619/37
f 611/611/39 619/619/37 608/608/37
f 614/614/41 616/616/42 620/620/37
f 614/614/41 620/620/37 619/619/37
f 616/616/42 618/618/41 620/620/37
f 621/621/37 622/622/43 623/623/41
f 621/621/37 623/623/41 624/624/37
f 623/623/41 622/622/43 625/625/38
f 625/625/38 622/622/43 626/626/44
f 625/625/38 626/626/44 627/627/41
f 623/623/41 625/625/38 628/628/37
f 627/627/41 626/626/44 629/629/41
f 629/629/41 626/626/44 630/630/38
f 630/630/38 626/626/44 622/622/43
f 630/630/38 622/622/43 621/621/37
f 629/629/41 630/630/38 631/631/37
f 631/631/37 632/632/37 629/629/41
f 631/631/37 633/633/37 632/632/37
f 629/629/41 632/632/37 634/634/38
f 629/629/41 634/634/38 635/635/37
f 627/627/41 629/629/41 635/635/37
f 632/632/37 633/633/37 636/636/39
f 632/632/37 636/636/39 637/637/37
f 634/634/38 632/632/37 637/637/37
f 636/636/39 638/638/43 637/637/37
f 636/636/39 639/639/39 638/638/43
f 637/637/37 638/638/43 640/640/41
f 637/637/37 640/640/41 641/641/41
f 634/634/38 637/637/37 641/641/41
f 638/638/43 639/639/39 642/642/41
f 640/640/41 638/638/43 642/642/41
f 643/643/38 644/644/38 645/645/37
f 643/643/38 645/645/37 646/646/37
f 647/647/37 644/644/38 643/643/38
f 647/647/37 648/648/37 644/644/38
f 649/649/37 648/648/37 647/647/37
f 649/649/37 650/650/41 648/648/37
f 649/649/37 651/651/41 650/650/41
f 649/649/37 652/652/39 651/651/41
f 646/646/37 645/645/37 653/653/38
f 646/646/37 653/653/38 654/654/38
f 653/653/38 655/655/38 654/654/38
f 653/653/38 656/656/41 655/655/38
f 651/651/41 652/652/39 657/657/41
f 658/658/37 659/659/37 660/660/37
f 658/658/37 660/660/37 661/661/37
f 658/658/37 662/662/37 659/659/37
f 658/658/37 663/663/37 662/662/37
f 661/661/37 660/660/37 664/664/41
f 661/661/37 664/664/41 665/665/39
f 665/665/39 664/664/41 666/666/37
f 665/665/39 666/666/37 667/667/37
f 667/667/37 666/666/37 668/668/37
f 667/667/37 668/668/37 669/669/39
f 668/668/37 670/670/45 669/669/39
f 668/668/37 671/671/39 670/670/45
f 662/662/37 663/663/37 672/672/39
f 673/673/44 674/674/37 675/675/45
f 673/673/44 675/675/45 676/676/39
f 673/673/44 676/676/39 677/677/37
f 675/675/45 674/674/37 678/678/46
f 675/675/45 678/678/46 679/679/39
f 676/676/39 675/675/45 679/679/39
f 676/676/39 679/679/39 680/680/45
f 677/677/37 676/676/39 680/680/45
f 677/677/37 680/680/45 681/681/37
f 682/682/39 683/683/39 678/678/41
f 682/682/39 684/684/37 683/683/39
f 685/685/38 684/684/37 682/682/39
f 685/685/38 682/682/39 686/686/37
f 687/687/39 684/684/37 685/685/38
f 687/687/39 688/688/43 684/684/37
f 689/689/39 688/688/43 687/687/39
f 689/689/39 690/690/37 688/688/43
f 688/688/43 690/690/37 691/691/38
f 688/688/43 691/691/38 692/692/38
f 684/684/37 688/688/43 692/692/38
f 684/684/37 692/692/38 683/683/39
f 693/693/41 694/694/38 695/695/38
f 693/693/41 695/695/38 696/696/38
f 696/696/38 695/695/38 697/697/41
f 696/696/38 697/697/41 698/698/39
f 698/698/39 697/697/41 699/699/40
f 698/698/39 699/699/40 700/700/38
f 695/695/38 694/694/38 701/701/39
f 695/695/38 701/701/39 702/702/38
f 697/697/41 695/695/38 702/702/38
f 697/697/41 702/702/38 703/703/40
f 699/699/40 697/697/41 703/703/40
f 699/699/40 703/703/40 704/704/38
f 705/705/37 706/706/38 704/704/37
f 705/705/37 707/707/38 706/706/38
f 708/708/37 707/707/38 705/705/37
f 708/708/37 709/709/41 707/707/38
f 710/710/39 709/709/41 708/708/37
f 710/710/39 711/711/37 709/709/41
f 712/712/37 713/713/37 714/714/39
f 712/712/37 714/714/39 715/715/38
f 716/716/38 713/713/37 712/712/37
f 716/716/38 717/717/37 713/713/37
f 713/713/37 717/717/37 718/718/41
f 713/713/37 718/718/41 719/719/38
f 715/715/38 714/714/39 720/720/38
f 720/720/38 714/714/39 721/721/39
f 721/721/39 714/714/39 713/713/37
f 721/721/39 713/713/37 719/719/38
f 720/720/38 721/721/39 722/722/39
f 722/722/39 721/721/39 723/723/38
f 723/723/38 721/721/39 719/719/38
f 722/722/39 723/723/38 724/724/39
f 724/724/39 723/723/38 725/725/39
f 724/724/39 725/725/39 726/726/37
f 715/715/38 720/720/38 727/727/39
f 725/725/39 723/723/38 728/728/44
f 723/723/38 719/719/38 728/728/44
f 725/725/39 728/728/44 729/729/37
f 728/728/44 730/730/41 729/729/37
f 728/728/44 731/731/38 730/730/41
f 732/732/37 733/733/37 734/734/37
f 732/732/37 734/734/37 735/735/39
f 736/736/38 734/734/37 733/733/37
f 736/736/38 737/737/38 734/734/37
f 738/738/37 737/737/38 736/736/38
f 738/738/37 739/739/37 737/737/38
f 735/735/39 734/734/37 740/740/38
f 735/735/39 740/740/38 741/741/38
f 737/737/38 739/739/37 742/742/38
f 737/737/38 742/742/38 743/743/41
f 734/734/37 737/737/38 743/743/41
f 734/734/37 743/743/41 740/740/38
f 744/744/37 745/745/39 746/746/37
f 744/744/37 746/746/37 747/747/41
f 746/746/37 745/745/39 748/748/38
f 746/746/37 748/748/38 749/749/39
f 750/750/39 746/746/37 749/749/39
f 750/750/39 751/751/39 746/746/37
f 746/746/37 751/751/39 752/752/39
f 746/746/37 752/752/39 747/747/41
f 753/753/41 754/754/39 755/755/39
f 753/753/41 755/755/39 756/756/37
f 756/756/37 757/757/44 753/753/41
f 756/756/37 758/758/38 757/757/44
f 759/759/37 760/760/37 761/761/37
f 759/759/37 761/761/37 762/762/39
f 762/762/39 763/763/37 759/759/37
f 764/764/39 759/759/37 763/763/37
f 764/764/39 763/763/37 765/765/39
f 762/762/39 766/766/38 763/763/37
f 767/767/37 766/766/38 762/762/39
f 767/767/37 768/768/39 766/766/38
f 762/762/39 761/761/37 769/769/38
f 762/762/39 769/769/38 767/767/37
f 761/761/37 760/760/37 770/770/37
f 769/769/38 761/761/37 770/770/37
f 770/770/37 760/760/37 771/771/39
f 771/771/39 760/760/37 759/759/37
f 771/771/39 759/759/37 764/764/39
f 772/772/37 773/773/43 774/774/37
f 772/772/37 774/774/37 775/775/38
f 776/776/37 773/773/43 772/772/37
f 776/776/37 777/777/37 773/773/43
f 774/774/37 773/773/43 778/778/38
f 774/774/37 778/778/38 779/779/38
f 773/773/43 777/777/37 780/780/37
f 773/773/43 780/780/37 778/778/38
f 781/781/38 782/782/38 783/783/47
f 781/781/38 783/783/47 784/784/38
f 784/784/38 785/785/41 781/781/38
f 785/785/41 786/786/38 781/781/38
f 786/786/38 782/782/38 781/781/38
f 785/785/41 787/787/38 786/786/38
f 784/784/38 788/788/38 785/785/41
f 786/786/38 789/789/39 782/782/38
f 790/790/37 789/789/39 786/786/38
f 786/786/38 787/787/38 790/790/37
f 791/791/38 792/792/41 793/793/38
f 791/791/38 793/793/38 794/794/41
f 795/795/41 792/792/41 791/791/38
f 796/796/38 795/795/41 791/791/38
f 794/794/41 796/796/38 791/791/38
f 796/796/38 797/797/37 795/795/41
f 795/795/41 798/798/38 792/792/41
f 794/794/41 793/793/38 799/799/37
f 799/799/37 800/800/38 794/794/41
f 794/794/41 800/800/38 796/796/38
f 793/793/38 792/792/41 801/801/38
f 793/793/38 801/801/38 802/802/37
f 799/799/37 793/793/38 802/802/37
f 792/792/41 798/798/38 803/803/39
f 792/792/41 803/803/39 801/801/38
f 804/804/37 805/805/41 806/806/38
f 804/804/37 807/807/39 805/805/41
f 806/806/38 805/805/41 808/808/39
f 806/806/38 808/808/39 809/809/39
f 810/810/38 809/809/39 808/808/39
f 808/808/39 811/811/37 810/810/38
f 808/808/39 812/812/39 811/811/37
f 805/805/41 807/807/39 812/812/39
f 805/805/41 812/812/39 808/808/39
f 810/810/38 813/813/37 809/809/39
f 814/814/39 815/815/44 816/816/40
f 814/814/39 816/816/40 817/817/37
f 817/817/37 818/818/37 814/814/39
f 817/817/37 819/819/39 818/818/37
f 820/820/41 821/821/39 822/822/38
f 820/820/41 822/822/38 823/823/37
f 824/824/38 820/820/41 823/823/37
f 824/824/38 825/825/39 820/820/41
f 826/826/37 821/821/39 820/820/41
f 826/826/37 827/827/39 821/821/39
f 828/828/41 829/829/41 830/830/37
f 828/828/41 830/830/37 831/831/38
f 831/831/38 830/830/37 832/832/37
f 831/831/38 832/832/37 833/833/37
f 828/828/41 831/831/38 834/834/41
f 828/828/41 834/834/41 835/835/38
f 834/834/41 836/836/38 835/835/38
f 834/834/41 837/837/43 836/836/38
f 838/838/37 837/837/43 834/834/41
f 831/831/38 833/833/37 838/838/37
f 831/831/38 838/838/37 834/834/41
f 838/838/37 839/839/45 837/837/43
f 840/840/38 841/841/37 842/842/38
f 840/840/38 842/842/38 843/843/38
f 843/843/38 842/842/38 844/844/38
f 844/844/38 842/842/38 845/845/37
f 845/845/37 842/842/38 841/841/37
f 844/844/38 845/845/37 846/846/37
f 843/843/38 844/844/38 847/847/37
f 845/845/37 841/841/37 848/848/41
f 849/849/39 850/850/38 851/851/37
f 849/849/39 851/851/37 852/852/37
f 852/852/37 851/851/37 853/853/38
f 852/852/37 853/853/38 854/854/41
f 851/851/37 850/850/38 855/855/38
f 853/853/38 851/851/37 855/855/38
f 856/856/37 857/857/41 858/858/38
f 856/856/37 858/858/38 859/859/41
f 857/857/41 856/856/37 860/860/37
f 857/857/41 860/860/37 861/861/38
f 860/860/37 862/862/37 861/861/38
f 860/860/37 863/863/37 862/862/37
f 864/864/37 865/865/37 866/866/38
f 864/864/37 866/866/38 867/867/37
f 866/866/38 865/865/37 868/868/39
f 869/869/41 870/870/37 864/864/39
f 871/871/39 870/870/37 869/869/41
f 871/871/39 869/869/41 872/872/41
f 869/869/41 864/864/39 873/873/39
f 874/874/37 875/875/37 876/876/41
f 874/874/37 876/876/41 877/877/37
f 877/877/37 876/876/41 878/878/38
f 877/877/37 878/878/38 879/879/37
f 879/879/37 878/878/38 880/880/39
f 879/879/37 880/880/39 881/881/37
f 876/876/41 875/875/37 882/882/41
f 878/878/38 876/876/41 882/882/41
f 880/880/39 878/878/38 882/882/41
f 883/883/39 884/884/48 885/885/37
f 883/883/39 885/885/37 886/886/39
f 886/886/39 885/885/37 887/887/38
f 886/886/39 887/887/38 888/888/41
f 888/888/41 887/887/38 889/889/37
f 888/888/41 889/889/37 890/890/39
f 885/885/37 884/884/48 891/891/37
f 885/885/37 891/891/37 892/892/38
f 887/887/38 885/885/37 892/892/38
f 887/887/38 892/892/38 893/893/39
f 889/889/37 887/887/38 893/893/39
f 889/889/37 893/893/39 894/894/41
f 895/895/38 896/896/37 897/897/38
f 895/895/38 897/897/38 898/898/49
f 898/898/49 897/897/38 899/899/39
f 898/898/49 899/899/39 900/900/50
f 900/900/50 899/899/39 901/901/39
f 900/900/50 901/901/39 902/902/38
f 895/895/38 898/898/49 903/903/37
f 895/895/38 903/903/37 904/904/38
f 903/903/37 905/905/39 904/904/38
f 903/903/37 906/906/37 905/905/39
f 907/907/38 906/906/37 903/903/37
f 898/898/49 900/900/50 907/907/38
f 898/898/49 907/907/38 903/903/37
f 907/907/38 908/908/37 906/906/37
f 909/909/38 908/908/37 907/907/38
f 900/900/50 902/902/38 909/909/38
f 900/900/50 909/909/38 907/907/38
f 909/909/38 910/910/38 908/908/37
f 911/911/37 912/912/37 913/913/41
f 911/911/37 913/913/41 914/914/41
f 913/913/41 912/912/37 915/915/37
f 913/913/41 915/915/37 916/916/38
f 915/915/37 917/917/38 916/916/38
f 915/915/37 918/918/43 917/917/38
f 919/919/39 920/920/41 921/921/38
f 919/919/39 921/921/38 922/922/39
f 921/921/38 920/920/41 923/923/38
f 921/921/38 923/923/38 924/924/38
f 925/925/51 926/926/38 927/927/37
f 925/925/51 927/927/37 928/928/49
f 927/927/37 926/926/38 929/929/38
f 930/930/37 931/931/39 932/932/39
f 933/933/37 930/930/37 932/932/39
f 933/933/37 932/932/39 934/934/38
f 935/935/37 936/936/37 937/937/39
f 935/935/37 937/937/39 938/938/37
f 938/938/37 939/939/41 935/935/37
f 938/938/37 940/940/37 939/939/41
f 937/937/39 936/936/37 941/941/38
f 937/937/39 941/941/38 942/942/37
f 942/942/37 941/941/38 943/943/37
f 942/942/37 943/943/37 944/944/39
f 943/943/37 945/945/41 944/944/39
f 946/946/37 947/947/38 948/948/41
f 946/946/37 948/948/41 949/949/37
f 949/949/37 950/950/38 946/946/37
f 949/949/37 951/951/38 950/950/38
f 952/952/38 953/953/38 954/954/38
f 952/952/38 954/954/38 955/955/38
f 954/954/38 956/956/37 955/955/38
f 954/954/38 957/957/41 956/956/37
f 958/958/38 953/953/38 952/952/38
f 958/958/38 959/959/38 953/953/38
f 960/960/39 961/961/37 962/962/41
f 960/960/39 962/962/41 963/963/37
f 963/963/37 964/964/37 960/960/39
f 963/963/37 965/965/37 964/964/37
f 966/966/37 962/962/41 961/961/37
f 966/966/37 967/967/37 962/962/41
f 968/968/39 969/969/39 970/970/39
f 968/968/39 970/970/39 971/971/41
f 968/968/39 972/972/37 969/969/39
f 973/973/38 971/971/41 970/970/39
f 973/973/38 974/974/44 971/971/41
f 975/975/37 976/976/39 977/977/37
f 978/978/38 975/975/37 977/977/37
f 978/978/38 977/977/37 979/979/39
f 980/980/37 981/981/37 982/982/37
f 980/980/37 982/982/37 983/983/41
f 980/980/37 984/984/37 981/981/37
f 980/980/37 985/985/37 984/984/37
f 986/986/37 987/987/38 988/988/38
f 986/986/37 988/988/38 989/989/37
f 990/990/52 989/989/37 988/988/38
f 991/991/38 987/987/38 986/986/37
f 991/991/38 992/992/39 987/987/38
f 993/993/37 994/994/38 995/995/37
f 993/993/37 995/995/37 996/996/38
f 993/993/37 996/996/38 997/997/39
f 993/993/37 997/997/39 998/998/37
f 999/999/37 994/994/38 993/993/37
f 999/999/37 1000/1000/37 994/994/38
f 998/998/37 1001/1001/39 993/993/37
f 998/998/37 1002/1002/37 1001/1001/39
f 996/996/38 995/995/37 1003/1003/37
f 997/997/39 996/996/38 1003/1003/37
f 1004/1004/39 1005/1005/39 1006/1006/41
f 1006/1006/41 1005/1005/39 1007/1007/37
f 1006/1006/41 1007/1007/37 1008/1008/38
f 1007/1007/37 1009/1009/37 1008/1008/38
f 1007/1007/37 1010/1010/39 1009/1009/37
f 1011/1011/37 1012/1012/39 1013/1013/38
f 1011/1011/37 1013/1013/38 1014/1014/37
f 1014/1014/37 1013/1013/38 1015/1015/39
f 1014/1014/37 1015/1015/39 1016/1016/37
f 1016/1016/37 1017/1017/38 1014/1014/37
f 1016/1016/37 1018/1018/45 1017/1017/38
f 1014/1014/37 1017/1017/38 1019/1019/37
f 1014/1014/37 1019/1019/37 1011/1011/37
f 1019/1019/37 1017/1017/38 1020/1020/39
f 1020/1020/39 1017/1017/38 1018/1018/45
f 1021/1021/41 1022/1022/39 1023/1023/39
f 1021/1021/41 1023/1023/39 1024/1024/39
f 1023/1023/39 1022/1022/39 1025/1025/41
f 1026/1026/38 1027/1027/41 1028/1028/37
f 1026/1026/38 1028/1028/37 1029/1029/38
f 1029/1029/38 1028/1028/37 1030/1030/38
f 1031/1031/38 1032/1032/39 1033/1033/39
f 1033/1033/39 1032/1032/39 1034/1034/37
f 1033/1033/39 1034/1034/37 1035/1035/38
f 1036/1036/42 1037/1037/39 1038/1038/39
f 1039/1039/41 1038/1038/39 1037/1037/39
f 1040/1040/46 1038/1038/39 1039/1039/41
f 1036/1036/42 1038/1038/39 1040/1040/46
f 1040/1040/46 1039/1039/41 1041/1041/39
f 1039/1039/41 1037/1037/39 1042/1042/39
f 1043/1043/39 1044/1044/41 1045/1045/41
f 1043/1043/39 1045/1045/41 1046/1046/37
f 1045/1045/41 1044/1044/41 1047/1047/38
f 1048/1048/37 1049/1049/37 1050/1050/37
f 1050/1050/37 1049/1049/37 1051/1051/41
f 1050/1050/37 1051/1051/41 1052/1052/38
f 1053/1053/37 1054/1054/41 1055/1055/38
f 1053/1053/37 1055/1055/38 1056/1056/37
f 1056/1056/37 1055/1055/38 1057/1057/39
f 1058/1058/46 1059/1059/38 1060/1060/41
f 1058/1058/46 1060/1060/41 1061/1061/37
f 1060/1060/41 1059/1059/38 1062/1062/40
f 1063/1063/37 1064/1064/41 1065/1065/41
f 1066/1066/37 1065/1065/41 1064/1064/41
f 1067/1067/37 1065/1065/41 1066/1066/37
f 1063/1063/37 1065/1065/41 1067/1067/37
f 1067/1067/37 1066/1066/37 1068/1068/37
f 1066/1066/37 1064/1064/41 1069/1069/39
f 1070/1070/41 1071/1071/37 1072/1072/37
f 1070/1070/41 1072/1072/37 1073/1073/37
f 1073/1073/37 1072/1072/37 1074/1074/37
f 1072/1072/37 1071/1071/37 1075/1075/39
f 1072/1072/37 1075/1075/39 1076/1076/37
f 1074/1074/37 1072/1072/37 1076/1076/37
f 1077/1077/38 1078/1078/38 1079/1079/38
f 1080/1080/39 1081/1081/37 1082/1082/37
f 1083/1083/39 1084/1084/39 1085/1085/41
f 1086/1086/37 1087/1087/37 1088/1088/37
f 1089/1089/39 1090/1090/38 1091/1091/38
f 1089/1089/39 1091/1091/38 1092/1092/39
f 1092/1092/39 1091/1091/38 1093/1093/37
f 1094/1094/38 1095/1095/43 1096/1096/39
f 1094/1094/38 1096/1096/39 1097/1097/38
f 1096/1096/39 1095/1095/43 1098/1098/38
f 1099/1099/38 1100/1100/37 1101/1101/37
f 1101/1101/37 1100/1100/37 1102/1102/47
f 1101/1101/37 1102/1102/47 1103/1103/47
f 1104/1104/37 1105/1105/40 1106/1106/39
f 1104/1104/37 1106/1106/39 1107/1107/37
f 1106/1106/39 1105/1105/40 1108/1108/38
f 1109/1109/38 1110/1110/41 1111/1111/37
f 1111/1111/37 1110/1110/41 1112/1112/37
f 1111/1111/37 1112/1112/37 1113/1113/37
f 1114/1114/45 1115/1115/44 1116/1116/39
f 1114/1114/45 1116/1116/39 1117/1117/38
f 1117/1117/38 1116/1116/39 1118/1118/41
f 1119/1119/39 1120/1120/39 1121/1121/38
f 1119/1119/39 1121/1121/38 1122/1122/38
f 1121/1121/38 1120/1120/39 1123/1123/37
f 1124/1124/41 1125/1125/41 1126/1126/37
f 1126/1126/37 1125/1125/41 1127/1127/37
f 1126/1126/37 1127/1127/37 1128/1128/37
f 1129/1129/38 1130/1130/37 1131/1131/37
f 1129/1129/38 1131/1131/37 1132/1132/38
f 1132/1132/38 1131/1131/37 1133/1133/37
f 1134/1134/37 1135/1135/39 1136/1136/37
f 1137/1137/38 1136/1136/37 1135/1135/39
f 1138/1138/41 1136/1136/37 1137/1137/38
f 1134/1134/37 1136/1136/37 1138/1138/41
f 1138/1138/41 1137/1137/38 1139/1139/43
f 1137/1137/38 1135/1135/39 1140/1140/37
f 1141/1141/41 1142/1142/41 1143/1143/39
f 1141/1141/41 1143/1143/39 1144/1144/39
f 1144/1144/39 1143/1143/39 1145/1145/41
f 1146/1146/52 1147/1147/37 1148/1148/41
f 1146/1146/52 1148/1148/41 1149/1149/37
f 1149/1149/37 1148/1148/41 1150/1150/38
f 1151/1151/53 1152/1152/54 1153/1153/38
f 1151/1151/53 1153/1153/38 1154/1154/37
f 1154/1154/37 1153/1153/38 1155/1155/37
f 1153/1153/38 1152/1152/54 1156/1156/38
f 1153/1153/38 1156/1156/38 1157/1157/37
f 1155/1155/37 1153/1153/38 1157/1157/37
f 1158/1158/37 1159/1159/39 1160/1160/44
f 1158/1158/37 1160/1160/44 1161/1161/38
f 1160/1160/44 1159/1159/39 1162/1162/37
f 1163/1163/45 1164/1164/39 1165/1165/37
f 1165/1165/37 1164/1164/39 1166/1166/38
f 1165/1165/37 1166/1166/38 1167/1167/38
f 1168/1168/37 1169/1169/37 1170/1170/37
f 1168/1168/37 1170/1170/37 1171/1171/37
f 1171/1171/37 1170/1170/37 1172/1172/39
f 1173/1173/37 1174/1174/37 1175/1175/37
f 1175/1175/37 1174/1174/37 1176/1176/37
f 1175/1175/37 1176/1176/37 1177/1177/37
f 1178/1178/39 1179/1179/38 1180/1180/39
f 1181/1181/37 1180/1180/39 1179/1179/38
f 1182/1182/37 1180/1180/39 1181/1181/37
f 1178/1178/39 1180/1180/39 1182/1182/37
f 1182/1182/37 1181/1181/37 1183/1183/43
f 1181/1181/37 1179/1179/38 1184/1184/39
f 1185/1185/38 1186/1186/39 1187/1187/37
f 1187/1187/37 1186/1186/39 1188/1188/39
f 1187/1187/37 1188/1188/39 1189/1189/37
f 1190/1190/39 1191/1191/39 1192/1192/37
f 1190/1190/39 1192/1192/37 1193/1193/37
f 1192/1192/37 1191/1191/39 1194/1194/39
f 1195/1195/37 1196/1196/37 1197/1197/41
f 1195/1195/37 1197/1197/41 1198/1198/41
f 1198/1198/41 1197/1197/41 1199/1199/39
f 1200/1200/37 1201/1201/38 1202/1202/38
f 1200/1200/37 1202/1202/38 1203/1203/37
f 1203/1203/37 1202/1202/38 1204/1204/39
f 1205/1205/37 1206/1206/37 1207/1207/37
f 1205/1205/37 1207/1207/37 1208/1208/37
f 1208/1208/37 1207/1207/37 1209/1209/38
f 1205/1205/37 1210/1210/41 1206/1206/37
f 1205/1205/37 1211/1211/41 1210/1210/41
f 1212/1212/37 1213/1213/38 1214/1214/41
f 1212/1212/37 1214/1214/41 1215/1215/38
f 1214/1214/41 1213/1213/38 1216/1216/38
f 1215/1215/38 1217/1217/41 1212/1212/37
f 1215/1215/38 1218/1218/41 1217/1217/41
f 1219/1219/39 1220/1220/37 1221/1221/38
f 1221/1221/38 1220/1220/37 1222/1222/38
f 1221/1221/38 1222/1222/38 1223/1223/38
f 1222/1222/38 1224/1224/39 1223/1223/38
f 1222/1222/38 1225/1225/39 1224/1224/39
f 1226/1226/38 1227/1227/38 1228/1228/37
f 1228/1228/37 1227/1227/38 1229/1229/38
f 1228/1228/37 1229/1229/38 1230/1230/37
f 1229/1229/38 1231/1231/39 1230/1230/37
f 1229/1229/38 1232/1232/37 1231/1231/39
f 1233/1233/38 1234/1234/38 1235/1235/37
f 1233/1233/38 1235/1235/37 1236/1236/39
f 1236/1236/39 1235/1235/37 1237/1237/37
f 1233/1233/38 1238/1238/37 1234/1234/38
f 1233/1233/38 1239/1239/37 1238/1238/37
f 1240/1240/38 1241/1241/37 1242/1242/38
f 1240/1240/38 1243/1243/39 1241/1241/37
f 1244/1244/38 1240/1240/38 1242/1242/38
f 1244/1244/38 1242/1242/38 1245/1245/37
f 1243/1243/39 1246/1246/39 1241/1241/37
f 1243/1243/39 1247/1247/41 1246/1246/39
f 1247/1247/41 1248/1248/44 1246/1246/39
f 1248/1248/44 1249/1249/37 1246/1246/39
f 1250/1250/41 1251/1251/39 1252/1252/37
f 1250/1250/41 1252/1252/37 1253/1253/38
f 1254/1254/41 1251/1251/39 1250/1250/41
f 1254/1254/41 1255/1255/38 1251/1251/39
f 1256/1256/41 1253/1253/38 1252/1252/37
f 1256/1256/41 1252/1252/37 1257/1257/37
f 1258/1258/41 1256/1256/41 1257/1257/37
f 1258/1258/41 1257/1257/37 1259/1259/41
f 1258/1258/42 1260/1260/41 1261/1261/44
f 1262/1262/41 1263/1263/41 1264/1264/39
f 1262/1262/41 1264/1264/39 1265/1265/41
f 1266/1266/38 1262/1262/41 1265/1265/41
f 1266/1266/38 1265/1265/41 1267/1267/37
f 1268/1268/37 1264/1264/39 1263/1263/41
f 1268/1268/37 1269/1269/41 1264/1264/39
f 1270/1270/38 1269/1269/41 1268/1268/37
f 1270/1270/38 1271/1271/47 1269/1269/41
f 1272/1272/39 1273/1273/45 1274/1274/52
f 1272/1272/39 1274/1274/52 1275/1275/38
f 1276/1276/41 1273/1273/45 1272/1272/39
f 1276/1276/41 1277/1277/41 1273/1273/45
f 1278/1278/38 1277/1277/41 1276/1276/41
f 1278/1278/38 1279/1279/38 1277/1277/41
f 1280/1280/55 1275/1275/38 1274/1274/52
f 1280/1280/55 1274/1274/52 1281/1281/50
f 1282/1282/39 1283/1283/41 1284/1284/37
f 1282/1282/39 1284/1284/37 1285/1285/38
f 1283/1283/41 1282/1282/39 1286/1286/39
f 1283/1283/41 1286/1286/39 1287/1287/39
f 1287/1287/39 1286/1286/39 1288/1288/40
f 1287/1287/39 1288/1288/40 1289/1289/39
f 1290/1290/41 1283/1283/41 1287/1287/39
f 1290/1290/41 1291/1291/41 1283/1283/41
f 1292/1292/37 1291/1291/41 1290/1290/41
f 1292/1292/37 1290/1290/41 1293/1293/38
f 1293/1293/38 1290/1290/41 1294/1294/37
f 1294/1294/37 1290/1290/41 1287/1287/39
f 1294/1294/37 1287/1287/39 1289/1289/39
f 1293/1293/38 1294/1294/37 1295/1295/39
f 1296/1296/37 1297/1297/37 1292/1292/51
f 1298/1298/38 1297/1297/37 1296/1296/37
f 1298/1298/38 1299/1299/39 1297/1297/37
f 1296/1296/37 1292/1292/51 1300/1300/37
f 1301/1301/37 1302/1302/38 1303/1303/37
f 1302/1302/38 1301/1301/37 1304/1304/37
f 1302/1302/38 1304/1304/37 1305/1305/41
f 1306/1306/41 1307/1307/39 1308/1308/39
f 1306/1306/41 1308/1308/39 1309/1309/38
f 1309/1309/38 1308/1308/39 1310/1310/37
f 1309/1309/38 1310/1310/37 1311/1311/41
f 1311/1311/41 1310/1310/37 1312/1312/39
f 1311/1311/41 1312/1312/39 1313/1313/38
f 1314/1314/38 1315/1315/37 1316/1316/39
f 1314/1314/38 1316/1316/39 1317/1317/39
f 1318/1318/46 1316/1316/39 1315/1315/37
f 1317/1317/39 1316/1316/39 1319/1319/37
f 1316/1316/39 1318/1318/46 1319/1319/37
f 1317/1317/39 1319/1319/37 1320/1320/39
f 1320/1320/39 1319/1319/37 1321/1321/41
f 1319/1319/37 1318/1318/46 1321/1321/41
f 1320/1320/39 1321/1321/41 1322/1322/37
f 1323/1323/38 1324/1324/38 1325/1325/38
f 1323/1323/38 1325/1325/38 1326/1326/41
f 1325/1325/38 1324/1324/38 1327/1327/37
f 1325/1325/38 1327/1327/37 1328/1328/37
f 1328/1328/37 1327/1327/37 1329/1329/38
f 1328/1328/37 1329/1329/38 1330/1330/41
f 1331/1331/39 1332/1332/38 1323/1323/41
f 1331/1331/39 1333/1333/37 1332/1332/38
f 1334/1334/38 1333/1333/37 1331/1331/39
f 1334/1334/38 1335/1335/37 1333/1333/37
f 1333/1333/37 1335/1335/37 1336/1336/39
f 1333/1333/37 1336/1336/39 1337/1337/39
f 1332/1332/38 1333/1333/37 1337/1337/39
f 1332/1332/38 1337/1337/39 1338/1338/41
f 1339/1339/37 1340/1340/38 1341/1341/38
f 1340/1340/38 1339/1339/37 1342/1342/37
f 1340/1340/38 1342/1342/37 1343/1343/37
f 1344/1344/38 1340/1340/38 1343/1343/37
f 1344/1344/38 1345/1345/47 1340/1340/38
f 1345/1345/47 1341/1341/38 1340/1340/38
f 1346/1346/37 1345/1345/47 1344/1344/38
f 1346/1346/37 1347/1347/37 1345/1345/47
f 1347/1347/37 1341/1341/38 1345/1345/47
f 1348/1348/37 1349/1349/37 1350/1350/37
f 1348/1348/37 1350/1350/37 1351/1351/39
f 1351/1351/39 1350/1350/37 1352/1352/37
f 1351/1351/39 1352/1352/37 1353/1353/38
f 1354/1354/38 1355/1355/37 1356/1356/39
f 1354/1354/38 1356/1356/39 1357/1357/37
f 1358/1358/39 1355/1355/37 1354/1354/38
f 1358/1358/39 1354/1354/38 1359/1359/37
f 1354/1354/38 1360/1360/41 1359/1359/37
f 1354/1354/38 1361/1361/37 1360/1360/41
f 1357/1357/37 1361/1361/37 1354/1354/38
f 1357/1357/37 1362/1362/39 1361/1361/37
f 1363/1363/37 1358/1358/39 1359/1359/37
f 1360/1360/41 1363/1363/37 1359/1359/37
f 1363/1363/37 1364/1364/37 1358/1358/39
f 1363/1363/37 1365/1365/38 1364/1364/37
f 1363/1363/37 1366/1366/38 1365/1365/38
f 1366/1366/38 1367/1367/37 1365/1365/38
f 1360/1360/41 1361/1361/37 1368/1368/39
f 1360/1360/41 1368/1368/39 1369/1369/39
f 1370/1370/39 1360/1360/41 1369/1369/39
f 1360/1360/41 1370/1370/39 1363/1363/37
f 1370/1370/39 1366/1366/38 1363/1363/37
f 1370/1370/39 1369/1369/39 1371/1371/41
f 1372/1372/38 1370/1370/39 1371/1371/41
f 1370/1370/39 1372/1372/38 1366/1366/38
f 1372/1372/38 1367/1367/37 1366/1366/38
f 1372/1372/38 1371/1371/41 1373/1373/37
f 1373/1373/37 1367/1367/37 1372/1372/38
f 1374/1374/38 1367/1367/37 1373/1373/37
f 1373/1373/37 1371/1371/41 1375/1375/47
f 1373/1373/37 1375/1375/47 1374/1374/38
f 1371/1371/41 1369/1369/39 1376/1376/39
f 1371/1371/41 1376/1376/39 1375/1375/47
f 1361/1361/37 1362/1362/39 1377/1377/39
f 1368/1368/39 1377/1377/39 1378/1378/37
f 1368/1368/39 1378/1378/37 1379/1379/43
f 1369/1369/39 1368/1368/39 1379/1379/43
f 1369/1369/39 1379/1379/43 1376/1376/39
f 1361/1361/37 1377/1377/39 1368/1368/39
f 1380/1380/38 1381/1381/41 1382/1382/38
f 1380/1380/38 1382/1382/38 1383/1383/37
f 1380/1380/38 1383/1383/37 1384/1384/37
f 1384/1384/37 1383/1383/37 1385/1385/41
f 1384/1384/37 1385/1385/41 1386/1386/38
f 1383/1383/37 1382/1382/38 1387/1387/38
f 1382/1382/38 1381/1381/41 1387/1387/38
f 1383/1383/37 1387/1387/38 1388/1388/37
f 1385/1385/41 1383/1383/37 1388/1388/37
f 1385/1385/41 1355/1355/37 1386/1386/38
f 1385/1385/41 1389/1389/41 1355/1355/37
f 1390/1390/37 1389/1389/41 1385/1385/41
f 1385/1385/41 1388/1388/37 1390/1390/37
f 1390/1390/37 1391/1391/38 1389/1389/41
f 1392/1392/39 1389/1389/41 1391/1391/38
f 1392/1392/39 1391/1391/38 1393/1393/38
f 1389/1389/41 1392/1392/39 1356/1356/39
f 1389/1389/41 1356/1356/39 1355/1355/37
f 1394/1394/41 1395/1395/39 1396/1396/37
f 1394/1394/41 1396/1396/37 1397/1397/37
f 1398/1398/37 1395/1395/39 1394/1394/41
f 1398/1398/37 1399/1399/37 1395/1395/39
f 1396/1396/37 1395/1395/39 1400/1400/37
f 1396/1396/37 1400/1400/37 1401/1401/42
f 1402/1402/41 1396/1396/37 1401/1401/42
f 1402/1402/41 1401/1401/42 1403/1403/37
f 1404/1404/41 1402/1402/41 1403/1403/37
f 1404/1404/41 1403/1403/37 1405/1405/38
f 1401/1401/42 1400/1400/37 1406/1406/39
f 1401/1401/42 1406/1406/39 1407/1407/37
f 1403/1403/37 1401/1401/42 1407/1407/37
f 1403/1403/37 1407/1407/37 1408/1408/38
f 1405/1405/38 1403/1403/37 1408/1408/38
f 1400/1400/37 1409/1409/45 1406/1406/39
f 1400/1400/37 1410/1410/56 1409/1409/45
f 1395/1395/39 1399/1399/37 1410/1410/56
f 1395/1395/39 1410/1410/56 1400/1400/37
f 1405/1405/38 1408/1408/38 1411/1411/39
f 1412/1412/39 1405/1405/38 1411/1411/39
f 1412/1412/39 1404/1404/41 1405/1405/38
f 1413/1413/39 1404/1404/41 1412/1412/39
f 1402/1402/41 1404/1404/41 1413/1413/39
f 1402/1402/41 1413/1413/39 1414/1414/38
f 1396/1396/37 1402/1402/41 1414/1414/38
f 1396/1396/37 1414/1414/38 1397/1397/37
f 1415/1415/37 1416/1416/37 1417/1417/37
f 1415/1415/37 1417/1417/37 1418/1418/37
f 1419/1419/37 1415/1415/37 1418/1418/37
f 1419/1419/37 1418/1418/37 1420/1420/37
f 1421/1421/38 1419/1419/37 1420/1420/37
f 1421/1421/38 1420/1420/37 1422/1422/37
f 1421/1421/38 1422/1422/37 1423/1423/37
f 1416/1416/37 1424/1424/38 1417/1417/37
f 1416/1416/37 1425/1425/38 1424/1424/38
f 1426/1426/38 1427/1427/37 1428/1428/38
f 1426/1426/38 1428/1428/38 1429/1429/37
f 1429/1429/37 1428/1428/38 1430/1430/38
f 1429/1429/37 1430/1430/38 1431/1431/38
f 1431/1431/38 1430/1430/38 1432/1432/37
f 1431/1431/38 1432/1432/37 1433/1433/39
f 1433/1433/39 1432/1432/37 1434/1434/37
f 1435/1435/38 1436/1436/37 1437/1437/38
f 1437/1437/38 1436/1436/37 1438/1438/39
f 1437/1437/38 1438/1438/39 1439/1439/39
f 1438/1438/39 1440/1440/39 1439/1439/39
f 1438/1438/39 1441/1441/37 1440/1440/39
f 1440/1440/39 1441/1441/37 1442/1442/38
f 1440/1440/39 1442/1442/38 1443/1443/37
f 1444/1444/38 1445/1445/37 1446/1446/40
f 1444/1444/38 1446/1446/40 1447/1447/38
f 1447/1447/38 1446/1446/40 1448/1448/39
f 1447/1447/38 1448/1448/39 1449/1449/38
f 1449/1449/38 1448/1448/39 1450/1450/38
f 1449/1449/38 1450/1450/38 1451/1451/41
f 1451/1451/41 1450/1450/38 1452/1452/38
f 1453/1453/38 1452/1452/41 1454/1454/38
f 1453/1453/38 1454/1454/38 1455/1455/37
f 1453/1453/38 1455/1455/37 1456/1456/37
f 1456/1456/37 1455/1455/37 1457/1457/41
f 1456/1456/37 1457/1457/41 1458/1458/37
f 1458/1458/37 1457/1457/41 1459/1459/37
f 1458/1458/37 1459/1459/37 1460/1460/38
f 1461/1461/37 1462/1462/41 1463/1463/39
f 1464/1464/39 1463/1463/39 1462/1462/41
f 1465/1465/44 1463/1463/39 1464/1464/39
f 1461/1461/37 1463/1463/39 1465/1465/44
f 1465/1465/44 1464/1464/39 1466/1466/38
f 1466/1466/38 1464/1464/39 1467/1467/37
f 1466/1466/38 1467/1467/37 1468/1468/37
f 1468/1468/37 1467/1467/37 1469/1469/41
f 1468/1468/37 1469/1469/41 1470/1470/39
f 1467/1467/37 1464/1464/39 1471/1471/39
f 1464/1464/39 1462/1462/41 1471/1471/39
f 1467/1467/37 1471/1471/39 1472/1472/38
f 1469/1469/41 1467/1467/37 1472/1472/38
f 1469/1469/41 1472/1472/38 1473/1473/38
f 1474/1474/39 1475/1475/39 1476/1476/38
f 1474/1474/39 1476/1476/38 1477/1477/41
f 1477/1477/41 1476/1476/38 1478/1478/37
f 1478/1478/37 1476/1476/38 1479/1479/37
f 1478/1478/37 1479/1479/37 1480/1480/39
f 1477/1477/41 1478/1478/37 1481/1481/37
f 1480/1480/39 1479/1479/37 1482/1482/38
f 1482/1482/38 1479/1479/37 1483/1483/38
f 1483/1483/38 1479/1479/37 1476/1476/38
f 1483/1483/38 1476/1476/38 1475/1475/39
f 1484/1484/41 1485/1485/37 1486/1486/41
f 1486/1486/41 1485/1485/37 1487/1487/37
f 1486/1486/41 1487/1487/37 1488/1488/38
f 1487/1487/37 1489/1489/37 1488/1488/38
f 1487/1487/37 1490/1490/37 1489/1489/37
f 1491/1491/39 1492/1492/39 1493/1493/37
f 1491/1491/39 1493/1493/37 1494/1494/39
f 1494/1494/39 1493/1493/37 1495/1495/39
f 1494/1494/39 1495/1495/39 1496/1496/39
f 1496/1496/39 1495/1495/39 1497/1497/37
f 1498/1498/39 1499/1499/37 1500/1500/37
f 1498/1498/39 1500/1500/37 1501/1501/38
f 1499/1499/37 1502/1502/49 1500/1500/37
f 1499/1499/37 1503/1503/37 1502/1502/49
f 1501/1501/38 1500/1500/37 1504/1504/38
f 1501/1501/38 1504/1504/38 1505/1505/41
f 1500/1500/37 1502/1502/49 1506/1506/44
f 1500/1500/37 1506/1506/44 1504/1504/38
f 1502/1502/49 1503/1503/37 1507/1507/38
f 1506/1506/44 1502/1502/49 1507/1507/38
f 1508/1508/39 1509/1509/37 1510/1510/39
f 1508/1508/39 1510/1510/39 1511/1511/39
f 1512/1512/39 1508/1508/39 1511/1511/39
f 1512/1512/39 1513/1513/37 1508/1508/39
f 1514/1514/39 1513/1513/37 1512/1512/39
f 1515/1515/38 1516/1516/37 1517/1517/39
f 1515/1515/38 1517/1517/39 1518/1518/39
f 1519/1519/41 1520/1520/39 1521/1521/39
f 1519/1519/41 1521/1521/39 1522/1522/41
f 1523/1523/37 1520/1520/39 1519/1519/41
f 1523/1523/37 1524/1524/38 1520/1520/39
f 1525/1525/38 1526/1526/38 1522/1522/41
f 1525/1525/38 1522/1522/41 1527/1527/39
f 1528/1528/39 1529/1529/39 1530/1530/39
f 1528/1528/39 1530/1530/39 1531/1531/39
f 1532/1532/38 1533/1533/41 1534/1534/37
f 1532/1532/38 1534/1534/37 1535/1535/39
f 1536/1536/38 1532/1532/38 1535/1535/39
f 1536/1536/38 1535/1535/39 1537/1537/38
f 1538/1538/39 1536/1536/38 1537/1537/38
f 1538/1538/39 1537/1537/38 1539/1539/39
f 1540/1540/38 1538/1538/39 1539/1539/39
f 1541/1541/41 1542/1542/39 1543/1543/41
f 1541/1541/41 1543/1543/41 1544/1544/37
f 1545/1545/38 1546/1546/41 1547/1547/39
f 1545/1545/38 1547/1547/39 1548/1548/47
f 1546/1546/41 1549/1549/38 1547/1547/39
f 1546/1546/41 1550/1550/39 1549/1549/38
f 1551/1551/37 1552/1552/37 1553/1553/37
f 1551/1551/37 1553/1553/37 1554/1554/37
f 1555/1555/39 1552/1552/37 1551/1551/37
f 1555/1555/39 1556/1556/37 1552/1552/37
f 1557/1557/37 1554/1554/37 1553/1553/37
f 1557/1557/37 1553/1553/37 1558/1558/39
f 1559/1559/38 1557/1557/37 1558/1558/39
f 1559/1559/38 1558/1558/39 1560/1560/38
f 1559/1559/41 1561/1561/41 1562/1562/46
f 1563/1563/37 1564/1564/37 1565/1565/37
f 1563/1563/37 1565/1565/37 1566/1566/37
f 1567/1567/45 1563/1563/37 1566/1566/37
f 1567/1567/45 1566/1566/37 1568/1568/39
f 1569/1569/37 1565/1565/37 1564/1564/37
f 1569/1569/37 1570/1570/38 1565/1565/37
f 1571/1571/37 1570/1570/38 1569/1569/37
f 1571/1571/37 1572/1572/37 1570/1570/38
f 1573/1573/45 1574/1574/37 1575/1575/37
f 1573/1573/45 1575/1575/37 1576/1576/37
f 1577/1577/41 1574/1574/37 1573/1573/45
f 1577/1577/41 1578/1578/41 1574/1574/37
f 1579/1579/37 1578/1578/41 1577/1577/41
f 1579/1579/37 1580/1580/37 1578/1578/41
f 1581/1581/37 1576/1576/37 1575/1575/37
f 1581/1581/37 1575/1575/37 1582/1582/37
f 1583/1583/38 1584/1584/38 1585/1585/52
f 1583/1583/38 1585/1585/52 1586/1586/41
f 1587/1587/39 1585/1585/52 1584/1584/38
f 1587/1587/39 1588/1588/41 1585/1585/52
f 1589/1589/43 1586/1586/41 1585/1585/52
f 1589/1589/43 1590/1590/39 1586/1586/41
f 1591/1591/39 1592/1592/37 1593/1593/38
f 1591/1591/39 1593/1593/38 1594/1594/41
f 1594/1594/41 1593/1593/38 1595/1595/37
f 1594/1594/41 1595/1595/37 1596/1596/37
f 1597/1597/39 1598/1598/38 1599/1599/38
f 1597/1597/39 1599/1599/38 1600/1600/41
f 1599/1599/38 1598/1598/38 1601/1601/38
f 1599/1599/38 1601/1601/38 1602/1602/41
f 1600/1600/41 1599/1599/38 1603/1603/41
f 1600/1600/41 1603/1603/41 1604/1604/37
f 1604/1604/37 1603/1603/41 1605/1605/41
f 1605/1605/41 1603/1603/41 1606/1606/41
f 1599/1599/38 1602/1602/41 1606/1606/41
f 1599/1599/38 1606/1606/41 1603/1603/41
f 1607/1607/38 1608/1608/37 1609/1609/39
f 1607/1607/38 1609/1609/39 1610/1610/38
f 1609/1609/39 1608/1608/37 1611/1611/38
f 1609/1609/39 1611/1611/38 1612/1612/38
f 1610/1610/38 1609/1609/39 1613/1613/41
f 1610/1610/38 1613/1613/41 1614/1614/37
f 1614/1614/37 1613/1613/41 1615/1615/39
f 1615/1615/39 1613/1613/41 1616/1616/37
f 1609/1609/39 1612/1612/38 1616/1616/37
f 1609/1609/39 1616/1616/37 1613/1613/41
f 1617/1617/41 1618/1618/41 1619/1619/38
f 1617/1617/41 1619/1619/38 1620/1620/45
f 1619/1619/38 1618/1618/41 1621/1621/41
f 1619/1619/38 1621/1621/41 1622/1622/38
f 1622/1622/38 1621/1621/41 1623/1623/37
f 1622/1622/38 1623/1623/37 1624/1624/41
f 1622/1622/38 1624/1624/41 1625/1625/39
f 1622/1622/38 1625/1625/39 1626/1626/41
f 1627/1627/39 1622/1622/38 1626/1626/41
f 1627/1627/39 1628/1628/37 1622/1622/38
f 1629/1629/11 1630/1630/4 1631/1631/10
f 1629/1629/11 1631/1631/10 1632/1632/1
f 1633/1633/57 1634/1634/11 1635/1635/10
f 1633/1633/57 1635/1635/10 1636/1636/2
f 1637/1637/1 1638/1638/2 1639/1639/2
f 1637/1637/1 1639/1639/2 1640/1640/2
f 1641/1641/1 1642/1642/13 1643/1643/3
f 1644/1644/1 1645/1645/1 1646/1646/2
f 1647/1647/3 1648/1648/2 1649/1649/10
f 1650/1650/11 1651/1651/11 1652/1652/1
f 1653/1653/1 1654/1654/6 1655/1655/3
f 1656/1656/1 1657/1657/1 1658/1658/1
f 1659/1659/2 1660/1660/1 1661/1661/4
f 1659/1659/2 1661/1661/4 1662/1662/11
f 1663/1663/3 1664/1664/2 1665/1665/5
f 1663/1663/3 1665/1665/5 1666/1666/11
f 1667/1667/2 1668/1668/2 1669/1669/2
f 1667/1667/2 1669/1669/2 1670/1670/2
f 1671/1671/3 1672/1672/2 1673/1673/1
f 1674/1674/2 1675/1675/1 1676/1676/2
f 1677/1677/11 1678/1678/3 1679/1679/8
f 1680/1680/10 1681/1681/1 1682/1682/10
f 1683/1683/5 1684/1684/4 1685/1685/2
f 1686/1686/2 1687/1687/1 1688/1688/1
f 1689/1689/1 1690/1690/1 1691/1691/1
f 1689/1689/1 1691/1691/1 1692/1692/2
f 1692/1692/2 1691/1691/1 1693/1693/10
f 1692/1692/2 1693/1693/10 1694/1694/5
f 1695/1695/2 1689/1689/2 1696/1696/1
f 1695/1695/2 1696/1696/1 1697/1697/8
f 1698/1698/2 1695/1695/2 1697/1697/8
f 1698/1698/2 1697/1697/8 1699/1699/4
f 1700/1700/2 1698/1698/2 1699/1699/4
f 1700/1700/2 1699/1699/4 1701/1701/8
f 1702/1702/2 1700/1700/2 1701/1701/8
f 1702/1702/2 1701/1701/8 1703/1703/2
f 1704/1704/6 1702/1702/2 1703/1703/2
f 1697/1697/8 1696/1696/1 1705/1705/1
f 1697/1697/8 1705/1705/1 1706/1706/1
f 1699/1699/4 1697/1697/8 1707/1707/2
f 1699/1699/4 1707/1707/2 1708/1708/2
f 1701/1701/8 1699/1699/4 1708/1708/2
f 1701/1701/8 1708/1708/2 1709/1709/4
f 1703/1703/2 1701/1701/8 1709/1709/4
f 1709/1709/4 1708/1708/2 1710/1710/2
f 1709/1709/4 1710/1710/2 1711/1711/1
f 1703/1703/2 1709/1709/4 1712/1712/1
f 1704/1704/6 1703/1703/2 1712/1712/1
f 1704/1704/6 1712/1712/1 1713/1713/1
f 1711/1711/1 1710/1710/2 1714/1714/2
f 1711/1711/1 1714/1714/2 1715/1715/2
f 1704/1704/6 1713/1713/1 1716/1716/1
f 1704/1704/6 1716/1716/1 1717/1717/1
f 1715/1715/2 1714/1714/2 1718/1718/2
f 1715/1715/2 1718/1718/2 1719/1719/6
f 1720/1720/2 1719/1719/1 1717/1717/2
f 1720/1720/2 1721/1721/1 1719/1719/1
f 1721/1721/1 1720/1720/2 1722/1722/2
f 1721/1721/1 1722/1722/2 1723/1723/1
f 1723/1723/1 1722/1722/2 1712/1712/1
f 1723/1723/1 1712/1712/1 1709/1709/4
f 1724/1724/1 1725/1725/1 1718/1718/2
f 1724/1724/1 1726/1726/1 1725/1725/1
f 1726/1726/1 1724/1724/1 1727/1727/1
f 1726/1726/1 1727/1727/1 1728/1728/1
f 1728/1728/1 1727/1727/1 1708/1708/2
f 1728/1728/1 1708/1708/2 1729/1729/1
f 1730/1730/1 1731/1731/1 1725/1725/1
f 1730/1730/1 1732/1732/1 1731/1731/1
f 1733/1733/2 1732/1732/1 1730/1730/1
f 1733/1733/2 1734/1734/1 1732/1732/1
f 1735/1735/1 1734/1734/1 1733/1733/2
f 1735/1735/1 1736/1736/2 1734/1734/1
f 1737/1737/1 1738/1738/1 1731/1731/6
f 1737/1737/1 1739/1739/1 1738/1738/1
f 1740/1740/1 1739/1739/1 1737/1737/1
f 1741/1741/1 1739/1739/1 1740/1740/1
f 1741/1741/1 1742/1742/4 1739/1739/1
f 1743/1743/10 1744/1744/3 1745/1745/10
f 1743/1743/10 1745/1745/10 1746/1746/1
f 1744/1744/3 1747/1747/1 1745/1745/10
f 1744/1744/3 1748/1748/1 1747/1747/1
f 1749/1749/1 1750/1750/2 1743/1743/2
f 1749/1749/1 1751/1751/2 1750/1750/2
f 1752/1752/3 1751/1751/2 1749/1749/1
f 1752/1752/3 1753/1753/6 1751/1751/2
f 1754/1754/3 1753/1753/6 1752/1752/3
f 1754/1754/3 1755/1755/2 1753/1753/6
f 1756/1756/1 1755/1755/2 1754/1754/3
f 1756/1756/1 1757/1757/11 1755/1755/2
f 1758/1758/10 1757/1757/11 1756/1756/1
f 1751/1751/2 1759/1759/1 1750/1750/2
f 1751/1751/2 1760/1760/2 1759/1759/1
f 1753/1753/6 1761/1761/2 1751/1751/2
f 1753/1753/6 1762/1762/1 1761/1761/2
f 1755/1755/2 1762/1762/1 1753/1753/6
f 1755/1755/2 1763/1763/4 1762/1762/1
f 1757/1757/11 1763/1763/4 1755/1755/2
f 1763/1763/4 1764/1764/1 1762/1762/1
f 1763/1763/4 1765/1765/3 1764/1764/1
f 1757/1757/11 1766/1766/4 1763/1763/4
f 1758/1758/10 1766/1766/4 1757/1757/11
f 1758/1758/10 1767/1767/6 1766/1766/4
f 1765/1765/3 1768/1768/2 1764/1764/1
f 1765/1765/3 1769/1769/2 1768/1768/2
f 1758/1758/10 1770/1770/58 1767/1767/6
f 1758/1758/10 1771/1771/2 1770/1770/58
f 1769/1769/2 1772/1772/2 1768/1768/2
f 1769/1769/2 1773/1773/2 1772/1772/2
f 1774/1774/9 1771/1771/6 1773/1773/2
f 1774/1774/9 1773/1773/2 1775/1775/8
f 1775/1775/8 1776/1776/2 1774/1774/9
f 1775/1775/8 1777/1777/2 1776/1776/2
f 1777/1777/2 1763/1763/4 1766/1766/4
f 1777/1777/2 1766/1766/4 1776/1776/2
f 1778/1778/2 1772/1772/9 1779/1779/2
f 1778/1778/2 1779/1779/2 1780/1780/2
f 1780/1780/2 1781/1781/3 1778/1778/2
f 1780/1780/2 1782/1782/2 1781/1781/3
f 1782/1782/2 1762/1762/1 1781/1781/3
f 1782/1782/2 1783/1783/3 1762/1762/1
f 1784/1784/9 1779/1779/2 1785/1785/10
f 1784/1784/9 1785/1785/10 1786/1786/2
f 1787/1787/13 1784/1784/9 1786/1786/2
f 1787/1787/13 1786/1786/2 1788/1788/2
f 1789/1789/3 1787/1787/13 1788/1788/2
f 1789/1789/3 1788/1788/2 1790/1790/1
f 1791/1791/1 1785/1785/10 1792/1792/1
f 1791/1791/1 1792/1792/1 1793/1793/2
f 1794/1794/2 1791/1791/1 1793/1793/2
f 1795/1795/1 1794/1794/2 1793/1793/2
f 1795/1795/1 1793/1793/2 1796/1796/4
f 1797/1797/1 1798/1798/1 1799/1799/1
f 1797/1797/1 1799/1799/1 1800/1800/2
f 1801/1801/1 1802/1802/11 1803/1803/11
f 1801/1801/1 1803/1803/11 1804/1804/11
f 1805/1805/2 1801/1801/1 1804/1804/11
f 1805/1805/2 1804/1804/11 1806/1806/13
f 1807/1807/2 1808/1808/1 1809/1809/1
f 1807/1807/2 1809/1809/1 1810/1810/1
f 1811/1811/2 1812/1812/1 1813/1813/1
f 1811/1811/2 1813/1813/1 1814/1814/2
f 1815/1815/1 1816/1816/1 1811/1811/2
f 1815/1815/1 1817/1817/1 1816/1816/1
f 1818/1818/1 1819/1819/2 1815/1815/1
f 1818/1818/1 1820/1820/2 1819/1819/2
f 1821/1821/3 1822/1822/1 1818/1818/1
f 1821/1821/3 1823/1823/13 1822/1822/1
f 1824/1824/2 1825/1825/3 1821/1821/3
f 1824/1824/2 1826/1826/4 1825/1825/3
f 1827/1827/2 1828/1828/9 1824/1824/3
f 1827/1827/2 1829/1829/3 1828/1828/9
f 1830/1830/13 1831/1831/3 1827/1827/6
f 1830/1830/13 1832/1832/3 1831/1831/3
f 1833/1833/1 1834/1834/6 1835/1835/8
f 1833/1833/1 1835/1835/8 1836/1836/3
f 1836/1836/2 1837/1837/2 1838/1838/2
f 1836/1836/2 1838/1838/2 1839/1839/1
f 1839/1839/13 1840/1840/2 1841/1841/2
f 1839/1839/13 1841/1841/2 1842/1842/3
f 1843/1843/2 1844/1844/11 1845/1845/6
f 1843/1843/2 1845/1845/6 1846/1846/2
f 1847/1847/11 1848/1848/8 1849/1849/1
f 1847/1847/11 1849/1849/1 1850/1850/1
f 1851/1851/1 1852/1852/2 1853/1853/1
f 1851/1851/1 1853/1853/1 1854/1854/4
f 1852/1852/2 1855/1855/1 1853/1853/1
f 1852/1852/2 1856/1856/1 1855/1855/1
f 1857/1857/2 1858/1858/2 1851/1851/6
f 1857/1857/2 1859/1859/6 1858/1858/2
f 1860/1860/2 1859/1859/6 1857/1857/2
f 1860/1860/2 1861/1861/6 1859/1859/6
f 1862/1862/4 1861/1861/6 1860/1860/2
f 1862/1862/4 1863/1863/2 1861/1861/6
f 1864/1864/2 1863/1863/2 1862/1862/4
f 1864/1864/2 1865/1865/1 1863/1863/2
f 1866/1866/1 1865/1865/1 1864/1864/2
f 1859/1859/6 1867/1867/1 1858/1858/2
f 1859/1859/6 1868/1868/1 1867/1867/1
f 1861/1861/6 1869/1869/1 1859/1859/6
f 1861/1861/6 1870/1870/1 1869/1869/1
f 1863/1863/2 1870/1870/1 1861/1861/6
f 1863/1863/2 1871/1871/8 1870/1870/1
f 1865/1865/1 1871/1871/8 1863/1863/2
f 1871/1871/8 1872/1872/6 1870/1870/1
f 1871/1871/8 1873/1873/11 1872/1872/6
f 1865/1865/1 1874/1874/9 1871/1871/8
f 1866/1866/1 1874/1874/9 1865/1865/1
f 1866/1866/1 1875/1875/2 1874/1874/9
f 1873/1873/11 1876/1876/1 1872/1872/6
f 1873/1873/11 1877/1877/2 1876/1876/1
f 1866/1866/1 1878/1878/7 1875/1875/2
f 1866/1866/1 1879/1879/9 1878/1878/7
f 1877/1877/2 1880/1880/1 1876/1876/1
f 1877/1877/2 1881/1881/2 1880/1880/1
f 1882/1882/1 1879/1879/10 1881/1881/2
f 1882/1882/1 1881/1881/2 1883/1883/1
f 1883/1883/1 1884/1884/1 1882/1882/1
f 1883/1883/1 1885/1885/2 1884/1884/1
f 1885/1885/2 1871/1871/8 1874/1874/9
f 1885/1885/2 1874/1874/9 1884/1884/1
f 1886/1886/1 1880/1880/11 1887/1887/1
f 1886/1886/1 1887/1887/1 1888/1888/1
f 1888/1888/1 1889/1889/1 1886/1886/1
f 1888/1888/1 1890/1890/2 1889/1889/1
f 1890/1890/2 1870/1870/3 1889/1889/1
f 1890/1890/2 1891/1891/1 1870/1870/3
f 1892/1892/1 1887/1887/4 1893/1893/2
f 1892/1892/1 1893/1893/2 1894/1894/2
f 1895/1895/1 1892/1892/1 1894/1894/2
f 1895/1895/1 1894/1894/2 1896/1896/1
f 1897/1897/2 1895/1895/1 1896/1896/1
f 1897/1897/2 1896/1896/1 1898/1898/4
f 1899/1899/1 1893/1893/2 1900/1900/4
f 1899/1899/1 1900/1900/4 1901/1901/1
f 1902/1902/2 1899/1899/1 1901/1901/1
f 1903/1903/2 1902/1902/2 1901/1901/1
f 1903/1903/2 1901/1901/1 1904/1904/1
f 1905/1905/10 1906/1906/2 1907/1907/1
f 1905/1905/10 1907/1907/1 1908/1908/1
f 1908/1908/1 1907/1907/1 1909/1909/2
f 1908/1908/1 1909/1909/2 1910/1910/3
f 1911/1911/2 1905/1905/9 1912/1912/2
f 1911/1911/2 1912/1912/2 1913/1913/7
f 1914/1914/2 1911/1911/2 1913/1913/7
f 1914/1914/2 1913/1913/7 1915/1915/2
f 1916/1916/9 1914/1914/2 1915/1915/2
f 1916/1916/9 1915/1915/2 1917/1917/8
f 1918/1918/2 1916/1916/9 1917/1917/8
f 1918/1918/2 1917/1917/8 1919/1919/6
f 1920/1920/6 1918/1918/2 1919/1919/6
f 1913/1913/7 1912/1912/2 1921/1921/10
f 1913/1913/7 1921/1921/10 1922/1922/3
f 1915/1915/2 1913/1913/7 1923/1923/10
f 1915/1915/2 1923/1923/10 1924/1924/2
f 1917/1917/8 1915/1915/2 1924/1924/2
f 1917/1917/8 1924/1924/2 1925/1925/16
f 1919/1919/6 1917/1917/8 1925/1925/16
f 1925/1925/16 1924/1924/2 1926/1926/2
f 1925/1925/16 1926/1926/2 1927/1927/3
f 1919/1919/6 1925/1925/16 1928/1928/14
f 1920/1920/6 1919/1919/6 1928/1928/14
f 1920/1920/6 1928/1928/14 1929/1929/1
f 1927/1927/3 1926/1926/2 1930/1930/3
f 1927/1927/3 1930/1930/3 1931/1931/1
f 1920/1920/6 1929/1929/1 1932/1932/1
f 1920/1920/6 1932/1932/1 1933/1933/6
f 1931/1931/1 1930/1930/3 1934/1934/1
f 1931/1931/1 1934/1934/1 1935/1935/6
f 1936/1936/1 1935/1935/5 1933/1933/6
f 1936/1936/1 1937/1937/3 1935/1935/5
f 1937/1937/3 1936/1936/1 1938/1938/3
f 1937/1937/3 1938/1938/3 1939/1939/2
f 1939/1939/2 1938/1938/3 1928/1928/14
f 1939/1939/2 1928/1928/14 1925/1925/16
f 1940/1940/1 1941/1941/1 1934/1934/2
f 1940/1940/1 1942/1942/3 1941/1941/1
f 1942/1942/3 1940/1940/1 1943/1943/2
f 1942/1942/3 1943/1943/2 1944/1944/2
f 1944/1944/2 1943/1943/2 1924/1924/1
f 1944/1944/2 1924/1924/1 1945/1945/2
f 1946/1946/2 1947/1947/2 1941/1941/9
f 1946/1946/2 1948/1948/3 1947/1947/2
f 1949/1949/1 1948/1948/3 1946/1946/2
f 1949/1949/1 1950/1950/1 1948/1948/3
f 1951/1951/2 1950/1950/1 1949/1949/1
f 1951/1951/2 1952/1952/6 1950/1950/1
f 1953/1953/1 1954/1954/8 1947/1947/4
f 1953/1953/1 1955/1955/1 1954/1954/8
f 1956/1956/1 1955/1955/1 1953/1953/1
f 1957/1957/1 1955/1955/1 1956/1956/1
f 1957/1957/1 1958/1958/1 1955/1955/1
f 1959/1959/1 1960/1960/6 1961/1961/6
f 1959/1959/1 1961/1961/6 1962/1962/2
f 1963/1963/2 1964/1964/2 1965/1965/2
f 1963/1963/2 1965/1965/2 1966/1966/1
f 1967/1967/2 1964/1964/2 1963/1963/2
f 1967/1967/2 1968/1968/2 1964/1964/2
f 1969/1969/3 1970/1970/9 1971/1971/2
f 1969/1969/3 1971/1971/2 1972/1972/1
f 1973/1973/2 1974/1974/1 1975/1975/2
f 1973/1973/2 1975/1975/2 1976/1976/1
f 1977/1977/1 1973/1973/10 1978/1978/1
f 1977/1977/1 1978/1978/1 1979/1979/13
f 1980/1980/2 1977/1977/2 1981/1981/2
f 1980/1980/2 1981/1981/2 1982/1982/6
f 1983/1983/2 1980/1980/1 1984/1984/6
f 1983/1983/2 1984/1984/6 1985/1985/4
f 1986/1986/13 1983/1983/6 1987/1987/59
f 1986/1986/13 1987/1987/59 1988/1988/2
f 1989/1989/2 1986/1986/1 1990/1990/2
f 1989/1989/2 1990/1990/2 1991/1991/2
f 1992/1992/1 1989/1989/1 1993/1993/2
f 1992/1992/1 1993/1993/2 1994/1994/1
f 1995/1995/3 1996/1996/2 1997/1997/2
f 1995/1995/3 1997/1997/2 1998/1998/1
f 1996/1996/1 1999/1999/2 2000/2000/1
f 1996/1996/1 2000/2000/1 2001/2001/1
f 1999/1999/1 2002/2002/2 2003/2003/1
f 1999/1999/1 2003/2003/1 2004/2004/1
f 2005/2005/2 2006/2006/2 2007/2007/1
f 2005/2005/2 2007/2007/1 2008/2008/2
f 2009/2009/1 2010/2010/1 2011/2011/2
f 2009/2009/1 2011/2011/2 2012/2012/2
f 2013/2013/31 2014/2014/31 2015/2015/31
f 2013/2013/31 2015/2015/31 2016/2016/31
f 2017/2017/30 2013/2013/33 2018/2018/30
f 2017/2017/30 2018/2018/30 2019/2019/31
f 2020/2020/31 2021/2021/33 2013/2013/31
f 2020/2020/31 2013/2013/31 2022/2022/31
f 2023/2023/31 2024/2024/31 2015/2015/31
f 2015/2015/31 2024/2024/31 2025/2025/30
f 2026/2026/33 2027/2027/33 2020/2020/31
f 2026/2026/33 2028/2028/31 2027/2027/33
f 2029/2029/34 2030/2030/31 2025/2025/31
f 2029/2029/34 2025/2025/31 2031/2031/31
f 2029/2029/34 2031/2031/31 2032/2032/31
f 2029/2029/34 2032/2032/31 2033/2033/31
f 2032/2032/31 2031/2031/31 2034/2034/31
f 2034/2034/31 2031/2031/31 2035/2035/34
f 2036/2036/31 2037/2037/60 2038/2038/60
f 2039/2039/31 2040/2040/30 2041/2041/31
f 2042/2042/33 2040/2040/31 2043/2043/30
f 2044/2044/31 2040/2040/31 2045/2045/31
f 2045/2045/31 2046/2046/31 2044/2044/31
f 2047/2047/31 2046/2046/31 2045/2045/31
f 2045/2045/31 2040/2040/31 2048/2048/31
f 2045/2045/31 2048/2048/31 2049/2049/31
f 2048/2048/31 2040/2040/31 2050/2050/31
f 2051/2051/31 2045/2045/31 2052/2052/30
f 2052/2052/30 2045/2045/31 2053/2053/33
f 2054/2054/31 2048/2048/31 2055/2055/31
f 2054/2054/31 2055/2055/31 2056/2056/33
f 2057/2057/33 2058/2058/31 2046/2046/31
f 2046/2046/31 2058/2058/31 2059/2059/31
f 2060/2060/33 2059/2059/33 2061/2061/33
f 2062/2062/31 2059/2059/31 2063/2063/31
f 2064/2064/31 2062/2062/31 2065/2065/31
f 2066/2066/31 2062/2062/31 2067/2067/31
f 2068/2068/31 2059/2059/31 2069/2069/31
f 2070/2070/31 2066/2066/31 2071/2071/31
f 2072/2072/33 2066/2066/31 2073/2073/33
f 2074/2074/31 2075/2075/31 2066/2066/33
f 2074/2074/31 2076/2076/30 2075/2075/31
f 2077/2077/30 2078/2078/33 2076/2076/31
f 2079/2079/31 2078/2078/30 2080/2080/31
f 2081/2081/36 2082/2082/31 2083/2083/31
f 2081/2081/36 2083/2083/31 2084/2084/34
f 2081/2081/36 2084/2084/34 2085/2085/31
f 2085/2085/31 2086/2086/33 2081/2081/36
f 2086/2086/33 2085/2085/31 2087/2087/35
f 2088/2088/34 2086/2086/33 2087/2087/35
f 2081/2081/36 2086/2086/33 2088/2088/34
f 2081/2081/36 2088/2088/34 2082/2082/31
f 2089/2089/30 2087/2087/31 2090/2090/34
f 2089/2089/30 2090/2090/34 2091/2091/31
f 2089/2089/30 2091/2091/31 2092/2092/31
f 2093/2093/33 2094/2094/33 2095/2095/33
f 2095/2095/30 2096/2096/30 2097/2097/30
f 2095/2095/30 2097/2097/30 2098/2098/31
f 2095/2095/31 2099/2099/36 2100/2100/31
f 2100/2100/36 2101/2101/31 2102/2102/31
f 2102/2102/36 2103/2103/36 2104/2104/36
f 2104/2104/31 2105/2105/31 2106/2106/33
f 2106/2106/33 2105/2105/31 2107/2107/30
f 2107/2107/30 2105/2105/31 2108/2108/33
f 2105/2105/31 2109/2109/31 2108/2108/33
f 2104/2104/31 2110/2110/35 2105/2105/31
f 2108/2108/33 2109/2109/31 2111/2111/31
f 2111/2111/34 2112/2112/34 2113/2113/31
f 2111/2111/34 2113/2113/31 2114/2114/31
f 2114/2114/31 2113/2113/31 2115/2115/33
f 2114/2114/61 2116/2116/31 2117/2117/62
f 2118/2118/33 2119/2119/31 2105/2105/31
f 2118/2118/33 2105/2105/31 2120/2120/33
f 2118/2118/33 2121/2121/31 2119/2119/31
f 2118/2118/33 2122/2122/30 2121/2121/31
f 2117/2117/31 2123/2123/36 2124/2124/60
f 2124/2124/34 2125/2125/33 2126/2126/33
f 2127/2127/30 2128/2128/33 2111/2111/30
f 2129/2129/33 2130/2130/31 2131/2131/31
f 2132/2132/31 2131/2131/31 2130/2130/31
f 2132/2132/31 2130/2130/31 2133/2133/35
f 2134/2134/31 2133/2133/31 2135/2135/33
f 2134/2134/31 2135/2135/33 2136/2136/31
f 2136/2136/31 2135/2135/33 2137/2137/35
f 2138/2138/35 2134/2134/63 2139/2139/30
f 2139/2139/30 2134/2134/63 2140/2140/31
f 2139/2139/30 2140/2140/31 2141/2141/34
f 2142/2142/31 2133/2133/31 2143/2143/34
f 2142/2142/31 2144/2144/31 2133/2133/31
f 2145/2145/31 2144/2144/31 2142/2142/31
f 2144/2144/31 2145/2145/31 2146/2146/31
f 2147/2147/31 2148/2148/31 2143/2143/63
f 2147/2147/31 2143/2143/63 2149/2149/31
f 2150/2150/33 2146/2146/34 2151/2151/31
f 2152/2152/31 2150/2150/33 2151/2151/31
f 2152/2152/31 2151/2151/31 2153/2153/31
f 2152/2152/31 2153/2153/31 2143/2143/63
f 2154/2154/31 2155/2155/31 2156/2156/31
f 2157/2157/31 2158/2158/33 2159/2159/31
f 2157/2157/31 2159/2159/31 2160/2160/31
f 2161/2161/31 2162/2162/31 2163/2163/31
f 2163/2163/31 2164/2164/33 2165/2165/32
f 2166/2166/31 2167/2167/31 2163/2163/30
f 2163/2163/30 2167/2167/31 2168/2168/31
f 2169/2169/31 2170/2170/31 2161/2161/31
f 2171/2171/31 2172/2172/31 2173/2173/31
f 2174/2174/33 2175/2175/36 2176/2176/31
f 2174/2174/33 2176/2176/31 2177/2177/33
f 2178/2178/35 2179/2179/31 2180/2180/31
f 2178/2178/35 2180/2180/31 2181/2181/31
f 2182/2182/63 2183/2183/31 2184/2184/30
f 2185/2185/31 2182/2182/63 2184/2184/30
f 2184/2184/30 2183/2183/31 2186/2186/31
f 2184/2184/30 2186/2186/31 2187/2187/30
f 2187/2187/30 2188/2188/33 2184/2184/30
f 2182/2182/63 2189/2189/31 2183/2183/31
f 2190/2190/30 2185/2185/31 2184/2184/30
f 2190/2190/30 2184/2184/30 2191/2191/31
f 2191/2191/31 2192/2192/31 2190/2190/30
f 2191/2191/31 2193/2193/31 2192/2192/31
f 2194/2194/31 2192/2192/31 2193/2193/31
f 2194/2194/31 2195/2195/31 2192/2192/31
f 2194/2194/31 2196/2196/31 2195/2195/31
f 2194/2194/31 2197/2197/31 2196/2196/31
f 2198/2198/31 2197/2197/31 2194/2194/31
f 2184/2184/30 2199/2199/30 2191/2191/31
f 2197/2197/31 2200/2200/31 2196/2196/31
f 2197/2197/31 2201/2201/30 2200/2200/31
f 2202/2202/31 2201/2201/30 2197/2197/31
f 2202/2202/31 2203/2203/31 2201/2201/30
f 2203/2203/31 2204/2204/31 2201/2201/30
f 2203/2203/31 2205/2205/33 2204/2204/31
f 2204/2204/31 2205/2205/33 2206/2206/30
f 2207/2207/31 2204/2204/31 2206/2206/30
f 2207/2207/31 2206/2206/30 2208/2208/33
f 2208/2208/33 2206/2206/30 2209/2209/31
f 2207/2207/31 2208/2208/33 2210/2210/31
f 2211/2211/31 2210/2210/31 2208/2208/33
f 2211/2211/31 2212/2212/31 2210/2210/31
f 2212/2212/31 2211/2211/31 2213/2213/31
f 2213/2213/31 2211/2211/31 2214/2214/31
f 2211/2211/31 2208/2208/33 2215/2215/33
f 2208/2208/33 2216/2216/31 2215/2215/33
f 2207/2207/31 2210/2210/31 2217/2217/33
f 2218/2218/31 2204/2204/31 2207/2207/31
f 2218/2218/31 2207/2207/31 2217/2217/33
f 2201/2201/30 2204/2204/31 2218/2218/31
f 2201/2201/30 2218/2218/31 2200/2200/31
f 2206/2206/30 2205/2205/33 2219/2219/33
f 2215/2215/33 2220/2220/64 2211/2211/31
f 2215/2215/33 2221/2221/31 2220/2220/64
f 2222/2222/65 2220/2220/64 2221/2221/31
f 2213/2213/31 2214/2214/31 2222/2222/31
f 2222/2222/65 2221/2221/31 2223/2223/30
f 2224/2224/30 2213/2213/31 2222/2222/31
f 2224/2224/30 2222/2222/31 2225/2225/31
f 2224/2224/30 2225/2225/31 2226/2226/31
f 2225/2225/31 2227/2227/31 2226/2226/31
f 2225/2225/31 2228/2228/33 2227/2227/31
f 2222/2222/31 2229/2229/34 2225/2225/31
f 2227/2227/31 2228/2228/33 2230/2230/31
f 2230/2230/31 2231/2231/33 2227/2227/31
f 2225/2225/31 2232/2232/35 2233/2233/31
f 2225/2225/31 2233/2233/31 2234/2234/36
f 2225/2225/31 2234/2234/36 2235/2235/34
f 2235/2235/34 2234/2234/36 2236/2236/30
f 2235/2235/34 2236/2236/30 2230/2230/35
f 2237/2237/31 2238/2238/31 2233/2233/31
f 2237/2237/31 2233/2233/31 2239/2239/33
f 2233/2233/31 2240/2240/62 2239/2239/33
f 2241/2241/30 2236/2236/30 2238/2238/31
f 2241/2241/30 2238/2238/31 2237/2237/31
f 2239/2239/30 2242/2242/30 2243/2243/30
f 2244/2244/31 2241/2241/33 2245/2245/31
f 2239/2239/33 2246/2246/33 2245/2245/31
f 2239/2239/33 2247/2247/30 2246/2246/33
f 2245/2245/31 2241/2241/33 2248/2248/33
f 2245/2245/31 2248/2248/33 2239/2239/33
f 2249/2249/63 2250/2250/34 2251/2251/33
f 2250/2250/34 2249/2249/63 2252/2252/31
f 2253/2253/33 2254/2254/33 2255/2255/35
f 2256/2256/31 2257/2257/31 2258/2258/31
f 2259/2259/31 2260/2260/31 2261/2261/31
f 2262/2262/33 2263/2263/31 2264/2264/34
f 2262/2262/33 2264/2264/34 2265/2265/31
f 2266/2266/31 2267/2267/30 2268/2268/31
f 2266/2266/31 2268/2268/31 2269/2269/31
f 2270/2270/31 2271/2271/35 2272/2272/34
f 2270/2270/31 2272/2272/34 2273/2273/36
f 2274/2274/30 2271/2271/35 2270/2270/31
f 2274/2274/30 2275/2275/34 2271/2271/35
f 2276/2276/30 2277/2277/36 2278/2278/31
f 2276/2276/30 2278/2278/31 2279/2279/30
f 2280/2280/31 2276/2276/30 2279/2279/30
f 2280/2280/31 2281/2281/35 2276/2276/30
f 2282/2282/30 2283/2283/31 2284/2284/33
f 2285/2285/31 2286/2286/31 2287/2287/31
f 2285/2285/31 2288/2288/31 2286/2286/31
f 2289/2289/36 2290/2290/36 2285/2285/36
f 2291/2291/31 2285/2285/31 2292/2292/33
f 2293/2293/30 2294/2294/30 2285/2285/30
f 2295/2295/60 2296/2296/60 2285/2285/30
f 2297/2297/30 2298/2298/31 2294/2294/31
f 2299/2299/31 2297/2297/30 2294/2294/31
f 2043/2043/31 2297/2297/30 2299/2299/31
f 2300/2300/31 2301/2301/33 2302/2302/31
f 2303/2303/33 2304/2304/31 2305/2305/31
f 2304/2304/31 2306/2306/30 2307/2307/31
f 2304/2304/31 2307/2307/31 2308/2308/31
f 2309/2309/31 2310/2310/31 2311/2311/66
f 2311/2311/33 2312/2312/33 2313/2313/31
f 2311/2311/33 2314/2314/30 2315/2315/30
f 2316/2316/31 2317/2317/31 2311/2311/31
f 2318/2318/31 2311/2311/31 2319/2319/31
f 2320/2320/33 2321/2321/33 2322/2322/33
f 2323/2323/30 2324/2324/31 2325/2325/67
f 2323/2323/30 2325/2325/67 2326/2326/31
f 2325/2325/67 2324/2324/31 2327/2327/31
f 2328/2328/33 2329/2329/31 2330/2330/33
f 2331/2331/33 2332/2332/31 2333/2333/31
f 2331/2331/33 2333/2333/31 2334/2334/30
f 2335/2335/36 2334/2334/30 2333/2333/31
f 2335/2335/36 2336/2336/31 2334/2334/30
f 2337/2337/36 2334/2334/30 2336/2336/31
f 2338/2338/31 2339/2339/33 2340/2340/30
f 2341/2341/31 2340/2340/30 2339/2339/33
f 2341/2341/31 2342/2342/35 2340/2340/30
f 2343/2343/31 2344/2344/31 2345/2345/33
f 2343/2343/31 2345/2345/33 2346/2346/33
f 2347/2347/31 2345/2345/33 2344/2344/31
f 2347/2347/31 2344/2344/31 2215/2215/35
f 2346/2346/33 2345/2345/33 2348/2348/31
f 2349/2349/30 2348/2348/31 2345/2345/33
f 2349/2349/30 2345/2345/33 2347/2347/31
f 2215/2215/68 2350/2350/31 2351/2351/30
f 2352/2352/31 2353/2353/31 2354/2354/31
f 2355/2355/30 2353/2353/31 2352/2352/31
f 2355/2355/30 2356/2356/34 2353/2353/31
f 2191/2191/33 2357/2357/33 2358/2358/31
f 2191/2191/33 2358/2358/31 2359/2359/31
f 2359/2359/31 2358/2358/31 2360/2360/35
f 2359/2359/31 2360/2360/35 2194/2194/36
f 2361/2361/31 2362/2362/33 2363/2363/31
f 2364/2364/63 2365/2365/63 2366/2366/36
f 2367/2367/31 2368/2368/31 2048/2048/30
f 2368/2368/31 2367/2367/31 2369/2369/31
f 2370/2370/31 2371/2371/33 2372/2372/33
f 2372/2372/33 2371/2371/33 2373/2373/33
f 2374/2374/31 2375/2375/33 2376/2376/31
f 2377/2377/31 2378/2378/31 2379/2379/33
f 2380/2380/31 2381/2381/31 2382/2382/30
f 2383/2383/31 2384/2384/33 2385/2385/31
f 2385/2385/31 2384/2384/33 2386/2386/31
f 2387/2387/31 2388/2388/31 2389/2389/33
f 2390/2390/31 2389/2389/33 2388/2388/31
f 2390/2390/31 2388/2388/31 2391/2391/31
f 2392/2392/31 2393/2393/31 2394/2394/33
f 2395/2395/31 2393/2393/31 2392/2392/31
f 2396/2396/31 2397/2397/31 2398/2398/31
f 2396/2396/33 2399/2399/33 2400/2400/69
f 2401/2401/31 2402/2402/34 2403/2403/31
f 2404/2404/31 2402/2402/63 2405/2405/30
f 2406/2406/31 2407/2407/70 2187/2187/71
f 2187/2187/71 2408/2408/31 2406/2406/31
f 2409/2409/60 2410/2410/31 2406/2406/31
f 2411/2411/33 2412/2412/30 2406/2406/31
f 2413/2413/31 2411/2411/33 2406/2406/31
f 2406/2406/31 2414/2414/31 2413/2413/31
f 2413/2413/31 2414/2414/31 2415/2415/34
f 2406/2406/31 2416/2416/33 2414/2414/31
f 2413/2413/31 2415/2415/34 2417/2417/72
f 2417/2417/72 2415/2415/34 2418/2418/31
f 2417/2417/72 2418/2418/31 2419/2419/31
f 2413/2413/31 2417/2417/72 2420/2420/31
f 2413/2413/31 2420/2420/31 2411/2411/33
f 2417/2417/72 2419/2419/31 2421/2421/31
f 2417/2417/72 2421/2421/31 2422/2422/31
f 2421/2421/30 2423/2423/31 2424/2424/30
f 2421/2421/30 2424/2424/30 2425/2425/31
f 2423/2423/31 2426/2426/33 2424/2424/30
f 2424/2424/30 2427/2427/32 2428/2428/34
f 2428/2428/34 2427/2427/32 2429/2429/30
f 2428/2428/34 2429/2429/30 2411/2411/30
f 2430/2430/30 2431/2431/33 2202/2202/31
f 2430/2430/30 2202/2202/31 2197/2197/31
f 2202/2202/31 2431/2431/33 2432/2432/30
f 2203/2203/31 2202/2202/31 2433/2433/31
f 2203/2203/31 2433/2433/31 2434/2434/33
f 2203/2203/31 2434/2434/33 2435/2435/31
f 2205/2205/33 2203/2203/31 2435/2435/31
f 2205/2205/33 2435/2435/31 2219/2219/33
f 2434/2434/33 2436/2436/33 2437/2437/33
f 2438/2438/33 2439/2439/33 2440/2440/31
f 2440/2440/31 2439/2439/33 2441/2441/33
f 2442/2442/63 2440/2440/31 2443/2443/33
f 2444/2444/31 2445/2445/31 2443/2443/30
f 2444/2444/31 2443/2443/30 2446/2446/33
f 2444/2444/31 2446/2446/33 2447/2447/33
f 2448/2448/33 2444/2444/31 2447/2447/33
f 2448/2448/33 2447/2447/33 2449/2449/30
f 2450/2450/31 2451/2451/31 2452/2452/31
f 2452/2452/31 2451/2451/31 2453/2453/33
f 2452/2452/31 2454/2454/31 2455/2455/31
f 2456/2456/31 2457/2457/31 2458/2458/31
f 2459/2459/31 2460/2460/30 2461/2461/36
f 2461/2461/33 2462/2462/30 2463/2463/30
f 2462/2462/30 2461/2461/33 2464/2464/31
f 2462/2462/30 2464/2464/31 2465/2465/31
f 2466/2466/31 2467/2467/34 2468/2468/34
f 2469/2469/34 2470/2470/31 2471/2471/30
f 2471/2471/30 2470/2470/31 2472/2472/31
f 2470/2470/31 2473/2473/30 2472/2472/31
f 2474/2474/31 2475/2475/31 2470/2470/31
f 2476/2476/31 2475/2475/33 2477/2477/31
f 2476/2476/31 2478/2478/31 2475/2475/33
f 2476/2476/31 2479/2479/30 2478/2478/31
f 2480/2480/31 2479/2479/30 2476/2476/31
f 2480/2480/31 2481/2481/31 2479/2479/30
f 2482/2482/30 2483/2483/31 2484/2484/31
f 2482/2482/30 2484/2484/31 2485/2485/31
f 2486/2486/30 2482/2482/30 2485/2485/31
f 2486/2486/30 2487/2487/66 2482/2482/30
f 2486/2486/30 2488/2488/30 2487/2487/66
f 2482/2482/30 2487/2487/66 2489/2489/31
f 2482/2482/30 2489/2489/31 2483/2483/31
f 2489/2489/31 2487/2487/66 2490/2490/31
f 2489/2489/31 2490/2490/31 2491/2491/31
f 2491/2491/31 2490/2490/31 2492/2492/34
f 2490/2490/31 2487/2487/66 2493/2493/30
f 2494/2494/34 2493/2493/30 2487/2487/66
f 2494/2494/34 2487/2487/66 2488/2488/30
f 2495/2495/36 2496/2496/36 2490/2490/31
f 2497/2497/33 2498/2498/31 2499/2499/31
f 2498/2498/31 2500/2500/31 2499/2499/31
f 2498/2498/30 2501/2501/30 2502/2502/31
f 2503/2503/31 2504/2504/33 2505/2505/31
f 2506/2506/31 2507/2507/31 2508/2508/34
f 2509/2509/33 2507/2507/31 2506/2506/31
f 2507/2507/31 2509/2509/33 2510/2510/31
f 2511/2511/30 2512/2512/30 2513/2513/35
f 2514/2514/31 2515/2515/31 2516/2516/33
f 2514/2514/31 2517/2517/31 2515/2515/31
f 2518/2518/30 2519/2519/31 2516/2516/30
f 2520/2520/33 2521/2521/31 2522/2522/31
f 2522/2522/31 2521/2521/31 2523/2523/33
f 2524/2524/33 2525/2525/33 2526/2526/33
f 2527/2527/31 2528/2528/31 2529/2529/30
f 2530/2530/31 2531/2531/31 2532/2532/31
f 2530/2530/31 2532/2532/31 2533/2533/31
f 2534/2534/30 2535/2535/33 2536/2536/30
f 2534/2534/30 2536/2536/30 2537/2537/33
f 2538/2538/31 2534/2534/30 2537/2537/33
f 2538/2538/31 2537/2537/33 2539/2539/31
f 2540/2540/31 2539/2539/31 2537/2537/33
f 2540/2540/31 2537/2537/33 2541/2541/31
f 2542/2542/33 2543/2543/33 2544/2544/63
f 2545/2545/31 2546/2546/33 2547/2547/31
f 2545/2545/31 2547/2547/31 2548/2548/31
f 2549/2549/36 2550/2550/31 2551/2551/36
f 2552/2552/30 2553/2553/34 2554/2554/30
f 2555/2555/31 2556/2556/31 2557/2557/31
f 2558/2558/35 2559/2559/30 2560/2560/30
f 2561/2561/33 2562/2562/31 2563/2563/31
f 2561/2561/33 2563/2563/31 2564/2564/31
f 2565/2565/31 2562/2562/31 2561/2561/33
f 2565/2565/31 2566/2566/33 2562/2562/31
f 2563/2563/31 2567/2567/30 2564/2564/31
f 2563/2563/31 2568/2568/33 2567/2567/30
f 2569/2569/31 2567/2567/30 2568/2568/33
f 2569/2569/31 2568/2568/33 2570/2570/31
f 2570/2570/31 2571/2571/30 2569/2569/31
f 2571/2571/30 2572/2572/31 2569/2569/31
f 2572/2572/31 2573/2573/31 2569/2569/31
f 2569/2569/31 2573/2573/31 2567/2567/30
f 2572/2572/31 2574/2574/31 2573/2573/31
f 2575/2575/31 2574/2574/31 2572/2572/31
f 2575/2575/31 2572/2572/31 2576/2576/30
f 2575/2575/31 2576/2576/30 2577/2577/30
f 2576/2576/30 2578/2578/31 2577/2577/30
f 2567/2567/30 2579/2579/30 2564/2564/31
f 2580/2580/33 2571/2571/30 2570/2570/31
f 2580/2580/33 2576/2576/30 2572/2572/31
f 2580/2580/33 2572/2572/31 2571/2571/30
f 2580/2580/33 2570/2570/31 2581/2581/31
f 2576/2576/30 2582/2582/33 2578/2578/31
f 2578/2578/31 2582/2582/33 2583/2583/33
f 2584/2584/31 2573/2573/31 2574/2574/31
f 2584/2584/31 2585/2585/63 2579/2579/30
f 2584/2584/31 2586/2586/31 2585/2585/63
f 2586/2586/31 2584/2584/31 2587/2587/31
f 2574/2574/31 2575/2575/31 2587/2587/31
f 2584/2584/31 2574/2574/31 2587/2587/31
f 2588/2588/36 2585/2585/63 2586/2586/31
f 2588/2588/36 2589/2589/31 2585/2585/63
f 2585/2585/63 2589/2589/31 2590/2590/33
f 2585/2585/63 2590/2590/33 2591/2591/30
f 2585/2585/63 2591/2591/30 2579/2579/30
f 2586/2586/31 2587/2587/31 2592/2592/30
f 2586/2586/31 2592/2592/30 2588/2588/36
f 2593/2593/32 2588/2588/36 2592/2592/30
f 2588/2588/36 2593/2593/32 2589/2589/31
f 2593/2593/32 2592/2592/30 2594/2594/34
f 2594/2594/34 2592/2592/30 2587/2587/31
f 2595/2595/34 2594/2594/34 2587/2587/31
f 2593/2593/32 2594/2594/34 2596/2596/31
f 2593/2593/32 2596/2596/31 2589/2589/31
f 2594/2594/34 2597/2597/63 2596/2596/31
f 2596/2596/31 2598/2598/31 2589/2589/31
f 2598/2598/31 2596/2596/31 2597/2597/63
f 2599/2599/31 2597/2597/63 2594/2594/34
f 2594/2594/34 2595/2595/34 2599/2599/31
f 2599/2599/31 2600/2600/31 2597/2597/63
f 2595/2595/34 2601/2601/35 2599/2599/31
f 2602/2602/33 2599/2599/31 2601/2601/35
f 2595/2595/34 2603/2603/31 2601/2601/35
f 2603/2603/31 2604/2604/30 2601/2601/35
f 2603/2603/31 2605/2605/34 2604/2604/30
f 2601/2601/35 2606/2606/31 2602/2602/33
f 2604/2604/30 2606/2606/31 2601/2601/35
f 2607/2607/31 2606/2606/31 2604/2604/30
f 2608/2608/31 2607/2607/31 2604/2604/30
f 2608/2608/31 2609/2609/31 2607/2607/31
f 2607/2607/31 2609/2609/31 2610/2610/63
f 2606/2606/31 2607/2607/31 2610/2610/63
f 2604/2604/30 2611/2611/30 2608/2608/31
f 2605/2605/34 2611/2611/30 2604/2604/30
f 2609/2609/31 2608/2608/31 2612/2612/30
f 2613/2613/36 2609/2609/31 2612/2612/30
f 2613/2613/36 2612/2612/30 2614/2614/31
f 2615/2615/33 2614/2614/31 2612/2612/30
f 2615/2615/33 2612/2612/30 2616/2616/31
f 2608/2608/31 2611/2611/30 2616/2616/31
f 2608/2608/31 2616/2616/31 2612/2612/30
f 2617/2617/31 2613/2613/36 2614/2614/31
f 2618/2618/31 2617/2617/31 2614/2614/31
f 2619/2619/31 2618/2618/31 2614/2614/31
f 2615/2615/33 2619/2619/31 2614/2614/31
f 2620/2620/31 2619/2619/31 2615/2615/33
f 2621/2621/33 2619/2619/31 2620/2620/31
f 2622/2622/31 2621/2621/33 2620/2620/31
f 2622/2622/31 2623/2623/30 2621/2621/33
f 2623/2623/30 2624/2624/32 2621/2621/33
f 2623/2623/30 2625/2625/30 2624/2624/32
f 2624/2624/32 2625/2625/30 2626/2626/31
f 2623/2623/30 2627/2627/31 2625/2625/30
f 2621/2621/33 2628/2628/36 2619/2619/31
f 2628/2628/36 2624/2624/32 2626/2626/31
f 2621/2621/33 2624/2624/32 2628/2628/36
f 2629/2629/31 2626/2626/31 2625/2625/30
f 2629/2629/31 2630/2630/31 2626/2626/31
f 2631/2631/31 2622/2622/31 2620/2620/31
f 2620/2620/31 2632/2632/31 2631/2631/31
f 2618/2618/31 2619/2619/31 2633/2633/30
f 2633/2633/30 2619/2619/31 2628/2628/36
f 2628/2628/36 2626/2626/31 2633/2633/30
f 2618/2618/31 2633/2633/30 2634/2634/30
f 2633/2633/30 2626/2626/31 2635/2635/31
f 2630/2630/31 2635/2635/31 2626/2626/31
f 2633/2633/30 2635/2635/31 2634/2634/30
f 2636/2636/31 2622/2622/31 2631/2631/31
f 2636/2636/31 2637/2637/31 2622/2622/31
f 2638/2638/30 2631/2631/31 2632/2632/31
f 2638/2638/30 2632/2632/31 2639/2639/33
f 2639/2639/33 2632/2632/31 2615/2615/33
f 2639/2639/33 2615/2615/33 2616/2616/31
f 2615/2615/33 2632/2632/31 2620/2620/31
f 2630/2630/31 2640/2640/33 2635/2635/31
f 2640/2640/33 2641/2641/33 2635/2635/31
f 2634/2634/30 2635/2635/31 2641/2641/33
f 2640/2640/33 2642/2642/30 2641/2641/33
f 2630/2630/31 2643/2643/31 2640/2640/33
f 2643/2643/31 2644/2644/35 2640/2640/33
f 2642/2642/30 2645/2645/33 2641/2641/33
f 2641/2641/33 2645/2645/33 2646/2646/34
f 2641/2641/33 2646/2646/34 2647/2647/35
f 2648/2648/31 2647/2647/35 2646/2646/34
f 2648/2648/31 2649/2649/31 2647/2647/35
f 2649/2649/31 2648/2648/31 2650/2650/33
f 2648/2648/31 2651/2651/31 2650/2650/33
f 2649/2649/31 2650/2650/33 2652/2652/32
f 2617/2617/31 2652/2652/32 2650/2650/33
f 2648/2648/31 2653/2653/33 2651/2651/31
f 2648/2648/31 2654/2654/31 2653/2653/33
f 2654/2654/31 2648/2648/31 2646/2646/34
f 2653/2653/33 2654/2654/31 2655/2655/30
f 2654/2654/31 2656/2656/31 2655/2655/30
f 2656/2656/31 2657/2657/30 2655/2655/30
f 2653/2653/33 2655/2655/30 2658/2658/63
f 2653/2653/33 2658/2658/63 2651/2651/31
f 2655/2655/30 2659/2659/33 2658/2658/63
f 2655/2655/30 2657/2657/30 2659/2659/33
f 2656/2656/31 2660/2660/31 2657/2657/30
f 2654/2654/31 2661/2661/31 2656/2656/31
f 2660/2660/31 2656/2656/31 2661/2661/31
f 2660/2660/31 2661/2661/31 2662/2662/31
f 2661/2661/31 2663/2663/31 2662/2662/31
f 2661/2661/31 2664/2664/30 2663/2663/31
f 2663/2663/31 2664/2664/30 2665/2665/31
f 2664/2664/30 2666/2666/35 2665/2665/31
f 2664/2664/30 2667/2667/30 2666/2666/35
f 2667/2667/30 2664/2664/30 2668/2668/30
f 2664/2664/30 2661/2661/31 2668/2668/30
f 2654/2654/31 2668/2668/30 2661/2661/31
f 2668/2668/30 2654/2654/31 2646/2646/34
f 2668/2668/30 2646/2646/34 2645/2645/33
f 2667/2667/30 2668/2668/30 2645/2645/33
f 2667/2667/30 2645/2645/33 2669/2669/31
f 2666/2666/35 2667/2667/30 2669/2669/31
f 2642/2642/30 2669/2669/31 2645/2645/33
f 2670/2670/33 2669/2669/31 2642/2642/30
f 2666/2666/35 2669/2669/31 2670/2670/33
f 2670/2670/33 2642/2642/30 2671/2671/31
f 2640/2640/33 2671/2671/31 2642/2642/30
f 2640/2640/33 2644/2644/35 2671/2671/31
f 2663/2663/31 2665/2665/31 2672/2672/31
f 2673/2673/30 2674/2674/33 2675/2675/31
f 2673/2673/30 2675/2675/31 2676/2676/30
f 2674/2674/33 2673/2673/30 2677/2677/33
f 2674/2674/33 2677/2677/33 2678/2678/31
f 2679/2679/36 2677/2677/33 2673/2673/30
f 2678/2678/31 2677/2677/33 2680/2680/31
f 2673/2673/30 2676/2676/30 2681/2681/33
f 2673/2673/30 2681/2681/33 2682/2682/30
f 2679/2679/36 2673/2673/30 2682/2682/30
f 2683/2683/31 2676/2676/30 2675/2675/31
f 2683/2683/31 2610/2610/63 2676/2676/30
f 2676/2676/30 2610/2610/63 2681/2681/33
f 2610/2610/63 2684/2684/33 2681/2681/33
f 2678/2678/31 2685/2685/31 2674/2674/33
f 2675/2675/31 2674/2674/33 2685/2685/31
f 2685/2685/31 2678/2678/31 2686/2686/33
f 2687/2687/66 2686/2686/33 2678/2678/31
f 2680/2680/31 2687/2687/66 2678/2678/31
f 2688/2688/30 2687/2687/66 2680/2680/31
f 2689/2689/31 2688/2688/30 2680/2680/31
f 2688/2688/30 2689/2689/31 2690/2690/30
f 2687/2687/66 2688/2688/30 2690/2690/30
f 2689/2689/31 2680/2680/31 2691/2691/33
f 2682/2682/30 2681/2681/33 2692/2692/31
f 2692/2692/31 2681/2681/33 2693/2693/60
f 2693/2693/60 2681/2681/33 2694/2694/33
f 2694/2694/33 2681/2681/33 2684/2684/33
f 2695/2695/34 2693/2693/60 2694/2694/33
f 2695/2695/34 2694/2694/33 2696/2696/66
f 2695/2695/34 2697/2697/33 2693/2693/60
f 2693/2693/60 2697/2697/33 2692/2692/31
f 2651/2651/31 2695/2695/34 2696/2696/66
f 2698/2698/31 2697/2697/33 2695/2695/34
f 2698/2698/31 2695/2695/34 2651/2651/31
f 2659/2659/33 2697/2697/33 2698/2698/31
f 2659/2659/33 2699/2699/31 2697/2697/33
f 2699/2699/31 2692/2692/31 2697/2697/33
f 2687/2687/66 2700/2700/33 2686/2686/33
f 2701/2701/31 2686/2686/33 2700/2700/33
f 2700/2700/33 2702/2702/31 2701/2701/31
f 2702/2702/31 2703/2703/33 2701/2701/31
f 2704/2704/30 2702/2702/31 2700/2700/33
f 2704/2704/30 2705/2705/34 2702/2702/31
f 2701/2701/31 2703/2703/33 2685/2685/31
f 2685/2685/31 2686/2686/33 2701/2701/31
f 2706/2706/31 2704/2704/30 2700/2700/33
f 2705/2705/34 2704/2704/30 2707/2707/30
f 2708/2708/31 2706/2706/31 2700/2700/33
f 2708/2708/31 2709/2709/73 2706/2706/31
f 2708/2708/31 2710/2710/31 2709/2709/73
f 2708/2708/31 2687/2687/66 2710/2710/31
f 2687/2687/66 2708/2708/31 2700/2700/33
f 2710/2710/31 2690/2690/30 2709/2709/73
f 2687/2687/66 2690/2690/30 2710/2710/31
f 2706/2706/31 2709/2709/73 2711/2711/31
f 2685/2685/31 2703/2703/33 2712/2712/33
f 2713/2713/34 2712/2712/33 2703/2703/33
f 2713/2713/34 2703/2703/33 2714/2714/36
f 2715/2715/31 2714/2714/36 2703/2703/33
f 2715/2715/31 2716/2716/33 2714/2714/36
f 2715/2715/31 2717/2717/33 2716/2716/33
f 2714/2714/36 2716/2716/33 2718/2718/31
f 2718/2718/31 2713/2713/34 2714/2714/36
f 2718/2718/31 2716/2716/33 2600/2600/31
f 2606/2606/31 2713/2713/34 2718/2718/31
f 2602/2602/33 2606/2606/31 2718/2718/31
f 2606/2606/31 2683/2683/31 2713/2713/34
f 2683/2683/31 2712/2712/33 2713/2713/34
f 2715/2715/31 2719/2719/31 2717/2717/33
f 2719/2719/31 2598/2598/31 2717/2717/33
f 2715/2715/31 2720/2720/31 2719/2719/31
f 2715/2715/31 2721/2721/31 2720/2720/31
f 2715/2715/31 2703/2703/33 2721/2721/31
f 2720/2720/31 2721/2721/31 2722/2722/31
f 2717/2717/33 2598/2598/31 2597/2597/63
f 2717/2717/33 2597/2597/63 2716/2716/33
f 2597/2597/63 2600/2600/31 2716/2716/33
f 2702/2702/31 2721/2721/31 2703/2703/33
f 2722/2722/31 2721/2721/31 2702/2702/31
f 2702/2702/31 2723/2723/30 2722/2722/31
f 2705/2705/34 2723/2723/30 2702/2702/31
f 2705/2705/34 2707/2707/30 2723/2723/30
f 2707/2707/30 2724/2724/31 2723/2723/30
f 2707/2707/30 2725/2725/33 2724/2724/31
f 2724/2724/31 2725/2725/33 2726/2726/33
f 2725/2725/33 2707/2707/30 2704/2704/30
f 2725/2725/33 2704/2704/30 2706/2706/31
f 2711/2711/31 2725/2725/33 2706/2706/31
f 2726/2726/33 2725/2725/33 2711/2711/31
f 2589/2589/31 2598/2598/31 2719/2719/31
f 2727/2727/33 2728/2728/33 2729/2729/35
f 2730/2730/31 2727/2727/33 2729/2729/35
f 2730/2730/31 2729/2729/35 2679/2679/36
f 2730/2730/31 2679/2679/36 2731/2731/33
f 2699/2699/31 2730/2730/31 2731/2731/33
f 2699/2699/31 2732/2732/30 2730/2730/31
f 2727/2727/33 2730/2730/31 2733/2733/33
f 2732/2732/30 2733/2733/33 2730/2730/31
f 2732/2732/30 2734/2734/31 2733/2733/33
f 2729/2729/35 2728/2728/33 2677/2677/33
f 2729/2729/35 2677/2677/33 2679/2679/36
f 2677/2677/33 2728/2728/33 2680/2680/31
f 2691/2691/33 2680/2680/31 2728/2728/33
f 2691/2691/33 2728/2728/33 2727/2727/33
f 2731/2731/33 2679/2679/36 2682/2682/30
f 2731/2731/33 2682/2682/30 2692/2692/31
f 2699/2699/31 2731/2731/33 2692/2692/31
f 2699/2699/31 2735/2735/33 2732/2732/30
f 2735/2735/33 2734/2734/31 2732/2732/30
f 2699/2699/31 2736/2736/31 2735/2735/33
f 2737/2737/31 2735/2735/33 2736/2736/31
f 2738/2738/33 2735/2735/33 2737/2737/31
f 2738/2738/33 2739/2739/31 2735/2735/33
f 2735/2735/33 2739/2739/31 2734/2734/31
f 2736/2736/31 2740/2740/33 2737/2737/31
f 2736/2736/31 2699/2699/31 2659/2659/33
f 2659/2659/33 2740/2740/33 2736/2736/31
f 2659/2659/33 2657/2657/30 2740/2740/33
f 2659/2659/33 2698/2698/31 2658/2658/63
f 2698/2698/31 2651/2651/31 2658/2658/63
f 2651/2651/31 2696/2696/66 2650/2650/33
f 2650/2650/33 2696/2696/66 2617/2617/31
f 2696/2696/66 2613/2613/36 2617/2617/31
f 2696/2696/66 2694/2694/33 2613/2613/36
f 2694/2694/33 2684/2684/33 2613/2613/36
f 2613/2613/36 2684/2684/33 2609/2609/31
f 2684/2684/33 2610/2610/63 2609/2609/31
f 2606/2606/31 2610/2610/63 2683/2683/31
f 2652/2652/32 2617/2617/31 2618/2618/31
f 2649/2649/31 2652/2652/32 2618/2618/31
f 2649/2649/31 2618/2618/31 2634/2634/30
f 2649/2649/31 2634/2634/30 2647/2647/35
f 2634/2634/30 2641/2641/33 2647/2647/35
f 2683/2683/31 2675/2675/31 2712/2712/33
f 2675/2675/31 2685/2685/31 2712/2712/33
f 2584/2584/31 2579/2579/30 2567/2567/30
f 2584/2584/31 2567/2567/30 2573/2573/31
f 2561/2561/33 2564/2564/31 2579/2579/30
f 2561/2561/33 2579/2579/30 2591/2591/30
f 2591/2591/30 2565/2565/31 2561/2561/33
f 2591/2591/30 2590/2590/33 2565/2565/31
f 2630/2630/31 2629/2629/31 2741/2741/31
f 2630/2630/31 2741/2741/31 2643/2643/31
f 2742/2742/30 2741/2741/31 2629/2629/31
f 2742/2742/30 2629/2629/31 2743/2743/33
f 2629/2629/31 2625/2625/30 2743/2743/33
f 2743/2743/33 2625/2625/30 2627/2627/31
f 2577/2577/30 2578/2578/31 2744/2744/31
f 2745/2745/31 2744/2744/31 2578/2578/31
f 2745/2745/31 2578/2578/31 2746/2746/33
f 2578/2578/31 2583/2583/33 2746/2746/33
f 2638/2638/30 2746/2746/33 2583/2583/33
f 2638/2638/30 2583/2583/33 2747/2747/33
f 2746/2746/33 2638/2638/30 2639/2639/33
f 2746/2746/33 2639/2639/33 2745/2745/31
f 2745/2745/31 2639/2639/33 2616/2616/31
f 2745/2745/31 2616/2616/31 2611/2611/30
f 2744/2744/31 2745/2745/31 2611/2611/30
f 2631/2631/31 2638/2638/30 2747/2747/33
f 2631/2631/31 2747/2747/33 2636/2636/31
f 2744/2744/31 2611/2611/30 2605/2605/34
f 2577/2577/30 2744/2744/31 2605/2605/34
f 2577/2577/30 2605/2605/34 2603/2603/31
f 2595/2595/34 2577/2577/30 2603/2603/31
f 2595/2595/34 2575/2575/31 2577/2577/30
f 2595/2595/34 2587/2587/31 2575/2575/31
f 2576/2576/30 2748/2748/31 2582/2582/33
f 2576/2576/30 2580/2580/33 2748/2748/31
f 2580/2580/33 2581/2581/31 2748/2748/31
f 2718/2718/31 2600/2600/31 2599/2599/31
f 2718/2718/31 2599/2599/31 2602/2602/33
f 2749/2749/66 2750/2750/31 2751/2751/33
f 2749/2749/66 2751/2751/33 2752/2752/31
f 2753/2753/31 2749/2749/66 2752/2752/31
f 2753/2753/31 2752/2752/31 2754/2754/30
f 2751/2751/33 2750/2750/31 2755/2755/33
f 2751/2751/33 2755/2755/33 2756/2756/33
f 2757/2757/30 2756/2756/33 2755/2755/33
f 2757/2757/30 2758/2758/31 2756/2756/33
f 2758/2758/31 2757/2757/30 2759/2759/30
f 2759/2759/30 2757/2757/30 2760/2760/31
f 2760/2760/31 2757/2757/30 2761/2761/34
f 2757/2757/30 2755/2755/33 2761/2761/34
f 2760/2760/31 2761/2761/34 2762/2762/33
f 2763/2763/71 2760/2760/31 2762/2762/33
f 2763/2763/71 2764/2764/30 2760/2760/31
f 2763/2763/71 2765/2765/31 2764/2764/30
f 2764/2764/30 2765/2765/31 2766/2766/33
f 2767/2767/31 2758/2758/31 2759/2759/30
f 2767/2767/31 2759/2759/30 2760/2760/31
f 2767/2767/31 2760/2760/31 2764/2764/30
f 2767/2767/31 2768/2768/30 2758/2758/31
f 2764/2764/30 2766/2766/33 2769/2769/31
f 2766/2766/33 2770/2770/30 2769/2769/31
f 2771/2771/31 2761/2761/34 2755/2755/33
f 2771/2771/31 2762/2762/33 2761/2761/34
f 2771/2771/31 2755/2755/33 2772/2772/31
f 2771/2771/31 2772/2772/31 2773/2773/31
f 2771/2771/31 2773/2773/31 2774/2774/70
f 2774/2774/70 2775/2775/31 2771/2771/31
f 2762/2762/33 2775/2775/31 2763/2763/71
f 2771/2771/31 2775/2775/31 2762/2762/33
f 2776/2776/34 2774/2774/70 2773/2773/31
f 2776/2776/34 2773/2773/31 2777/2777/33
f 2755/2755/33 2750/2750/31 2772/2772/31
f 2773/2773/31 2778/2778/31 2777/2777/33
f 2773/2773/31 2779/2779/31 2778/2778/31
f 2773/2773/31 2772/2772/31 2779/2779/31
f 2774/2774/70 2776/2776/34 2780/2780/35
f 2774/2774/70 2780/2780/35 2775/2775/31
f 2781/2781/31 2780/2780/35 2776/2776/34
f 2776/2776/34 2777/2777/33 2781/2781/31
f 2781/2781/31 2782/2782/34 2780/2780/35
f 2782/2782/34 2775/2775/31 2780/2780/35
f 2783/2783/30 2775/2775/31 2782/2782/34
f 2781/2781/31 2784/2784/33 2782/2782/34
f 2781/2781/31 2777/2777/33 2784/2784/33
f 2782/2782/34 2784/2784/33 2785/2785/33
f 2784/2784/33 2777/2777/33 2786/2786/30
f 2786/2786/30 2785/2785/33 2784/2784/33
f 2787/2787/30 2782/2782/34 2785/2785/33
f 2782/2782/34 2787/2787/30 2783/2783/30
f 2787/2787/30 2785/2785/33 2788/2788/71
f 2783/2783/30 2787/2787/30 2789/2789/66
f 2790/2790/31 2789/2789/66 2787/2787/30
f 2783/2783/30 2789/2789/66 2791/2791/31
f 2791/2791/31 2789/2789/66 2792/2792/31
f 2791/2791/31 2792/2792/31 2793/2793/36
f 2789/2789/66 2790/2790/31 2794/2794/31
f 2792/2792/31 2789/2789/66 2794/2794/31
f 2795/2795/33 2792/2792/31 2794/2794/31
f 2796/2796/63 2792/2792/31 2795/2795/33
f 2796/2796/63 2795/2795/33 2797/2797/31
f 2795/2795/33 2798/2798/31 2797/2797/31
f 2794/2794/31 2798/2798/31 2795/2795/33
f 2792/2792/31 2796/2796/63 2799/2799/30
f 2793/2793/36 2792/2792/31 2799/2799/30
f 2797/2797/31 2800/2800/30 2796/2796/63
f 2801/2801/31 2800/2800/30 2797/2797/31
f 2801/2801/31 2802/2802/31 2800/2800/30
f 2803/2803/30 2800/2800/30 2802/2802/31
f 2803/2803/30 2804/2804/35 2800/2800/30
f 2796/2796/63 2800/2800/30 2804/2804/35
f 2796/2796/63 2804/2804/35 2799/2799/30
f 2805/2805/60 2802/2802/31 2801/2801/31
f 2806/2806/31 2802/2802/31 2805/2805/60
f 2807/2807/33 2802/2802/31 2806/2806/31
f 2803/2803/30 2802/2802/31 2807/2807/33
f 2808/2808/63 2803/2803/30 2807/2807/33
f 2809/2809/35 2808/2808/63 2807/2807/33
f 2810/2810/33 2808/2808/63 2809/2809/35
f 2810/2810/33 2809/2809/35 2811/2811/31
f 2811/2811/31 2809/2809/35 2812/2812/66
f 2811/2811/31 2812/2812/66 2813/2813/31
f 2812/2812/66 2814/2814/30 2813/2813/31
f 2811/2811/31 2813/2813/31 2815/2815/31
f 2809/2809/35 2807/2807/33 2816/2816/30
f 2816/2816/30 2814/2814/30 2812/2812/66
f 2809/2809/35 2816/2816/30 2812/2812/66
f 2817/2817/33 2813/2813/31 2814/2814/30
f 2817/2817/33 2814/2814/30 2818/2818/36
f 2819/2819/30 2808/2808/63 2810/2810/33
f 2808/2808/63 2819/2819/30 2820/2820/30
f 2806/2806/31 2821/2821/30 2807/2807/33
f 2821/2821/30 2816/2816/30 2807/2807/33
f 2816/2816/30 2821/2821/30 2814/2814/30
f 2806/2806/31 2822/2822/31 2821/2821/30
f 2821/2821/30 2823/2823/31 2814/2814/30
f 2818/2818/36 2814/2814/30 2823/2823/31
f 2821/2821/30 2822/2822/31 2823/2823/31
f 2824/2824/74 2819/2819/30 2810/2810/33
f 2824/2824/74 2810/2810/33 2825/2825/36
f 2826/2826/31 2820/2820/30 2819/2819/30
f 2826/2826/31 2827/2827/31 2820/2820/30
f 2827/2827/31 2803/2803/30 2820/2820/30
f 2827/2827/31 2804/2804/35 2803/2803/30
f 2803/2803/30 2808/2808/63 2820/2820/30
f 2818/2818/36 2823/2823/31 2828/2828/31
f 2828/2828/31 2823/2823/31 2829/2829/31
f 2822/2822/31 2829/2829/31 2823/2823/31
f 2828/2828/31 2829/2829/31 2830/2830/60
f 2818/2818/36 2828/2828/31 2831/2831/63
f 2831/2831/63 2828/2828/31 2832/2832/67
f 2830/2830/60 2829/2829/31 2833/2833/30
f 2829/2829/31 2834/2834/31 2833/2833/30
f 2829/2829/31 2835/2835/33 2834/2834/31
f 2836/2836/71 2834/2834/31 2835/2835/33
f 2836/2836/71 2835/2835/33 2837/2837/30
f 2837/2837/30 2838/2838/34 2836/2836/71
f 2836/2836/71 2838/2838/34 2839/2839/35
f 2837/2837/30 2840/2840/31 2838/2838/34
f 2805/2805/60 2838/2838/34 2840/2840/31
f 2836/2836/71 2839/2839/35 2841/2841/35
f 2836/2836/71 2841/2841/35 2842/2842/34
f 2842/2842/34 2834/2834/31 2836/2836/71
f 2841/2841/35 2843/2843/31 2842/2842/34
f 2842/2842/34 2843/2843/31 2844/2844/31
f 2844/2844/31 2843/2843/31 2845/2845/33
f 2841/2841/35 2846/2846/34 2843/2843/31
f 2841/2841/35 2839/2839/35 2846/2846/34
f 2843/2843/31 2846/2846/34 2847/2847/33
f 2843/2843/31 2847/2847/33 2845/2845/33
f 2844/2844/31 2845/2845/33 2848/2848/31
f 2842/2842/34 2844/2844/31 2849/2849/33
f 2848/2848/31 2849/2849/33 2844/2844/31
f 2848/2848/31 2850/2850/31 2849/2849/33
f 2849/2849/33 2850/2850/31 2851/2851/31
f 2849/2849/33 2851/2851/31 2852/2852/62
f 2851/2851/31 2853/2853/31 2852/2852/62
f 2852/2852/62 2853/2853/31 2854/2854/31
f 2852/2852/62 2854/2854/31 2855/2855/35
f 2855/2855/35 2856/2856/31 2852/2852/62
f 2852/2852/62 2856/2856/31 2849/2849/33
f 2842/2842/34 2849/2849/33 2856/2856/31
f 2856/2856/31 2834/2834/31 2842/2842/34
f 2856/2856/31 2833/2833/30 2834/2834/31
f 2855/2855/35 2833/2833/30 2856/2856/31
f 2855/2855/35 2857/2857/31 2833/2833/30
f 2854/2854/31 2857/2857/31 2855/2855/35
f 2830/2830/60 2833/2833/30 2857/2857/31
f 2858/2858/31 2830/2830/60 2857/2857/31
f 2854/2854/31 2858/2858/31 2857/2857/31
f 2858/2858/31 2859/2859/33 2830/2830/60
f 2828/2828/31 2830/2830/60 2859/2859/33
f 2828/2828/31 2859/2859/33 2832/2832/67
f 2851/2851/31 2860/2860/31 2853/2853/31
f 2861/2861/36 2862/2862/31 2863/2863/30
f 2861/2861/36 2863/2863/30 2864/2864/31
f 2864/2864/31 2865/2865/31 2861/2861/36
f 2864/2864/31 2866/2866/33 2865/2865/31
f 2867/2867/31 2861/2861/36 2865/2865/31
f 2866/2866/33 2868/2868/33 2865/2865/31
f 2861/2861/36 2869/2869/35 2862/2862/31
f 2861/2861/36 2870/2870/35 2869/2869/35
f 2867/2867/31 2870/2870/35 2861/2861/36
f 2871/2871/33 2863/2863/30 2862/2862/31
f 2871/2871/33 2862/2862/31 2798/2798/31
f 2862/2862/31 2869/2869/35 2798/2798/31
f 2798/2798/31 2869/2869/35 2872/2872/31
f 2866/2866/33 2864/2864/31 2873/2873/35
f 2863/2863/30 2873/2873/35 2864/2864/31
f 2873/2873/35 2874/2874/31 2866/2866/33
f 2875/2875/31 2866/2866/33 2874/2874/31
f 2868/2868/33 2866/2866/33 2875/2875/31
f 2876/2876/30 2868/2868/33 2875/2875/31
f 2877/2877/31 2868/2868/33 2876/2876/30
f 2876/2876/30 2878/2878/31 2877/2877/31
f 2875/2875/31 2878/2878/31 2876/2876/30
f 2877/2877/31 2879/2879/33 2868/2868/33
f 2870/2870/35 2880/2880/35 2869/2869/35
f 2880/2880/35 2881/2881/31 2869/2869/35
f 2881/2881/31 2882/2882/31 2869/2869/35
f 2882/2882/31 2872/2872/31 2869/2869/35
f 2883/2883/31 2882/2882/31 2881/2881/31
f 2883/2883/31 2884/2884/31 2882/2882/31
f 2883/2883/31 2881/2881/31 2885/2885/30
f 2881/2881/31 2880/2880/35 2885/2885/30
f 2839/2839/35 2884/2884/31 2883/2883/31
f 2886/2886/34 2839/2839/35 2883/2883/31
f 2886/2886/34 2883/2883/31 2885/2885/30
f 2847/2847/33 2886/2886/34 2885/2885/30
f 2847/2847/33 2885/2885/30 2887/2887/33
f 2887/2887/33 2885/2885/30 2880/2880/35
f 2875/2875/31 2874/2874/31 2888/2888/31
f 2875/2875/31 2888/2888/31 2889/2889/31
f 2889/2889/31 2888/2888/31 2890/2890/31
f 2889/2889/31 2890/2890/31 2891/2891/33
f 2889/2889/31 2891/2891/33 2892/2892/31
f 2890/2890/31 2888/2888/31 2893/2893/63
f 2893/2893/63 2888/2888/31 2894/2894/35
f 2893/2893/63 2894/2894/35 2895/2895/31
f 2889/2889/31 2892/2892/31 2875/2875/31
f 2895/2895/31 2896/2896/31 2893/2893/63
f 2892/2892/31 2891/2891/33 2878/2878/31
f 2875/2875/31 2892/2892/31 2878/2878/31
f 2890/2890/31 2897/2897/31 2891/2891/33
f 2888/2888/31 2898/2898/30 2894/2894/35
f 2894/2894/35 2898/2898/30 2899/2899/31
f 2898/2898/30 2873/2873/35 2899/2899/31
f 2898/2898/30 2888/2888/31 2874/2874/31
f 2873/2873/35 2898/2898/30 2874/2874/31
f 2873/2873/35 2900/2900/31 2899/2899/31
f 2901/2901/31 2899/2899/31 2900/2900/31
f 2901/2901/31 2902/2902/33 2899/2899/31
f 2903/2903/33 2899/2899/31 2902/2902/33
f 2903/2903/33 2902/2902/33 2904/2904/31
f 2903/2903/33 2904/2904/31 2905/2905/30
f 2902/2902/33 2906/2906/31 2904/2904/31
f 2906/2906/31 2902/2902/33 2901/2901/31
f 2906/2906/31 2788/2788/71 2904/2904/31
f 2794/2794/31 2906/2906/31 2901/2901/31
f 2790/2790/31 2906/2906/31 2794/2794/31
f 2794/2794/31 2901/2901/31 2871/2871/33
f 2871/2871/33 2901/2901/31 2900/2900/31
f 2903/2903/33 2907/2907/30 2899/2899/31
f 2903/2903/33 2905/2905/30 2908/2908/31
f 2908/2908/31 2905/2905/30 2786/2786/30
f 2903/2903/33 2908/2908/31 2909/2909/33
f 2903/2903/33 2909/2909/33 2907/2907/30
f 2909/2909/33 2910/2910/31 2907/2907/30
f 2905/2905/30 2904/2904/31 2785/2785/33
f 2905/2905/30 2785/2785/33 2786/2786/30
f 2785/2785/33 2904/2904/31 2788/2788/71
f 2910/2910/31 2894/2894/35 2907/2907/30
f 2894/2894/35 2910/2910/31 2911/2911/31
f 2895/2895/31 2894/2894/35 2911/2911/31
f 2895/2895/31 2911/2911/31 2896/2896/31
f 2896/2896/31 2911/2911/31 2912/2912/33
f 2896/2896/31 2912/2912/33 2913/2913/31
f 2912/2912/33 2914/2914/33 2913/2913/31
f 2913/2913/31 2893/2893/63 2896/2896/31
f 2913/2913/31 2890/2890/31 2893/2893/63
f 2897/2897/31 2890/2890/31 2913/2913/31
f 2914/2914/33 2897/2897/31 2913/2913/31
f 2894/2894/35 2899/2899/31 2907/2907/30
f 2777/2777/33 2908/2908/31 2786/2786/30
f 2915/2915/31 2916/2916/30 2917/2917/31
f 2918/2918/30 2916/2916/30 2915/2915/31
f 2918/2918/30 2867/2867/31 2916/2916/30
f 2918/2918/30 2919/2919/31 2867/2867/31
f 2887/2887/33 2919/2919/31 2918/2918/30
f 2887/2887/33 2918/2918/30 2920/2920/31
f 2915/2915/31 2921/2921/33 2918/2918/30
f 2920/2920/31 2918/2918/30 2921/2921/33
f 2920/2920/31 2921/2921/33 2922/2922/31
f 2916/2916/30 2867/2867/31 2865/2865/31
f 2916/2916/30 2865/2865/31 2917/2917/31
f 2865/2865/31 2868/2868/33 2917/2917/31
f 2879/2879/33 2917/2917/31 2868/2868/33
f 2879/2879/33 2915/2915/31 2917/2917/31
f 2919/2919/31 2870/2870/35 2867/2867/31
f 2919/2919/31 2880/2880/35 2870/2870/35
f 2887/2887/33 2880/2880/35 2919/2919/31
f 2887/2887/33 2920/2920/31 2923/2923/30
f 2923/2923/30 2920/2920/31 2922/2922/31
f 2887/2887/33 2923/2923/30 2924/2924/75
f 2925/2925/33 2924/2924/75 2923/2923/30
f 2926/2926/33 2925/2925/33 2923/2923/30
f 2926/2926/33 2923/2923/30 2927/2927/33
f 2923/2923/30 2922/2922/31 2927/2927/33
f 2924/2924/75 2925/2925/33 2928/2928/33
f 2924/2924/75 2847/2847/33 2887/2887/33
f 2847/2847/33 2924/2924/75 2928/2928/33
f 2847/2847/33 2928/2928/33 2845/2845/33
f 2847/2847/33 2846/2846/34 2886/2886/34
f 2886/2886/34 2846/2846/34 2839/2839/35
f 2839/2839/35 2838/2838/34 2884/2884/31
f 2838/2838/34 2805/2805/60 2884/2884/31
f 2884/2884/31 2805/2805/60 2801/2801/31
f 2884/2884/31 2801/2801/31 2882/2882/31
f 2882/2882/31 2801/2801/31 2872/2872/31
f 2801/2801/31 2797/2797/31 2872/2872/31
f 2872/2872/31 2797/2797/31 2798/2798/31
f 2794/2794/31 2871/2871/33 2798/2798/31
f 2840/2840/31 2806/2806/31 2805/2805/60
f 2837/2837/30 2806/2806/31 2840/2840/31
f 2837/2837/30 2822/2822/31 2806/2806/31
f 2837/2837/30 2835/2835/33 2822/2822/31
f 2822/2822/31 2835/2835/33 2829/2829/31
f 2871/2871/33 2900/2900/31 2863/2863/30
f 2863/2863/30 2900/2900/31 2873/2873/35
f 2818/2818/36 2831/2831/63 2929/2929/31
f 2818/2818/36 2929/2929/31 2817/2817/33
f 2930/2930/31 2817/2817/33 2929/2929/31
f 2930/2930/31 2931/2931/31 2817/2817/33
f 2817/2817/33 2931/2931/31 2813/2813/31
f 2931/2931/31 2815/2815/31 2813/2813/31
f 2765/2765/31 2932/2932/31 2766/2766/33
f 2933/2933/76 2766/2766/33 2932/2932/31
f 2933/2933/76 2934/2934/31 2766/2766/33
f 2766/2766/33 2934/2934/31 2770/2770/30
f 2826/2826/31 2770/2770/30 2934/2934/31
f 2826/2826/31 2935/2935/30 2770/2770/30
f 2934/2934/31 2933/2933/76 2827/2827/31
f 2934/2934/31 2827/2827/31 2826/2826/31
f 2933/2933/76 2804/2804/35 2827/2827/31
f 2933/2933/76 2799/2799/30 2804/2804/35
f 2932/2932/31 2799/2799/30 2933/2933/76
f 2819/2819/30 2935/2935/30 2826/2826/31
f 2819/2819/30 2824/2824/74 2935/2935/30
f 2932/2932/31 2793/2793/36 2799/2799/30
f 2765/2765/31 2793/2793/36 2932/2932/31
f 2765/2765/31 2791/2791/31 2793/2793/36
f 2783/2783/30 2791/2791/31 2765/2765/31
f 2783/2783/30 2765/2765/31 2763/2763/71
f 2783/2783/30 2763/2763/71 2775/2775/31
f 2764/2764/30 2769/2769/31 2936/2936/36
f 2764/2764/30 2936/2936/36 2767/2767/31
f 2767/2767/31 2936/2936/36 2768/2768/30
f 2749/2749/66 2779/2779/31 2772/2772/31
f 2749/2749/66 2772/2772/31 2750/2750/31
f 2779/2779/31 2749/2749/66 2753/2753/31
f 2779/2779/31 2753/2753/31 2778/2778/31
f 2906/2906/31 2790/2790/31 2787/2787/30
f 2906/2906/31 2787/2787/30 2788/2788/71
f 2937/2937/3 2938/2938/2 2939/2939/1
f 2937/2937/3 2939/2939/1 2940/2940/77
f 2940/2940/77 2939/2939/1 2941/2941/2
f 2942/2942/1 2938/2938/2 2937/2937/3
f 2943/2943/1 2942/2942/1 2937/2937/3
f 2944/2944/1 2942/2942/1 2943/2943/1
f 2945/2945/2 2946/2946/6 2947/2947/4
f 2945/2945/2 2948/2948/3 2946/2946/6
f 2948/2948/3 2949/2949/1 2946/2946/6
f 2949/2949/1 2950/2950/13 2946/2946/6
f 2951/2951/4 2950/2950/13 2949/2949/1
f 2951/2951/4 2952/2952/3 2950/2950/13
f 2951/2951/4 2953/2953/9 2952/2952/3
f 2950/2950/13 2954/2954/2 2946/2946/6
f 2952/2952/3 2954/2954/2 2950/2950/13
f 2955/2955/2 2954/2954/2 2952/2952/3
f 2955/2955/2 2956/2956/1 2954/2954/2
f 2957/2957/1 2945/2945/2 2947/2947/4
f 2947/2947/4 2958/2958/4 2957/2957/1
f 2947/2947/4 2959/2959/8 2958/2958/4
f 2955/2955/2 2960/2960/1 2956/2956/1
f 2961/2961/11 2960/2960/1 2955/2955/2
f 2961/2961/11 2962/2962/2 2960/2960/1
f 2951/2951/2 2963/2963/78 2964/2964/1
f 2963/2963/78 2965/2965/2 2964/2964/1
f 2965/2965/2 2966/2966/1 2964/2964/1
f 2967/2967/1 2966/2966/1 2965/2965/2
f 2965/2965/2 2968/2968/5 2967/2967/1
f 2967/2967/1 2968/2968/5 2969/2969/3
f 2969/2969/3 2966/2966/1 2967/2967/1
f 2970/2970/6 2966/2966/1 2969/2969/3
f 2970/2970/6 2969/2969/3 2971/2971/2
f 2970/2970/6 2971/2971/2 2972/2972/1
f 2972/2972/1 2971/2971/2 2973/2973/1
f 2972/2972/1 2973/2973/1 2974/2974/4
f 2975/2975/2 2972/2972/1 2974/2974/4
f 2975/2975/2 2976/2976/2 2972/2972/1
f 2976/2976/2 2977/2977/1 2972/2972/1
f 2976/2976/2 2978/2978/6 2977/2977/1
f 2978/2978/6 2979/2979/11 2977/2977/1
f 2975/2975/2 2974/2974/4 2980/2980/2
f 2975/2975/2 2980/2980/2 2981/2981/2
f 2982/2982/2 2975/2975/2 2981/2981/2
f 2982/2982/2 2981/2981/2 2983/2983/10
f 2983/2983/10 2984/2984/1 2982/2982/2
f 2984/2984/1 2985/2985/1 2982/2982/2
f 2977/2977/12 2986/2986/1 2987/2987/1
f 2978/2978/2 2988/2988/11 2989/2989/2
f 2990/2990/2 2991/2991/4 2988/2988/4
f 2992/2992/2 2990/2990/2 2988/2988/4
f 2991/2991/4 2990/2990/2 2993/2993/4
f 2991/2991/4 2993/2993/4 2994/2994/1
f 2992/2992/2 2995/2995/1 2996/2996/2
f 2996/2996/2 2995/2995/1 2997/2997/1
f 2997/2997/1 2995/2995/1 2998/2998/1
f 2998/2998/1 2995/2995/1 2999/2999/1
f 3000/3000/1 2999/2999/8 3001/3001/1
f 3002/3002/6 3001/3001/2 2956/2956/2
f 3003/3003/6 3004/3004/6 3001/3001/1
f 3005/3005/1 3004/3004/6 3003/3003/6
f 3005/3005/1 3003/3003/6 3006/3006/1
f 3007/3007/2 3008/3008/1 3009/3009/1
f 3007/3007/2 3010/3010/3 3008/3008/1
f 3008/3008/1 3010/3010/3 3011/3011/1
f 3010/3010/3 3012/3012/2 3011/3011/1
f 3011/3011/1 3012/3012/2 3013/3013/2
f 3011/3011/1 3013/3013/2 3014/3014/1
f 3014/3014/1 3013/3013/2 3015/3015/4
f 3016/3016/1 3014/3014/1 3015/3015/4
f 3017/3017/11 3018/3018/4 3019/3019/2
f 3020/3020/39 3021/3021/47 3022/3022/39
f 3020/3020/39 3023/3023/39 3021/3021/47
f 3022/3022/39 3021/3021/47 3024/3024/39
f 3025/3025/38 3022/3022/39 3024/3024/39
f 3025/3025/38 3020/3020/39 3022/3022/39
f 3026/3026/39 3023/3023/39 3020/3020/39
f 3026/3026/39 3027/3027/39 3023/3023/39
f 3028/3028/39 3027/3027/39 3026/3026/39
f 3029/3029/37 3028/3028/39 3026/3026/39
f 3030/3030/37 3028/3028/39 3029/3029/37
f 3031/3031/41 3030/3030/37 3029/3029/37
f 3031/3031/41 3032/3032/41 3030/3030/37
f 3030/3030/37 3033/3033/37 3028/3028/39
f 3030/3030/37 3034/3034/37 3033/3033/37
f 3035/3035/38 3030/3030/37 3032/3032/41
f 3036/3036/37 3035/3035/38 3032/3032/41
f 3036/3036/37 3037/3037/39 3035/3035/38
f 3038/3038/38 3035/3035/38 3037/3037/39
f 3038/3038/38 3037/3037/39 3039/3039/38
f 3040/3040/39 3039/3039/38 3037/3037/39
f 3040/3040/39 3037/3037/39 3041/3041/37
f 3036/3036/37 3041/3041/37 3037/3037/39
f 3040/3040/39 3041/3041/37 3042/3042/38
f 3040/3040/39 3042/3042/38 3043/3043/41
f 3035/3035/38 3044/3044/38 3030/3030/37
f 3045/3045/41 3042/3042/38 3041/3041/37
f 3036/3036/37 3045/3045/41 3041/3041/37
f 3045/3045/41 3046/3046/39 3042/3042/38
f 3047/3047/37 3046/3046/39 3045/3045/41
f 3047/3047/37 3045/3045/41 3048/3048/37
f 3045/3045/41 3036/3036/37 3048/3048/37
f 3046/3046/39 3047/3047/37 3049/3049/37
f 3050/3050/38 3046/3046/39 3049/3049/37
f 3050/3050/38 3049/3049/37 3051/3051/41
f 3052/3052/37 3050/3050/38 3051/3051/41
f 3052/3052/37 3051/3051/41 3053/3053/79
f 3053/3053/79 3051/3051/41 3054/3054/44
f 3049/3049/37 3055/3055/38 3051/3051/41
f 3055/3055/38 3054/3054/44 3051/3051/41
f 3049/3049/37 3056/3056/41 3055/3055/38
f 3057/3057/37 3056/3056/41 3049/3049/37
f 3049/3049/37 3047/3047/37 3057/3057/37
f 3057/3057/37 3058/3058/38 3056/3056/41
f 3059/3059/37 3047/3047/37 3048/3048/37
f 3048/3048/37 3031/3031/41 3059/3059/37
f 3031/3031/41 3060/3060/39 3059/3059/37
f 3031/3031/41 3029/3029/37 3060/3060/39
f 3029/3029/37 3061/3061/39 3060/3060/39
f 3029/3029/37 3026/3026/39 3061/3061/39
f 3020/3020/39 3061/3061/39 3026/3026/39
f 3020/3020/39 3062/3062/47 3061/3061/39
f 3025/3025/38 3062/3062/47 3020/3020/39
f 3025/3025/38 3063/3063/38 3062/3062/47
f 3061/3061/39 3064/3064/37 3060/3060/39
f 3064/3064/37 3059/3059/37 3060/3060/39
f 3061/3061/39 3065/3065/39 3064/3064/37
f 3066/3066/41 3065/3065/39 3061/3061/39
f 3066/3066/41 3061/3061/39 3062/3062/47
f 3065/3065/39 3067/3067/37 3064/3064/37
f 3065/3065/39 3068/3068/37 3067/3067/37
f 3069/3069/39 3068/3068/37 3065/3065/39
f 3069/3069/39 3065/3065/39 3066/3066/41
f 3064/3064/37 3067/3067/37 3070/3070/39
f 3064/3064/37 3070/3070/39 3071/3071/37
f 3071/3071/37 3070/3070/39 3047/3047/37
f 3064/3064/37 3071/3071/37 3059/3059/37
f 3059/3059/37 3071/3071/37 3047/3047/37
f 3062/3062/47 3063/3063/38 3072/3072/37
f 3062/3062/47 3072/3072/37 3066/3066/41
f 3072/3072/37 3073/3073/38 3066/3066/41
f 3072/3072/37 3074/3074/38 3073/3073/38
f 3075/3075/38 3025/3025/38 3076/3076/37
f 3077/3077/41 3078/3078/38 3079/3079/38
f 3077/3077/41 3079/3079/38 3080/3080/38
f 3080/3080/38 3079/3079/38 3081/3081/37
f 3080/3080/38 3081/3081/37 3082/3082/37
f 3083/3083/37 3082/3082/37 3081/3081/37
f 3083/3083/37 3081/3081/37 3084/3084/37
f 3080/3080/38 3082/3082/37 3085/3085/41
f 3080/3080/38 3085/3085/41 3086/3086/38
f 3080/3080/38 3086/3086/38 3087/3087/38
f 3080/3080/38 3087/3087/38 3088/3088/41
f 3089/3089/38 3079/3079/38 3078/3078/38
f 3089/3089/38 3090/3090/37 3079/3079/38
f 3079/3079/38 3090/3090/37 3091/3091/39
f 3079/3079/38 3091/3091/39 3081/3081/37
f 3081/3081/37 3091/3091/39 3092/3092/39
f 3081/3081/37 3092/3092/39 3084/3084/37
f 3093/3093/41 3094/3094/37 3095/3095/39
f 3096/3096/39 3097/3097/39 3098/3098/38
f 3099/3099/41 3100/3100/38 3101/3101/41
f 3102/3102/39 3103/3103/38 3104/3104/38
f 3105/3105/41 3106/3106/37 3107/3107/38
f 3105/3105/41 3107/3107/38 3028/3028/39
f 3108/3108/38 3107/3107/38 3106/3106/37
f 3027/3027/39 3107/3107/38 3108/3108/38
f 3028/3028/39 3107/3107/38 3027/3027/39
f 3027/3027/39 3108/3108/38 3109/3109/41
f 3108/3108/38 3106/3106/37 3110/3110/37
f 3035/3035/38 3038/3038/38 3111/3111/41
f 3035/3035/38 3111/3111/41 3112/3112/37
f 3112/3112/37 3111/3111/41 3113/3113/41
f 3112/3112/37 3113/3113/41 3114/3114/39
f 3114/3114/39 3113/3113/41 3115/3115/39
f 3114/3114/39 3115/3115/39 3116/3116/38
f 3116/3116/38 3115/3115/39 3117/3117/38
f 3116/3116/38 3117/3117/38 3118/3118/39
f 3117/3117/38 3115/3115/39 3119/3119/44
f 3115/3115/39 3113/3113/41 3120/3120/39
f 3119/3119/44 3115/3115/39 3120/3120/39
f 3119/3119/44 3120/3120/39 3121/3121/45
f 3122/3122/39 3123/3123/39 3124/3124/37
f 3122/3122/39 3124/3124/37 3125/3125/37
f 3032/3032/41 3031/3031/41 3048/3048/37
f 3032/3032/41 3048/3048/37 3036/3036/37
f 3126/3126/37 3127/3127/47 3128/3128/47
f 3126/3126/37 3128/3128/47 3129/3129/46
f 3127/3127/47 3130/3130/38 3128/3128/47
f 3131/3131/39 3130/3130/38 3127/3127/47
f 3131/3131/39 3127/3127/47 3126/3126/37
f 3132/3132/47 3126/3126/37 3129/3129/46
f 3132/3132/47 3129/3129/46 3133/3133/41
f 3134/3134/37 3132/3132/47 3133/3133/41
f 3135/3135/41 3132/3132/47 3134/3134/37
f 3136/3136/39 3135/3135/41 3134/3134/37
f 3137/3137/39 3135/3135/41 3136/3136/39
f 3137/3137/39 3136/3136/39 3138/3138/37
f 3136/3136/39 3134/3134/37 3139/3139/37
f 3136/3136/39 3139/3139/37 3140/3140/38
f 3141/3141/47 3138/3138/37 3136/3136/39
f 3142/3142/39 3138/3138/37 3141/3141/47
f 3142/3142/39 3141/3141/47 3143/3143/37
f 3144/3144/39 3143/3143/37 3141/3141/47
f 3144/3144/39 3145/3145/39 3143/3143/37
f 3146/3146/37 3143/3143/37 3145/3145/39
f 3146/3146/37 3147/3147/40 3143/3143/37
f 3142/3142/39 3143/3143/37 3147/3147/40
f 3146/3146/37 3148/3148/38 3147/3147/40
f 3146/3146/37 3149/3149/38 3148/3148/38
f 3141/3141/47 3136/3136/39 3150/3150/38
f 3151/3151/41 3147/3147/40 3148/3148/38
f 3142/3142/39 3147/3147/40 3151/3151/41
f 3151/3151/41 3148/3148/38 3152/3152/38
f 3153/3153/43 3151/3151/41 3152/3152/38
f 3153/3153/43 3154/3154/52 3151/3151/41
f 3151/3151/41 3154/3154/52 3142/3142/39
f 3152/3152/38 3155/3155/39 3153/3153/43
f 3156/3156/52 3155/3155/39 3152/3152/38
f 3156/3156/52 3157/3157/39 3155/3155/39
f 3158/3158/41 3157/3157/39 3156/3156/52
f 3158/3158/41 3159/3159/37 3157/3157/39
f 3159/3159/37 3160/3160/38 3157/3157/39
f 3155/3155/39 3157/3157/39 3161/3161/38
f 3161/3161/38 3157/3157/39 3160/3160/38
f 3155/3155/39 3161/3161/38 3162/3162/37
f 3163/3163/37 3155/3155/39 3162/3162/37
f 3155/3155/39 3163/3163/37 3153/3153/43
f 3163/3163/37 3162/3162/37 3164/3164/37
f 3165/3165/50 3154/3154/52 3153/3153/43
f 3154/3154/52 3165/3165/50 3137/3137/39
f 3137/3137/39 3165/3165/50 3166/3166/37
f 3137/3137/39 3166/3166/37 3135/3135/41
f 3135/3135/41 3166/3166/37 3167/3167/37
f 3135/3135/41 3167/3167/37 3132/3132/47
f 3126/3126/37 3132/3132/47 3167/3167/37
f 3126/3126/37 3167/3167/37 3168/3168/37
f 3131/3131/39 3126/3126/37 3168/3168/37
f 3131/3131/39 3168/3168/37 3169/3169/38
f 3167/3167/37 3166/3166/37 3170/3170/37
f 3170/3170/37 3166/3166/37 3165/3165/50
f 3167/3167/37 3170/3170/37 3171/3171/38
f 3172/3172/38 3168/3168/37 3167/3167/37
f 3172/3172/38 3167/3167/37 3171/3171/38
f 3171/3171/38 3170/3170/37 3173/3173/45
f 3171/3171/38 3173/3173/45 3174/3174/38
f 3175/3175/38 3172/3172/38 3171/3171/38
f 3175/3175/38 3171/3171/38 3174/3174/38
f 3170/3170/37 3176/3176/37 3173/3173/45
f 3170/3170/37 3177/3177/38 3176/3176/37
f 3177/3177/38 3153/3153/43 3176/3176/37
f 3170/3170/37 3165/3165/50 3177/3177/38
f 3165/3165/50 3153/3153/43 3177/3177/38
f 3168/3168/37 3172/3172/38 3178/3178/39
f 3168/3168/37 3178/3178/39 3169/3169/38
f 3178/3178/39 3172/3172/38 3179/3179/39
f 3178/3178/39 3179/3179/39 3180/3180/41
f 3181/3181/39 3182/3182/41 3131/3131/39
f 3183/3183/37 3184/3184/38 3185/3185/39
f 3183/3183/37 3185/3185/39 3186/3186/37
f 3184/3184/38 3187/3187/37 3185/3185/39
f 3184/3184/38 3188/3188/39 3187/3187/37
f 3189/3189/39 3187/3187/37 3188/3188/39
f 3189/3189/39 3190/3190/38 3187/3187/37
f 3184/3184/38 3191/3191/39 3188/3188/39
f 3184/3184/38 3192/3192/38 3191/3191/39
f 3184/3184/38 3193/3193/41 3192/3192/38
f 3184/3184/38 3194/3194/37 3193/3193/41
f 3195/3195/41 3186/3186/37 3185/3185/39
f 3195/3195/41 3185/3185/39 3196/3196/37
f 3185/3185/39 3187/3187/37 3197/3197/38
f 3185/3185/39 3197/3197/38 3196/3196/37
f 3187/3187/37 3190/3190/38 3198/3198/39
f 3187/3187/37 3198/3198/39 3197/3197/38
f 3199/3199/41 3200/3200/41 3201/3201/44
f 3202/3202/38 3203/3203/38 3204/3204/46
f 3205/3205/41 3206/3206/41 3207/3207/41
f 3208/3208/37 3209/3209/38 3210/3210/38
f 3211/3211/38 3134/3134/37 3212/3212/44
f 3211/3211/38 3212/3212/44 3213/3213/37
f 3214/3214/39 3213/3213/37 3212/3212/44
f 3133/3133/41 3214/3214/39 3212/3212/44
f 3134/3134/37 3133/3133/41 3212/3212/44
f 3133/3133/41 3215/3215/41 3214/3214/39
f 3214/3214/39 3216/3216/41 3213/3213/37
f 3141/3141/47 3217/3217/37 3218/3218/39
f 3141/3141/47 3218/3218/39 3144/3144/39
f 3217/3217/37 3219/3219/38 3218/3218/39
f 3217/3217/37 3220/3220/47 3219/3219/38
f 3220/3220/47 3221/3221/43 3219/3219/38
f 3220/3220/47 3222/3222/38 3221/3221/43
f 3222/3222/38 3223/3223/39 3221/3221/43
f 3222/3222/38 3224/3224/38 3223/3223/39
f 3223/3223/39 3225/3225/41 3221/3221/43
f 3221/3221/43 3226/3226/37 3219/3219/38
f 3225/3225/41 3226/3226/37 3221/3221/43
f 3225/3225/41 3227/3227/39 3226/3226/37
f 3228/3228/37 3229/3229/37 3230/3230/37
f 3228/3228/37 3230/3230/37 3231/3231/41
f 3138/3138/37 3142/3142/39 3154/3154/52
f 3138/3138/37 3154/3154/52 3137/3137/39
f 3232/3232/80 3233/3233/80 3234/3234/80
f 3232/3232/80 3234/3234/80 3235/3235/80
f 3235/3235/80 3236/3236/80 3232/3232/80
f 3235/3235/80 3237/3237/80 3236/3236/80
f 3237/3237/80 3238/3238/80 3236/3236/80
f 3237/3237/80 3239/3239/80 3238/3238/80
f 3238/3238/80 3240/3240/80 3236/3236/80
f 3236/3236/80 3240/3240/80 3232/3232/80
f 3241/3241/80 3240/3240/80 3238/3238/80
f 3241/3241/80 3238/3238/80 3242/3242/80
f 3238/3238/80 3239/3239/80 3243/3243/80
f 3238/3238/80 3243/3243/80 3242/3242/80
f 3239/3239/80 3244/3244/80 3243/3243/80
f 3245/3245/80 3244/3244/80 3239/3239/80
f 3245/3245/80 3239/3239/80 3246/3246/80
f 3247/3247/80 3248/3248/81 3249/3249/80
f 3247/3247/80 3249/3249/80 3250/3250/82
f 3249/3249/80 3248/3248/81 3251/3251/80
f 3249/3249/80 3251/3251/80 3252/3252/80
f 3253/3253/80 3247/3247/80 3250/3250/82
f 3253/3253/80 3254/3254/80 3247/3247/80
f 3253/3253/80 3255/3255/80 3254/3254/80
f 3253/3253/80 3256/3256/80 3255/3255/80
f 3257/3257/80 3252/3252/80 3251/3251/80
f 3257/3257/80 3258/3258/83 3252/3252/80
f 3258/3258/83 3257/3257/80 3259/3259/83
f 3260/3260/80 3261/3261/80 3262/3262/80
f 3262/3262/80 3261/3261/80 3263/3263/82
f 3264/3264/80 3261/3261/80 3260/3260/80
f 3264/3264/80 3260/3260/80 3265/3265/80
f 3261/3261/80 3266/3266/80 3263/3263/82
f 3266/3266/80 3261/3261/80 3267/3267/84
f 3268/3268/80 3269/3269/81 3270/3270/80
f 3268/3268/80 3270/3270/80 3271/3271/80
f 3272/3272/80 3270/3270/80 3269/3269/81
f 3272/3272/80 3273/3273/80 3270/3270/80
f 3274/3274/80 3271/3271/80 3270/3270/80
f 3274/3274/80 3270/3270/80 3275/3275/80
f 3276/3276/80 3272/3272/81 3277/3277/85
f 3277/3277/85 3272/3272/81 3278/3278/85
f 3279/3279/82 3280/3280/80 3278/3278/81
f 3279/3279/82 3281/3281/80 3280/3280/80
f 3279/3279/82 3282/3282/80 3281/3281/80
f 3283/3283/80 3284/3284/80 3279/3279/84
f 3283/3283/80 3279/3279/84 3285/3285/80
f 3286/3286/81 3287/3287/80 3270/3270/80
f 3286/3286/81 3288/3288/80 3287/3287/80
f 3289/3289/83 3290/3290/80 3291/3291/80
f 3289/3289/83 3291/3291/80 3292/3292/80
f 3293/3293/80 3294/3294/81 3290/3290/80
f 3293/3293/80 3295/3295/80 3294/3294/81
f 3296/3296/81 3297/3297/80 3294/3294/81
f 3296/3296/81 3298/3298/85 3297/3297/80
f 3296/3296/81 3299/3299/80 3298/3298/85
f 3299/3299/80 3300/3300/80 3298/3298/85
f 3298/3298/85 3300/3300/80 3297/3297/80
f 3299/3299/80 3301/3301/80 3300/3300/80
f 3297/3297/80 3300/3300/80 3302/3302/80
f 3297/3297/80 3302/3302/80 3303/3303/80
f 3304/3304/80 3297/3297/80 3303/3303/80
f 3304/3304/80 3305/3305/80 3297/3297/80
f 3304/3304/80 3306/3306/80 3305/3305/80
f 3307/3307/80 3306/3306/80 3304/3304/80
f 3304/3304/80 3303/3303/80 3307/3307/80
f 3308/3308/80 3306/3306/80 3309/3309/81
f 3308/3308/80 3309/3309/81 3310/3310/80
f 3310/3310/80 3311/3311/81 3308/3308/80
f 3309/3309/81 3312/3312/80 3310/3310/80
f 3312/3312/80 3313/3313/80 3310/3310/80
f 3312/3312/80 3314/3314/80 3313/3313/80
f 3312/3312/80 3315/3315/80 3314/3314/80
f 3315/3315/80 3300/3300/80 3316/3316/80
f 3315/3315/80 3316/3316/80 3314/3314/80
f 3317/3317/80 3306/3306/86 3318/3318/87
f 3319/3319/82 3317/3317/80 3318/3318/87
f 3320/3320/80 3317/3317/80 3319/3319/82
f 3320/3320/80 3319/3319/82 3321/3321/80
f 3319/3319/82 3318/3318/87 3321/3321/80
f 3322/3322/82 3323/3323/80 3317/3317/80
f 3317/3317/80 3323/3323/80 3324/3324/80
f 3323/3323/80 3325/3325/80 3324/3324/80
f 3326/3326/80 3327/3327/80 3328/3328/82
f 3329/3329/82 3330/3330/82 3331/3331/83
f 3329/3329/82 3331/3331/83 3332/3332/88
f 3332/3332/88 3331/3331/83 3333/3333/83
f 3333/3333/83 3331/3331/83 3334/3334/80
f 3335/3335/80 3336/3336/82 3337/3337/81
f 3337/3337/81 3338/3338/81 3335/3335/80
f 3339/3339/81 3338/3338/81 3337/3337/81
f 3340/3340/80 3339/3339/81 3337/3337/81
f 3341/3341/80 3340/3340/80 3337/3337/81
f 3341/3341/80 3337/3337/81 3342/3342/83
f 3342/3342/83 3337/3337/81 3336/3336/82
f 3342/3342/83 3343/3343/80 3341/3341/80
f 3342/3342/83 3344/3344/80 3343/3343/80
f 3336/3336/82 3344/3344/80 3342/3342/83
f 3345/3345/83 3346/3346/83 3347/3347/88
f 3345/3345/83 3348/3348/80 3346/3346/83
f 3349/3349/80 3347/3347/88 3346/3346/83
f 3350/3350/89 3351/3351/80 3352/3352/83
f 3350/3350/89 3353/3353/80 3351/3351/80
f 3351/3351/80 3353/3353/80 3354/3354/81
f 3354/3354/81 3355/3355/90 3351/3351/80
f 3351/3351/80 3355/3355/90 3352/3352/83
f 3354/3354/82 3356/3356/80 3357/3357/80
f 3358/3358/84 3359/3359/81 3360/3360/81
f 3358/3358/84 3360/3360/81 3361/3361/85
f 3362/3362/82 3360/3360/81 3359/3359/81
f 3362/3362/82 3363/3363/80 3360/3360/81
f 3358/3358/81 3364/3364/80 3365/3365/80
f 3358/3358/81 3365/3365/80 3366/3366/80
f 3367/3367/80 3368/3368/85 3365/3365/84
f 3367/3367/80 3365/3365/84 3369/3369/80
f 3370/3370/85 3371/3371/80 3368/3368/85
f 3370/3370/85 3368/3368/85 3372/3372/84
f 3373/3373/85 3371/3371/88 3374/3374/85
f 3373/3373/85 3375/3375/80 3376/3376/85
f 3373/3373/85 3376/3376/85 3377/3377/80
f 3377/3377/80 3376/3376/85 3378/3378/80
f 3379/3379/82 3380/3380/80 3381/3381/80
f 3379/3379/82 3381/3381/80 3382/3382/82
f 3383/3383/80 3380/3380/80 3379/3379/82
f 3383/3383/80 3384/3384/80 3380/3380/80
f 3385/3385/80 3386/3386/80 3384/3384/83
f 3385/3385/80 3384/3384/83 3387/3387/80
f 3388/3388/83 3386/3386/80 3385/3385/80
f 3388/3388/83 3389/3389/80 3386/3386/80
f 3390/3390/80 3391/3391/80 3392/3392/80
f 3390/3390/80 3392/3392/80 3393/3393/91
f 3394/3394/80 3390/3390/80 3393/3393/91
f 3394/3394/80 3393/3393/91 3395/3395/80
f 3390/3390/80 3396/3396/80 3391/3391/80
f 3390/3390/80 3397/3397/80 3396/3396/80
f 3394/3394/80 3397/3397/80 3390/3390/80
f 3394/3394/80 3398/3398/80 3397/3397/80
f 3399/3399/80 3400/3400/80 3394/3394/80
f 3399/3399/80 3401/3401/80 3400/3400/80
f 3402/3402/80 3394/3394/80 3403/3403/80
f 3402/3402/80 3403/3403/80 3404/3404/80
f 3405/3405/80 3406/3406/80 3407/3407/80
f 3405/3405/80 3407/3407/80 3408/3408/80
f 3409/3409/80 3405/3405/80 3408/3408/80
f 3409/3409/80 3408/3408/80 3410/3410/80
f 3411/3411/80 3407/3407/80 3406/3406/80
f 3411/3411/80 3412/3412/80 3407/3407/80
f 3413/3413/81 3412/3412/80 3411/3411/80
f 3413/3413/81 3414/3414/81 3412/3412/80
f 3415/3415/80 3416/3416/80 3417/3417/80
f 3415/3415/80 3417/3417/80 3418/3418/80
f 3419/3419/81 3415/3415/80 3418/3418/80
f 3419/3419/81 3418/3418/80 3420/3420/84
f 3421/3421/92 3422/3422/85 3423/3423/80
f 3421/3421/92 3423/3423/80 3424/3424/82
f 3422/3422/85 3425/3425/80 3423/3423/80
f 3422/3422/85 3426/3426/88 3425/3425/80
f 3424/3424/82 3427/3427/80 3421/3421/92
f 3427/3427/80 3428/3428/85 3421/3421/92
f 3423/3423/80 3429/3429/80 3424/3424/82
f 3423/3423/80 3430/3430/80 3429/3429/80
f 3430/3430/80 3431/3431/80 3429/3429/80
f 3432/3432/80 3423/3423/80 3425/3425/80
f 3432/3432/80 3433/3433/80 3423/3423/80
f 3433/3433/80 3432/3432/80 3434/3434/80
f 3433/3433/80 3434/3434/80 3435/3435/80
f 3436/3436/80 3435/3435/80 3434/3434/80
f 3436/3436/80 3437/3437/80 3435/3435/80
f 3437/3437/80 3436/3436/80 3438/3438/80
f 3437/3437/80 3438/3438/80 3439/3439/80
f 3440/3440/83 3429/3429/80 3431/3431/80
f 3441/3441/80 3440/3440/83 3431/3431/80
f 3440/3440/83 3441/3441/80 3442/3442/80
f 3440/3440/83 3442/3442/80 3443/3443/80
f 3441/3441/80 3431/3431/80 3444/3444/80
f 3440/3440/83 3445/3445/80 3429/3429/80
f 3440/3440/83 3443/3443/80 3446/3446/80
f 3440/3440/83 3446/3446/80 3445/3445/80
f 3446/3446/80 3443/3443/80 3447/3447/80
f 3446/3446/80 3447/3447/80 3448/3448/80
f 3449/3449/80 3448/3448/80 3447/3447/80
f 3449/3449/80 3450/3450/80 3448/3448/80
f 3451/3451/80 3452/3452/83 3450/3450/84
f 3453/3453/80 3451/3451/80 3450/3450/84
f 3454/3454/80 3453/3453/80 3450/3450/84
f 3454/3454/80 3455/3455/80 3453/3453/80
f 3456/3456/80 3455/3455/80 3454/3454/80
f 3454/3454/80 3450/3450/84 3457/3457/80
f 3458/3458/80 3459/3459/80 3455/3455/80
f 3458/3458/80 3455/3455/80 3460/3460/80
f 3455/3455/80 3461/3461/80 3460/3460/80
f 3455/3455/80 3462/3462/80 3461/3461/80
f 3461/3461/80 3462/3462/80 3463/3463/80
f 3461/3461/80 3463/3463/80 3464/3464/80
f 3465/3465/80 3463/3463/80 3462/3462/80
f 3465/3465/80 3462/3462/80 3466/3466/83
f 3459/3459/80 3467/3467/80 3468/3468/80
f 3469/3469/80 3468/3468/80 3467/3467/80
f 3469/3469/80 3467/3467/80 3470/3470/80
f 3458/3458/80 3471/3471/80 3472/3472/81
f 3458/3458/80 3472/3472/81 3473/3473/80
f 3471/3471/80 3474/3474/82 3475/3475/80
f 3471/3471/80 3475/3475/80 3476/3476/82
f 3477/3477/80 3478/3478/80 3479/3479/81
f 3477/3477/80 3479/3479/81 3480/3480/80
f 3481/3481/80 3477/3477/80 3480/3480/80
f 3481/3481/80 3480/3480/80 3482/3482/80
f 3483/3483/80 3481/3481/80 3482/3482/80
f 3483/3483/80 3482/3482/80 3484/3484/80
f 3485/3485/80 3486/3486/80 3487/3487/80
f 3485/3485/80 3487/3487/80 3488/3488/80
f 3488/3488/80 3487/3487/80 3489/3489/80
f 3488/3488/80 3489/3489/80 3490/3490/80
f 3491/3491/80 3486/3486/80 3485/3485/80
f 3491/3491/80 3485/3485/80 3492/3492/80
f 3492/3492/80 3485/3485/80 3493/3493/80
f 3492/3492/80 3493/3493/80 3494/3494/80
f 3489/3489/80 3425/3425/80 3490/3490/80
f 3495/3495/80 3496/3496/80 3497/3497/80
f 3495/3495/80 3497/3497/80 3498/3498/80
f 3499/3499/81 3497/3497/80 3496/3496/80
f 3499/3499/81 3500/3500/80 3497/3497/80
f 3500/3500/80 3499/3499/81 3501/3501/93
f 3501/3501/93 3502/3502/80 3500/3500/80
f 3501/3501/93 3503/3503/80 3502/3502/80
f 3496/3496/80 3495/3495/80 3504/3504/80
f 3496/3496/80 3504/3504/80 3505/3505/80
f 3506/3506/82 3499/3499/81 3496/3496/80
f 3506/3506/82 3496/3496/80 3505/3505/80
f 3507/3507/80 3506/3506/82 3505/3505/80
f 3507/3507/80 3508/3508/80 3506/3506/82
f 3508/3508/80 3426/3426/80 3506/3506/82
f 3499/3499/81 3506/3506/82 3426/3426/80
f 3499/3499/81 3426/3426/80 3501/3501/93
f 3509/3509/80 3510/3510/82 3511/3511/80
f 3509/3509/80 3511/3511/80 3512/3512/80
f 3509/3509/80 3512/3512/80 3513/3513/80
f 3512/3512/80 3514/3514/80 3513/3513/80
f 3512/3512/80 3515/3515/80 3514/3514/80
f 3509/3509/80 3513/3513/80 3516/3516/80
f 3517/3517/80 3516/3516/80 3518/3518/80
f 3517/3517/80 3518/3518/80 3519/3519/80
f 3517/3517/80 3519/3519/80 3520/3520/80
f 3517/3517/80 3520/3520/80 3521/3521/83
f 3519/3519/80 3518/3518/80 3522/3522/80
f 3519/3519/80 3522/3522/80 3523/3523/80
f 3524/3524/80 3525/3525/80 3526/3526/80
f 3524/3524/80 3526/3526/80 3527/3527/80
f 3527/3527/80 3528/3528/80 3524/3524/80
f 3528/3528/80 3529/3529/80 3530/3530/80
f 3529/3529/80 3531/3531/80 3530/3530/80
f 3529/3529/80 3532/3532/80 3531/3531/80
f 3528/3528/80 3530/3530/80 3533/3533/83
f 3534/3534/80 3535/3535/80 3536/3536/80
f 3534/3534/80 3536/3536/80 3537/3537/80
f 3538/3538/94 3534/3534/80 3537/3537/80
f 3538/3538/94 3539/3539/80 3534/3534/80
f 3540/3540/80 3541/3541/80 3542/3542/80
f 3540/3540/80 3542/3542/80 3543/3543/80
f 3544/3544/80 3540/3540/80 3543/3543/80
f 3544/3544/80 3545/3545/80 3540/3540/80
f 3546/3546/80 3547/3547/80 3540/3540/80
f 3546/3546/80 3548/3548/80 3547/3547/80
f 3547/3547/80 3548/3548/80 3549/3549/80
f 3547/3547/80 3549/3549/80 3550/3550/80
f 3551/3551/80 3552/3552/80 3542/3542/80
f 3551/3551/80 3553/3553/80 3552/3552/80
f 3553/3553/80 3554/3554/80 3552/3552/80
f 3553/3553/80 3555/3555/80 3554/3554/80
f 3556/3556/80 3557/3557/80 3540/3540/80
f 3556/3556/80 3558/3558/80 3557/3557/80
f 3558/3558/80 3556/3556/80 3559/3559/80
f 3558/3558/80 3559/3559/80 3560/3560/80
f 3561/3561/80 3562/3562/80 3563/3563/80
f 3561/3561/80 3563/3563/80 3564/3564/80
f 3565/3565/80 3564/3564/80 3563/3563/80
f 3565/3565/80 3563/3563/80 3566/3566/80
f 3567/3567/80 3568/3568/80 3569/3569/80
f 3567/3567/80 3569/3569/80 3570/3570/80
f 3571/3571/80 3568/3568/80 3567/3567/80
f 3571/3571/80 3572/3572/80 3568/3568/80
f 3570/3570/80 3569/3569/80 3573/3573/80
f 3570/3570/80 3573/3573/80 3574/3574/80
f 3567/3567/80 3575/3575/80 3571/3571/80
f 3567/3567/80 3576/3576/80 3575/3575/80
f 3576/3576/80 3577/3577/80 3575/3575/80
f 3576/3576/80 3578/3578/80 3577/3577/80
f 3577/3577/80 3578/3578/80 3579/3579/80
f 3577/3577/80 3579/3579/80 3580/3580/80
f 3581/3581/80 3582/3582/80 3583/3583/80
f 3581/3581/80 3583/3583/80 3584/3584/80
f 3585/3585/80 3581/3581/80 3584/3584/80
f 3585/3585/80 3584/3584/80 3586/3586/80
f 3587/3587/80 3586/3586/80 3584/3584/80
f 3587/3587/80 3584/3584/80 3588/3588/80
f 3589/3589/80 3590/3590/80 3583/3583/80
f 3589/3589/80 3591/3591/80 3590/3590/80
f 3592/3592/80 3591/3591/80 3589/3589/80
f 3592/3592/80 3593/3593/80 3591/3591/80
f 3594/3594/80 3592/3592/80 3589/3589/80
f 3594/3594/80 3595/3595/95 3592/3592/80
f 3594/3594/80 3596/3596/80 3595/3595/95
f 3594/3594/80 3597/3597/80 3596/3596/80
f 3598/3598/85 3592/3592/80 3595/3595/95
f 3598/3598/85 3599/3599/80 3592/3592/80
f 3598/3598/85 3600/3600/80 3599/3599/80
f 3598/3598/85 3601/3601/80 3600/3600/80
f 3602/3602/80 3601/3601/80 3598/3598/85
f 3602/3602/80 3598/3598/85 3603/3603/80
f 3603/3603/80 3598/3598/85 3595/3595/95
f 3603/3603/80 3595/3595/95 3596/3596/80
f 3604/3604/83 3605/3605/80 3606/3606/80
f 3604/3604/83 3606/3606/80 3607/3607/80
f 3607/3607/80 3606/3606/80 3608/3608/80
f 3607/3607/80 3608/3608/80 3609/3609/80
f 3610/3610/80 3611/3611/80 3612/3612/80
f 3610/3610/80 3612/3612/80 3613/3613/80
f 3611/3611/80 3610/3610/80 3614/3614/80
f 3611/3611/80 3614/3614/80 3615/3615/80
f 3612/3612/80 3616/3616/80 3613/3613/80
f 3612/3612/80 3617/3617/80 3616/3616/80
f 3612/3612/80 3618/3618/80 3617/3617/80
f 3619/3619/80 3615/3615/80 3620/3620/80
f 3619/3619/80 3620/3620/80 3621/3621/80
f 3622/3622/80 3619/3619/80 3621/3621/80
f 3622/3622/80 3621/3621/80 3623/3623/80
f 3624/3624/80 3625/3625/80 3626/3626/80
f 3624/3624/80 3626/3626/80 3627/3627/80
f 3628/3628/80 3629/3629/80 3630/3630/80
f 3628/3628/80 3630/3630/80 3631/3631/80
f 3632/3632/80 3633/3633/80 3634/3634/80
f 3632/3632/80 3634/3634/80 3635/3635/80
f 3636/3636/80 3637/3637/80 3638/3638/80
f 3636/3636/80 3638/3638/80 3639/3639/80
f 3640/3640/81 3641/3641/80 3642/3642/80
f 3640/3640/81 3642/3642/80 3643/3643/80
f 3644/3644/80 3645/3645/80 3646/3646/80
f 3644/3644/80 3646/3646/80 3647/3647/80
f 3647/3647/80 3646/3646/80 3648/3648/80
f 3647/3647/80 3648/3648/80 3649/3649/80
f 3650/3650/80 3649/3649/80 3648/3648/80
f 3650/3650/80 3651/3651/80 3649/3649/80
f 3651/3651/80 3650/3650/80 3652/3652/80
f 3651/3651/80 3652/3652/80 3653/3653/80
f 3654/3654/80 3655/3655/80 3656/3656/80
f 3654/3654/80 3656/3656/80 3657/3657/80
f 3657/3657/80 3658/3658/80 3654/3654/80
f 3657/3657/80 3659/3659/80 3658/3658/80
f 3660/3660/80 3658/3658/80 3659/3659/80
f 3660/3660/80 3659/3659/80 3661/3661/80
f 3662/3662/80 3663/3663/80 3664/3664/80
f 3662/3662/80 3664/3664/80 3665/3665/80
f 3666/3666/80 3662/3662/80 3665/3665/80
f 3666/3666/80 3665/3665/80 3667/3667/80
f 3666/3666/80 3667/3667/80 3668/3668/80
f 3666/3666/80 3668/3668/80 3669/3669/80
f 3669/3669/80 3668/3668/80 3670/3670/80
f 3669/3669/80 3670/3670/80 3671/3671/80
f 3672/3672/80 3673/3673/80 3674/3674/80
f 3672/3672/80 3674/3674/80 3675/3675/80
f 3675/3675/80 3674/3674/80 3676/3676/81
f 3675/3675/80 3676/3676/81 3677/3677/80
f 3672/3672/80 3675/3675/80 3678/3678/80
f 3678/3678/80 3675/3675/80 3677/3677/80
f 3672/3672/80 3678/3678/80 3679/3679/80
f 3678/3678/80 3677/3677/80 3680/3680/80
f 3681/3681/80 3682/3682/80 3683/3683/80
f 3681/3681/80 3683/3683/80 3684/3684/80
f 3685/3685/80 3681/3681/80 3684/3684/80
f 3685/3685/80 3684/3684/80 3686/3686/80
f 3687/3687/80 3685/3685/80 3686/3686/80
f 3687/3687/80 3686/3686/80 3688/3688/80
f 3689/3689/80 3682/3682/80 3681/3681/80
f 3689/3689/80 3681/3681/80 3690/3690/80
f 3687/3687/80 3691/3691/80 3692/3692/80
f 3687/3687/80 3692/3692/80 3693/3693/80
f 3694/3694/80 3695/3695/80 3696/3696/80
f 3694/3694/80 3696/3696/80 3697/3697/80
f 3695/3695/80 3694/3694/80 3698/3698/80
f 3695/3695/80 3698/3698/80 3699/3699/81
f 3700/3700/80 3694/3694/80 3697/3697/80
f 3700/3700/80 3697/3697/80 3701/3701/80
f 3702/3702/92 3698/3698/80 3694/3694/80
f 3702/3702/92 3694/3694/80 3700/3700/80
f 3696/3696/80 3703/3703/80 3704/3704/80
f 3704/3704/80 3703/3703/80 3705/3705/80
f 3704/3704/80 3705/3705/80 3706/3706/81
f 3696/3696/80 3704/3704/80 3707/3707/80
f 3708/3708/82 3709/3709/80 3710/3710/80
f 3708/3708/82 3710/3710/80 3711/3711/82
f 3708/3708/82 3711/3711/82 3712/3712/80
f 3708/3708/82 3712/3712/80 3713/3713/80
f 3714/3714/80 3709/3709/80 3715/3715/80
f 3714/3714/80 3715/3715/80 3716/3716/82
f 3709/3709/80 3714/3714/80 3717/3717/80
f 3709/3709/80 3717/3717/80 3718/3718/80
f 3719/3719/80 3715/3715/80 3709/3709/80
f 3719/3719/80 3709/3709/80 3720/3720/80
f 3721/3721/80 3719/3719/80 3720/3720/80
f 3721/3721/80 3722/3722/80 3719/3719/80
f 3723/3723/80 3724/3724/80 3725/3725/80
f 3723/3723/80 3725/3725/80 3726/3726/80
f 3727/3727/80 3728/3728/80 3725/3725/80
f 3727/3727/80 3725/3725/80 3729/3729/80
f 3730/3730/80 3731/3731/81 3732/3732/81
f 3730/3730/80 3732/3732/81 3733/3733/80
f 3734/3734/80 3735/3735/82 3736/3736/80
f 3734/3734/80 3736/3736/80 3737/3737/81
f 3738/3738/80 3735/3735/82 3734/3734/80
f 3738/3738/80 3739/3739/82 3735/3735/82
f 3740/3740/80 3739/3739/82 3738/3738/80
f 3740/3740/80 3738/3738/80 3741/3741/80
f 3735/3735/82 3739/3739/82 3742/3742/80
f 3735/3735/82 3742/3742/80 3743/3743/80
f 3744/3744/80 3736/3736/80 3735/3735/82
f 3744/3744/80 3735/3735/82 3743/3743/80
f 3740/3740/80 3745/3745/80 3739/3739/82
f 3746/3746/80 3747/3747/80 3736/3736/80
f 3746/3746/80 3736/3736/80 3748/3748/80
f 3749/3749/80 3746/3746/80 3748/3748/80
f 3749/3749/80 3748/3748/80 3750/3750/82
f 3751/3751/80 3749/3749/80 3750/3750/82
f 3751/3751/80 3752/3752/80 3749/3749/80
f 3748/3748/80 3753/3753/80 3750/3750/82
f 3748/3748/80 3754/3754/80 3753/3753/80
f 3755/3755/80 3754/3754/80 3748/3748/80
f 3755/3755/80 3748/3748/80 3736/3736/80
f 3751/3751/80 3750/3750/82 3756/3756/80
f 3757/3757/80 3758/3758/81 3759/3759/81
f 3757/3757/80 3759/3759/81 3760/3760/80
f 3757/3757/80 3760/3760/80 3761/3761/80
f 3757/3757/80 3761/3761/80 3762/3762/80
f 3763/3763/85 3764/3764/80 3759/3759/80
f 3763/3763/85 3765/3765/80 3764/3764/80
f 3766/3766/80 3764/3764/80 3765/3765/80
f 3766/3766/80 3765/3765/80 3767/3767/80
f 3768/3768/80 3769/3769/80 3770/3770/80
f 3768/3768/80 3770/3770/80 3771/3771/85
f 3771/3771/85 3772/3772/80 3768/3768/80
f 3771/3771/85 3773/3773/80 3772/3772/80
f 3771/3771/85 3774/3774/83 3773/3773/80
f 3771/3771/85 3775/3775/80 3774/3774/83
f 3771/3771/85 3770/3770/80 3454/3454/80
f 3771/3771/85 3454/3454/80 3775/3775/80
f 3776/3776/80 3777/3777/80 3778/3778/80
f 3776/3776/80 3778/3778/80 3779/3779/80
f 3780/3780/80 3776/3776/80 3779/3779/80
f 3776/3776/80 3780/3780/80 3781/3781/82
f 3776/3776/80 3781/3781/82 3782/3782/80
f 3777/3777/80 3776/3776/80 3782/3782/80
f 3780/3780/80 3779/3779/80 3783/3783/80
f 3777/3777/80 3782/3782/80 3784/3784/80
f 3785/3785/80 3786/3786/80 3787/3787/80
f 3785/3785/80 3787/3787/80 3788/3788/80
f 3787/3787/80 3786/3786/80 3789/3789/80
f 3787/3787/80 3789/3789/80 3790/3790/80
f 3791/3791/80 3790/3790/80 3789/3789/80
f 3792/3792/80 3790/3790/80 3791/3791/80
f 3792/3792/80 3793/3793/80 3790/3790/80
f 3791/3791/80 3789/3789/80 3794/3794/80
f 3795/3795/80 3791/3791/80 3794/3794/80
f 3795/3795/80 3796/3796/80 3791/3791/80
f 3797/3797/80 3798/3798/80 3799/3799/80
f 3797/3797/80 3799/3799/80 3800/3800/80
f 3801/3801/80 3802/3802/80 3803/3803/80
f 3801/3801/80 3803/3803/80 3804/3804/80
f 3801/3801/80 3804/3804/80 3805/3805/80
f 3806/3806/80 3805/3805/80 3804/3804/80
f 3801/3801/80 3805/3805/80 3807/3807/80
f 3807/3807/80 3808/3808/80 3801/3801/80
f 3807/3807/80 3809/3809/80 3808/3808/80
f 3801/3801/80 3810/3810/82 3802/3802/80
f 3810/3810/80 3811/3811/80 3812/3812/80
f 3810/3810/80 3812/3812/80 3813/3813/80
f 3812/3812/80 3814/3814/80 3813/3813/80
f 3812/3812/80 3815/3815/81 3814/3814/80
f 3816/3816/80 3817/3817/80 3818/3818/80
f 3816/3816/80 3818/3818/80 3819/3819/80
f 3817/3817/80 3820/3820/80 3818/3818/80
f 3817/3817/80 3821/3821/80 3820/3820/80
f 3817/3817/80 3822/3822/80 3821/3821/80
f 3817/3817/80 3823/3823/80 3822/3822/80
f 3824/3824/80 3823/3823/80 3817/3817/80
f 3824/3824/80 3825/3825/80 3823/3823/80
f 3826/3826/80 3827/3827/80 3828/3828/80
f 3826/3826/80 3828/3828/80 3829/3829/80
f 3830/3830/80 3828/3828/80 3827/3827/80
f 3830/3830/80 3827/3827/80 3831/3831/80
f 3832/3832/80 3831/3831/80 3833/3833/80
f 3832/3832/80 3833/3833/80 3834/3834/80
f 3835/3835/80 3834/3834/80 3833/3833/80
f 3835/3835/80 3836/3836/80 3834/3834/80
f 3837/3837/80 3838/3838/82 3839/3839/80
f 3837/3837/80 3839/3839/80 3840/3840/82
f 3840/3840/82 3839/3839/80 3841/3841/80
f 3840/3840/82 3841/3841/80 3842/3842/80
f 3843/3843/82 3840/3840/82 3842/3842/80
f 3837/3837/80 3840/3840/82 3843/3843/82
f 3843/3843/82 3842/3842/80 3844/3844/80
f 3845/3845/80 3843/3843/82 3844/3844/80
f 3845/3845/80 3846/3846/80 3843/3843/82
f 3847/3847/80 3843/3843/82 3846/3846/80
f 3837/3837/80 3843/3843/82 3847/3847/80
f 3847/3847/80 3846/3846/80 3848/3848/80
f 3849/3849/80 3850/3850/80 3851/3851/80
f 3849/3849/80 3851/3851/80 3852/3852/80
f 3853/3853/80 3852/3852/80 3851/3851/80
f 3853/3853/80 3851/3851/80 3854/3854/80
f 3855/3855/80 3854/3854/80 3851/3851/80
f 3855/3855/80 3851/3851/80 3856/3856/80
f 3854/3854/80 3857/3857/80 3853/3853/80
f 3854/3854/80 3858/3858/82 3857/3857/80
f 3854/3854/80 3855/3855/80 3859/3859/80
f 3854/3854/80 3859/3859/80 3860/3860/80
f 3855/3855/80 3861/3861/80 3859/3859/80
f 3855/3855/80 3862/3862/80 3861/3861/80
f 3856/3856/80 3851/3851/80 3863/3863/80
f 3856/3856/80 3863/3863/80 3864/3864/80
f 3865/3865/80 3850/3850/80 3849/3849/80
f 3865/3865/80 3849/3849/80 3866/3866/81
f 3867/3867/80 3868/3868/80 3869/3869/80
f 3867/3867/80 3869/3869/80 3870/3870/80
f 3871/3871/80 3868/3868/80 3867/3867/80
f 3871/3871/80 3872/3872/80 3868/3868/80
f 3871/3871/80 3873/3873/81 3872/3872/80
f 3871/3871/80 3874/3874/81 3873/3873/81
f 3875/3875/80 3876/3876/80 3877/3877/80
f 3875/3875/80 3877/3877/80 3878/3878/80
f 3879/3879/80 3876/3876/80 3875/3875/80
f 3879/3879/80 3880/3880/80 3876/3876/80
f 3881/3881/80 3882/3882/80 3883/3883/80
f 3881/3881/80 3883/3883/80 3884/3884/80
f 3884/3884/80 3883/3883/80 3885/3885/80
f 3884/3884/80 3885/3885/80 3886/3886/80
f 3886/3886/80 3885/3885/80 3887/3887/80
f 3886/3886/80 3887/3887/80 3888/3888/80
f 3887/3887/80 3889/3889/80 3888/3888/80
f 3887/3887/80 3890/3890/81 3889/3889/80
f 3891/3891/80 3892/3892/80 3893/3893/80
f 3891/3891/80 3893/3893/80 3894/3894/80
f 3895/3895/80 3892/3892/80 3891/3891/80
f 3895/3895/80 3891/3891/80 3896/3896/80
f 3897/3897/80 3894/3894/80 3893/3893/80
f 3897/3897/80 3893/3893/80 3898/3898/80
f 3899/3899/80 3900/3900/80 3901/3901/81
f 3899/3899/80 3901/3901/81 3902/3902/80
f 3900/3900/80 3899/3899/80 3903/3903/80
f 3900/3900/80 3903/3903/80 3904/3904/80
f 3905/3905/80 3906/3906/80 3907/3907/80
f 3905/3905/80 3907/3907/80 3908/3908/80
f 3909/3909/80 3905/3905/80 3908/3908/80
f 3909/3909/80 3908/3908/80 3910/3910/80
f 3911/3911/80 3912/3912/80 3913/3913/80
f 3911/3911/80 3913/3913/80 3914/3914/80
f 3914/3914/80 3913/3913/80 3915/3915/80
f 3914/3914/80 3915/3915/80 3916/3916/80
f 3917/3917/80 3914/3914/80 3916/3916/80
f 3917/3917/80 3916/3916/80 3918/3918/80
f 3919/3919/80 3920/3920/80 3921/3921/80
f 3919/3919/80 3921/3921/80 3922/3922/80
f 3922/3922/80 3921/3921/80 3923/3923/80
f 3922/3922/80 3923/3923/80 3924/3924/80
f 3925/3925/80 3926/3926/80 3927/3927/80
f 3925/3925/80 3927/3927/80 3928/3928/80
f 3926/3926/80 3925/3925/80 3929/3929/80
f 3926/3926/80 3929/3929/80 3930/3930/80
f 3931/3931/96 3932/3932/80 3933/3933/80
f 3931/3931/96 3933/3933/80 3934/3934/80
f 3935/3935/80 3932/3932/80 3931/3931/96
f 3935/3935/80 3931/3931/96 3936/3936/80
f 3931/3931/96 3937/3937/80 3936/3936/80
f 3931/3931/96 3938/3938/80 3937/3937/80
f 3931/3931/96 3934/3934/80 3939/3939/80
f 3931/3931/96 3939/3939/80 3938/3938/80
f 3935/3935/80 3940/3940/82 3932/3932/80
f 3940/3940/82 3941/3941/80 3932/3932/80
f 3940/3940/82 3942/3942/80 3941/3941/80
f 3935/3935/80 3943/3943/80 3940/3940/82
f 3940/3940/82 3943/3943/80 3944/3944/80
f 3940/3940/82 3944/3944/80 3945/3945/82
f 3940/3940/82 3945/3945/82 3946/3946/80
f 3940/3940/82 3946/3946/80 3942/3942/80
f 3947/3947/80 3948/3948/80 3949/3949/80
f 3947/3947/80 3949/3949/80 3950/3950/80
f 3948/3948/80 3947/3947/80 3951/3951/80
f 3948/3948/80 3951/3951/80 3952/3952/80
f 3952/3952/80 3951/3951/80 3953/3953/84
f 3952/3952/80 3953/3953/84 3954/3954/80
f 3953/3953/84 3951/3951/80 3955/3955/80
f 3951/3951/80 3947/3947/80 3955/3955/80
f 3956/3956/80 3953/3953/84 3955/3955/80
f 3956/3956/80 3957/3957/80 3953/3953/84
f 3953/3953/84 3958/3958/80 3954/3954/80
f 3953/3953/84 3957/3957/80 3958/3958/80
f 3954/3954/80 3958/3958/80 3959/3959/80
f 3960/3960/80 3954/3954/80 3959/3959/80
f 3960/3960/80 3961/3961/80 3954/3954/80
f 3962/3962/80 3963/3963/80 3964/3964/80
f 3962/3962/80 3964/3964/80 3965/3965/80
f 3964/3964/80 3966/3966/80 3965/3965/80
f 3964/3964/80 3967/3967/80 3966/3966/80
f 3968/3968/80 3963/3963/80 3962/3962/80
f 3968/3968/80 3962/3962/80 3969/3969/80
f 3968/3968/80 3969/3969/80 3970/3970/80
f 3968/3968/80 3970/3970/80 3971/3971/80
f 3972/3972/80 3966/3966/80 3967/3967/80
f 3972/3972/80 3967/3967/80 3973/3973/80
f 3973/3973/80 3974/3974/82 3972/3972/80
f 3975/3975/80 3976/3976/80 3977/3977/80
f 3976/3976/80 3978/3978/80 3977/3977/80
f 3979/3979/80 3975/3975/80 3977/3977/80
f 3979/3979/80 3980/3980/80 3975/3975/80
f 3977/3977/80 3978/3978/80 3981/3981/82
f 3981/3981/82 3982/3982/80 3977/3977/80
f 3983/3983/80 3984/3984/80 3985/3985/80
f 3983/3983/80 3985/3985/80 3986/3986/85
f 3987/3987/80 3983/3983/80 3986/3986/85
f 3987/3987/80 3986/3986/85 3988/3988/80
f 3985/3985/80 3989/3989/80 3986/3986/85
f 3985/3985/80 3990/3990/83 3989/3989/80
f 3991/3991/81 3992/3992/81 3987/3987/85
f 3992/3992/81 3993/3993/80 3987/3987/85
f 3994/3994/80 3993/3993/80 3995/3995/80
f 3994/3994/80 3995/3995/80 3996/3996/80
f 3994/3994/80 3996/3996/80 3997/3997/85
f 3998/3998/80 3999/3999/82 3994/3994/80
f 3998/3998/80 3994/3994/80 4000/4000/90
f 4001/4001/82 3986/3986/81 4002/4002/81
f 4001/4001/82 4002/4002/81 4003/4003/80
f 4004/4004/83 4005/4005/80 4006/4006/80
f 4004/4004/83 4006/4006/80 4007/4007/80
f 4008/4008/80 4009/4009/80 4007/4007/80
f 4008/4008/80 4007/4007/80 4010/4010/80
f 4011/4011/81 4010/4010/81 4012/4012/90
f 4011/4011/81 4012/4012/90 4013/4013/80
f 4011/4011/81 4013/4013/80 4014/4014/80
f 4014/4014/80 4013/4013/80 4015/4015/80
f 4013/4013/80 4012/4012/90 4015/4015/80
f 4014/4014/80 4015/4015/80 4016/4016/80
f 4012/4012/90 4017/4017/80 4015/4015/80
f 4012/4012/90 4018/4018/80 4017/4017/80
f 4019/4019/83 4018/4018/80 4012/4012/90
f 4019/4019/83 4012/4012/90 4020/4020/80
f 4019/4019/83 4020/4020/80 4021/4021/80
f 4022/4022/80 4019/4019/83 4021/4021/80
f 4019/4019/83 4022/4022/80 4018/4018/80
f 4023/4023/80 4024/4024/80 4021/4021/80
f 4023/4023/80 4025/4025/80 4024/4024/80
f 4025/4025/80 4023/4023/80 4026/4026/80
f 4024/4024/80 4025/4025/80 4027/4027/80
f 4027/4027/80 4025/4025/80 4028/4028/80
f 4027/4027/80 4028/4028/80 4029/4029/80
f 4027/4027/80 4029/4029/80 4030/4030/82
f 4030/4030/82 4029/4029/80 4031/4031/80
f 4030/4030/82 4031/4031/80 4015/4015/81
f 4032/4032/80 4033/4033/80 4021/4021/80
f 4034/4034/80 4033/4033/80 4032/4032/80
f 4035/4035/80 4034/4034/80 4032/4032/80
f 4035/4035/80 4036/4036/80 4034/4034/80
f 4034/4034/80 4036/4036/80 4033/4033/80
f 4037/4037/80 4032/4032/80 4038/4038/80
f 4032/4032/80 4039/4039/80 4038/4038/80
f 4038/4038/80 4039/4039/80 4040/4040/81
f 4041/4041/80 4042/4042/80 4043/4043/80
f 4044/4044/85 4045/4045/80 4046/4046/81
f 4044/4044/85 4047/4047/83 4045/4045/80
f 4047/4047/83 4048/4048/80 4045/4045/80
f 4048/4048/80 4049/4049/81 4045/4045/80
f 4050/4050/80 4051/4051/80 4052/4052/80
f 4051/4051/80 4050/4050/80 4053/4053/80
f 4054/4054/82 4051/4051/80 4053/4053/80
f 4055/4055/81 4051/4051/80 4054/4054/82
f 4056/4056/80 4051/4051/80 4055/4055/81
f 4056/4056/80 4057/4057/84 4051/4051/80
f 4057/4057/84 4052/4052/80 4051/4051/80
f 4057/4057/84 4056/4056/80 4058/4058/80
f 4057/4057/84 4058/4058/80 4059/4059/80
f 4052/4052/80 4057/4057/84 4059/4059/80
f 4060/4060/80 4061/4061/82 4062/4062/80
f 4060/4060/80 4062/4062/80 4063/4063/80
f 4064/4064/97 4062/4062/80 4061/4061/82
f 4065/4065/80 4066/4066/98 4067/4067/90
f 4065/4065/80 4067/4067/90 4068/4068/81
f 4067/4067/90 4069/4069/83 4068/4068/81
f 4069/4069/83 4067/4067/90 4070/4070/81
f 4067/4067/90 4066/4066/98 4070/4070/81
f 4069/4069/80 4071/4071/80 4072/4072/81
f 4073/4073/80 4074/4074/81 4075/4075/80
f 4073/4073/80 4075/4075/80 4076/4076/80
f 4077/4077/80 4076/4076/80 4075/4075/80
f 4077/4077/80 4075/4075/80 4078/4078/80
f 4073/4073/80 4079/4079/80 4080/4080/80
f 4073/4073/80 4080/4080/80 4081/4081/85
f 4082/4082/80 4080/4080/80 4083/4083/82
f 4082/4082/80 4084/4084/80 4080/4080/80
f 4085/4085/80 4086/4086/80 4083/4083/80
f 4085/4085/80 4083/4083/80 4087/4087/85
f 4088/4088/82 4089/4089/85 4087/4087/99
f 4088/4088/80 4090/4090/82 4091/4091/80
f 4090/4090/82 4092/4092/80 4091/4091/80
f 4088/4088/80 4091/4091/80 4093/4093/80
f 4094/4094/80 4095/4095/80 4096/4096/80
f 4094/4094/80 4096/4096/80 4097/4097/80
f 4098/4098/80 4094/4094/80 4097/4097/80
f 4098/4098/80 4097/4097/80 4099/4099/80
f 4100/4100/80 4101/4101/83 4099/4099/85
f 4100/4100/80 4099/4099/85 4102/4102/80
f 4103/4103/81 4100/4100/80 4102/4102/80
f 4103/4103/81 4102/4102/80 4104/4104/82
f 4105/4105/80 4106/4106/82 4107/4107/80
f 4105/4105/80 4107/4107/80 4108/4108/80
f 4109/4109/82 4106/4106/82 4105/4105/80
f 4109/4109/82 4110/4110/80 4106/4106/82
f 4111/4111/80 4112/4112/82 4113/4113/80
f 4111/4111/80 4113/4113/80 4114/4114/80
f 4114/4114/80 4113/4113/80 4115/4115/80
f 4114/4114/80 4115/4115/80 4116/4116/82
f 4112/4112/82 4111/4111/80 4117/4117/80
f 4117/4117/80 4111/4111/80 4118/4118/80
f 4113/4113/80 4112/4112/82 4119/4119/80
f 4113/4113/80 4119/4119/80 4120/4120/80
f 4120/4120/80 4119/4119/80 4121/4121/80
f 4122/4122/80 4115/4115/80 4113/4113/80
f 4122/4122/80 4113/4113/80 4123/4123/80
f 4123/4123/80 4124/4124/80 4122/4122/80
f 4123/4123/80 4125/4125/80 4124/4124/80
f 4126/4126/80 4124/4124/80 4125/4125/80
f 4126/4126/80 4125/4125/80 4127/4127/80
f 4127/4127/80 4128/4128/80 4126/4126/80
f 4127/4127/80 4129/4129/80 4128/4128/80
f 4130/4130/80 4121/4121/80 4119/4119/80
f 4131/4131/80 4121/4121/80 4130/4130/80
f 4130/4130/80 4132/4132/80 4131/4131/80
f 4130/4130/80 4133/4133/80 4132/4132/80
f 4131/4131/80 4134/4134/80 4121/4121/80
f 4130/4130/80 4119/4119/80 4135/4135/80
f 4130/4130/80 4135/4135/80 4136/4136/80
f 4130/4130/80 4136/4136/80 4133/4133/80
f 4136/4136/80 4137/4137/80 4133/4133/80
f 4136/4136/80 4138/4138/80 4137/4137/80
f 4139/4139/80 4137/4137/80 4138/4138/80
f 4139/4139/80 4138/4138/80 4140/4140/80
f 4141/4141/80 4142/4142/80 4140/4140/80
f 4141/4141/80 4140/4140/80 4143/4143/80
f 4143/4143/80 4140/4140/80 4144/4144/80
f 4144/4144/80 4140/4140/80 4145/4145/80
f 4141/4141/80 4143/4143/80 4146/4146/80
f 4147/4147/84 4141/4141/80 4146/4146/80
f 4148/4148/82 4149/4149/80 4146/4146/80
f 4148/4148/82 4146/4146/80 4150/4150/80
f 4146/4146/80 4149/4149/80 4151/4151/81
f 4146/4146/80 4151/4151/81 4152/4152/80
f 4151/4151/81 4153/4153/80 4152/4152/80
f 4151/4151/81 4154/4154/80 4153/4153/80
f 4155/4155/80 4152/4152/80 4153/4153/80
f 4155/4155/80 4156/4156/80 4152/4152/80
f 4150/4150/80 4157/4157/80 4158/4158/80
f 4159/4159/82 4158/4158/80 4157/4157/80
f 4159/4159/82 4160/4160/80 4158/4158/80
f 4148/4148/80 4161/4161/80 4162/4162/82
f 4148/4148/80 4162/4162/82 4163/4163/80
f 4163/4163/80 4164/4164/80 4165/4165/80
f 4163/4163/80 4165/4165/80 4166/4166/80
f 4167/4167/80 4168/4168/80 4169/4169/80
f 4167/4167/80 4169/4169/80 4170/4170/80
f 4171/4171/80 4168/4168/80 4167/4167/80
f 4171/4171/80 4172/4172/80 4168/4168/80
f 4173/4173/80 4172/4172/80 4171/4171/80
f 4173/4173/80 4174/4174/80 4172/4172/80
f 4175/4175/80 4176/4176/80 4177/4177/80
f 4175/4175/80 4177/4177/80 4178/4178/80
f 4176/4176/80 4179/4179/80 4177/4177/80
f 4176/4176/80 4180/4180/80 4179/4179/80
f 4181/4181/80 4175/4175/80 4178/4178/80
f 4181/4181/80 4182/4182/80 4175/4175/80
f 4182/4182/80 4183/4183/80 4175/4175/80
f 4182/4182/80 4184/4184/80 4183/4183/80
f 4179/4179/80 4180/4180/80 4115/4115/80
f 4185/4185/80 4186/4186/80 4187/4187/80
f 4185/4185/80 4187/4187/80 4188/4188/80
f 4189/4189/82 4188/4188/80 4187/4187/80
f 4189/4189/82 4187/4187/80 4190/4190/80
f 4190/4190/80 4191/4191/82 4189/4189/82
f 4191/4191/82 4190/4190/80 4192/4192/80
f 4191/4191/82 4192/4192/80 4193/4193/80
f 4188/4188/80 4194/4194/80 4185/4185/80
f 4188/4188/80 4195/4195/80 4194/4194/80
f 4196/4196/81 4195/4195/80 4188/4188/80
f 4196/4196/81 4188/4188/80 4189/4189/82
f 4197/4197/80 4195/4195/80 4196/4196/81
f 4197/4197/80 4196/4196/81 4198/4198/80
f 4198/4198/80 4196/4196/81 4116/4116/80
f 4189/4189/82 4116/4116/80 4196/4196/81
f 4189/4189/82 4191/4191/82 4116/4116/80
f 4199/4199/80 4200/4200/80 4201/4201/80
f 4199/4199/80 4201/4201/80 4202/4202/80
f 4200/4200/80 4199/4199/80 4203/4203/95
f 4203/4203/80 4204/4204/80 4205/4205/80
f 4203/4203/80 4205/4205/80 4206/4206/80
f 4206/4206/80 4205/4205/80 4207/4207/80
f 4206/4206/80 4207/4207/80 4208/4208/80
f 4209/4209/80 4210/4210/80 4211/4211/80
f 4209/4209/80 4211/4211/80 4212/4212/80
f 4213/4213/80 4210/4210/80 4209/4209/80
f 4213/4213/80 4209/4209/80 4214/4214/80
f 4215/4215/80 4216/4216/80 4217/4217/80
f 4215/4215/80 4217/4217/80 4218/4218/80
f 4219/4219/80 4216/4216/80 4215/4215/80
f 4219/4219/80 4215/4215/80 4220/4220/80
f 4221/4221/80 4215/4215/80 4222/4222/80
f 4221/4221/80 4222/4222/80 4223/4223/80
f 4222/4222/80 4224/4224/80 4223/4223/80
f 4222/4222/80 4225/4225/80 4224/4224/80
f 4226/4226/80 4217/4217/80 4227/4227/80
f 4226/4226/80 4227/4227/80 4228/4228/80
f 4228/4228/80 4227/4227/80 4229/4229/80
f 4228/4228/80 4229/4229/80 4230/4230/80
f 4231/4231/80 4215/4215/80 4232/4232/80
f 4231/4231/80 4232/4232/80 4233/4233/80
f 4233/4233/80 4234/4234/80 4231/4231/80
f 4233/4233/80 4235/4235/80 4234/4234/80
f 4236/4236/80 4237/4237/80 4238/4238/80
f 4236/4236/80 4238/4238/80 4239/4239/80
f 4240/4240/80 4238/4238/80 4237/4237/80
f 4240/4240/80 4241/4241/80 4238/4238/80
f 4242/4242/80 4243/4243/80 4244/4244/80
f 4242/4242/80 4244/4244/80 4245/4245/80
f 4246/4246/80 4242/4242/80 4245/4245/80
f 4246/4246/80 4245/4245/80 4247/4247/80
f 4243/4243/80 4248/4248/80 4244/4244/80
f 4243/4243/80 4249/4249/80 4248/4248/80
f 4242/4242/80 4246/4246/80 4250/4250/100
f 4242/4242/80 4250/4250/100 4251/4251/80
f 4251/4251/80 4250/4250/100 4252/4252/80
f 4251/4251/80 4252/4252/80 4253/4253/80
f 4252/4252/80 4254/4254/80 4253/4253/80
f 4252/4252/80 4255/4255/80 4254/4254/80
f 4256/4256/80 4257/4257/83 4258/4258/80
f 4256/4256/80 4258/4258/80 4259/4259/80
f 4260/4260/85 4257/4257/83 4256/4256/80
f 4260/4260/85 4261/4261/80 4257/4257/83
f 4262/4262/80 4257/4257/83 4261/4261/80
f 4262/4262/80 4263/4263/84 4257/4257/83
f 4264/4264/80 4258/4258/80 4265/4265/80
f 4264/4264/80 4265/4265/80 4266/4266/80
f 4267/4267/80 4264/4264/80 4266/4266/80
f 4267/4267/80 4266/4266/80 4268/4268/80
f 4269/4269/80 4264/4264/80 4267/4267/80
f 4269/4269/80 4267/4267/80 4270/4270/85
f 4269/4269/80 4270/4270/85 4271/4271/80
f 4269/4269/80 4271/4271/80 4272/4272/80
f 4273/4273/80 4270/4270/85 4267/4267/80
f 4273/4273/80 4267/4267/80 4274/4274/80
f 4273/4273/80 4274/4274/80 4275/4275/80
f 4273/4273/80 4275/4275/80 4276/4276/80
f 4277/4277/80 4273/4273/80 4276/4276/80
f 4277/4277/80 4278/4278/80 4273/4273/80
f 4278/4278/80 4271/4271/80 4270/4270/85
f 4278/4278/80 4270/4270/85 4273/4273/80
f 4279/4279/80 4280/4280/80 4281/4281/80
f 4279/4279/80 4281/4281/80 4282/4282/80
f 4280/4280/80 4283/4283/80 4281/4281/80
f 4280/4280/80 4284/4284/80 4283/4283/80
f 4285/4285/80 4286/4286/80 4287/4287/80
f 4285/4285/80 4287/4287/80 4288/4288/80
f 4288/4288/80 4289/4289/80 4285/4285/80
f 4288/4288/80 4290/4290/80 4289/4289/80
f 4287/4287/80 4286/4286/80 4291/4291/80
f 4287/4287/80 4291/4291/80 4292/4292/80
f 4287/4287/80 4292/4292/80 4293/4293/80
f 4294/4294/80 4295/4295/80 4290/4290/80
f 4294/4294/80 4296/4296/80 4295/4295/80
f 4297/4297/80 4296/4296/80 4294/4294/80
f 4297/4297/80 4298/4298/80 4296/4296/80
f 4299/4299/80 4300/4300/80 4301/4301/80
f 4299/4299/80 4301/4301/80 4302/4302/80
f 4303/4303/80 4304/4304/80 4305/4305/80
f 4303/4303/80 4305/4305/80 4306/4306/80
f 4307/4307/80 4308/4308/80 4309/4309/80
f 4307/4307/80 4309/4309/80 4310/4310/80
f 4311/4311/81 4312/4312/82 4313/4313/101
f 4311/4311/81 4313/4313/101 4314/4314/80
f 4315/4315/80 4316/4316/80 4317/4317/80
f 4315/4315/80 4317/4317/80 4318/4318/80
f 4319/4319/80 4320/4320/80 4321/4321/80
f 4319/4319/80 4321/4321/80 4322/4322/80
f 4320/4320/80 4323/4323/80 4321/4321/80
f 4320/4320/80 4324/4324/80 4323/4323/80
f 4325/4325/80 4323/4323/80 4324/4324/80
f 4325/4325/80 4324/4324/80 4326/4326/80
f 4326/4326/80 4327/4327/80 4325/4325/80
f 4326/4326/80 4328/4328/80 4327/4327/80
f 4329/4329/80 4330/4330/80 4331/4331/80
f 4329/4329/80 4331/4331/80 4332/4332/80
f 4330/4330/80 4329/4329/80 4333/4333/80
f 4330/4330/80 4333/4333/80 4334/4334/80
f 4335/4335/80 4334/4334/80 4333/4333/80
f 4335/4335/80 4336/4336/80 4334/4334/80
f 4337/4337/80 4338/4338/81 4339/4339/80
f 4337/4337/80 4339/4339/80 4340/4340/80
f 4338/4338/81 4341/4341/80 4339/4339/80
f 4338/4338/81 4342/4342/102 4341/4341/80
f 4337/4337/80 4343/4343/80 4338/4338/81
f 4343/4343/80 4342/4342/102 4338/4338/81
f 4337/4337/80 4344/4344/80 4343/4343/80
f 4343/4343/80 4345/4345/80 4342/4342/102
f 4346/4346/80 4347/4347/80 4348/4348/80
f 4346/4346/80 4348/4348/80 4349/4349/80
f 4350/4350/80 4347/4347/80 4346/4346/80
f 4350/4350/80 4351/4351/80 4347/4347/80
f 4352/4352/80 4351/4351/80 4350/4350/80
f 4352/4352/80 4353/4353/80 4351/4351/80
f 4354/4354/80 4346/4346/80 4349/4349/80
f 4354/4354/80 4355/4355/80 4346/4346/80
f 4352/4352/80 4356/4356/80 4357/4357/80
f 4352/4352/80 4357/4357/80 4358/4358/80
f 4359/4359/80 4360/4360/80 4361/4361/80
f 4359/4359/80 4361/4361/80 4362/4362/80
f 4362/4362/80 4363/4363/80 4359/4359/80
f 4362/4362/80 4364/4364/80 4363/4363/80
f 4365/4365/80 4360/4360/80 4359/4359/80
f 4365/4365/80 4366/4366/80 4360/4360/80
f 4367/4367/80 4365/4365/80 4359/4359/80
f 4367/4367/80 4359/4359/80 4363/4363/80
f 4361/4361/80 4368/4368/80 4369/4369/80
f 4361/4361/80 4369/4369/80 4370/4370/80
f 4369/4369/80 4371/4371/80 4370/4370/80
f 4369/4369/80 4372/4372/81 4371/4371/80
f 4373/4373/80 4374/4374/80 4375/4375/80
f 4373/4373/80 4375/4375/80 4376/4376/80
f 4373/4373/80 4377/4377/80 4374/4374/80
f 4373/4373/80 4378/4378/85 4377/4377/80
f 4379/4379/80 4380/4380/80 4376/4376/80
f 4379/4379/80 4381/4381/81 4380/4380/80
f 4376/4376/80 4382/4382/80 4379/4379/80
f 4376/4376/80 4383/4383/80 4382/4382/80
f 4384/4384/80 4376/4376/80 4380/4380/80
f 4384/4384/80 4385/4385/80 4376/4376/80
f 4386/4386/80 4385/4385/80 4384/4384/80
f 4386/4386/80 4384/4384/80 4387/4387/80
f 4388/4388/80 4389/4389/80 4390/4390/80
f 4388/4388/80 4390/4390/80 4391/4391/80
f 4392/4392/80 4393/4393/80 4394/4394/80
f 4392/4392/80 4394/4394/80 4395/4395/80
f 4392/4392/80 4396/4396/80 4393/4393/80
f 4392/4392/80 4397/4397/80 4396/4396/80
f 4398/4398/80 4394/4394/80 4399/4399/80
f 4398/4398/80 4399/4399/80 4400/4400/80
f 4401/4401/80 4400/4400/80 4399/4399/80
f 4401/4401/80 4402/4402/80 4400/4400/80
f 4403/4403/80 4404/4404/80 4405/4405/80
f 4403/4403/80 4405/4405/80 4406/4406/80
f 4404/4404/80 4403/4403/80 4407/4407/80
f 4404/4404/80 4407/4407/80 4408/4408/80
f 4404/4404/80 4408/4408/80 4409/4409/80
f 4404/4404/80 4409/4409/80 4410/4410/80
f 4404/4404/80 4410/4410/80 4141/4141/80
f 4404/4404/80 4141/4141/80 4405/4405/80
f 4411/4411/80 4412/4412/80 4413/4413/80
f 4411/4411/80 4413/4413/80 4414/4414/80
f 4415/4415/80 4412/4412/80 4411/4411/80
f 4411/4411/80 4416/4416/80 4415/4415/80
f 4411/4411/80 4417/4417/80 4416/4416/80
f 4414/4414/80 4417/4417/80 4411/4411/80
f 4415/4415/80 4418/4418/80 4412/4412/80
f 4414/4414/80 4419/4419/80 4417/4417/80
f 4420/4420/80 4421/4421/80 4422/4422/80
f 4420/4420/80 4422/4422/80 4423/4423/80
f 4422/4422/80 4424/4424/80 4423/4423/80
f 4422/4422/80 4425/4425/80 4424/4424/80
f 4426/4426/80 4424/4424/80 4425/4425/80
f 4427/4427/80 4426/4426/80 4425/4425/80
f 4427/4427/80 4425/4425/80 4428/4428/80
f 4426/4426/80 4429/4429/80 4424/4424/80
f 4430/4430/80 4429/4429/80 4426/4426/80
f 4430/4430/80 4426/4426/80 4431/4431/80
f 4432/4432/80 4433/4433/80 4434/4434/80
f 4432/4432/80 4434/4434/80 4435/4435/80
f 4436/4436/80 4437/4437/80 4438/4438/80
f 4436/4436/80 4438/4438/80 4439/4439/80
f 4436/4436/80 4440/4440/80 4437/4437/80
f 4441/4441/80 4437/4437/80 4440/4440/80
f 4436/4436/80 4442/4442/80 4440/4440/80
f 4442/4442/80 4436/4436/80 4443/4443/80
f 4442/4442/80 4443/4443/80 4444/4444/80
f 4436/4436/80 4439/4439/80 4445/4445/81
f 4445/4445/81 4446/4446/80 4447/4447/80
f 4447/4447/80 4446/4446/80 4448/4448/81
f 4447/4447/80 4448/4448/81 4449/4449/80
f 4445/4445/81 4447/4447/80 4450/4450/80
f 4451/4451/103 4452/4452/81 4453/4453/80
f 4451/4451/103 4453/4453/80 4454/4454/80
f 4452/4452/81 4455/4455/80 4453/4453/80
f 4452/4452/81 4456/4456/80 4455/4455/80
f 4457/4457/81 4456/4456/80 4452/4452/81
f 4451/4451/103 4457/4457/81 4452/4452/81
f 4457/4457/81 4458/4458/80 4456/4456/80
f 4459/4459/80 4458/4458/80 4457/4457/81
f 4459/4459/80 4457/4457/81 4460/4460/80
f 4461/4461/80 4460/4460/80 4457/4457/81
f 4451/4451/103 4461/4461/80 4457/4457/81
f 4461/4461/80 4462/4462/80 4460/4460/80
f 4463/4463/80 4464/4464/80 4465/4465/81
f 4463/4463/80 4465/4465/81 4466/4466/80
f 4467/4467/80 4465/4465/81 4464/4464/80
f 4467/4467/80 4468/4468/80 4465/4465/81
f 4469/4469/80 4465/4465/81 4468/4468/80
f 4469/4469/80 4470/4470/80 4465/4465/81
f 4468/4468/80 4467/4467/80 4471/4471/80
f 4468/4468/80 4471/4471/80 4472/4472/104
f 4468/4468/80 4473/4473/80 4469/4469/80
f 4468/4468/80 4474/4474/80 4473/4473/80
f 4469/4469/80 4473/4473/80 4475/4475/80
f 4469/4469/80 4475/4475/80 4476/4476/80
f 4470/4470/80 4477/4477/80 4465/4465/81
f 4470/4470/80 4478/4478/80 4477/4477/80
f 4479/4479/80 4463/4463/80 4466/4466/80
f 4479/4479/80 4480/4480/82 4463/4463/80
f 4481/4481/80 4482/4482/80 4483/4483/80
f 4481/4481/80 4483/4483/80 4484/4484/80
f 4485/4485/80 4481/4481/80 4484/4484/80
f 4485/4485/80 4484/4484/80 4486/4486/80
f 4485/4485/80 4486/4486/80 4487/4487/80
f 4485/4485/80 4487/4487/80 4488/4488/80
f 4489/4489/80 4490/4490/80 4491/4491/80
f 4489/4489/80 4491/4491/80 4492/4492/80
f 4493/4493/80 4489/4489/80 4492/4492/80
f 4493/4493/80 4492/4492/80 4494/4494/80
f 4495/4495/80 4496/4496/80 4497/4497/80
f 4495/4495/80 4497/4497/80 4498/4498/80
f 4496/4496/80 4499/4499/80 4497/4497/80
f 4496/4496/80 4500/4500/80 4499/4499/80
f 4500/4500/80 4501/4501/80 4499/4499/80
f 4500/4500/80 4502/4502/80 4501/4501/80
f 4501/4501/80 4502/4502/80 4503/4503/80
f 4501/4501/80 4503/4503/80 4504/4504/80
f 4505/4505/80 4506/4506/80 4507/4507/80
f 4505/4505/80 4507/4507/80 4508/4508/80
f 4509/4509/80 4505/4505/80 4508/4508/80
f 4509/4509/80 4510/4510/82 4505/4505/80
f 4511/4511/80 4507/4507/80 4506/4506/80
f 4511/4511/80 4512/4512/80 4507/4507/80
f 4513/4513/80 4514/4514/80 4515/4515/80
f 4513/4513/80 4515/4515/80 4516/4516/80
f 4516/4516/80 4517/4517/80 4513/4513/80
f 4516/4516/80 4518/4518/80 4517/4517/80
f 4519/4519/80 4520/4520/80 4521/4521/80
f 4519/4519/80 4521/4521/80 4522/4522/80
f 4523/4523/80 4520/4520/80 4519/4519/80
f 4523/4523/80 4524/4524/80 4520/4520/80
f 4525/4525/80 4526/4526/80 4527/4527/80
f 4525/4525/80 4527/4527/80 4528/4528/80
f 4526/4526/80 4529/4529/80 4527/4527/80
f 4526/4526/80 4530/4530/80 4529/4529/80
f 4531/4531/80 4530/4530/80 4526/4526/80
f 4531/4531/80 4532/4532/81 4530/4530/80
f 4533/4533/80 4534/4534/80 4535/4535/80
f 4533/4533/80 4535/4535/80 4536/4536/80
f 4534/4534/80 4537/4537/80 4535/4535/80
f 4534/4534/80 4538/4538/80 4537/4537/80
f 4539/4539/80 4540/4540/80 4541/4541/80
f 4539/4539/80 4541/4541/80 4542/4542/80
f 4542/4542/80 4543/4543/80 4539/4539/80
f 4542/4542/80 4544/4544/84 4543/4543/80
f 4545/4545/105 4546/4546/106 4547/4547/106
f 4545/4545/105 4547/4547/106 4548/4548/106
f 4547/4547/106 4549/4549/106 4548/4548/106
f 4547/4547/106 4550/4550/106 4549/4549/106
f 4550/4550/106 4547/4547/106 4551/4551/106
f 4547/4547/106 4546/4546/106 4551/4551/106
f 4550/4550/106 4551/4551/106 4552/4552/105
f 4549/4549/106 4553/4553/106 4548/4548/106
f 4549/4549/106 4554/4554/106 4553/4553/106
f 4548/4548/106 4553/4553/106 4555/4555/106
f 4548/4548/106 4555/4555/106 4545/4545/105
f 4551/4551/106 4556/4556/106 4552/4552/105
f 4557/4557/106 4558/4558/105 4559/4559/107
f 4557/4557/106 4559/4559/107 4560/4560/106
f 4559/4559/107 4561/4561/106 4560/4560/106
f 4561/4561/106 4562/4562/105 4560/4560/106
f 4563/4563/105 4564/4564/106 4565/4565/106
f 4563/4563/105 4565/4565/106 4566/4566/105
f 4566/4566/105 4567/4567/106 4563/4563/105
f 4566/4566/105 4568/4568/105 4567/4567/106
f 4568/4568/105 4566/4566/105 4569/4569/105
f 4568/4568/105 4569/4569/105 4570/4570/105
f 4571/4571/106 4570/4570/105 4569/4569/105
f 4572/4572/105 4571/4571/106 4569/4569/105
f 4566/4566/105 4565/4565/106 4572/4572/105
f 4566/4566/105 4572/4572/105 4569/4569/105
f 4572/4572/105 4573/4573/106 4571/4571/106
f 4571/4571/106 4574/4574/105 4570/4570/105
f 4575/4575/106 4573/4573/108 4576/4576/106
f 4575/4575/106 4576/4576/106 4577/4577/108
f 4578/4578/106 4577/4577/108 4576/4576/106
f 4578/4578/106 4579/4579/106 4577/4577/108
f 4580/4580/106 4575/4575/106 4577/4577/108
f 4579/4579/106 4580/4580/106 4577/4577/108
f 4580/4580/106 4581/4581/105 4575/4575/106
f 4579/4579/106 4582/4582/106 4580/4580/106
f 4583/4583/106 4584/4584/105 4585/4585/107
f 4583/4583/106 4586/4586/106 4584/4584/105
f 4583/4583/106 4587/4587/105 4586/4586/106
f 4583/4583/106 4588/4588/106 4587/4587/105
f 4588/4588/106 4589/4589/105 4587/4587/105
f 4590/4590/106 4591/4591/106 4592/4592/109
f 4590/4590/106 4592/4592/109 4593/4593/106
f 4592/4592/109 4591/4591/106 4594/4594/106
f 4592/4592/109 4594/4594/106 4595/4595/106
f 4595/4595/106 4596/4596/106 4592/4592/109
f 4592/4592/109 4596/4596/106 4593/4593/106
f 4595/4595/106 4597/4597/108 4596/4596/106
f 4594/4594/106 4591/4591/106 4598/4598/107
f 4594/4594/106 4598/4598/107 4599/4599/106
f 4591/4591/106 4590/4590/106 4600/4600/105
f 4591/4591/106 4600/4600/105 4598/4598/107
f 4596/4596/106 4597/4597/108 4601/4601/106
f 4602/4602/105 4603/4603/105 4604/4604/106
f 4602/4602/105 4604/4604/106 4605/4605/106
f 4604/4604/106 4603/4603/105 4606/4606/105
f 4606/4606/105 4603/4603/105 4607/4607/110
f 4608/4608/106 4609/4609/107 4610/4610/106
f 4608/4608/106 4610/4610/106 4611/4611/106
f 4609/4609/107 4608/4608/106 4612/4612/106
f 4609/4609/107 4612/4612/106 4613/4613/105
f 4613/4613/105 4614/4614/105 4609/4609/107
f 4613/4613/105 4615/4615/106 4614/4614/105
f 4616/4616/106 4614/4614/105 4615/4615/106
f 4617/4617/105 4614/4614/105 4616/4616/106
f 4609/4609/107 4614/4614/105 4617/4617/105
f 4609/4609/107 4617/4617/105 4610/4610/106
f 4617/4617/105 4616/4616/106 4618/4618/107
f 4616/4616/106 4615/4615/106 4619/4619/106
f 4620/4620/105 4621/4621/106 4618/4618/105
f 4620/4620/105 4622/4622/107 4621/4621/106
f 4623/4623/105 4621/4621/106 4622/4622/107
f 4623/4623/105 4622/4622/107 4624/4624/106
f 4625/4625/106 4622/4622/107 4620/4620/105
f 4624/4624/106 4622/4622/107 4625/4625/106
f 4625/4625/106 4620/4620/105 4626/4626/105
f 4624/4624/106 4625/4625/106 4627/4627/107
f 4628/4628/105 4629/4629/106 4630/4630/105
f 4628/4628/105 4630/4630/105 4631/4631/106
f 4628/4628/105 4631/4631/106 4632/4632/106
f 4628/4628/105 4632/4632/106 4633/4633/105
f 4633/4633/105 4632/4632/106 4634/4634/107
f 4635/4635/111 4636/4636/112 4637/4637/111
f 4638/4638/111 4635/4635/111 4637/4637/111
f 4638/4638/111 4639/4639/113 4635/4635/111
f 4640/4640/112 4639/4639/113 4638/4638/111
f 4640/4640/112 4641/4641/113 4639/4639/113
f 4642/4642/111 4641/4641/113 4640/4640/112
f 4642/4642/111 4643/4643/113 4641/4641/113
f 4644/4644/113 4643/4643/113 4642/4642/111
f 4645/4645/112 4646/4646/112 4647/4647/111
f 4648/4648/111 4646/4646/112 4645/4645/112
f 4648/4648/111 4645/4645/112 4649/4649/111
f 4650/4650/112 4648/4648/111 4649/4649/111
f 4650/4650/112 4649/4649/111 4651/4651/112
f 4652/4652/111 4650/4650/112 4651/4651/112
f 4652/4652/111 4651/4651/112 4653/4653/111
f 4654/4654/111 4652/4652/111 4653/4653/111
f 4655/4655/31 4656/4656/31 4657/4657/31
f 4655/4655/31 4657/4657/31 4658/4658/31
f 4657/4657/31 4656/4656/31 4659/4659/31
f 4657/4657/31 4659/4659/31 4660/4660/33
f 4661/4661/31 4662/4662/31 4660/4660/33
f 4661/4661/31 4660/4660/33 4663/4663/33
f 4664/4664/30 4662/4662/31 4665/4665/30
f 4666/4666/31 4667/4667/31 4668/4668/30
f 4666/4666/31 4668/4668/30 4669/4669/63
f 4670/4670/31 4668/4668/30 4667/4667/31
f 4670/4670/31 4667/4667/31 4671/4671/33
f 4672/4672/32 4673/4673/33 4670/4670/30
f 4673/4673/30 4674/4674/33 4675/4675/31
f 4673/4673/30 4675/4675/31 4676/4676/31
f 4677/4677/31 4676/4676/31 4675/4675/31
f 4678/4678/30 4679/4679/33 4680/4680/31
f 4678/4678/30 4680/4680/31 4681/4681/31
f 4682/4682/31 4683/4683/30 4684/4684/30
f 4683/4683/30 4685/4685/31 4684/4684/30
f 4684/4684/30 4685/4685/31 4686/4686/30
f 4684/4684/30 4686/4686/30 4687/4687/33
f 4687/4687/33 4686/4686/30 4688/4688/31
f 4687/4687/33 4688/4688/31 4689/4689/31
f 4689/4689/31 4688/4688/31 4690/4690/1
f 4689/4689/31 4690/4690/1 4691/4691/30
f 4683/4683/30 4692/4692/31 4685/4685/31
f 4693/4693/31 4692/4692/31 4683/4683/30
f 4694/4694/30 4693/4693/31 4683/4683/30
f 4693/4693/31 4695/4695/2 4692/4692/31
f 4696/4696/31 4695/4695/2 4693/4693/31
f 4693/4693/31 4697/4697/30 4696/4696/31
f 4696/4696/31 4698/4698/31 4695/4695/2
f 4699/4699/31 4698/4698/31 4696/4696/31
f 4699/4699/31 4700/4700/33 4698/4698/31
f 4701/4701/31 4702/4702/31 4703/4703/34
f 4704/4704/31 4705/4705/1 4706/4706/30
f 4704/4704/31 4706/4706/30 4707/4707/31
f 4707/4707/31 4706/4706/30 4708/4708/31
f 4707/4707/31 4708/4708/31 4709/4709/33
f 4710/4710/33 4711/4711/31 4712/4712/31
f 4710/4710/33 4712/4712/31 4713/4713/36
f 4712/4712/31 4714/4714/30 4713/4713/36
f 4712/4712/31 4715/4715/31 4714/4714/30
f 4716/4716/31 4717/4717/36 4715/4715/36
f 4716/4716/31 4715/4715/36 4718/4718/31
f 4719/4719/34 4720/4720/34 4718/4718/35
f 4721/4721/31 4722/4722/31 4723/4723/33
f 4721/4721/31 4723/4723/33 4724/4724/33
f 4725/4725/31 4724/4724/33 4723/4723/33
f 4725/4725/31 4726/4726/34 4724/4724/33
f 4727/4727/33 4725/4725/35 4728/4728/35
f 4728/4728/31 4729/4729/34 4730/4730/32
f 4731/4731/35 4730/4730/32 4729/4729/34
f 4728/4728/31 4730/4730/32 4732/4732/31
f 4733/4733/31 4734/4734/33 4735/4735/31
f 4733/4733/31 4736/4736/33 4734/4734/33
f 4737/4737/31 4738/4738/33 4739/4739/33
f 4739/4739/33 4738/4738/33 4740/4740/2
f 4738/4738/33 4741/4741/31 4740/4740/2
f 4738/4738/33 4742/4742/30 4741/4741/31
f 4742/4742/30 4743/4743/30 4741/4741/31
f 4742/4742/30 4744/4744/34 4743/4743/30
f 4744/4744/34 4745/4745/31 4743/4743/30
f 4744/4744/34 4746/4746/30 4745/4745/31
f 4739/4739/33 4740/4740/2 4747/4747/30
f 4748/4748/31 4739/4739/33 4747/4747/30
f 4749/4749/31 4739/4739/33 4748/4748/31
f 4748/4748/31 4747/4747/30 4750/4750/31
f 4751/4751/63 4748/4748/31 4750/4750/31
f 4748/4748/31 4751/4751/63 4752/4752/35
f 4751/4751/63 4750/4750/31 4753/4753/33
f 4754/4754/31 4751/4751/63 4753/4753/33
f 4754/4754/31 4753/4753/33 4755/4755/1
f 4756/4756/31 4757/4757/35 4758/4758/31
f 4759/4759/34 4760/4760/31 4761/4761/31
f 4759/4759/34 4761/4761/31 4762/4762/35
f 4760/4760/31 4763/4763/11 4761/4761/31
f 4760/4760/31 4764/4764/34 4763/4763/11
f 4765/4765/1 4766/4766/1 4767/4767/2
f 4767/4767/2 4766/4766/1 4768/4768/1
f 4767/4767/2 4769/4769/1 4765/4765/1
f 4767/4767/2 4770/4770/2 4769/4769/1
f 4771/4771/3 4766/4766/2 4772/4772/1
f 4771/4771/3 4772/4772/1 4773/4773/1
f 4772/4772/1 4774/4774/2 4773/4773/1
f 4772/4772/1 4775/4775/2 4774/4774/2
f 4774/4774/2 4775/4775/2 4776/4776/31
f 4774/4774/2 4776/4776/31 4777/4777/31
f 4778/4778/2 4779/4779/114 4780/4780/1
f 4778/4778/2 4780/4780/1 4781/4781/1
f 4780/4780/1 4782/4782/1 4781/4781/1
f 4780/4780/1 4783/4783/1 4782/4782/1
f 4782/4782/1 4783/4783/1 4784/4784/31
f 4782/4782/1 4784/4784/31 4785/4785/31
f 4778/4778/1 4786/4786/1 4787/4787/1
f 4778/4778/1 4787/4787/1 4788/4788/2
f 4787/4787/1 4786/4786/1 4789/4789/2
f 4787/4787/1 4789/4789/2 4790/4790/2
f 4790/4790/2 4789/4789/2 4791/4791/2
f 4791/4791/2 4789/4789/2 4792/4792/31
f 4791/4791/2 4792/4792/31 4793/4793/1
f 4794/4794/9 4795/4795/1 4788/4788/1
f 4794/4794/9 4796/4796/10 4795/4795/1
f 4796/4796/10 4794/4794/9 4797/4797/6
f 4796/4796/10 4797/4797/6 4798/4798/1
f 4798/4798/1 4797/4797/6 4799/4799/2
f 4800/4800/16 4801/4801/1 4802/4802/4
f 4803/4803/11 4800/4800/16 4802/4802/4
f 4804/4804/2 4803/4803/11 4802/4802/4
f 4804/4804/2 4802/4802/4 4805/4805/115
f 4804/4804/2 4805/4805/115 4806/4806/30
f 4804/4804/2 4806/4806/30 4807/4807/1
f 4808/4808/1 4809/4809/4 4810/4810/4
f 4808/4808/1 4810/4810/4 4811/4811/2
f 4809/4809/4 4808/4808/1 4812/4812/3
f 4809/4809/4 4812/4812/3 4813/4813/4
f 4814/4814/6 4815/4815/2 4816/4816/1
f 4814/4814/6 4816/4816/1 4817/4817/1
f 4814/4814/6 4817/4817/1 4818/4818/2
f 4814/4814/6 4818/4818/2 4819/4819/2
f 4819/4819/2 4818/4818/2 4820/4820/31
f 4819/4819/2 4820/4820/31 4821/4821/33
f 4822/4822/4 4823/4823/1 4824/4824/4
f 4822/4822/4 4825/4825/9 4823/4823/1
f 4825/4825/9 4826/4826/1 4823/4823/1
f 4824/4824/4 4823/4823/1 4827/4827/2
f 4823/4823/1 4826/4826/1 4828/4828/1
f 4823/4823/1 4828/4828/1 4829/4829/33
f 4827/4827/2 4823/4823/1 4829/4829/33
f 4827/4827/2 4829/4829/33 4830/4830/30
f 4831/4831/11 4832/4832/6 4833/4833/6
f 4831/4831/11 4833/4833/6 4834/4834/2
f 4833/4833/6 4832/4832/6 4835/4835/8
f 4833/4833/6 4835/4835/8 4836/4836/4
f 4837/4837/1 4838/4838/1 4839/4839/2
f 4840/4840/1 4837/4837/1 4839/4839/2
f 4840/4840/1 4839/4839/2 4841/4841/2
f 4842/4842/1 4843/4843/1 4844/4844/11
f 4845/4845/1 4844/4844/11 4843/4843/1
f 4845/4845/1 4846/4846/1 4844/4844/11
f 4846/4846/1 4845/4845/1 4847/4847/1
f 4846/4846/1 4847/4847/1 4848/4848/30
f 4849/4849/1 4850/4850/2 4851/4851/2
f 4849/4849/1 4851/4851/2 4852/4852/31
f 4849/4849/1 4852/4852/31 4853/4853/30
f 4854/4854/1 4855/4855/2 4856/4856/1
f 4857/4857/2 4856/4856/1 4855/4855/2
f 4857/4857/2 4855/4855/2 4858/4858/2
f 4859/4859/1 4860/4860/1 4861/4861/2
f 4860/4860/1 4862/4862/6 4861/4861/2
f 4860/4860/1 4859/4859/1 4863/4863/1
f 4860/4860/1 4863/4863/1 4864/4864/1
f 4865/4865/3 4866/4866/1 4861/4861/2
f 4865/4865/3 4867/4867/2 4866/4866/1
f 4866/4866/1 4867/4867/2 4868/4868/2
f 4866/4866/1 4868/4868/2 4869/4869/3
f 4868/4868/2 4870/4870/36 4869/4869/3
f 4868/4868/2 4871/4871/1 4870/4870/36
f 4872/4872/1 4873/4873/1 4874/4874/2
f 4872/4872/1 4874/4874/2 4875/4875/3
f 4874/4874/2 4873/4873/1 4876/4876/3
f 4874/4874/2 4876/4876/3 4877/4877/3
f 4876/4876/3 4878/4878/2 4877/4877/3
f 4876/4876/3 4879/4879/33 4878/4878/2
f 4872/4872/5 4880/4880/1 4881/4881/13
f 4872/4872/5 4881/4881/13 4882/4882/3
f 4881/4881/13 4883/4883/1 4882/4882/3
f 4881/4881/13 4884/4884/2 4883/4883/1
f 4884/4884/2 4885/4885/1 4883/4883/1
f 4885/4885/1 4886/4886/66 4883/4883/1
f 4885/4885/1 4887/4887/35 4886/4886/66
f 4888/4888/1 4880/4880/3 4889/4889/4
f 4888/4888/1 4889/4889/4 4890/4890/10
f 4890/4890/10 4891/4891/1 4888/4888/1
f 4890/4890/10 4892/4892/2 4891/4891/1
f 4892/4892/2 4893/4893/1 4891/4891/1
f 4894/4894/2 4895/4895/1 4896/4896/2
f 4897/4897/2 4895/4895/1 4894/4894/2
f 4898/4898/3 4895/4895/1 4897/4897/2
f 4898/4898/3 4899/4899/1 4895/4895/1
f 4898/4898/3 4900/4900/31 4899/4899/1
f 4898/4898/3 4901/4901/31 4900/4900/31
f 4902/4902/1 4903/4903/1 4904/4904/1
f 4902/4902/1 4904/4904/1 4905/4905/1
f 4905/4905/1 4906/4906/2 4902/4902/1
f 4905/4905/1 4907/4907/1 4906/4906/2
f 4908/4908/1 4909/4909/2 4910/4910/2
f 4908/4908/1 4910/4910/2 4911/4911/1
f 4908/4908/1 4912/4912/1 4909/4909/2
f 4908/4908/1 4913/4913/2 4912/4912/1
f 4913/4913/2 4914/4914/2 4912/4912/1
f 4913/4913/2 4915/4915/31 4914/4914/2
f 4916/4916/2 4917/4917/1 4918/4918/2
f 4916/4916/2 4918/4918/2 4919/4919/2
f 4919/4919/2 4918/4918/2 4920/4920/1
f 4917/4917/1 4921/4921/2 4918/4918/2
f 4918/4918/2 4922/4922/36 4920/4920/1
f 4918/4918/2 4923/4923/31 4922/4922/36
f 4921/4921/2 4923/4923/31 4918/4918/2
f 4921/4921/2 4924/4924/3 4923/4923/31
f 4925/4925/7 4926/4926/1 4927/4927/1
f 4925/4925/7 4927/4927/1 4928/4928/2
f 4927/4927/1 4929/4929/1 4928/4928/2
f 4927/4927/1 4930/4930/2 4929/4929/1
f 4931/4931/2 4932/4932/1 4933/4933/1
f 4934/4934/2 4932/4932/1 4931/4931/2
f 4934/4934/2 4935/4935/2 4932/4932/1
f 4936/4936/2 4937/4937/2 4938/4938/2
f 4939/4939/2 4938/4938/2 4937/4937/2
f 4939/4939/2 4937/4937/2 4940/4940/2
f 4940/4940/2 4941/4941/31 4939/4939/2
f 4940/4940/2 4942/4942/31 4941/4941/31
f 4943/4943/10 4944/4944/2 4945/4945/2
f 4943/4943/10 4946/4946/34 4944/4944/2
f 4943/4943/10 4947/4947/34 4946/4946/34
f 4948/4948/1 4949/4949/116 4950/4950/3
f 4951/4951/2 4950/4950/3 4949/4949/116
f 4951/4951/2 4952/4952/1 4950/4950/3
f 4953/4953/1 4954/4954/2 4955/4955/2
f 4953/4953/1 4955/4955/2 4956/4956/6
f 4955/4955/2 4954/4954/2 4957/4957/1
f 4955/4955/2 4957/4957/1 4958/4958/2
f 4959/4959/1 4958/4958/2 4957/4957/1
f 4960/4960/1 4957/4957/1 4954/4954/2
f 4961/4961/2 4962/4962/3 4963/4963/1
f 4961/4961/2 4963/4963/1 4964/4964/1
f 4965/4965/2 4963/4963/1 4962/4962/3
f 4966/4966/2 4964/4964/1 4963/4963/1
f 4966/4966/2 4967/4967/1 4964/4964/1
f 4961/4961/2 4968/4968/3 4962/4962/3
f 4969/4969/2 4970/4970/2 4971/4971/7
f 4969/4969/2 4971/4971/7 4972/4972/1
f 4973/4973/2 4974/4974/2 4969/4969/2
f 4975/4975/6 4976/4976/12 4977/4977/2
f 4978/4978/4 4979/4979/1 4980/4980/6
f 4978/4978/4 4980/4980/6 4981/4981/2
f 4980/4980/1 4982/4982/1 4983/4983/2
f 4980/4980/1 4983/4983/2 4984/4984/1
f 4983/4983/2 4985/4985/1 4984/4984/1
f 4983/4983/2 4986/4986/1 4985/4985/1
f 4986/4986/1 4983/4983/2 4987/4987/1
f 4988/4988/1 4983/4983/2 4982/4982/1
f 4989/4989/1 4988/4988/1 4982/4982/1
f 4988/4988/1 4989/4989/1 4990/4990/1
f 4988/4988/1 4990/4990/1 4991/4991/1
f 4990/4990/1 4989/4989/1 4992/4992/1
f 4990/4990/1 4992/4992/1 4993/4993/1
f 4994/4994/3 4992/4992/1 4989/4989/1
f 4994/4994/3 4989/4989/1 4995/4995/2
f 4989/4989/1 4982/4982/1 4996/4996/2
f 4988/4988/1 4997/4997/2 4983/4983/2
f 4997/4997/2 4988/4988/1 4998/4998/1
f 4997/4997/2 4998/4998/1 4999/4999/1
f 4993/4993/1 4992/4992/1 5000/5000/3
f 4993/4993/1 5000/5000/3 5001/5001/1
f 5002/5002/2 4993/4993/1 5001/5001/1
f 5002/5002/2 5001/5001/1 5003/5003/2
f 5000/5000/3 4992/4992/1 5004/5004/3
f 5000/5000/3 5004/5004/3 5005/5005/13
f 5004/5004/3 5006/5006/1 5005/5005/13
f 5004/5004/3 5007/5007/1 5006/5006/1
f 5008/5008/1 4999/4999/1 4998/4998/1
f 4999/4999/1 5008/5008/1 5009/5009/4
f 4999/4999/1 5009/5009/4 5010/5010/2
f 5006/5006/1 5007/5007/1 5011/5011/11
f 5006/5006/1 5011/5011/11 5012/5012/1
f 5013/5013/3 5001/5001/2 5014/5014/2
f 5014/5014/2 5015/5015/3 5013/5013/3
f 5013/5013/3 5015/5015/3 5016/5016/2
f 5014/5014/2 5017/5017/2 5015/5015/3
f 5018/5018/1 5015/5015/3 5017/5017/2
f 5018/5018/1 5017/5017/2 5019/5019/1
f 5020/5020/1 5018/5018/1 5019/5019/1
f 5020/5020/1 5019/5019/1 5021/5021/2
f 5015/5015/3 5022/5022/3 5016/5016/2
f 5015/5015/3 5023/5023/1 5022/5022/3
f 5024/5024/2 5022/5022/3 5023/5023/1
f 5024/5024/2 5025/5025/8 5022/5022/3
f 5024/5024/2 5026/5026/9 5025/5025/8
f 5024/5024/2 5027/5027/2 5026/5026/9
f 5028/5028/1 5029/5029/1 5026/5026/2
f 5028/5028/1 5030/5030/3 5029/5029/1
f 5031/5031/1 5032/5032/1 5026/5026/117
f 5031/5031/1 5033/5033/1 5032/5032/1
f 5034/5034/1 5032/5032/1 5033/5033/1
f 5034/5034/1 5033/5033/1 5035/5035/1
f 5034/5034/1 5035/5035/1 5036/5036/1
f 5031/5031/1 5026/5026/117 5037/5037/2
f 5037/5037/2 5026/5026/117 5038/5038/2
f 5039/5039/2 5040/5040/1 4981/4981/1
f 5039/5039/2 4981/4981/1 5041/5041/1
f 5041/5041/1 4981/4981/1 5042/5042/11
f 5043/5043/1 5044/5044/3 5045/5045/2
f 5043/5043/1 5045/5045/2 5046/5046/1
f 5047/5047/1 5045/5045/2 5044/5044/3
f 5047/5047/1 5048/5048/3 5045/5045/2
f 5043/5043/2 5049/5049/1 5050/5050/1
f 5050/5050/1 5049/5049/1 5051/5051/8
f 5043/5043/2 5050/5050/1 5052/5052/2
f 5053/5053/2 5054/5054/1 5055/5055/1
f 5055/5055/1 5054/5054/1 5056/5056/1
f 5056/5056/1 5054/5054/1 5057/5057/1
f 5058/5058/1 5057/5057/1 5059/5059/1
f 5058/5058/1 5059/5059/1 5060/5060/1
f 5058/5058/1 5060/5060/1 5061/5061/2
f 5062/5062/2 5063/5063/1 5054/5054/2
f 5062/5062/2 5054/5054/2 5064/5064/1
f 5065/5065/1 5066/5066/2 5067/5067/1
f 5067/5067/1 5066/5066/2 5068/5068/1
f 5067/5067/1 5068/5068/1 5069/5069/1
f 5069/5069/1 5068/5068/1 5070/5070/2
f 5071/5071/1 5072/5072/1 5073/5073/2
f 5071/5071/1 5073/5073/2 5074/5074/1
f 5075/5075/1 5072/5072/1 5071/5071/1
f 5072/5072/1 5075/5075/1 5076/5076/2
f 4986/4986/1 5072/5072/1 5076/5076/2
f 4986/4986/1 4987/4987/1 5072/5072/1
f 5077/5077/2 5078/5078/1 5079/5079/1
f 5078/5078/1 5077/5077/2 4991/4991/1
f 5078/5078/1 4991/4991/1 5080/5080/1
f 5080/5080/1 4991/4991/1 4990/4990/1
f 4990/4990/1 4993/4993/1 5081/5081/1
f 5082/5082/2 5083/5083/2 5084/5084/1
f 5082/5082/2 5084/5084/1 5085/5085/1
f 5086/5086/1 5087/5087/6 5088/5088/4
f 5086/5086/1 5088/5088/4 5089/5089/6
f 5090/5090/6 5091/5091/1 5092/5092/6
f 5090/5090/6 5092/5092/6 5093/5093/1
f 5093/5093/8 5094/5094/4 5095/5095/1
f 5093/5093/8 5095/5095/1 5096/5096/10
f 5097/5097/6 5096/5096/3 5098/5098/1
f 5097/5097/6 5099/5099/2 5096/5096/3
f 5100/5100/8 5101/5101/2 5102/5102/6
f 5100/5100/8 5102/5102/6 5103/5103/1
f 5104/5104/1 5105/5105/6 5106/5106/8
f 5104/5104/1 5106/5106/8 5107/5107/1
f 5108/5108/3 5109/5109/9 5110/5110/9
f 5111/5111/1 5112/5112/3 5113/5113/2
f 5111/5111/1 5113/5113/2 5114/5114/2
f 5115/5115/4 5116/5116/1 5117/5117/3
f 5115/5115/4 5117/5117/3 5118/5118/7
f 5119/5119/10 5120/5120/1 5121/5121/1
f 5119/5119/10 5121/5121/1 5122/5122/2
f 5123/5123/3 5124/5124/1 5125/5125/3
f 5123/5123/3 5125/5125/3 5126/5126/1
f 5127/5127/1 5128/5128/2 5129/5129/2
f 5127/5127/1 5129/5129/2 5130/5130/10
f 5131/5131/2 5132/5132/4 5133/5133/1
f 5131/5131/2 5133/5133/1 5134/5134/2
f 5135/5135/1 5136/5136/8 5137/5137/11
f 5135/5135/1 5137/5137/11 5138/5138/2
f 5139/5139/1 5140/5140/6 5141/5141/2
f 5139/5139/1 5141/5141/2 5142/5142/4
f 5143/5143/1 5144/5144/1 5145/5145/3
f 5143/5143/1 5145/5145/3 5146/5146/2
f 5147/5147/3 5148/5148/1 5149/5149/1
f 5147/5147/3 5149/5149/1 5150/5150/11
f 5151/5151/11 5152/5152/3 5153/5153/2
f 5151/5151/11 5153/5153/2 5154/5154/2
f 5155/5155/2 5156/5156/2 5157/5157/6
f 5155/5155/2 5157/5157/6 5158/5158/118
f 5159/5159/80 5160/5160/80 5161/5161/82
f 5162/5162/82 5163/5163/81 5164/5164/80
f 5163/5163/81 5165/5165/80 5164/5164/80
f 5166/5166/80 5167/5167/80 5168/5168/80
f 5167/5167/80 5169/5169/80 5168/5168/80
f 5169/5169/80 5170/5170/81 5168/5168/80
f 5166/5166/80 5168/5168/80 5171/5171/9
f 5166/5166/80 5171/5171/9 5172/5172/8
f 5173/5173/80 5174/5174/80 5175/5175/80
f 5174/5174/80 5176/5176/80 5175/5175/80
f 5174/5174/80 5177/5177/119 5176/5176/80
f 5178/5178/81 5179/5179/80 5180/5180/80
f 5178/5178/81 5180/5180/80 5181/5181/80
f 5180/5180/80 5179/5179/80 5182/5182/6
f 5180/5180/80 5182/5182/6 5183/5183/2
f 5184/5184/80 5185/5185/80 5186/5186/80
f 5184/5184/80 5186/5186/80 5187/5187/83
f 5188/5188/80 5189/5189/80 5190/5190/80
f 5188/5188/80 5190/5190/80 5191/5191/96
f 5188/5188/80 5191/5191/96 5192/5192/2
f 5188/5188/80 5192/5192/2 5193/5193/2
f 5194/5194/80 5195/5195/80 5196/5196/81
f 5194/5194/80 5196/5196/81 5197/5197/81
f 5198/5198/80 5199/5199/80 5200/5200/80
f 5198/5198/80 5201/5201/80 5199/5199/80
f 5199/5199/80 5201/5201/80 5202/5202/2
f 5199/5199/80 5202/5202/2 5203/5203/1
f 5204/5204/81 5205/5205/80 5206/5206/80
f 5205/5205/80 5204/5204/81 5207/5207/1
f 5205/5205/80 5207/5207/1 5208/5208/2
f 5209/5209/80 5210/5210/80 5206/5206/80
f 5209/5209/80 5211/5211/82 5210/5210/80
f 5212/5212/80 5209/5209/80 5206/5206/80
f 5213/5213/80 5209/5209/80 5212/5212/80
f 5213/5213/80 5212/5212/80 5214/5214/80
f 5210/5210/80 5211/5211/82 5215/5215/1
f 5210/5210/80 5215/5215/1 5216/5216/2
f 5217/5217/80 5218/5218/80 5219/5219/80
f 5220/5220/80 5221/5221/80 5222/5222/80
f 5221/5221/80 5223/5223/80 5222/5222/80
f 5224/5224/80 5225/5225/80 5226/5226/80
f 5225/5225/80 5227/5227/80 5226/5226/80
f 5227/5227/80 5225/5225/80 5228/5228/1
f 5227/5227/80 5228/5228/1 5229/5229/1
f 5230/5230/83 5231/5231/80 5232/5232/80
f 5230/5230/83 5232/5232/80 5233/5233/80
f 5234/5234/80 5235/5235/80 5236/5236/80
f 5234/5234/80 5236/5236/80 5237/5237/80
f 5238/5238/80 5239/5239/80 5240/5240/80
f 5238/5238/80 5240/5240/80 5241/5241/80
f 5241/5241/80 5240/5240/80 5242/5242/80
f 5243/5243/80 5244/5244/80 5245/5245/80
f 5245/5245/80 5244/5244/80 5246/5246/83
f 5246/5246/83 5247/5247/80 5245/5245/80
f 5248/5248/80 5249/5249/80 5250/5250/80
f 5249/5249/80 5251/5251/80 5250/5250/80
f 5252/5252/84 5253/5253/80 5254/5254/80
f 5254/5254/80 5253/5253/80 5255/5255/80
f 5254/5254/80 5255/5255/80 5256/5256/80
f 5253/5253/80 5257/5257/84 5255/5255/80
f 5258/5258/80 5259/5259/85 5260/5260/80
f 5258/5258/80 5260/5260/80 5261/5261/80
f 5258/5258/80 5261/5261/80 5262/5262/80
f 5263/5263/80 5264/5264/81 5265/5265/81
f 5263/5263/80 5265/5265/81 5266/5266/80
f 5265/5265/81 5267/5267/81 5266/5266/80
f 5267/5267/81 5265/5265/81 5268/5268/80
f 5265/5265/81 5264/5264/81 5268/5268/80
f 5269/5269/81 5268/5268/80 5264/5264/81
f 5269/5269/81 5264/5264/81 5270/5270/81
f 5271/5271/80 5270/5270/81 5264/5264/81
f 5271/5271/80 5264/5264/81 5263/5263/80
f 5272/5272/80 5273/5273/80 5274/5274/80
f 5272/5272/80 5274/5274/80 5275/5275/80
f 5276/5276/80 5273/5273/80 5272/5272/80
f 5277/5277/80 5278/5278/80 5275/5275/80
f 5277/5277/80 5279/5279/80 5278/5278/80
f 5280/5280/80 5281/5281/80 5279/5279/80
f 5280/5280/80 5282/5282/80 5281/5281/80
f 5280/5280/80 5283/5283/80 5282/5282/80
f 5280/5280/80 5279/5279/80 5284/5284/80
f 5280/5280/80 5285/5285/80 5273/5273/80
f 5286/5286/85 5280/5280/80 5273/5273/80
f 5287/5287/80 5280/5280/80 5286/5286/85
f 5288/5288/80 5280/5280/80 5287/5287/80
f 5289/5289/85 5290/5290/83 5282/5282/80
f 5282/5282/80 5290/5290/83 5291/5291/81
f 5291/5291/81 5290/5290/83 5292/5292/80
f 5291/5291/81 5293/5293/80 5294/5294/80
f 5291/5291/81 5294/5294/80 5295/5295/90
f 5296/5296/84 5295/5295/80 5297/5297/82
f 5296/5296/84 5297/5297/82 5298/5298/80
f 5299/5299/80 5300/5300/80 5296/5296/82
f 5299/5299/80 5301/5301/80 5300/5300/80
f 5300/5300/80 5302/5302/80 5303/5303/80
f 5300/5300/80 5303/5303/80 5304/5304/80
f 5305/5305/80 5306/5306/80 5304/5304/80
f 5305/5305/80 5307/5307/80 5306/5306/80
f 5308/5308/80 5309/5309/80 5307/5307/80
f 5308/5308/80 5310/5310/82 5309/5309/80
f 5310/5310/82 5311/5311/80 5309/5309/80
f 5312/5312/80 5311/5311/80 5310/5310/82
f 5310/5310/82 5313/5313/80 5312/5312/80
f 5310/5310/82 5314/5314/80 5313/5313/80
f 5313/5313/80 5315/5315/80 5312/5312/80
f 5313/5313/80 5316/5316/80 5315/5315/80
f 5314/5314/80 5316/5316/80 5313/5313/80
f 5317/5317/80 5316/5316/80 5314/5314/80
f 5318/5318/80 5319/5319/80 5309/5309/80
f 5320/5320/80 5321/5321/80 5310/5310/80
f 5320/5320/80 5322/5322/80 5321/5321/80
f 5322/5322/80 5323/5323/80 5321/5321/80
f 5324/5324/80 5325/5325/80 5326/5326/80
f 5325/5325/80 5324/5324/80 5327/5327/80
f 5328/5328/80 5329/5329/80 5330/5330/80
f 5328/5328/80 5330/5330/80 5331/5331/80
f 5330/5330/80 5329/5329/80 5332/5332/83
f 5333/5333/80 5334/5334/80 5335/5335/80
f 5335/5335/80 5334/5334/80 5336/5336/80
f 5337/5337/80 5338/5338/85 5339/5339/80
f 5337/5337/80 5339/5339/80 5340/5340/80
f 5341/5341/82 5342/5342/83 5343/5343/85
f 5344/5344/80 5343/5343/85 5342/5342/83
f 5343/5343/85 5344/5344/80 5345/5345/101
f 5346/5346/81 5347/5347/80 5348/5348/80
f 5346/5346/81 5348/5348/80 5349/5349/80
f 5350/5350/82 5349/5349/80 5348/5348/80
f 5351/5351/80 5352/5352/80 5353/5353/81
f 5351/5351/80 5353/5353/81 5354/5354/80
f 5352/5352/80 5351/5351/80 5355/5355/92
f 5352/5352/80 5355/5355/92 5356/5356/80
f 5357/5357/80 5358/5358/80 5359/5359/80
f 5357/5357/80 5360/5360/80 5358/5358/80
f 5358/5358/80 5360/5360/80 5361/5361/80
f 5362/5362/85 5358/5358/80 5361/5361/80
f 5363/5363/80 5364/5364/81 5365/5365/80
f 5363/5363/80 5365/5365/80 5366/5366/80
f 5363/5363/80 5366/5366/80 5367/5367/80
f 5367/5367/80 5366/5366/80 5368/5368/80
f 5369/5369/81 5370/5370/80 5371/5371/80
f 5369/5369/81 5371/5371/80 5372/5372/80
f 5371/5371/80 5370/5370/80 5373/5373/80
f 5374/5374/81 5375/5375/80 5376/5376/81
f 5374/5374/81 5377/5377/83 5375/5375/80
f 5374/5374/81 5376/5376/81 5378/5378/2
f 5374/5374/81 5378/5378/2 5379/5379/2
f 5380/5380/82 5381/5381/80 5382/5382/80
f 5383/5383/85 5384/5384/80 5385/5385/80
f 5385/5385/80 5384/5384/80 5386/5386/80
f 5386/5386/80 5384/5384/80 5387/5387/83
f 5388/5388/80 5389/5389/83 5390/5390/80
f 5389/5389/83 5388/5388/80 5391/5391/2
f 5389/5389/83 5391/5391/2 5392/5392/1
f 5393/5393/81 5394/5394/80 5395/5395/80
f 5393/5393/81 5395/5395/80 5396/5396/80
f 5397/5397/80 5393/5393/81 5396/5396/80
f 5397/5397/80 5396/5396/80 5398/5398/120
f 5399/5399/80 5400/5400/82 5401/5401/80
f 5401/5401/80 5402/5402/80 5399/5399/80
f 5401/5401/80 5403/5403/82 5402/5402/80
f 5403/5403/82 5404/5404/80 5402/5402/80
f 5403/5403/82 5405/5405/82 5404/5404/80
f 5406/5406/80 5407/5407/80 5408/5408/80
f 5406/5406/80 5408/5408/80 5409/5409/81
f 5410/5410/80 5406/5406/80 5409/5409/81
f 5410/5410/80 5409/5409/81 5411/5411/80
f 5408/5408/80 5412/5412/80 5409/5409/81
f 5408/5408/80 5413/5413/80 5412/5412/80
f 5409/5409/81 5412/5412/80 5414/5414/82
f 5409/5409/81 5414/5414/82 5411/5411/80
f 5415/5415/80 5416/5416/80 5417/5417/80
f 5415/5415/80 5417/5417/80 5418/5418/80
f 5418/5418/80 5417/5417/80 5419/5419/80
f 5419/5419/80 5417/5417/80 5420/5420/80
f 5421/5421/80 5422/5422/80 5423/5423/121
f 5422/5422/80 5424/5424/80 5423/5423/121
f 5424/5424/80 5425/5425/80 5423/5423/121
f 5426/5426/80 5427/5427/80 5428/5428/80
f 5426/5426/80 5428/5428/80 5429/5429/80
f 5428/5428/80 5430/5430/80 5429/5429/80
f 5428/5428/80 5431/5431/82 5430/5430/80
f 5432/5432/80 5433/5433/80 5434/5434/80
f 5432/5432/80 5434/5434/80 5435/5435/80
f 5432/5432/80 5435/5435/80 5436/5436/80
f 5432/5432/80 5436/5436/80 5437/5437/84
f 5273/5273/80 5437/5437/84 5436/5436/80
f 5438/5438/83 5437/5437/84 5273/5273/80
f 5439/5439/80 5440/5440/84 5441/5441/80
f 5442/5442/81 5443/5443/80 5444/5444/80
f 5442/5442/81 5444/5444/80 5445/5445/81
f 5446/5446/81 5447/5447/96 5448/5448/99
f 5446/5446/81 5448/5448/99 5449/5449/80
f 5450/5450/80 5446/5446/81 5449/5449/80
f 5450/5450/80 5451/5451/80 5446/5446/81
f 5452/5452/80 5453/5453/80 5454/5454/85
f 5452/5452/80 5454/5454/85 5455/5455/80
f 5455/5455/80 5456/5456/80 5452/5452/80
f 5457/5457/80 5458/5458/80 5459/5459/80
f 5460/5460/80 5459/5459/80 5458/5458/80
f 5460/5460/80 5458/5458/80 5461/5461/80
f 5462/5462/80 5459/5459/80 5460/5460/80
f 5462/5462/80 5463/5463/80 5459/5459/80
f 5459/5459/80 5463/5463/80 5457/5457/80
f 5462/5462/80 5464/5464/80 5463/5463/80
f 5462/5462/80 5465/5465/80 5464/5464/80
f 5466/5466/80 5467/5467/80 5468/5468/80
f 5468/5468/80 5469/5469/80 5466/5466/80
f 5469/5469/80 5470/5470/80 5466/5466/80
f 5469/5469/80 5471/5471/80 5470/5470/80
f 5469/5469/80 5472/5472/80 5471/5471/80
f 5473/5473/80 5474/5474/80 5475/5475/81
f 5473/5473/80 5475/5475/81 5476/5476/2
f 5473/5473/80 5476/5476/2 5477/5477/2
f 5478/5478/84 5479/5479/81 5480/5480/80
f 5481/5481/80 5482/5482/82 5483/5483/80
f 5483/5483/80 5482/5482/82 5484/5484/80
f 5482/5482/82 5481/5481/80 5485/5485/80
f 5482/5482/82 5485/5485/80 5486/5486/83
f 5482/5482/82 5487/5487/80 5484/5484/80
f 5482/5482/82 5488/5488/80 5487/5487/80
f 5488/5488/80 5482/5482/82 5489/5489/80
f 5489/5489/80 5482/5482/82 5486/5486/83
f 5490/5490/80 5491/5491/80 5492/5492/85
f 5491/5491/80 5280/5280/82 5492/5492/85
f 5491/5491/80 5493/5493/82 5280/5280/82
f 5494/5494/80 5495/5495/80 5496/5496/80
f 5494/5494/80 5496/5496/80 5497/5497/80
f 5498/5498/80 5497/5497/80 5496/5496/80
f 5498/5498/80 5496/5496/80 5499/5499/80
f 5500/5500/80 5501/5501/80 5502/5502/80
f 5503/5503/80 5504/5504/82 5505/5505/119
f 5503/5503/80 5506/5506/88 5504/5504/82
f 5503/5503/80 5507/5507/80 5506/5506/88
f 5508/5508/80 5509/5509/80 5510/5510/80
f 5508/5508/80 5510/5510/80 5511/5511/80
f 5512/5512/85 5513/5513/80 5514/5514/80
f 5512/5512/85 5514/5514/80 5515/5515/80
f 5516/5516/81 5517/5517/81 5518/5518/80
f 5516/5516/81 5518/5518/80 5519/5519/82
f 5520/5520/80 5521/5521/80 5522/5522/80
f 5521/5521/80 5523/5523/80 5522/5522/80
f 5524/5524/80 5525/5525/80 5526/5526/81
f 5524/5524/80 5526/5526/81 5527/5527/80
f 5528/5528/1 5529/5529/2 5530/5530/2
f 5528/5528/1 5530/5530/2 5531/5531/2
f 5530/5530/2 5532/5532/11 5531/5531/2
f 5530/5530/2 5533/5533/1 5532/5532/11
f 5534/5534/8 5532/5532/11 5533/5533/1
f 5535/5535/1 5531/5531/2 5532/5532/11
f 5536/5536/2 5537/5537/2 5538/5538/1
f 5536/5536/2 5538/5538/1 5539/5539/2
f 5540/5540/1 5539/5539/2 5538/5538/1
f 5541/5541/2 5538/5538/1 5537/5537/2
f 5541/5541/2 5537/5537/2 5542/5542/1
f 5536/5536/2 5539/5539/2 5543/5543/1
f 5544/5544/2 5545/5545/1 5546/5546/2
f 5544/5544/2 5546/5546/2 5547/5547/3
f 5548/5548/1 5544/5544/1 5549/5549/1
f 5550/5550/2 5551/5551/2 5552/5552/4
f 5553/5553/6 5554/5554/9 5555/5555/1
f 5553/5553/6 5555/5555/1 5556/5556/1
f 5555/5555/11 5557/5557/2 5558/5558/4
f 5555/5555/11 5558/5558/4 5559/5559/1
f 5558/5558/4 5557/5557/2 5560/5560/2
f 5558/5558/4 5560/5560/2 5561/5561/2
f 5561/5561/2 5562/5562/2 5558/5558/4
f 5563/5563/4 5559/5559/1 5558/5558/4
f 5564/5564/4 5559/5559/1 5563/5563/4
f 5563/5563/4 5565/5565/1 5564/5564/4
f 5563/5563/4 5566/5566/2 5565/5565/1
f 5565/5565/1 5567/5567/1 5564/5564/4
f 5565/5565/1 5568/5568/1 5567/5567/1
f 5569/5569/1 5564/5564/4 5567/5567/1
f 5569/5569/1 5570/5570/1 5564/5564/4
f 5564/5564/4 5571/5571/1 5559/5559/1
f 5563/5563/4 5558/5558/4 5572/5572/2
f 5572/5572/2 5573/5573/1 5563/5563/4
f 5572/5572/2 5574/5574/10 5573/5573/1
f 5568/5568/1 5575/5575/2 5567/5567/1
f 5568/5568/1 5576/5576/1 5575/5575/2
f 5577/5577/1 5576/5576/1 5568/5568/1
f 5577/5577/1 5578/5578/2 5576/5576/1
f 5575/5575/2 5579/5579/1 5567/5567/1
f 5575/5575/2 5580/5580/1 5579/5579/1
f 5579/5579/1 5580/5580/1 5581/5581/1
f 5579/5579/1 5581/5581/1 5582/5582/2
f 5583/5583/2 5573/5573/1 5574/5574/10
f 5574/5574/10 5584/5584/4 5583/5583/2
f 5574/5574/10 5585/5585/1 5584/5584/4
f 5581/5581/1 5586/5586/1 5582/5582/2
f 5581/5581/1 5587/5587/1 5586/5586/1
f 5588/5588/1 5589/5589/1 5576/5576/6
f 5589/5589/1 5588/5588/1 5590/5590/14
f 5588/5588/1 5591/5591/1 5590/5590/14
f 5589/5589/1 5590/5590/14 5592/5592/1
f 5593/5593/1 5592/5592/1 5590/5590/14
f 5593/5593/1 5594/5594/1 5592/5592/1
f 5595/5595/1 5594/5594/1 5593/5593/1
f 5595/5595/1 5596/5596/1 5594/5594/1
f 5590/5590/14 5591/5591/1 5597/5597/2
f 5590/5590/14 5597/5597/2 5598/5598/1
f 5599/5599/1 5598/5598/1 5597/5597/2
f 5599/5599/1 5597/5597/2 5600/5600/1
f 5599/5599/1 5600/5600/1 5601/5601/2
f 5599/5599/1 5601/5601/2 5602/5602/2
f 5603/5603/2 5601/5601/1 5604/5604/4
f 5603/5603/2 5604/5604/4 5605/5605/4
f 5606/5606/2 5601/5601/2 5607/5607/2
f 5606/5606/2 5607/5607/2 5608/5608/1
f 5609/5609/2 5608/5608/1 5607/5607/2
f 5609/5609/2 5610/5610/1 5608/5608/1
f 5609/5609/2 5611/5611/2 5610/5610/1
f 5606/5606/2 5612/5612/8 5601/5601/2
f 5612/5612/8 5613/5613/3 5601/5601/2
f 5614/5614/1 5615/5615/1 5554/5554/1
f 5614/5614/1 5554/5554/1 5616/5616/1
f 5615/5615/1 5617/5617/2 5554/5554/1
f 5618/5618/2 5619/5619/1 5620/5620/1
f 5618/5618/2 5620/5620/1 5621/5621/1
f 5622/5622/1 5621/5621/1 5620/5620/1
f 5622/5622/1 5620/5620/1 5623/5623/2
f 5618/5618/1 5624/5624/8 5625/5625/8
f 5618/5618/1 5625/5625/8 5626/5626/2
f 5625/5625/8 5627/5627/13 5626/5626/2
f 5628/5628/4 5629/5629/1 5630/5630/1
f 5629/5629/1 5631/5631/1 5630/5630/1
f 5631/5631/1 5632/5632/2 5630/5630/1
f 5633/5633/1 5634/5634/4 5632/5632/2
f 5633/5633/1 5635/5635/10 5634/5634/4
f 5633/5633/1 5636/5636/10 5635/5635/10
f 5637/5637/1 5638/5638/3 5630/5630/2
f 5637/5637/1 5630/5630/2 5639/5639/2
f 5640/5640/4 5641/5641/6 5642/5642/2
f 5641/5641/6 5643/5643/13 5642/5642/2
f 5641/5641/6 5644/5644/6 5643/5643/13
f 5644/5644/6 5645/5645/1 5643/5643/13
f 5646/5646/2 5647/5647/8 5648/5648/10
f 5646/5646/2 5649/5649/2 5647/5647/8
f 5650/5650/2 5646/5646/2 5648/5648/10
f 5648/5648/10 5651/5651/1 5650/5650/2
f 5561/5561/2 5651/5651/1 5648/5648/10
f 5561/5561/2 5648/5648/10 5562/5562/2
f 5652/5652/2 5653/5653/1 5654/5654/2
f 5654/5654/2 5566/5566/2 5652/5652/2
f 5654/5654/2 5655/5655/2 5566/5566/2
f 5655/5655/2 5565/5565/1 5566/5566/2
f 5565/5565/1 5656/5656/1 5568/5568/1
f 5657/5657/2 5658/5658/2 5659/5659/2
f 5657/5657/2 5659/5659/2 5660/5660/2
f 5661/5661/1 5662/5662/1 5663/5663/1
f 5661/5661/1 5663/5663/1 5664/5664/1
f 5665/5665/1 5666/5666/1 5667/5667/1
f 5665/5665/1 5667/5667/1 5668/5668/1
f 5666/5666/1 5669/5669/10 5670/5670/2
f 5666/5666/1 5670/5670/2 5671/5671/2
f 5672/5672/10 5673/5673/1 5669/5669/1
f 5672/5672/10 5669/5669/1 5674/5674/1
f 5675/5675/3 5676/5676/1 5677/5677/1
f 5675/5675/3 5677/5677/1 5678/5678/1
f 5679/5679/6 5680/5680/1 5681/5681/1
f 5679/5679/6 5681/5681/1 5682/5682/2
f 5683/5683/1 5684/5684/2 5685/5685/1
f 5686/5686/2 5687/5687/1 5688/5688/2
f 5686/5686/2 5688/5688/2 5689/5689/1
f 5690/5690/10 5691/5691/1 5692/5692/2
f 5690/5690/10 5692/5692/2 5693/5693/1
f 5694/5694/1 5695/5695/2 5696/5696/2
f 5694/5694/1 5696/5696/2 5697/5697/2
f 5698/5698/1 5699/5699/1 5700/5700/1
f 5698/5698/1 5700/5700/1 5701/5701/2
f 5702/5702/1 5703/5703/1 5704/5704/1
f 5702/5702/1 5704/5704/1 5705/5705/1
f 5706/5706/6 5707/5707/2 5708/5708/1
f 5706/5706/6 5708/5708/1 5709/5709/2
f 5710/5710/6 5711/5711/2 5712/5712/3
f 5710/5710/6 5712/5712/3 5713/5713/3
f 5714/5714/2 5715/5715/1 5716/5716/1
f 5714/5714/2 5716/5716/1 5717/5717/1
f 5718/5718/2 5719/5719/2 5720/5720/2
f 5718/5718/2 5720/5720/2 5721/5721/2
f 5722/5722/11 5723/5723/10 5724/5724/3
f 5722/5722/11 5724/5724/3 5725/5725/3
f 5726/5726/1 5727/5727/1 5728/5728/1
f 5726/5726/1 5728/5728/1 5729/5729/1
f 5730/5730/1 5731/5731/1 5732/5732/1
f 5730/5730/1 5732/5732/1 5733/5733/1
f 5734/5734/81 5735/5735/81 5736/5736/92
f 5737/5737/83 5738/5738/80 5739/5739/80
f 5739/5739/80 5738/5738/80 5740/5740/80
f 5741/5741/80 5742/5742/80 5743/5743/82
f 5743/5743/82 5742/5742/80 5744/5744/84
f 5744/5744/84 5742/5742/80 5745/5745/80
f 5741/5741/80 5746/5746/2 5742/5742/80
f 5741/5741/80 5747/5747/7 5746/5746/2
f 5748/5748/80 5749/5749/80 5750/5750/80
f 5750/5750/80 5749/5749/80 5751/5751/80
f 5750/5750/80 5751/5751/80 5752/5752/80
f 5753/5753/80 5754/5754/80 5755/5755/80
f 5753/5753/80 5756/5756/80 5754/5754/80
f 5754/5754/80 5757/5757/1 5755/5755/80
f 5754/5754/80 5758/5758/2 5757/5757/1
f 5759/5759/85 5760/5760/80 5761/5761/80
f 5759/5759/85 5761/5761/80 5762/5762/80
f 5763/5763/80 5764/5764/81 5765/5765/82
f 5763/5763/80 5765/5765/82 5766/5766/80
f 5763/5763/80 5767/5767/2 5764/5764/81
f 5763/5763/80 5768/5768/2 5767/5767/2
f 5769/5769/80 5770/5770/80 5771/5771/80
f 5769/5769/80 5771/5771/80 5772/5772/80
f 5773/5773/80 5774/5774/80 5775/5775/80
f 5773/5773/80 5775/5775/80 5776/5776/80
f 5775/5775/80 5777/5777/3 5776/5776/80
f 5775/5775/80 5778/5778/1 5777/5777/3
f 5779/5779/80 5780/5780/80 5781/5781/80
f 5781/5781/80 5782/5782/1 5779/5779/80
f 5781/5781/80 5783/5783/2 5782/5782/1
f 5784/5784/80 5780/5780/80 5785/5785/80
f 5784/5784/80 5785/5785/80 5786/5786/80
f 5787/5787/80 5780/5780/80 5784/5784/80
f 5788/5788/80 5787/5787/80 5784/5784/80
f 5788/5788/80 5789/5789/80 5787/5787/80
f 5785/5785/80 5790/5790/2 5786/5786/80
f 5785/5785/80 5791/5791/3 5790/5790/2
f 5792/5792/80 5793/5793/80 5794/5794/80
f 5795/5795/80 5796/5796/80 5797/5797/80
f 5797/5797/80 5796/5796/80 5798/5798/80
f 5799/5799/80 5800/5800/80 5801/5801/80
f 5801/5801/80 5800/5800/80 5802/5802/80
f 5802/5802/80 5803/5803/2 5801/5801/80
f 5802/5802/80 5804/5804/1 5803/5803/2
f 5805/5805/80 5806/5806/80 5807/5807/80
f 5805/5805/80 5807/5807/80 5808/5808/80
f 5809/5809/80 5810/5810/80 5811/5811/80
f 5809/5809/80 5811/5811/80 5812/5812/80
f 5813/5813/80 5814/5814/80 5815/5815/80
f 5813/5813/80 5815/5815/80 5816/5816/80
f 5814/5814/80 5817/5817/80 5815/5815/80
f 5818/5818/80 5819/5819/80 5820/5820/80
f 5819/5819/80 5821/5821/80 5820/5820/80
f 5821/5821/80 5819/5819/80 5822/5822/80
f 5823/5823/80 5824/5824/80 5825/5825/80
f 5825/5825/80 5824/5824/80 5826/5826/80
f 5827/5827/80 5828/5828/80 5829/5829/80
f 5828/5828/80 5830/5830/81 5829/5829/80
f 5828/5828/80 5831/5831/80 5830/5830/81
f 5829/5829/80 5830/5830/81 5832/5832/80
f 5833/5833/80 5834/5834/80 5835/5835/85
f 5833/5833/80 5835/5835/85 5836/5836/80
f 5833/5833/80 5837/5837/80 5834/5834/80
f 5838/5838/81 5839/5839/82 5840/5840/81
f 5838/5838/81 5840/5840/81 5841/5841/80
f 5840/5840/81 5839/5839/82 5842/5842/82
f 5842/5842/82 5843/5843/80 5840/5840/81
f 5840/5840/81 5843/5843/80 5841/5841/80
f 5844/5844/81 5841/5841/80 5843/5843/80
f 5844/5844/81 5845/5845/80 5841/5841/80
f 5846/5846/80 5838/5838/81 5841/5841/80
f 5846/5846/80 5841/5841/80 5845/5845/80
f 5847/5847/80 5848/5848/81 5849/5849/83
f 5847/5847/80 5849/5849/83 5850/5850/81
f 5851/5851/80 5847/5847/80 5850/5850/81
f 5852/5852/80 5848/5848/80 5853/5853/80
f 5852/5852/80 5853/5853/80 5854/5854/80
f 5855/5855/80 5856/5856/80 5854/5854/82
f 5855/5855/80 5854/5854/82 5857/5857/80
f 5855/5855/80 5857/5857/80 5858/5858/80
f 5855/5855/80 5858/5858/80 5859/5859/80
f 5855/5855/80 5850/5850/80 5860/5860/82
f 5861/5861/80 5850/5850/80 5855/5855/80
f 5862/5862/80 5861/5861/80 5855/5855/80
f 5863/5863/96 5862/5862/80 5855/5855/80
f 5864/5864/80 5858/5858/80 5865/5865/80
f 5858/5858/80 5866/5866/83 5865/5865/80
f 5866/5866/83 5867/5867/80 5865/5865/80
f 5866/5866/80 5868/5868/80 5869/5869/80
f 5866/5866/80 5869/5869/80 5870/5870/80
f 5871/5871/80 5872/5872/80 5868/5868/80
f 5871/5871/80 5873/5873/80 5872/5872/80
f 5874/5874/80 5871/5871/80 5875/5875/80
f 5874/5874/80 5875/5875/80 5876/5876/80
f 5875/5875/80 5877/5877/83 5878/5878/80
f 5875/5875/80 5878/5878/80 5879/5879/80
f 5880/5880/80 5877/5877/80 5881/5881/80
f 5880/5880/80 5881/5881/80 5882/5882/80
f 5883/5883/80 5882/5882/85 5884/5884/80
f 5883/5883/80 5884/5884/80 5885/5885/80
f 5885/5885/80 5884/5884/80 5886/5886/80
f 5887/5887/80 5885/5885/80 5886/5886/80
f 5885/5885/80 5887/5887/80 5888/5888/121
f 5885/5885/80 5888/5888/121 5889/5889/81
f 5888/5888/121 5887/5887/80 5890/5890/80
f 5888/5888/121 5890/5890/80 5891/5891/82
f 5889/5889/81 5888/5888/121 5891/5891/82
f 5892/5892/121 5889/5889/81 5891/5891/82
f 5893/5893/81 5884/5884/81 5894/5894/80
f 5895/5895/82 5885/5885/80 5896/5896/81
f 5895/5895/82 5896/5896/81 5897/5897/80
f 5897/5897/80 5896/5896/81 5898/5898/81
f 5899/5899/80 5900/5900/80 5901/5901/80
f 5901/5901/80 5902/5902/80 5899/5899/80
f 5903/5903/81 5904/5904/80 5905/5905/80
f 5903/5903/81 5906/5906/80 5904/5904/80
f 5904/5904/80 5907/5907/81 5905/5905/80
f 5908/5908/80 5909/5909/80 5910/5910/81
f 5909/5909/80 5911/5911/80 5910/5910/81
f 5912/5912/80 5913/5913/82 5914/5914/80
f 5912/5912/80 5914/5914/80 5915/5915/80
f 5916/5916/80 5917/5917/80 5918/5918/83
f 5919/5919/80 5918/5918/83 5917/5917/80
f 5917/5917/80 5920/5920/80 5919/5919/80
f 5921/5921/85 5922/5922/80 5923/5923/80
f 5921/5921/85 5923/5923/80 5924/5924/80
f 5925/5925/80 5923/5923/80 5922/5922/80
f 5926/5926/80 5927/5927/80 5928/5928/119
f 5926/5926/80 5928/5928/119 5929/5929/80
f 5929/5929/80 5930/5930/80 5926/5926/80
f 5929/5929/80 5931/5931/82 5930/5930/80
f 5932/5932/81 5933/5933/82 5934/5934/80
f 5932/5932/81 5934/5934/80 5935/5935/80
f 5934/5934/80 5936/5936/122 5935/5935/80
f 5937/5937/96 5936/5936/122 5934/5934/80
f 5938/5938/80 5939/5939/80 5940/5940/80
f 5938/5938/80 5940/5940/80 5941/5941/80
f 5938/5938/80 5942/5942/80 5939/5939/80
f 5942/5942/80 5943/5943/82 5939/5939/80
f 5944/5944/80 5945/5945/80 5946/5946/80
f 5944/5944/80 5946/5946/80 5947/5947/80
f 5946/5946/80 5948/5948/81 5947/5947/80
f 5949/5949/80 5950/5950/85 5951/5951/80
f 5949/5949/80 5951/5951/80 5952/5952/82
f 5949/5949/80 5953/5953/2 5950/5950/85
f 5949/5949/80 5954/5954/6 5953/5953/2
f 5955/5955/80 5956/5956/84 5957/5957/80
f 5958/5958/80 5959/5959/88 5960/5960/80
f 5959/5959/88 5961/5961/80 5960/5960/80
f 5961/5961/80 5962/5962/80 5960/5960/80
f 5963/5963/81 5964/5964/80 5965/5965/80
f 5965/5965/80 5966/5966/1 5963/5963/81
f 5965/5965/80 5967/5967/2 5966/5966/1
f 5968/5968/80 5969/5969/80 5970/5970/83
f 5968/5968/80 5970/5970/83 5971/5971/82
f 5972/5972/80 5969/5969/80 5968/5968/80
f 5972/5972/80 5973/5973/80 5969/5969/80
f 5974/5974/80 5975/5975/80 5976/5976/80
f 5975/5975/80 5974/5974/80 5977/5977/123
f 5975/5975/80 5977/5977/123 5978/5978/80
f 5978/5978/80 5977/5977/123 5979/5979/80
f 5978/5978/80 5979/5979/80 5980/5980/80
f 5981/5981/81 5982/5982/80 5983/5983/80
f 5981/5981/81 5983/5983/80 5984/5984/80
f 5985/5985/80 5982/5982/80 5981/5981/81
f 5985/5985/80 5986/5986/80 5982/5982/80
f 5983/5983/80 5982/5982/80 5987/5987/80
f 5983/5983/80 5987/5987/80 5988/5988/80
f 5982/5982/80 5986/5986/80 5989/5989/80
f 5982/5982/80 5989/5989/80 5987/5987/80
f 5990/5990/80 5991/5991/80 5992/5992/80
f 5990/5990/80 5993/5993/80 5991/5991/80
f 5993/5993/80 5994/5994/80 5991/5991/80
f 5994/5994/80 5995/5995/80 5991/5991/80
f 5996/5996/82 5997/5997/80 5998/5998/80
f 5998/5998/80 5997/5997/80 5999/5999/80
f 5999/5999/80 5997/5997/80 6000/6000/80
f 6001/6001/80 6002/6002/80 6003/6003/80
f 6001/6001/80 6003/6003/80 6004/6004/80
f 6003/6003/80 6002/6002/80 6005/6005/85
f 6003/6003/80 6005/6005/85 6006/6006/80
f 6007/6007/80 6008/6008/85 6009/6009/81
f 6007/6007/80 6010/6010/80 6008/6008/85
f 6007/6007/80 6011/6011/80 6010/6010/80
f 6007/6007/80 6012/6012/80 6011/6011/80
f 5850/5850/82 6011/6011/80 6012/6012/80
f 6013/6013/80 5850/5850/82 6012/6012/80
f 6014/6014/80 6015/6015/82 6016/6016/80
f 6017/6017/80 6018/6018/80 6019/6019/80
f 6017/6017/80 6019/6019/80 6020/6020/80
f 6021/6021/80 6022/6022/80 6023/6023/80
f 6021/6021/80 6023/6023/80 6024/6024/80
f 6025/6025/85 6022/6022/80 6021/6021/80
f 6025/6025/85 6021/6021/80 6026/6026/80
f 6027/6027/82 6028/6028/80 6029/6029/81
f 6027/6027/82 6030/6030/80 6028/6028/80
f 6030/6030/80 6027/6027/82 6031/6031/85
f 6032/6032/80 6033/6033/80 6034/6034/80
f 6035/6035/80 6034/6034/80 6033/6033/80
f 6035/6035/80 6036/6036/80 6034/6034/80
f 6037/6037/80 6035/6035/80 6033/6033/80
f 6037/6037/80 6033/6033/80 6038/6038/80
f 6033/6033/80 6032/6032/80 6038/6038/80
f 6037/6037/80 6038/6038/80 6039/6039/80
f 6037/6037/80 6039/6039/80 6040/6040/80
f 6041/6041/80 6042/6042/80 6043/6043/85
f 6042/6042/80 6041/6041/80 6044/6044/80
f 6044/6044/80 6041/6041/80 6045/6045/80
f 6044/6044/80 6045/6045/80 6046/6046/80
f 6044/6044/80 6046/6046/80 6047/6047/83
f 6048/6048/80 6049/6049/80 6050/6050/83
f 6048/6048/80 6051/6051/1 6049/6049/80
f 6048/6048/80 6052/6052/2 6051/6051/1
f 6053/6053/101 6054/6054/82 6055/6055/124
f 6056/6056/80 6057/6057/80 6058/6058/82
f 6057/6057/80 6059/6059/80 6058/6058/82
f 6058/6058/82 6060/6060/80 6056/6056/80
f 6058/6058/82 6061/6061/80 6060/6060/80
f 6058/6058/82 6059/6059/80 6062/6062/80
f 6058/6058/82 6062/6062/80 6063/6063/80
f 6063/6063/80 6064/6064/80 6058/6058/82
f 6064/6064/80 6061/6061/80 6058/6058/82
f 6065/6065/80 6066/6066/80 6067/6067/81
f 6067/6067/81 6066/6066/80 5855/5855/83
f 6067/6067/81 5855/5855/83 6068/6068/80
f 6069/6069/80 6070/6070/80 6071/6071/80
f 6069/6069/80 6071/6071/80 6072/6072/80
f 6073/6073/81 6071/6071/80 6070/6070/80
f 6073/6073/81 6074/6074/80 6071/6071/80
f 6075/6075/82 6076/6076/80 6077/6077/80
f 6078/6078/84 6079/6079/85 6080/6080/83
f 6078/6078/84 6080/6080/83 6081/6081/82
f 6078/6078/84 6081/6081/82 6082/6082/80
f 6083/6083/80 6084/6084/80 6085/6085/80
f 6083/6083/80 6085/6085/80 6086/6086/80
f 6087/6087/82 6088/6088/80 6089/6089/81
f 6087/6087/82 6089/6089/81 6090/6090/80
f 6091/6091/80 6092/6092/80 6093/6093/83
f 6091/6091/80 6093/6093/83 6094/6094/80
f 6095/6095/80 6096/6096/80 6097/6097/80
f 6097/6097/80 6096/6096/80 6098/6098/80
f 6099/6099/90 6100/6100/80 6101/6101/81
f 6099/6099/90 6101/6101/81 6102/6102/81
f 6103/6103/83 6104/6104/80 6105/6105/80
f 6103/6103/83 6105/6105/80 6106/6106/80
f 6104/6104/80 6103/6103/83 6107/6107/86
f 6104/6104/80 6107/6107/86 6108/6108/80
f 6107/6107/86 6109/6109/80 6108/6108/80
f 6107/6107/86 6110/6110/80 6109/6109/80
f 6110/6110/80 6111/6111/88 6109/6109/80
f 6110/6110/80 6112/6112/83 6111/6111/88
f 6111/6111/88 6112/6112/83 6113/6113/83
f 6111/6111/88 6113/6113/83 6114/6114/80
f 6111/6111/88 6114/6114/80 6115/6115/96
f 6115/6115/96 6114/6114/80 6116/6116/80
f 6115/6115/96 6116/6116/80 6117/6117/81
f 6117/6117/81 6116/6116/80 6118/6118/80
f 6117/6117/81 6118/6118/80 6119/6119/80
f 6117/6117/81 6119/6119/80 6120/6120/80
f 6115/6115/96 6117/6117/81 6120/6120/80
f 6121/6121/80 6118/6118/80 6116/6116/80
f 6121/6121/80 6116/6116/80 6122/6122/80
f 6116/6116/80 6114/6114/80 6122/6122/80
f 6122/6122/80 6114/6114/80 6113/6113/83
f 6123/6123/80 6121/6121/80 6122/6122/80
f 6118/6118/80 6121/6121/80 6124/6124/80
f 6118/6118/80 6124/6124/80 6125/6125/83
f 6125/6125/83 6119/6119/80 6118/6118/80
f 6125/6125/83 6126/6126/101 6119/6119/80
f 6127/6127/119 6119/6119/80 6126/6126/101
f 6127/6127/119 6128/6128/80 6119/6119/80
f 6119/6119/80 6128/6128/80 6120/6120/80
f 6129/6129/80 6125/6125/83 6124/6124/80
f 6129/6129/80 6130/6130/85 6125/6125/83
f 6130/6130/85 6126/6126/101 6125/6125/83
f 6131/6131/80 6127/6127/119 6126/6126/101
f 6130/6130/85 6131/6131/80 6126/6126/101
f 6132/6132/80 6130/6130/85 6129/6129/80
f 6131/6131/80 6130/6130/85 6132/6132/80
f 6132/6132/80 6129/6129/80 6133/6133/80
f 6134/6134/96 6127/6127/119 6131/6131/80
f 6131/6131/80 6132/6132/80 6134/6134/96
f 6134/6134/96 6135/6135/95 6127/6127/119
f 6123/6123/80 6122/6122/80 6136/6136/80
f 6137/6137/80 6136/6136/80 6122/6122/80
f 6137/6137/80 6122/6122/80 6138/6138/80
f 6139/6139/80 6137/6137/80 6138/6138/80
f 6139/6139/80 6138/6138/80 6140/6140/80
f 6139/6139/80 6140/6140/80 6141/6141/80
f 6142/6142/80 6137/6137/80 6139/6139/80
f 6142/6142/80 6143/6143/80 6137/6137/80
f 6137/6137/80 6143/6143/80 6144/6144/80
f 6137/6137/80 6144/6144/80 6136/6136/80
f 6145/6145/80 6143/6143/80 6142/6142/80
f 6145/6145/80 6144/6144/80 6143/6143/80
f 6145/6145/80 6142/6142/80 6146/6146/80
f 6145/6145/80 6147/6147/80 6144/6144/80
f 6146/6146/80 6148/6148/80 6145/6145/80
f 6147/6147/80 6145/6145/80 6148/6148/80
f 6146/6146/80 6149/6149/80 6148/6148/80
f 6147/6147/80 6148/6148/80 6150/6150/80
f 6138/6138/80 6113/6113/83 6140/6140/80
f 6122/6122/80 6113/6113/83 6138/6138/80
f 6140/6140/80 6151/6151/80 6141/6141/80
f 6152/6152/80 6151/6151/80 6140/6140/80
f 6152/6152/80 6140/6140/80 6153/6153/80
f 6113/6113/83 6153/6153/80 6140/6140/80
f 6113/6113/83 6154/6154/80 6153/6153/80
f 6155/6155/80 6152/6152/80 6153/6153/80
f 6155/6155/80 6153/6153/80 6156/6156/80
f 6153/6153/80 6154/6154/80 6156/6156/80
f 6157/6157/80 6155/6155/80 6156/6156/80
f 6152/6152/80 6155/6155/80 6158/6158/80
f 6152/6152/80 6158/6158/80 6159/6159/80
f 6159/6159/80 6151/6151/80 6152/6152/80
f 6159/6159/80 6160/6160/80 6151/6151/80
f 6158/6158/80 6161/6161/80 6159/6159/80
f 6161/6161/80 6160/6160/80 6159/6159/80
f 6158/6158/80 6162/6162/80 6161/6161/80
f 6161/6161/80 6163/6163/80 6160/6160/80
f 6164/6164/80 6161/6161/80 6162/6162/80
f 6164/6164/80 6163/6163/80 6161/6161/80
f 6164/6164/80 6162/6162/80 6165/6165/80
f 6164/6164/80 6166/6166/80 6163/6163/80
f 6157/6157/80 6156/6156/80 6167/6167/80
f 6168/6168/80 6167/6167/80 6156/6156/80
f 6168/6168/80 6156/6156/80 6169/6169/82
f 6169/6169/82 6156/6156/80 6154/6154/80
f 6157/6157/80 6167/6167/80 6170/6170/80
f 6171/6171/80 6168/6168/80 6169/6169/82
f 6171/6171/80 6172/6172/80 6168/6168/80
f 6167/6167/80 6168/6168/80 6173/6173/80
f 6172/6172/80 6173/6173/80 6168/6168/80
f 6167/6167/80 6173/6173/80 6174/6174/80
f 6167/6167/80 6174/6174/80 6170/6170/80
f 6174/6174/80 6173/6173/80 6175/6175/80
f 6174/6174/80 6175/6175/80 6176/6176/80
f 6177/6177/80 6176/6176/80 6175/6175/80
f 6177/6177/80 6178/6178/80 6176/6176/80
f 6179/6179/82 6176/6176/80 6178/6178/80
f 6176/6176/80 6179/6179/82 6174/6174/80
f 6170/6170/80 6174/6174/80 6179/6179/82
f 6179/6179/82 6178/6178/80 6180/6180/80
f 6177/6177/80 6175/6175/80 6181/6181/80
f 6172/6172/80 6181/6181/80 6173/6173/80
f 6173/6173/80 6181/6181/80 6175/6175/80
f 6177/6177/80 6181/6181/80 6182/6182/84
f 6183/6183/80 6171/6171/80 6169/6169/82
f 6183/6183/80 6169/6169/82 6184/6184/85
f 6169/6169/82 6154/6154/80 6184/6184/85
f 6185/6185/85 6184/6184/85 6154/6154/80
f 6183/6183/80 6184/6184/85 6185/6185/85
f 6185/6185/85 6154/6154/80 6186/6186/83
f 6183/6183/80 6185/6185/85 6187/6187/81
f 6186/6186/83 6188/6188/80 6185/6185/85
f 6187/6187/81 6185/6185/85 6188/6188/80
f 6186/6186/83 6189/6189/85 6188/6188/80
f 6190/6190/80 6188/6188/80 6189/6189/85
f 6190/6190/80 6189/6189/85 6191/6191/85
f 6192/6192/80 6190/6190/80 6191/6191/85
f 6192/6192/80 6191/6191/85 6193/6193/85
f 6190/6190/80 6194/6194/80 6188/6188/80
f 6187/6187/81 6188/6188/80 6194/6194/80
f 6190/6190/80 6195/6195/82 6194/6194/80
f 6112/6112/83 6189/6189/85 6186/6186/83
f 6112/6112/83 6186/6186/83 6154/6154/80
f 6112/6112/83 6110/6110/80 6189/6189/85
f 6192/6192/80 6193/6193/85 6196/6196/80
f 6192/6192/80 6196/6196/80 6197/6197/80
f 6112/6112/83 6154/6154/80 6113/6113/83
f 6193/6193/85 6106/6106/80 6196/6196/80
f 6193/6193/85 6103/6103/83 6106/6106/80
f 6193/6193/85 6191/6191/85 6107/6107/86
f 6193/6193/85 6107/6107/86 6103/6103/83
f 6107/6107/86 6191/6191/85 6189/6189/85
f 6107/6107/86 6189/6189/85 6110/6110/80
f 6198/6198/82 6192/6192/80 6197/6197/80
f 6190/6190/80 6192/6192/80 6198/6198/82
f 6190/6190/80 6198/6198/82 6195/6195/82
f 6198/6198/82 6197/6197/80 6199/6199/80
f 6200/6200/82 6201/6201/80 6202/6202/82
f 6200/6200/82 6202/6202/82 6203/6203/80
f 6204/6204/80 6203/6203/80 6202/6202/82
f 6204/6204/80 6205/6205/85 6203/6203/80
f 6206/6206/80 6205/6205/85 6204/6204/80
f 6206/6206/80 6204/6204/80 6207/6207/101
f 6208/6208/80 6200/6200/82 6203/6203/80
f 6205/6205/85 6208/6208/80 6203/6203/80
f 6208/6208/80 6209/6209/84 6200/6200/82
f 6205/6205/85 6206/6206/80 6210/6210/82
f 6205/6205/85 6210/6210/82 6211/6211/88
f 6205/6205/85 6211/6211/88 6208/6208/80
f 6210/6210/82 6206/6206/80 6212/6212/80
f 6207/6207/101 6212/6212/80 6206/6206/80
f 6210/6210/82 6212/6212/80 6213/6213/80
f 6214/6214/82 6208/6208/80 6211/6211/88
f 6214/6214/82 6215/6215/84 6208/6208/80
f 6209/6209/84 6208/6208/80 6215/6215/84
f 6215/6215/84 6214/6214/82 6216/6216/81
f 6217/6217/80 6216/6216/81 6214/6214/82
f 6217/6217/80 6214/6214/82 6218/6218/80
f 6211/6211/88 6210/6210/82 6218/6218/80
f 6211/6211/88 6218/6218/80 6214/6214/82
f 6218/6218/80 6210/6210/82 6219/6219/83
f 6217/6217/80 6218/6218/80 6220/6220/80
f 6218/6218/80 6219/6219/83 6220/6220/80
f 6217/6217/80 6220/6220/80 6221/6221/80
f 6221/6221/80 6222/6222/80 6217/6217/80
f 6223/6223/99 6217/6217/80 6222/6222/80
f 6224/6224/80 6223/6223/99 6222/6222/80
f 6224/6224/80 6225/6225/80 6223/6223/99
f 6223/6223/99 6225/6225/80 6226/6226/80
f 6223/6223/99 6226/6226/80 6227/6227/80
f 6228/6228/80 6223/6223/99 6227/6227/80
f 6228/6228/80 6229/6229/83 6223/6223/99
f 6230/6230/80 6223/6223/99 6229/6229/83
f 6229/6229/83 6231/6231/80 6230/6230/80
f 6229/6229/83 6232/6232/80 6231/6231/80
f 6233/6233/96 6230/6230/80 6231/6231/80
f 6233/6233/96 6231/6231/80 6234/6234/92
f 6235/6235/80 6231/6231/80 6232/6232/80
f 6235/6235/80 6232/6232/80 6236/6236/80
f 6237/6237/80 6236/6236/80 6232/6232/80
f 6237/6237/80 6232/6232/80 6238/6238/80
f 6231/6231/80 6235/6235/80 6239/6239/82
f 6231/6231/80 6239/6239/82 6234/6234/92
f 6234/6234/92 6239/6239/82 6240/6240/81
f 6234/6234/92 6240/6240/81 6241/6241/82
f 6233/6233/96 6242/6242/83 6230/6230/80
f 6233/6233/96 6243/6243/96 6242/6242/83
f 6244/6244/80 6243/6243/96 6233/6233/96
f 6244/6244/80 6245/6245/80 6243/6243/96
f 6230/6230/80 6242/6242/83 6223/6223/99
f 6242/6242/83 6243/6243/96 6217/6217/80
f 6217/6217/80 6223/6223/99 6242/6242/83
f 6246/6246/80 6243/6243/96 6245/6245/80
f 6246/6246/80 6247/6247/80 6243/6243/96
f 6243/6243/96 6247/6247/80 6248/6248/80
f 6249/6249/80 6248/6248/80 6247/6247/80
f 6249/6249/80 6247/6247/80 6250/6250/83
f 6249/6249/80 6251/6251/95 6248/6248/80
f 6249/6249/80 6252/6252/85 6251/6251/95
f 6249/6249/80 6250/6250/83 6253/6253/82
f 6249/6249/80 6253/6253/82 6254/6254/80
f 6250/6250/83 6255/6255/80 6253/6253/82
f 6250/6250/83 6256/6256/80 6255/6255/80
f 6249/6249/80 6254/6254/80 6257/6257/82
f 6249/6249/80 6257/6257/82 6252/6252/85
f 6258/6258/83 6252/6252/85 6257/6257/82
f 6258/6258/83 6259/6259/80 6252/6252/85
f 6251/6251/95 6260/6260/81 6248/6248/80
f 6251/6251/95 6261/6261/95 6260/6260/81
f 6262/6262/80 6261/6261/95 6251/6251/95
f 6262/6262/80 6263/6263/80 6261/6261/95
f 6243/6243/96 6248/6248/80 6260/6260/81
f 6216/6216/81 6243/6243/96 6260/6260/81
f 6216/6216/81 6260/6260/81 6261/6261/95
f 6216/6216/81 6217/6217/80 6243/6243/96
f 6216/6216/81 6261/6261/95 6264/6264/81
f 6261/6261/95 6265/6265/80 6264/6264/81
f 6266/6266/80 6264/6264/81 6265/6265/80
f 6267/6267/83 6266/6266/80 6265/6265/80
f 6267/6267/83 6265/6265/80 6268/6268/80
f 6269/6269/84 6268/6268/80 6265/6265/80
f 6261/6261/95 6269/6269/84 6265/6265/80
f 6261/6261/95 6263/6263/80 6269/6269/84
f 6269/6269/84 6270/6270/80 6268/6268/80
f 6270/6270/80 6271/6271/80 6268/6268/80
f 6270/6270/80 6272/6272/83 6271/6271/80
f 6268/6268/80 6271/6271/80 6273/6273/82
f 6268/6268/80 6273/6273/82 6267/6267/83
f 6266/6266/80 6274/6274/80 6264/6264/81
f 6275/6275/88 6264/6264/81 6274/6274/80
f 6216/6216/81 6264/6264/81 6275/6275/88
f 6215/6215/84 6216/6216/81 6275/6275/88
f 6275/6275/88 6274/6274/80 6276/6276/80
f 6276/6276/80 6215/6215/84 6275/6275/88
f 6276/6276/80 6277/6277/99 6215/6215/84
f 6209/6209/84 6215/6215/84 6277/6277/99
f 6271/6271/80 6272/6272/83 6278/6278/80
f 6271/6271/80 6278/6278/80 6279/6279/80
f 6279/6279/80 6278/6278/80 6280/6280/80
f 6279/6279/80 6280/6280/80 6281/6281/80
f 6281/6281/80 6280/6280/80 6282/6282/80
f 6281/6281/80 6282/6282/80 6283/6283/82
f 6281/6281/80 6283/6283/82 6284/6284/80
f 6279/6279/80 6281/6281/80 6284/6284/80
f 6279/6279/80 6284/6284/80 6285/6285/80
f 6271/6271/80 6279/6279/80 6285/6285/80
f 6271/6271/80 6285/6285/80 6273/6273/82
f 6286/6286/96 6287/6287/80 6288/6288/80
f 6286/6286/96 6288/6288/80 6289/6289/80
f 6286/6286/96 6289/6289/80 6290/6290/96
f 6286/6286/96 6290/6290/96 6291/6291/82
f 6292/6292/80 6289/6289/80 6288/6288/80
f 6292/6292/80 6290/6290/96 6289/6289/80
f 6292/6292/80 6288/6288/80 6293/6293/80
f 6292/6292/80 6293/6293/80 6294/6294/82
f 6292/6292/80 6295/6295/80 6290/6290/96
f 6295/6295/80 6292/6292/80 6296/6296/80
f 6295/6295/80 6296/6296/80 6297/6297/80
f 6295/6295/80 6298/6298/121 6290/6290/96
f 6290/6290/96 6298/6298/121 6291/6291/82
f 6295/6295/80 6299/6299/101 6298/6298/121
f 6295/6295/80 6297/6297/80 6299/6299/101
f 6299/6299/101 6300/6300/80 6298/6298/121
f 6299/6299/101 6301/6301/101 6300/6300/80
f 6302/6302/83 6300/6300/80 6301/6301/101
f 6303/6303/80 6300/6300/80 6302/6302/83
f 6304/6304/80 6303/6303/80 6302/6302/83
f 6304/6304/80 6302/6302/83 6305/6305/80
f 6302/6302/83 6306/6306/80 6305/6305/80
f 6304/6304/80 6305/6305/80 6306/6306/80
f 6304/6304/80 6306/6306/80 6307/6307/80
f 6303/6303/80 6308/6308/80 6300/6300/80
f 6298/6298/121 6300/6300/80 6308/6308/80
f 6302/6302/83 6301/6301/101 6309/6309/101
f 6302/6302/83 6309/6309/101 6306/6306/80
f 6310/6310/80 6309/6309/101 6301/6301/101
f 6310/6310/80 6301/6301/101 6299/6299/101
f 6310/6310/80 6299/6299/101 6297/6297/80
f 6310/6310/80 6311/6311/80 6309/6309/101
f 6309/6309/101 6311/6311/80 6312/6312/80
f 6306/6306/80 6312/6312/80 6307/6307/80
f 6309/6309/101 6312/6312/80 6313/6313/80
f 6306/6306/80 6313/6313/80 6312/6312/80
f 6309/6309/101 6313/6313/80 6306/6306/80
f 6298/6298/121 6308/6308/80 6291/6291/82
f 6314/6314/80 6315/6315/80 6316/6316/80
f 6316/6316/80 6315/6315/80 6317/6317/80
f 6316/6316/80 6317/6317/80 6318/6318/80
f 6319/6319/80 6316/6316/80 6318/6318/80
f 6319/6319/80 6320/6320/80 6316/6316/80
f 6321/6321/83 6320/6320/80 6319/6319/80
f 6321/6321/83 6322/6322/80 6320/6320/80
f 6322/6322/80 6321/6321/83 6323/6323/80
f 6322/6322/80 6323/6323/80 6324/6324/80
f 6325/6325/80 6324/6324/80 6323/6323/80
f 6326/6326/80 6325/6325/80 6323/6323/80
f 6325/6325/80 6327/6327/80 6324/6324/80
f 6115/6115/96 6328/6328/80 6329/6329/80
f 6115/6115/96 6329/6329/80 6330/6330/82
f 6115/6115/96 6120/6120/80 6328/6328/80
f 6111/6111/88 6115/6115/96 6330/6330/82
f 6330/6330/82 6329/6329/80 6294/6294/82
f 6109/6109/80 6111/6111/88 6330/6330/82
f 6109/6109/80 6330/6330/82 6293/6293/80
f 6330/6330/82 6294/6294/82 6293/6293/80
f 6331/6331/80 6109/6109/80 6293/6293/80
f 6331/6331/80 6108/6108/80 6109/6109/80
f 6108/6108/80 6331/6331/80 6332/6332/80
f 6108/6108/80 6332/6332/80 6104/6104/80
f 6332/6332/80 6105/6105/80 6104/6104/80
f 6332/6332/80 6333/6333/80 6105/6105/80
f 6293/6293/80 6334/6334/96 6331/6331/80
f 6293/6293/80 6288/6288/80 6334/6334/96
f 6331/6331/80 6334/6334/96 6335/6335/82
f 6331/6331/80 6335/6335/82 6332/6332/80
f 6334/6334/96 6336/6336/80 6335/6335/82
f 6334/6334/96 6337/6337/80 6336/6336/80
f 6337/6337/80 6334/6334/96 6288/6288/80
f 6337/6337/80 6288/6288/80 6287/6287/80
f 6335/6335/82 6336/6336/80 6338/6338/96
f 6335/6335/82 6338/6338/96 6339/6339/82
f 6339/6339/82 6333/6333/80 6332/6332/80
f 6339/6339/82 6332/6332/80 6335/6335/82
f 6340/6340/80 6341/6341/80 6225/6225/80
f 6225/6225/80 6342/6342/82 6340/6340/80
f 6340/6340/80 6342/6342/82 6343/6343/80
f 6340/6340/80 6343/6343/80 6344/6344/80
f 6340/6340/80 6344/6344/80 6345/6345/85
f 6340/6340/80 6345/6345/85 6346/6346/80
f 6341/6341/80 6340/6340/80 6346/6346/80
f 6347/6347/81 6344/6344/80 6343/6343/80
f 6347/6347/81 6343/6343/80 6348/6348/81
f 6349/6349/82 6347/6347/81 6348/6348/81
f 6347/6347/81 6349/6349/82 6350/6350/80
f 6347/6347/81 6350/6350/80 6351/6351/82
f 6349/6349/82 6348/6348/81 6352/6352/80
f 6353/6353/80 6349/6349/82 6352/6352/80
f 6350/6350/80 6349/6349/82 6353/6353/80
f 6353/6353/80 6352/6352/80 6354/6354/80
f 6225/6225/80 6224/6224/80 6342/6342/82
f 6344/6344/80 6347/6347/81 6355/6355/82
f 6344/6344/80 6355/6355/82 6345/6345/85
f 6355/6355/82 6347/6347/81 6351/6351/82
f 6225/6225/80 6341/6341/80 6226/6226/80
f 6356/6356/80 6357/6357/80 6358/6358/80
f 6356/6356/80 6358/6358/80 6359/6359/80
f 6356/6356/80 6359/6359/80 6360/6360/80
f 6357/6357/80 6356/6356/80 6361/6361/80
f 6360/6360/80 6361/6361/80 6356/6356/80
f 6357/6357/80 6361/6361/80 6362/6362/80
f 6360/6360/80 6363/6363/80 6361/6361/80
f 6361/6361/80 6363/6363/80 6364/6364/80
f 6365/6365/80 6364/6364/80 6363/6363/80
f 6360/6360/80 6365/6365/80 6363/6363/80
f 6361/6361/80 6364/6364/80 6366/6366/80
f 6360/6360/80 6367/6367/80 6365/6365/80
f 6360/6360/80 6359/6359/80 6367/6367/80
f 6368/6368/80 6362/6362/80 6361/6361/80
f 6368/6368/80 6361/6361/80 6366/6366/80
f 6132/6132/80 6368/6368/80 6366/6366/80
f 6132/6132/80 6133/6133/80 6368/6368/80
f 6135/6135/95 6364/6364/80 6365/6365/80
f 6135/6135/95 6134/6134/96 6364/6364/80
f 6134/6134/96 6132/6132/80 6366/6366/80
f 6134/6134/96 6366/6366/80 6364/6364/80
f 6369/6369/80 6370/6370/80 6371/6371/80
f 6369/6369/80 6371/6371/80 6372/6372/80
f 6371/6371/80 6370/6370/80 6373/6373/80
f 6371/6371/80 6373/6373/80 6374/6374/80
f 6372/6372/80 6371/6371/80 6375/6375/80
f 6374/6374/80 6375/6375/80 6371/6371/80
f 6372/6372/80 6375/6375/80 6376/6376/80
f 6374/6374/80 6377/6377/80 6375/6375/80
f 6375/6375/80 6377/6377/80 6378/6378/80
f 6375/6375/80 6378/6378/80 6379/6379/80
f 6376/6376/80 6375/6375/80 6379/6379/80
f 6376/6376/80 6379/6379/80 6380/6380/80
f 6149/6149/80 6380/6380/80 6379/6379/80
f 6149/6149/80 6379/6379/80 6148/6148/80
f 6379/6379/80 6378/6378/80 6150/6150/80
f 6379/6379/80 6150/6150/80 6148/6148/80
f 6381/6381/80 6382/6382/80 6383/6383/80
f 6381/6381/80 6383/6383/80 6384/6384/80
f 6381/6381/80 6384/6384/80 6385/6385/80
f 6381/6381/80 6385/6385/80 6386/6386/82
f 6387/6387/80 6382/6382/80 6381/6381/80
f 6386/6386/82 6387/6387/80 6381/6381/80
f 6387/6387/80 6388/6388/82 6382/6382/80
f 6236/6236/80 6388/6388/82 6387/6387/80
f 6236/6236/80 6387/6387/80 6235/6235/80
f 6389/6389/80 6235/6235/80 6387/6387/80
f 6386/6386/82 6389/6389/80 6387/6387/80
f 6389/6389/80 6239/6239/82 6235/6235/80
f 6390/6390/80 6382/6382/80 6388/6388/82
f 6382/6382/80 6390/6390/80 6383/6383/80
f 6390/6390/80 6388/6388/82 6391/6391/80
f 6389/6389/80 6386/6386/82 6392/6392/80
f 6392/6392/80 6386/6386/82 6385/6385/80
f 6389/6389/80 6392/6392/80 6393/6393/80
f 6239/6239/82 6389/6389/80 6394/6394/81
f 6394/6394/81 6389/6389/80 6393/6393/80
f 6388/6388/82 6395/6395/80 6391/6391/80
f 6236/6236/80 6395/6395/80 6388/6388/82
f 6236/6236/80 6237/6237/80 6395/6395/80
f 6239/6239/82 6394/6394/81 6240/6240/81
f 6396/6396/80 6397/6397/80 6398/6398/80
f 6396/6396/80 6398/6398/80 6399/6399/80
f 6399/6399/80 6400/6400/80 6396/6396/80
f 6399/6399/80 6401/6401/80 6400/6400/80
f 6397/6397/80 6396/6396/80 6402/6402/80
f 6400/6400/80 6402/6402/80 6396/6396/80
f 6397/6397/80 6402/6402/80 6403/6403/80
f 6400/6400/80 6404/6404/80 6402/6402/80
f 6402/6402/80 6404/6404/80 6405/6405/80
f 6402/6402/80 6405/6405/80 6406/6406/80
f 6407/6407/80 6403/6403/80 6402/6402/80
f 6407/6407/80 6402/6402/80 6406/6406/80
f 6165/6165/80 6407/6407/80 6406/6406/80
f 6165/6165/80 6406/6406/80 6164/6164/80
f 6406/6406/80 6405/6405/80 6166/6166/80
f 6406/6406/80 6166/6166/80 6164/6164/80
f 6408/6408/80 6409/6409/80 6410/6410/101
f 6408/6408/80 6410/6410/101 6411/6411/80
f 6410/6410/101 6409/6409/80 6412/6412/80
f 6410/6410/101 6412/6412/80 6413/6413/82
f 6414/6414/80 6411/6411/80 6410/6410/101
f 6414/6414/80 6410/6410/101 6413/6413/82
f 6414/6414/80 6415/6415/80 6411/6411/80
f 6415/6415/80 6414/6414/80 6254/6254/80
f 6415/6415/80 6254/6254/80 6253/6253/82
f 6416/6416/80 6254/6254/80 6414/6414/80
f 6414/6414/80 6413/6413/82 6416/6416/80
f 6416/6416/80 6257/6257/82 6254/6254/80
f 6415/6415/80 6417/6417/80 6411/6411/80
f 6411/6411/80 6417/6417/80 6408/6408/80
f 6415/6415/80 6418/6418/80 6417/6417/80
f 6416/6416/80 6413/6413/82 6419/6419/92
f 6419/6419/92 6413/6413/82 6412/6412/80
f 6416/6416/80 6419/6419/92 6420/6420/80
f 6421/6421/80 6418/6418/80 6415/6415/80
f 6421/6421/80 6415/6415/80 6253/6253/82
f 6257/6257/82 6416/6416/80 6422/6422/80
f 6422/6422/80 6416/6416/80 6420/6420/80
f 6421/6421/80 6253/6253/82 6255/6255/80
f 6257/6257/82 6422/6422/80 6258/6258/83
f 6423/6423/80 6424/6424/80 6425/6425/82
f 6423/6423/80 6425/6425/82 6426/6426/80
f 6427/6427/80 6425/6425/82 6424/6424/80
f 6427/6427/80 6424/6424/80 6428/6428/80
f 6428/6428/80 6424/6424/80 6429/6429/80
f 6429/6429/80 6424/6424/80 6423/6423/80
f 6428/6428/80 6429/6429/80 6430/6430/80
f 6427/6427/80 6431/6431/80 6425/6425/82
f 6425/6425/82 6431/6431/80 6426/6426/80
f 6427/6427/80 6432/6432/80 6431/6431/80
f 6427/6427/80 6428/6428/80 6433/6433/80
f 6433/6433/80 6428/6428/80 6430/6430/80
f 6427/6427/80 6433/6433/80 6434/6434/80
f 6434/6434/80 6432/6432/80 6427/6427/80
f 6178/6178/80 6434/6434/80 6433/6433/80
f 6178/6178/80 6177/6177/80 6434/6434/80
f 6177/6177/80 6182/6182/84 6434/6434/80
f 6434/6434/80 6182/6182/84 6432/6432/80
f 6433/6433/80 6180/6180/80 6178/6178/80
f 6433/6433/80 6430/6430/80 6180/6180/80
f 6435/6435/81 6202/6202/82 6201/6201/80
f 6435/6435/81 6201/6201/80 6436/6436/82
f 6435/6435/81 6204/6204/80 6202/6202/82
f 6435/6435/81 6437/6437/80 6204/6204/80
f 6437/6437/80 6207/6207/101 6204/6204/80
f 6437/6437/80 6438/6438/80 6207/6207/101
f 6439/6439/80 6207/6207/101 6438/6438/80
f 6207/6207/101 6439/6439/80 6212/6212/80
f 6439/6439/80 6438/6438/80 6440/6440/81
f 6233/6233/96 6234/6234/92 6441/6441/80
f 6233/6233/96 6441/6441/80 6244/6244/80
f 6441/6441/80 6234/6234/92 6241/6241/82
f 6442/6442/80 6238/6238/80 6232/6232/80
f 6442/6442/80 6232/6232/80 6229/6229/83
f 6442/6442/80 6229/6229/83 6228/6228/80
f 6251/6251/95 6252/6252/85 6443/6443/80
f 6251/6251/95 6443/6443/80 6262/6262/80
f 6443/6443/80 6252/6252/85 6259/6259/80
f 6444/6444/80 6256/6256/80 6250/6250/83
f 6444/6444/80 6250/6250/83 6247/6247/80
f 6444/6444/80 6247/6247/80 6246/6246/80
f 6220/6220/80 6219/6219/83 6445/6445/80
f 6445/6445/80 6219/6219/83 6210/6210/82
f 6445/6445/80 6210/6210/82 6213/6213/80
f 6446/6446/80 6447/6447/80 6448/6448/80
f 6292/6292/80 6294/6294/82 6329/6329/80
f 6449/6449/81 6450/6450/80 6451/6451/80
f 6449/6449/81 6451/6451/80 6452/6452/85
f 6452/6452/85 6453/6453/84 6449/6449/81
f 6452/6452/85 6454/6454/80 6453/6453/84
f 6453/6453/84 6454/6454/80 6455/6455/121
f 6453/6453/84 6455/6455/121 6456/6456/81
f 6456/6456/81 6455/6455/121 6457/6457/80
f 6456/6456/81 6457/6457/80 6458/6458/90
f 6457/6457/80 6459/6459/80 6458/6458/90
f 6457/6457/80 6460/6460/90 6459/6459/80
f 6457/6457/80 6461/6461/83 6460/6460/90
f 6461/6461/83 6462/6462/80 6460/6460/90
f 6461/6461/83 6463/6463/101 6462/6462/80
f 6463/6463/101 6464/6464/80 6462/6462/80
f 6463/6463/101 6465/6465/119 6464/6464/80
f 6463/6463/101 6466/6466/80 6465/6465/119
f 6461/6461/83 6466/6466/80 6463/6463/101
f 6467/6467/80 6462/6462/80 6464/6464/80
f 6467/6467/80 6468/6468/80 6462/6462/80
f 6462/6462/80 6468/6468/80 6460/6460/90
f 6468/6468/80 6459/6459/80 6460/6460/90
f 6469/6469/80 6468/6468/80 6467/6467/80
f 6464/6464/80 6470/6470/80 6467/6467/80
f 6464/6464/80 6471/6471/85 6470/6470/80
f 6471/6471/85 6464/6464/80 6465/6465/119
f 6471/6471/85 6465/6465/119 6472/6472/80
f 6473/6473/80 6472/6472/80 6465/6465/119
f 6473/6473/80 6465/6465/119 6474/6474/80
f 6465/6465/119 6466/6466/80 6474/6474/80
f 6475/6475/80 6470/6470/80 6471/6471/85
f 6475/6475/80 6471/6471/85 6476/6476/88
f 6476/6476/88 6471/6471/85 6472/6472/80
f 6477/6477/80 6472/6472/80 6473/6473/80
f 6476/6476/88 6472/6472/80 6477/6477/80
f 6478/6478/101 6475/6475/80 6476/6476/88
f 6477/6477/80 6478/6478/101 6476/6476/88
f 6478/6478/101 6479/6479/80 6475/6475/80
f 6480/6480/80 6477/6477/80 6473/6473/80
f 6477/6477/80 6480/6480/80 6478/6478/101
f 6480/6480/80 6473/6473/80 6481/6481/83
f 6469/6469/80 6482/6482/80 6468/6468/80
f 6483/6483/84 6468/6468/80 6482/6482/80
f 6483/6483/84 6484/6484/80 6468/6468/80
f 6468/6468/80 6484/6484/80 6459/6459/80
f 6485/6485/80 6484/6484/80 6483/6483/84
f 6485/6485/80 6486/6486/125 6484/6484/80
f 6484/6484/80 6486/6486/125 6459/6459/80
f 6485/6485/80 6487/6487/80 6486/6486/125
f 6488/6488/80 6485/6485/80 6483/6483/84
f 6488/6488/80 6483/6483/84 6489/6489/92
f 6483/6483/84 6482/6482/80 6490/6490/84
f 6483/6483/84 6490/6490/84 6489/6489/92
f 6491/6491/80 6488/6488/80 6489/6489/92
f 6491/6491/80 6489/6489/92 6490/6490/84
f 6491/6491/80 6492/6492/80 6488/6488/80
f 6491/6491/80 6490/6490/84 6493/6493/80
f 6492/6492/80 6491/6491/80 6494/6494/80
f 6493/6493/80 6494/6494/80 6491/6491/80
f 6492/6492/80 6494/6494/80 6495/6495/80
f 6493/6493/80 6496/6496/80 6494/6494/80
f 6486/6486/125 6487/6487/80 6497/6497/80
f 6498/6498/83 6486/6486/125 6497/6497/80
f 6498/6498/83 6499/6499/80 6486/6486/125
f 6459/6459/80 6486/6486/125 6499/6499/80
f 6459/6459/80 6499/6499/80 6500/6500/80
f 6501/6501/80 6499/6499/80 6498/6498/83
f 6501/6501/80 6502/6502/80 6499/6499/80
f 6499/6499/80 6502/6502/80 6500/6500/80
f 6503/6503/80 6502/6502/80 6501/6501/80
f 6498/6498/83 6504/6504/80 6501/6501/80
f 6498/6498/83 6505/6505/80 6504/6504/80
f 6505/6505/80 6498/6498/83 6497/6497/80
f 6505/6505/80 6497/6497/80 6506/6506/80
f 6504/6504/80 6505/6505/80 6507/6507/80
f 6507/6507/80 6505/6505/80 6506/6506/80
f 6504/6504/80 6507/6507/80 6508/6508/80
f 6507/6507/80 6506/6506/80 6509/6509/80
f 6510/6510/80 6508/6508/80 6507/6507/80
f 6510/6510/80 6507/6507/80 6509/6509/80
f 6510/6510/80 6511/6511/80 6508/6508/80
f 6510/6510/80 6509/6509/80 6512/6512/80
f 6503/6503/80 6513/6513/99 6502/6502/80
f 6514/6514/80 6502/6502/80 6513/6513/99
f 6514/6514/80 6515/6515/82 6502/6502/80
f 6515/6515/82 6500/6500/80 6502/6502/80
f 6503/6503/80 6516/6516/80 6513/6513/99
f 6517/6517/81 6515/6515/82 6514/6514/80
f 6517/6517/81 6514/6514/80 6518/6518/85
f 6513/6513/99 6519/6519/80 6514/6514/80
f 6518/6518/85 6514/6514/80 6519/6519/80
f 6513/6513/99 6520/6520/80 6519/6519/80
f 6513/6513/99 6516/6516/80 6520/6520/80
f 6520/6520/80 6521/6521/80 6519/6519/80
f 6520/6520/80 6522/6522/126 6521/6521/80
f 6523/6523/80 6521/6521/80 6522/6522/126
f 6523/6523/80 6522/6522/126 6524/6524/80
f 6525/6525/81 6524/6524/80 6522/6522/126
f 6522/6522/126 6520/6520/80 6525/6525/81
f 6516/6516/80 6525/6525/81 6520/6520/80
f 6525/6525/81 6526/6526/80 6524/6524/80
f 6523/6523/80 6527/6527/82 6521/6521/80
f 6518/6518/85 6519/6519/80 6527/6527/82
f 6519/6519/80 6521/6521/80 6527/6527/82
f 6523/6523/80 6528/6528/80 6527/6527/82
f 6529/6529/80 6515/6515/82 6517/6517/81
f 6529/6529/80 6530/6530/80 6515/6515/82
f 6515/6515/82 6530/6530/80 6500/6500/80
f 6531/6531/80 6500/6500/80 6530/6530/80
f 6529/6529/80 6531/6531/80 6530/6530/80
f 6531/6531/80 6532/6532/96 6500/6500/80
f 6529/6529/80 6533/6533/80 6531/6531/80
f 6532/6532/96 6531/6531/80 6534/6534/80
f 6533/6533/80 6534/6534/80 6531/6531/80
f 6532/6532/96 6534/6534/80 6535/6535/101
f 6536/6536/88 6535/6535/101 6534/6534/80
f 6536/6536/88 6537/6537/88 6535/6535/101
f 6538/6538/84 6537/6537/88 6536/6536/88
f 6538/6538/84 6539/6539/81 6537/6537/88
f 6536/6536/88 6534/6534/80 6540/6540/83
f 6533/6533/80 6540/6540/83 6534/6534/80
f 6536/6536/88 6540/6540/83 6541/6541/80
f 6458/6458/90 6532/6532/96 6535/6535/101
f 6458/6458/90 6500/6500/80 6532/6532/96
f 6458/6458/90 6535/6535/101 6456/6456/81
f 6538/6538/84 6542/6542/80 6539/6539/81
f 6538/6538/84 6543/6543/80 6542/6542/80
f 6458/6458/90 6459/6459/80 6500/6500/80
f 6539/6539/81 6542/6542/80 6450/6450/80
f 6539/6539/81 6450/6450/80 6449/6449/81
f 6539/6539/81 6449/6449/81 6453/6453/84
f 6539/6539/81 6453/6453/84 6537/6537/88
f 6453/6453/84 6456/6456/81 6535/6535/101
f 6453/6453/84 6535/6535/101 6537/6537/88
f 6544/6544/80 6543/6543/80 6538/6538/84
f 6536/6536/88 6541/6541/80 6544/6544/80
f 6536/6536/88 6544/6544/80 6538/6538/84
f 6544/6544/80 6545/6545/82 6543/6543/80
f 6546/6546/80 6547/6547/90 6548/6548/84
f 6546/6546/80 6548/6548/84 6549/6549/80
f 6550/6550/80 6548/6548/84 6547/6547/90
f 6550/6550/80 6547/6547/90 6551/6551/80
f 6552/6552/85 6550/6550/80 6551/6551/80
f 6552/6552/85 6553/6553/85 6550/6550/80
f 6554/6554/85 6547/6547/90 6546/6546/80
f 6551/6551/80 6547/6547/90 6554/6554/85
f 6554/6554/85 6546/6546/80 6555/6555/80
f 6551/6551/80 6556/6556/80 6552/6552/85
f 6551/6551/80 6557/6557/85 6556/6556/80
f 6551/6551/80 6554/6554/85 6557/6557/85
f 6556/6556/80 6558/6558/80 6552/6552/85
f 6553/6553/85 6552/6552/85 6558/6558/80
f 6556/6556/80 6559/6559/80 6558/6558/80
f 6560/6560/85 6557/6557/85 6554/6554/85
f 6560/6560/85 6554/6554/85 6561/6561/83
f 6555/6555/80 6561/6561/83 6554/6554/85
f 6561/6561/83 6562/6562/80 6560/6560/85
f 6563/6563/80 6560/6560/85 6562/6562/80
f 6563/6563/80 6564/6564/80 6560/6560/85
f 6557/6557/85 6560/6560/85 6564/6564/80
f 6557/6557/85 6564/6564/80 6556/6556/80
f 6564/6564/80 6565/6565/80 6556/6556/80
f 6563/6563/80 6566/6566/80 6564/6564/80
f 6564/6564/80 6566/6566/80 6565/6565/80
f 6563/6563/80 6567/6567/80 6566/6566/80
f 6567/6567/80 6563/6563/80 6568/6568/80
f 6569/6569/83 6568/6568/80 6563/6563/80
f 6570/6570/80 6568/6568/80 6569/6569/83
f 6570/6570/80 6569/6569/83 6571/6571/84
f 6569/6569/83 6572/6572/80 6571/6571/84
f 6569/6569/83 6573/6573/80 6572/6572/80
f 6574/6574/80 6573/6573/80 6569/6569/83
f 6574/6574/80 6569/6569/83 6575/6575/127
f 6576/6576/80 6575/6575/127 6569/6569/83
f 6575/6575/127 6576/6576/80 6577/6577/90
f 6575/6575/127 6577/6577/90 6578/6578/125
f 6579/6579/85 6577/6577/90 6576/6576/80
f 6579/6579/85 6580/6580/85 6577/6577/90
f 6581/6581/82 6578/6578/125 6577/6577/90
f 6581/6581/82 6582/6582/82 6578/6578/125
f 6583/6583/80 6578/6578/125 6582/6582/82
f 6583/6583/80 6584/6584/82 6578/6578/125
f 6577/6577/90 6580/6580/85 6585/6585/80
f 6577/6577/90 6585/6585/80 6581/6581/82
f 6580/6580/85 6586/6586/80 6585/6585/80
f 6580/6580/85 6587/6587/80 6586/6586/80
f 6579/6579/85 6576/6576/80 6588/6588/82
f 6579/6579/85 6588/6588/82 6589/6589/95
f 6590/6590/80 6579/6579/85 6589/6589/95
f 6590/6590/80 6589/6589/95 6591/6591/80
f 6576/6576/80 6569/6569/83 6588/6588/82
f 6588/6588/82 6563/6563/80 6589/6589/95
f 6563/6563/80 6588/6588/82 6569/6569/83
f 6592/6592/80 6591/6591/80 6589/6589/95
f 6592/6592/80 6589/6589/95 6593/6593/81
f 6589/6589/95 6594/6594/80 6593/6593/81
f 6595/6595/80 6593/6593/81 6594/6594/80
f 6595/6595/80 6596/6596/82 6593/6593/81
f 6595/6595/80 6594/6594/80 6597/6597/85
f 6595/6595/80 6597/6597/85 6598/6598/80
f 6595/6595/80 6599/6599/88 6596/6596/82
f 6595/6595/80 6600/6600/80 6599/6599/88
f 6596/6596/82 6599/6599/88 6601/6601/80
f 6596/6596/82 6601/6601/80 6602/6602/80
f 6595/6595/80 6598/6598/80 6603/6603/80
f 6595/6595/80 6603/6603/80 6600/6600/80
f 6604/6604/80 6603/6603/80 6598/6598/80
f 6604/6604/80 6598/6598/80 6605/6605/80
f 6597/6597/85 6594/6594/80 6606/6606/80
f 6597/6597/85 6606/6606/80 6607/6607/80
f 6608/6608/80 6597/6597/85 6607/6607/80
f 6608/6608/80 6607/6607/80 6609/6609/80
f 6589/6589/95 6606/6606/80 6594/6594/80
f 6562/6562/80 6606/6606/80 6589/6589/95
f 6562/6562/80 6607/6607/80 6606/6606/80
f 6562/6562/80 6589/6589/95 6563/6563/80
f 6562/6562/80 6610/6610/80 6607/6607/80
f 6607/6607/80 6610/6610/80 6611/6611/80
f 6612/6612/82 6611/6611/80 6610/6610/80
f 6613/6613/82 6611/6611/80 6612/6612/82
f 6613/6613/82 6614/6614/80 6611/6611/80
f 6615/6615/80 6611/6611/80 6614/6614/80
f 6607/6607/80 6611/6611/80 6615/6615/80
f 6607/6607/80 6615/6615/80 6609/6609/80
f 6615/6615/80 6614/6614/80 6616/6616/80
f 6616/6616/80 6614/6614/80 6617/6617/80
f 6616/6616/80 6617/6617/80 6618/6618/80
f 6614/6614/80 6613/6613/82 6619/6619/80
f 6614/6614/80 6619/6619/80 6617/6617/80
f 6612/6612/82 6610/6610/80 6620/6620/84
f 6621/6621/85 6620/6620/84 6610/6610/80
f 6562/6562/80 6621/6621/85 6610/6610/80
f 6561/6561/83 6621/6621/85 6562/6562/80
f 6621/6621/85 6622/6622/80 6620/6620/84
f 6622/6622/80 6621/6621/85 6561/6561/83
f 6622/6622/80 6561/6561/83 6623/6623/80
f 6555/6555/80 6623/6623/80 6561/6561/83
f 6617/6617/80 6624/6624/80 6618/6618/80
f 6617/6617/80 6625/6625/80 6624/6624/80
f 6625/6625/80 6626/6626/80 6624/6624/80
f 6625/6625/80 6627/6627/80 6626/6626/80
f 6627/6627/80 6628/6628/92 6626/6626/80
f 6627/6627/80 6629/6629/80 6628/6628/92
f 6627/6627/80 6630/6630/80 6629/6629/80
f 6625/6625/80 6630/6630/80 6627/6627/80
f 6625/6625/80 6631/6631/80 6630/6630/80
f 6617/6617/80 6619/6619/80 6631/6631/80
f 6617/6617/80 6631/6631/80 6625/6625/80
f 6632/6632/80 6633/6633/96 6634/6634/81
f 6632/6632/80 6634/6634/81 6635/6635/80
f 6632/6632/80 6636/6636/80 6633/6633/96
f 6632/6632/80 6637/6637/128 6636/6636/80
f 6638/6638/80 6634/6634/81 6633/6633/96
f 6638/6638/80 6633/6633/96 6636/6636/80
f 6638/6638/80 6639/6639/81 6634/6634/81
f 6638/6638/80 6640/6640/80 6639/6639/81
f 6638/6638/80 6636/6636/80 6641/6641/80
f 6641/6641/80 6642/6642/80 6638/6638/80
f 6641/6641/80 6643/6643/80 6642/6642/80
f 6641/6641/80 6636/6636/80 6644/6644/80
f 6636/6636/80 6637/6637/128 6644/6644/80
f 6641/6641/80 6644/6644/80 6645/6645/83
f 6641/6641/80 6645/6645/83 6643/6643/80
f 6645/6645/83 6644/6644/80 6646/6646/80
f 6645/6645/83 6646/6646/80 6647/6647/99
f 6648/6648/81 6647/6647/99 6646/6646/80
f 6649/6649/80 6648/6648/81 6646/6646/80
f 6650/6650/80 6648/6648/81 6649/6649/80
f 6650/6650/80 6651/6651/80 6648/6648/81
f 6648/6648/81 6651/6651/80 6652/6652/80
f 6650/6650/80 6652/6652/80 6651/6651/80
f 6650/6650/80 6653/6653/80 6652/6652/80
f 6649/6649/80 6646/6646/80 6654/6654/129
f 6644/6644/80 6654/6654/129 6646/6646/80
f 6648/6648/81 6655/6655/84 6647/6647/99
f 6648/6648/81 6652/6652/80 6655/6655/84
f 6656/6656/81 6647/6647/99 6655/6655/84
f 6656/6656/81 6645/6645/83 6647/6647/99
f 6656/6656/81 6643/6643/80 6645/6645/83
f 6656/6656/81 6655/6655/84 6657/6657/80
f 6655/6655/84 6658/6658/80 6657/6657/80
f 6652/6652/80 6653/6653/80 6658/6658/80
f 6655/6655/84 6659/6659/80 6658/6658/80
f 6652/6652/80 6658/6658/80 6659/6659/80
f 6655/6655/84 6652/6652/80 6659/6659/80
f 6644/6644/80 6637/6637/128 6654/6654/129
f 6660/6660/80 6661/6661/80 6662/6662/80
f 6661/6661/80 6663/6663/80 6662/6662/80
f 6661/6661/80 6664/6664/80 6663/6663/80
f 6665/6665/80 6664/6664/80 6661/6661/80
f 6665/6665/80 6661/6661/80 6666/6666/80
f 6667/6667/80 6665/6665/80 6666/6666/80
f 6667/6667/80 6666/6666/80 6668/6668/130
f 6668/6668/130 6669/6669/80 6667/6667/80
f 6668/6668/130 6670/6670/80 6669/6669/80
f 6671/6671/80 6669/6669/80 6670/6670/80
f 6672/6672/80 6669/6669/80 6671/6671/80
f 6671/6671/80 6670/6670/80 6673/6673/80
f 6461/6461/83 6674/6674/99 6675/6675/80
f 6461/6461/83 6675/6675/80 6676/6676/80
f 6461/6461/83 6676/6676/80 6466/6466/80
f 6457/6457/80 6674/6674/99 6461/6461/83
f 6674/6674/99 6640/6640/80 6675/6675/80
f 6455/6455/121 6674/6674/99 6457/6457/80
f 6455/6455/121 6639/6639/81 6674/6674/99
f 6674/6674/99 6639/6639/81 6640/6640/80
f 6677/6677/80 6639/6639/81 6455/6455/121
f 6677/6677/80 6455/6455/121 6454/6454/80
f 6454/6454/80 6678/6678/80 6677/6677/80
f 6454/6454/80 6452/6452/85 6678/6678/80
f 6678/6678/80 6452/6452/85 6451/6451/80
f 6678/6678/80 6451/6451/80 6679/6679/80
f 6639/6639/81 6677/6677/80 6680/6680/81
f 6639/6639/81 6680/6680/81 6634/6634/81
f 6677/6677/80 6678/6678/80 6681/6681/81
f 6677/6677/80 6681/6681/81 6680/6680/81
f 6680/6680/81 6681/6681/81 6682/6682/80
f 6680/6680/81 6682/6682/80 6683/6683/84
f 6683/6683/84 6634/6634/81 6680/6680/81
f 6683/6683/84 6635/6635/80 6634/6634/81
f 6681/6681/81 6684/6684/80 6682/6682/80
f 6681/6681/81 6685/6685/80 6684/6684/80
f 6685/6685/80 6681/6681/81 6678/6678/80
f 6685/6685/80 6678/6678/80 6679/6679/80
f 6686/6686/83 6571/6571/84 6687/6687/80
f 6571/6571/84 6686/6686/83 6688/6688/80
f 6686/6686/83 6689/6689/82 6688/6688/80
f 6686/6686/83 6690/6690/84 6689/6689/82
f 6686/6686/83 6691/6691/80 6690/6690/84
f 6686/6686/83 6692/6692/80 6691/6691/80
f 6687/6687/80 6692/6692/80 6686/6686/83
f 6693/6693/80 6689/6689/82 6690/6690/84
f 6693/6693/80 6694/6694/80 6689/6689/82
f 6695/6695/83 6694/6694/80 6693/6693/80
f 6693/6693/80 6696/6696/82 6695/6695/83
f 6693/6693/80 6697/6697/82 6696/6696/82
f 6695/6695/83 6698/6698/81 6694/6694/80
f 6699/6699/80 6698/6698/81 6695/6695/83
f 6696/6696/82 6699/6699/80 6695/6695/83
f 6699/6699/80 6700/6700/80 6698/6698/81
f 6571/6571/84 6688/6688/80 6570/6570/80
f 6690/6690/84 6701/6701/84 6693/6693/80
f 6690/6690/84 6691/6691/80 6701/6701/84
f 6701/6701/84 6697/6697/82 6693/6693/80
f 6571/6571/84 6572/6572/80 6687/6687/80
f 6702/6702/80 6703/6703/80 6704/6704/80
f 6702/6702/80 6704/6704/80 6705/6705/80
f 6702/6702/80 6706/6706/80 6703/6703/80
f 6705/6705/80 6707/6707/80 6702/6702/80
f 6706/6706/80 6702/6702/80 6707/6707/80
f 6705/6705/80 6708/6708/80 6707/6707/80
f 6706/6706/80 6707/6707/80 6709/6709/80
f 6707/6707/80 6710/6710/82 6709/6709/80
f 6711/6711/80 6709/6709/80 6710/6710/82
f 6706/6706/80 6709/6709/80 6711/6711/80
f 6707/6707/80 6712/6712/80 6710/6710/82
f 6706/6706/80 6711/6711/80 6713/6713/80
f 6706/6706/80 6713/6713/80 6703/6703/80
f 6714/6714/80 6712/6712/80 6707/6707/80
f 6714/6714/80 6707/6707/80 6708/6708/80
f 6478/6478/101 6712/6712/80 6714/6714/80
f 6478/6478/101 6714/6714/80 6479/6479/80
f 6481/6481/83 6711/6711/80 6710/6710/82
f 6481/6481/83 6710/6710/82 6480/6480/80
f 6480/6480/80 6710/6710/82 6712/6712/80
f 6480/6480/80 6712/6712/80 6478/6478/101
f 6715/6715/80 6716/6716/80 6717/6717/80
f 6715/6715/80 6717/6717/80 6718/6718/80
f 6717/6717/80 6719/6719/80 6718/6718/80
f 6717/6717/80 6720/6720/80 6719/6719/80
f 6716/6716/80 6721/6721/80 6717/6717/80
f 6720/6720/80 6717/6717/80 6721/6721/80
f 6716/6716/80 6722/6722/80 6721/6721/80
f 6720/6720/80 6721/6721/80 6723/6723/80
f 6721/6721/80 6724/6724/80 6723/6723/80
f 6721/6721/80 6725/6725/80 6724/6724/80
f 6722/6722/80 6725/6725/80 6721/6721/80
f 6722/6722/80 6726/6726/80 6725/6725/80
f 6495/6495/80 6725/6725/80 6726/6726/80
f 6495/6495/80 6494/6494/80 6725/6725/80
f 6725/6725/80 6494/6494/80 6496/6496/80
f 6725/6725/80 6496/6496/80 6724/6724/80
f 6727/6727/80 6728/6728/82 6729/6729/80
f 6727/6727/80 6729/6729/80 6730/6730/82
f 6727/6727/80 6731/6731/82 6728/6728/82
f 6727/6727/80 6732/6732/80 6731/6731/82
f 6733/6733/80 6727/6727/80 6730/6730/82
f 6732/6732/80 6727/6727/80 6733/6733/80
f 6733/6733/80 6730/6730/82 6734/6734/85
f 6582/6582/82 6733/6733/80 6734/6734/85
f 6582/6582/82 6581/6581/82 6733/6733/80
f 6735/6735/101 6733/6733/80 6581/6581/82
f 6732/6732/80 6733/6733/80 6735/6735/101
f 6735/6735/101 6581/6581/82 6585/6585/80
f 6736/6736/80 6734/6734/85 6730/6730/82
f 6730/6730/82 6729/6729/80 6736/6736/80
f 6736/6736/80 6737/6737/125 6734/6734/85
f 6735/6735/101 6738/6738/80 6732/6732/80
f 6738/6738/80 6731/6731/82 6732/6732/80
f 6735/6735/101 6739/6739/80 6738/6738/80
f 6585/6585/80 6740/6740/80 6735/6735/101
f 6740/6740/80 6739/6739/80 6735/6735/101
f 6734/6734/85 6737/6737/125 6741/6741/80
f 6582/6582/82 6734/6734/85 6741/6741/80
f 6582/6582/82 6741/6741/80 6583/6583/80
f 6585/6585/80 6586/6586/80 6740/6740/80
f 6742/6742/80 6743/6743/80 6744/6744/80
f 6742/6742/80 6744/6744/80 6745/6745/80
f 6743/6743/80 6742/6742/80 6746/6746/80
f 6743/6743/80 6746/6746/80 6747/6747/80
f 6745/6745/80 6748/6748/80 6742/6742/80
f 6746/6746/80 6742/6742/80 6748/6748/80
f 6745/6745/80 6749/6749/80 6748/6748/80
f 6746/6746/80 6748/6748/80 6750/6750/80
f 6748/6748/80 6751/6751/80 6750/6750/80
f 6748/6748/80 6752/6752/80 6751/6751/80
f 6753/6753/80 6752/6752/80 6748/6748/80
f 6753/6753/80 6748/6748/80 6749/6749/80
f 6511/6511/80 6752/6752/80 6753/6753/80
f 6511/6511/80 6510/6510/80 6752/6752/80
f 6752/6752/80 6510/6510/80 6512/6512/80
f 6752/6752/80 6512/6512/80 6751/6751/80
f 6754/6754/80 6755/6755/82 6756/6756/81
f 6754/6754/80 6756/6756/81 6757/6757/82
f 6756/6756/81 6758/6758/82 6757/6757/82
f 6756/6756/81 6759/6759/84 6758/6758/82
f 6760/6760/80 6756/6756/81 6755/6755/82
f 6760/6760/80 6759/6759/84 6756/6756/81
f 6760/6760/80 6755/6755/82 6761/6761/80
f 6761/6761/80 6600/6600/80 6760/6760/80
f 6761/6761/80 6599/6599/88 6600/6600/80
f 6762/6762/80 6760/6760/80 6600/6600/80
f 6760/6760/80 6762/6762/80 6759/6759/84
f 6762/6762/80 6600/6600/80 6603/6603/80
f 6761/6761/80 6755/6755/82 6763/6763/80
f 6755/6755/82 6754/6754/80 6763/6763/80
f 6761/6761/80 6763/6763/80 6764/6764/80
f 6762/6762/80 6765/6765/80 6759/6759/84
f 6765/6765/80 6758/6758/82 6759/6759/84
f 6762/6762/80 6766/6766/83 6765/6765/80
f 6767/6767/80 6761/6761/80 6764/6764/80
f 6767/6767/80 6599/6599/88 6761/6761/80
f 6603/6603/80 6768/6768/80 6762/6762/80
f 6768/6768/80 6766/6766/83 6762/6762/80
f 6767/6767/80 6601/6601/80 6599/6599/88
f 6603/6603/80 6604/6604/80 6768/6768/80
f 6769/6769/80 6770/6770/80 6771/6771/80
f 6769/6769/80 6771/6771/80 6772/6772/82
f 6773/6773/80 6772/6772/82 6771/6771/80
f 6773/6773/80 6774/6774/80 6772/6772/82
f 6774/6774/80 6775/6775/80 6772/6772/82
f 6775/6775/80 6769/6769/80 6772/6772/82
f 6774/6774/80 6776/6776/80 6775/6775/80
f 6773/6773/80 6771/6771/80 6777/6777/80
f 6771/6771/80 6770/6770/80 6777/6777/80
f 6773/6773/80 6777/6777/80 6778/6778/80
f 6773/6773/80 6779/6779/82 6774/6774/80
f 6779/6779/82 6776/6776/80 6774/6774/80
f 6773/6773/80 6780/6780/81 6779/6779/82
f 6780/6780/81 6773/6773/80 6778/6778/80
f 6524/6524/80 6779/6779/82 6780/6780/81
f 6524/6524/80 6780/6780/81 6523/6523/80
f 6523/6523/80 6780/6780/81 6528/6528/80
f 6780/6780/81 6778/6778/80 6528/6528/80
f 6779/6779/82 6524/6524/80 6526/6526/80
f 6779/6779/82 6526/6526/80 6776/6776/80
f 6781/6781/80 6782/6782/80 6549/6549/80
f 6781/6781/80 6549/6549/80 6548/6548/84
f 6781/6781/80 6548/6548/84 6550/6550/80
f 6781/6781/80 6550/6550/80 6783/6783/80
f 6783/6783/80 6550/6550/80 6553/6553/85
f 6783/6783/80 6553/6553/85 6784/6784/80
f 6785/6785/81 6784/6784/80 6553/6553/85
f 6553/6553/85 6558/6558/80 6785/6785/81
f 6785/6785/81 6786/6786/80 6784/6784/80
f 6579/6579/85 6787/6787/80 6580/6580/85
f 6579/6579/85 6590/6590/80 6787/6787/80
f 6787/6787/80 6587/6587/80 6580/6580/85
f 6788/6788/80 6578/6578/125 6584/6584/82
f 6788/6788/80 6575/6575/127 6578/6578/125
f 6788/6788/80 6574/6574/80 6575/6575/127
f 6597/6597/85 6789/6789/80 6598/6598/80
f 6597/6597/85 6608/6608/80 6789/6789/80
f 6789/6789/80 6605/6605/80 6598/6598/80
f 6790/6790/81 6596/6596/82 6602/6602/80
f 6790/6790/81 6593/6593/81 6596/6596/82
f 6790/6790/81 6592/6592/80 6593/6593/81
f 6566/6566/80 6791/6791/80 6565/6565/80
f 6791/6791/80 6556/6556/80 6565/6565/80
f 6791/6791/80 6559/6559/80 6556/6556/80
f 6792/6792/80 6793/6793/80 6794/6794/80
f 6638/6638/80 6675/6675/80 6640/6640/80
f 6795/6795/80 6796/6796/80 6797/6797/80
f 6795/6795/80 6797/6797/80 6798/6798/80
f 6797/6797/80 6799/6799/80 6798/6798/80
f 6797/6797/80 6800/6800/81 6799/6799/80
f 6801/6801/80 6802/6802/80 6803/6803/80
f 6801/6801/80 6803/6803/80 6804/6804/80
f 6803/6803/80 6802/6802/80 6805/6805/80
f 6803/6803/80 6805/6805/80 6806/6806/80
f 6807/6807/80 6806/6806/80 6805/6805/80
f 6807/6807/80 6808/6808/80 6806/6806/80
f 6809/6809/80 6801/6801/80 6804/6804/80
f 6809/6809/80 6810/6810/80 6801/6801/80
f 6811/6811/80 6810/6810/80 6809/6809/80
f 6811/6811/80 6812/6812/80 6810/6810/80
f 6813/6813/80 6808/6808/80 6807/6807/80
f 6813/6813/80 6807/6807/80 6814/6814/80
f 6815/6815/80 6813/6813/80 6814/6814/80
f 6815/6815/80 6816/6816/80 6813/6813/80
f 6817/6817/80 6818/6818/80 6819/6819/80
f 6820/6820/80 6821/6821/80 6822/6822/80
f 6820/6820/80 6822/6822/80 6823/6823/82
f 6822/6822/80 6821/6821/80 6824/6824/80
f 6822/6822/80 6824/6824/80 6825/6825/82
f 6826/6826/80 6827/6827/80 6828/6828/80
f 6826/6826/80 6828/6828/80 6829/6829/80
f 6828/6828/80 6830/6830/80 6829/6829/80
f 6828/6828/80 6831/6831/80 6830/6830/80
f 6832/6832/80 6830/6830/80 6831/6831/80
f 6832/6832/80 6831/6831/80 6833/6833/80
f 6834/6834/80 6827/6827/80 6826/6826/80
f 6834/6834/80 6826/6826/80 6835/6835/80
f 6836/6836/80 6834/6834/80 6835/6835/80
f 6836/6836/80 6835/6835/80 6837/6837/80
f 6838/6838/80 6832/6832/80 6833/6833/80
f 6838/6838/80 6839/6839/80 6832/6832/80
f 6840/6840/80 6839/6839/80 6838/6838/80
f 6840/6840/80 6838/6838/80 6841/6841/80
f 6842/6842/80 6843/6843/80 6844/6844/80
